id_pub;periodos;gcomarca_nut;isla_nut;P1;P1B;edad;P3;P4;D5;P6;P7;P8;P9;P10B_CNO1;P80;P81;P82;P83B_CNO1;edad_PP;P85;P86B_CNO1;P87;P88;P89B_CNO1;P11C;P11_A_A;P11_A_G;P11_A_H;P11_A_D;P11_A_E;P11_A_F;TAM_HOG;P11_B_A;P11_B_B;P11_B_C;P11_B_D;P11_B_E;P11_B_F;P11_B_G;P11_B_H;P12;ing_hog;ing_percap;clase_social;P215A;P215B;P215C;P215D;P216;P50A;P50B;P50C;P217A;P217B;P217C;P217D;P217E;P217F;P218A;P218B;P218C;P218D;P218E;P218F;P218G;P218H;P219A;P219B;P219C;P219D;P219E;P220A;P220B;P220C;P220D;P220E;P220F;P221A;P221B;P221C;P221D;P221E;P221F;P221G;P221H;P221I;P221J;P221K;P221L;P221M;P221N;P222;P223;P224;P225;P226;P227;D228;P229;P53;P230;peso
1;2024Q2;ES705A2;ES705;6;2;49;1;1;1;5;2;6;1;5;6;-1;-1;-1;64;1;8;-1;-1;-1;3;0;0;1;0;2;0;3;2;0;0;0;0;1;0;0;2;3;2;5;4;3;3;3;6;5;5;5;5;5;3;5;4;5;5;5;5;5;5;5;5;5;5;2;4;4;5;2;2;2;3;4;3;4;4;4;4;4;4;4;3;5;4;4;4;4;4;2;3;-1;-1;6;6;1;6;3;1;284.80944603
2;2024Q2;ES705A2;ES705;6;2;54;1;1;5;6;10;-1;-1;-1;1;-1;1;5;-1;-1;-1;-1;-1;-1;1;0;1;0;0;1;0;2;0;0;1;0;0;0;0;0;6;1;1;5;4;4;2;2;6;3;4;4;4;4;4;5;3;5;3;3;3;5;5;3;3;3;3;3;3;4;4;4;4;4;4;3;3;3;3;4;3;4;3;3;2;3;3;2;1;3;2;3;2;-1;-1;6;6;5;6;5;1;29.842274636
3;2024Q2;ES705A2;ES705;1;1;47;1;1;1;9;2;1;1;1;1;-1;-1;-1;-1;-1;-1;-1;-1;-1;1;0;0;0;0;1;0;1;1;0;0;0;0;0;0;0;1;5;6;2;5;5;3;1;6;3;2;2;4;4;4;5;4;4;2;5;2;4;4;4;3;2;2;3;2;4;4;4;4;5;5;2;2;5;4;3;2;4;3;1;1;3;1;2;1;3;1;1;1;5;3;1;6;1;1;5;1;265.09440686
4;2024Q2;ES705A2;ES705;1;1;49;1;1;1;8;10;-1;-1;-1;1;-1;1;7;-1;-1;-1;-1;-1;-1;1;0;0;0;0;1;0;1;0;0;1;0;0;0;0;0;1;3;5;4;5;4;4;2;6;4;4;4;4;5;5;4;4;5;4;4;4;3;3;4;3;4;4;4;2;2;4;4;4;4;4;4;4;4;4;3;4;5;5;3;3;4;4;4;4;2;1;2;2;-1;-1;6;6;5;6;3;-9;180.97738595
5;2024Q2;ES705A2;ES705;6;2;51;1;1;1;5;10;-1;-1;-1;1;-1;1;9;-1;-1;-1;-1;-1;-1;2;0;0;1;0;1;0;2;0;0;1;0;1;0;0;0;6;3;3;6;3;3;1;2;6;4;4;4;4;4;4;4;2;4;5;4;2;4;4;2;2;2;2;2;2;4;4;2;4;4;4;2;2;3;2;2;2;2;2;2;2;3;3;3;2;3;3;2;2;-1;-1;6;6;1;6;2;1;59.684549273
6;2024Q2;ES705A2;ES705;1;1;31;1;1;1;9;2;6;2;2;1;-1;-1;-1;-1;-1;-1;-1;-1;-1;3;0;0;0;1;2;0;3;1;0;0;0;1;0;1;0;5;4;3;2;5;5;5;2;6;3;2;3;4;4;4;4;2;4;2;4;2;3;4;4;2;2;2;2;4;4;4;4;4;4;4;2;2;2;2;2;2;5;2;1;3;2;2;2;2;2;1;2;3;-1;-1;6;6;1;6;5;1;497.44406277
7;2024Q2;ES705A2;ES705;1;1;30;1;1;1;7;1;6;1;8;6;-1;-1;-1;65;5;-1;-1;1;8;5;0;0;0;3;1;1;5;2;0;1;0;2;0;0;0;5;6;3;5;5;5;4;3;6;3;4;2;4;2;4;5;2;5;2;5;4;4;5;2;4;2;2;4;4;4;4;5;5;4;4;2;2;4;4;4;2;4;2;2;4;4;2;2;1;2;1;1;1;5;4;1;6;1;6;5;1;829.07343794
8;2024Q2;ES705A2;ES705;1;1;25;1;1;1;7;3;6;2;7;6;-1;-1;-1;64;5;-1;-1;1;9;2;0;0;0;1;1;0;2;1;0;0;0;1;0;0;0;6;2;2;6;5;4;5;1;6;1;2;-9;5;5;4;2;2;2;2;4;1;5;5;-9;1;1;1;1;1;1;1;4;5;5;5;2;2;3;3;3;3;3;3;1;1;3;3;3;1;1;1;3;1;5;4;1;6;1;6;1;1;331.62937518
9;2024Q2;ES705A2;ES705;6;2;39;1;1;1;9;10;-1;-1;-1;1;-1;1;3;-1;-1;-1;-1;-1;-1;1;0;0;0;1;0;0;1;0;0;1;0;0;0;0;0;1;3;5;4;4;4;4;-9;6;4;4;2;4;4;2;5;2;4;1;5;2;2;2;2;4;2;2;2;2;2;4;2;2;2;2;2;2;4;4;3;3;3;3;4;3;3;3;3;3;3;3;2;3;-1;-1;6;6;3;6;5;2;29.842274636
10;2024Q2;ES705A2;ES705;6;2;49;3;1;1;5;10;-1;-1;-1;1;-1;1;9;-1;-1;-1;-1;-1;-1;1;0;0;0;0;1;0;1;0;0;1;0;0;0;0;0;1;2;3;6;4;4;4;2;6;4;4;-9;4;4;4;4;4;4;3;3;3;2;3;4;3;3;2;4;4;4;2;3;3;3;2;3;3;4;4;4;4;3;4;4;3;4;4;4;4;4;3;3;3;-1;-1;6;6;5;6;3;3;29.842274636
11;2024Q2;ES705A2;ES705;6;2;50;1;1;1;5;10;-1;-1;-1;1;-1;1;4;-1;-1;-1;-1;-1;-1;2;0;1;1;0;1;0;3;0;0;1;1;0;0;0;0;6;2;1;3;3;2;2;1;6;3;4;4;4;4;4;2;4;3;4;2;4;4;4;4;4;4;4;4;4;4;4;2;3;4;5;4;1;3;3;4;4;4;4;3;3;3;3;3;4;4;4;2;3;-1;-1;6;6;5;6;4;3;59.684549273
12;2024Q2;ES705A2;ES705;6;2;48;1;1;1;6;10;-1;-1;-1;6;-1;-1;-1;75;5;-1;-1;1;7;3;0;0;0;0;1;2;3;0;0;0;1;2;0;0;0;2;3;2;5;-9;-9;-9;-9;6;3;4;-9;4;4;4;4;4;3;3;-9;3;2;3;3;4;3;3;-9;3;4;3;3;5;4;4;3;2;-3;-3;-7;-3;-3;-7;-3;-3;-3;-3;-3;-3;-3;-3;3;-9;-1;-1;-9;-9;5;6;4;-9;89.526823909
13;2024Q2;ES705A2;ES705;6;2;77;1;1;1;5;14;-1;-1;-1;1;1;1;9;-1;-1;-1;-1;-1;-1;1;0;0;0;0;0;1;1;0;0;0;0;0;0;1;0;1;2;3;6;4;4;4;2;6;4;4;4;4;4;2;4;4;4;4;4;4;4;2;4;4;4;2;4;4;4;4;2;2;4;4;4;4;4;4;4;4;4;4;4;4;4;4;4;4;4;4;3;1;5;2;1;1;1;6;4;3;664.41165763
14;2024Q2;ES705A2;ES705;1;1;50;3;2;4;10;1;1;2;1;1;-1;-1;-1;-1;-1;-1;-1;-1;-1;1;0;2;0;0;1;0;3;1;0;0;0;0;0;0;0;6;6;4;1;5;5;3;2;6;2;2;3;5;2;3;5;4;5;4;5;2;3;2;3;2;3;1;4;3;4;4;4;5;5;5;3;3;3;3;3;3;3;3;3;2;3;3;3;3;3;3;1;1;1;3;1;6;4;1;5;3;1185.1499893
15;2024Q2;ES705A2;ES705;6;2;56;1;1;1;7;14;-1;-1;-1;6;-1;-1;-1;75;5;-1;-1;1;9;2;0;0;0;0;1;1;2;0;0;0;0;1;0;1;0;4;2;2;6;4;4;4;3;6;5;5;5;5;5;1;4;4;2;2;2;2;1;1;5;4;2;5;5;4;5;5;1;1;1;1;2;3;3;3;4;3;4;2;3;3;4;3;3;4;4;4;3;3;-1;-1;1;6;1;6;4;1;718.30982025
16;2024Q2;ES705A2;ES705;6;2;54;1;1;1;5;15;-1;-1;-1;6;-1;-1;-1;58;1;7;-1;-1;-1;2;0;0;0;0;2;0;2;1;0;0;0;1;0;0;0;4;4;4;5;3;3;3;3;6;4;4;3;4;2;2;4;2;2;4;4;4;2;2;4;4;4;4;4;4;4;4;4;2;2;2;4;4;3;3;3;3;3;3;3;3;3;3;3;3;3;3;2;3;-1;-1;6;6;1;6;5;3;784.64845693
17;2024Q2;ES705A2;ES705;1;1;34;1;1;1;5;1;6;2;5;1;-1;-1;-1;-1;-1;-1;-1;-1;-1;3;0;0;1;1;1;0;3;2;0;0;0;0;1;0;0;6;5;4;5;4;4;3;2;6;4;4;4;4;4;3;4;4;2;3;2;3;2;2;3;3;3;4;4;4;3;4;4;2;3;3;2;4;3;3;3;3;3;5;4;3;3;3;3;2;3;3;2;2;-1;-1;6;6;1;6;4;1;497.44406277
18;2024Q2;ES705A2;ES705;6;2;54;1;1;1;7;2;6;2;5;1;-1;-1;-1;-1;-1;-1;-1;-1;-1;2;0;0;1;0;1;0;2;1;0;0;0;0;1;0;0;6;4;4;5;3;3;2;2;6;3;3;3;3;3;3;3;3;3;3;3;3;5;3;3;3;1;2;2;3;4;4;3;3;3;3;3;3;2;2;3;3;3;3;3;3;3;2;3;2;2;1;1;1;2;3;6;6;1;6;5;1;189.87296402
19;2024Q2;ES705A2;ES705;6;2;28;1;1;1;8;10;-1;-1;-1;6;-1;-1;-1;31;1;3;-1;-1;-1;2;0;0;0;2;0;0;2;1;0;1;0;0;0;0;0;8;5;5;2;5;4;4;2;6;5;4;4;5;4;5;4;5;5;5;4;3;4;4;3;3;3;5;4;4;5;5;4;3;4;4;5;4;5;4;4;4;5;5;4;4;5;5;5;5;4;3;1;1;5;2;1;6;1;6;3;1;59.684549273
20;2024Q2;ES705A2;ES705;1;1;58;1;1;1;5;1;6;2;5;1;-1;-1;-1;-1;-1;-1;-1;-1;-1;1;0;1;0;0;1;0;2;1;0;0;0;0;0;0;0;6;5;5;5;4;4;5;2;1;4;4;4;4;4;2;4;4;4;2;4;4;4;2;1;2;2;1;1;2;2;2;2;2;4;4;2;2;5;3;3;3;3;2;2;2;3;2;2;2;2;1;3;1;5;3;1;6;1;6;4;1;186.36827614
21;2024Q2;ES705A2;ES705;1;1;31;1;1;1;9;7;-1;-1;3;1;-1;-1;-1;-1;-1;-1;-1;-1;-1;2;0;0;0;1;1;0;2;1;1;0;0;0;0;0;0;6;6;5;3;3;3;3;2;1;4;4;4;4;4;2;2;4;4;4;4;4;2;2;2;4;4;3;3;4;4;4;2;2;2;4;4;4;4;4;4;4;4;4;4;4;4;4;4;2;2;2;2;3;-1;-1;6;6;1;1;5;3;331.62937518
22;2024Q2;ES705A2;ES705;6;2;46;1;1;1;6;2;6;2;5;1;-1;-1;-1;-1;-1;-1;-1;-1;-1;1;0;0;0;0;1;0;1;1;0;0;0;0;0;0;0;1;3;5;5;3;3;3;3;6;4;4;4;4;4;4;4;4;2;3;2;2;2;2;4;2;2;3;3;3;4;4;2;2;2;2;2;3;4;4;4;3;4;4;4;4;4;4;4;4;4;3;3;3;-1;-1;6;6;1;6;4;3;94.936482009
23;2024Q2;ES705A2;ES705;6;2;58;1;1;1;5;12;-1;-1;-1;1;-1;1;5;-1;-1;-1;-1;-1;-1;1;0;0;0;0;1;0;1;0;0;0;0;1;0;0;0;1;2;4;5;2;2;2;2;6;3;4;4;3;3;4;4;4;4;2;2;2;2;2;3;3;3;3;3;3;3;3;3;4;3;3;3;2;2;2;2;2;3;3;2;2;2;3;2;3;3;2;1;2;-1;-1;6;6;1;6;4;3;359.15491013
24;2024Q2;ES705A2;ES705;6;2;64;1;1;1;5;10;-1;-1;-1;1;-1;1;7;-1;-1;-1;-1;-1;-1;1;0;0;0;0;1;0;1;0;0;0;1;0;0;0;0;1;1;1;4;4;4;4;1;6;4;4;4;4;4;2;4;4;4;4;4;4;4;4;4;2;4;2;2;4;4;4;2;2;2;2;2;4;3;3;3;3;4;4;4;2;4;2;4;4;4;2;2;1;5;4;1;1;5;6;1;2;29.842274636
25;2024Q2;ES705A2;ES705;1;1;65;1;1;1;9;12;-1;-1;-1;1;-1;1;2;-1;-1;-1;-1;-1;-1;2;0;0;0;0;1;1;2;1;0;0;0;1;0;0;0;4;6;5;2;4;4;2;2;6;3;4;3;4;4;4;4;4;2;3;2;3;2;2;2;4;3;3;4;3;4;4;2;2;2;3;2;4;4;4;4;4;4;4;4;3;4;4;4;3;4;3;2;1;1;4;1;6;1;6;3;1;643.30051666
26;2024Q2;ES705A2;ES705;1;1;73;1;1;1;9;12;-1;-1;-1;1;-1;1;3;-1;-1;-1;-1;-1;-1;2;0;0;0;0;0;2;2;0;0;0;0;2;0;0;0;4;7;6;4;4;4;3;3;6;5;4;4;5;5;2;4;4;4;4;2;4;2;2;5;5;5;4;4;4;5;5;2;2;2;2;4;4;4;4;4;4;4;4;5;3;4;4;4;4;4;4;2;3;-1;-1;6;6;5;6;4;3;643.30051666
27;2024Q2;ES705A2;ES705;1;1;61;2;1;1;6;7;-1;-1;2;1;-1;-1;-1;-1;-1;-1;-1;-1;-1;5;0;0;0;2;2;1;5;2;1;0;0;1;0;1;0;3;7;5;1;4;5;5;1;6;5;4;5;5;5;3;4;5;3;4;3;5;1;2;5;5;5;3;4;5;5;5;3;2;2;2;3;3;4;4;4;3;3;3;4;-3;-3;-3;-3;4;-3;-3;3;3;-1;-1;-9;6;1;6;5;3;931.84138072
28;2024Q2;ES705A2;ES705;6;2;53;1;1;1;8;1;6;1;5;6;-1;-1;-1;60;1;5;-1;-1;-1;3;0;1;1;0;2;0;4;2;0;0;0;0;1;0;0;2;5;3;5;2;2;2;1;6;1;1;1;1;2;1;1;1;1;1;1;1;1;2;2;2;2;1;1;2;1;4;1;1;1;1;1;1;2;1;2;1;4;2;1;2;2;2;2;1;2;1;2;1;3;4;6;6;5;6;4;1;284.80944603
29;2024Q2;ES705A3;ES705;1;-9;46;1;1;1;3;5;-1;-1;7;1;-1;-1;-1;-1;-1;-1;-1;-1;-1;3;0;1;1;0;2;0;4;1;1;0;0;0;1;0;0;2;5;3;4;5;5;2;1;6;5;4;3;4;4;4;4;4;4;3;4;3;3;4;4;3;4;3;3;4;3;3;2;4;3;3;-9;-9;-3;-3;-3;-3;-3;-3;-3;-3;-3;-3;-3;-3;-3;-3;2;3;-1;-1;6;6;5;6;4;-9;911.85417016
30;2024Q2;ES705A3;ES705;6;2;57;1;1;1;9;2;6;2;2;1;-1;-1;-1;-1;-1;-1;-1;-1;-1;4;0;0;0;2;2;0;4;4;0;0;0;0;0;0;0;2;7;5;-1;4;4;2;2;6;4;3;2;3;4;3;4;2;4;3;4;3;3;2;4;3;3;2;2;3;4;4;4;4;4;4;2;2;5;5;3;3;3;3;3;2;2;4;4;4;4;3;1;1;3;3;1;6;1;6;4;3;1841.1381179
31;2024Q2;ES705A3;ES705;1;1;45;1;1;1;9;10;-1;-1;-1;6;-1;-1;-1;37;1;2;-1;-1;-1;2;1;0;0;1;1;0;3;1;0;1;0;0;0;0;0;2;6;4;2;5;5;3;1;6;5;1;5;4;2;1;4;4;3;4;1;2;4;2;2;2;3;2;2;3;5;2;2;2;2;2;3;3;3;4;2;3;4;4;3;-3;5;4;4;1;3;3;3;2;-1;-1;1;6;5;6;5;1;112.56056861
32;2024Q2;ES705A3;ES705;1;1;65;1;1;1;7;12;-1;-1;-1;1;-1;1;5;-1;-1;-1;-1;-1;-1;2;0;0;0;0;1;1;2;0;0;0;0;1;0;1;0;4;3;3;5;5;5;3;2;6;3;2;4;4;4;4;5;2;3;2;4;2;4;4;1;2;2;2;3;2;4;4;4;4;4;4;2;2;3;2;2;1;2;2;2;3;2;1;2;1;3;1;3;2;-1;-1;1;6;1;6;4;1;3150.9756809
33;2024Q2;ES705A3;ES705;6;2;35;1;1;1;7;7;-1;-1;5;1;-1;-1;-1;-1;-1;-1;-1;-1;-1;2;1;1;0;2;0;0;4;1;1;0;0;0;0;0;0;2;6;3;5;3;3;3;3;6;4;4;4;4;4;3;4;4;4;4;4;2;5;4;4;2;2;4;2;4;4;4;2;5;5;4;4;2;3;3;4;1;4;1;1;3;3;3;3;1;3;3;2;2;-1;-1;6;6;1;6;4;1;545.92733446
34;2024Q2;ES705A3;ES705;1;1;28;1;1;1;7;2;6;1;-9;6;-1;-1;-1;65;5;-1;-1;-9;-1;5;0;0;1;2;1;1;5;3;0;1;0;1;0;0;0;2;5;2;-1;5;5;4;4;6;3;2;3;2;2;4;5;1;5;2;4;2;4;3;3;2;3;2;2;2;2;2;4;5;4;4;1;1;5;1;3;1;1;1;1;1;2;1;1;1;1;1;2;2;-1;-1;6;6;1;6;5;1;3465.2866891
35;2024Q2;ES705A3;ES705;6;2;52;1;1;1;5;1;6;2;9;1;-1;-1;-1;-1;-1;-1;-1;-1;-1;3;0;0;1;0;2;0;3;2;0;0;1;0;0;0;0;6;4;3;6;5;5;4;4;1;4;4;4;4;3;3;4;4;3;4;3;3;4;4;4;2;4;4;2;4;3;4;4;4;3;4;3;2;5;5;5;4;3;5;5;3;3;5;5;5;2;2;2;3;-1;-1;6;6;1;6;2;1;420.65128867
36;2024Q2;ES705A3;ES705;1;1;53;3;1;5;10;1;6;2;2;1;-1;-1;-1;-1;-1;-1;-1;-1;-1;2;0;2;0;1;1;0;4;2;0;0;0;0;0;0;0;2;5;3;2;3;3;2;1;6;4;2;4;2;2;4;5;2;4;2;4;2;2;2;4;4;4;2;4;4;2;4;4;4;4;5;2;4;4;4;4;3;4;3;4;4;4;4;4;1;4;4;3;2;-1;-1;6;6;5;6;3;1;607.90278011
37;2024Q2;ES705A3;ES705;6;2;28;1;1;1;5;7;-1;-1;5;6;-1;-1;-1;42;1;5;-1;-1;-1;2;1;0;0;2;0;0;3;1;1;0;0;0;0;0;0;2;4;3;3;4;4;3;2;6;4;4;4;2;4;4;4;4;5;4;4;4;2;3;4;5;4;4;4;2;4;4;4;4;3;4;2;4;4;4;4;4;4;4;3;3;4;3;4;3;4;4;1;3;-1;-1;6;6;1;6;-3;1;166.61034455
38;2024Q2;ES705A3;ES705;1;1;55;1;1;1;8;10;-1;-1;-1;6;-1;-1;-1;49;3;-1;-1;1;5;2;0;0;0;0;2;0;2;0;0;2;0;0;0;0;0;4;3;3;5;5;5;4;4;6;5;5;5;5;5;3;3;4;3;4;3;4;3;3;4;4;4;3;4;4;4;4;4;4;3;3;3;3;4;3;3;3;3;3;4;4;4;3;3;3;3;4;2;2;-1;-1;6;6;1;6;3;-9;112.56056861
39;2024Q2;ES705A3;ES705;6;2;33;1;1;1;8;1;6;2;4;6;-1;-1;-1;61;8;-1;1;1;5;2;0;0;0;1;1;0;2;1;0;0;0;1;0;0;0;6;4;4;5;4;4;2;2;6;4;2;2;4;2;4;5;3;5;2;5;2;2;4;4;1;2;2;2;2;4;4;3;4;4;4;3;2;2;3;3;3;2;4;3;1;3;2;3;1;2;1;2;1;5;2;1;6;1;6;4;1;166.61034455
40;2024Q2;ES705A3;ES705;1;1;42;2;1;4;8;1;1;2;5;6;-1;-1;-1;31;1;1;-1;-1;-1;2;0;2;0;2;0;0;4;2;0;0;0;0;0;0;0;2;7;5;1;5;4;3;3;1;2;4;4;2;2;4;5;2;4;2;4;2;3;4;4;2;2;2;2;4;4;4;3;2;4;4;2;2;4;3;2;3;4;3;4;5;4;3;3;3;3;2;1;3;-1;-1;6;6;4;6;3;3;746.73218241
41;2024Q2;ES705A3;ES705;1;1;56;1;1;1;6;1;6;2;2;6;-1;-1;-1;62;1;2;-1;-1;-1;2;0;0;0;0;2;0;2;2;0;0;0;0;0;0;0;4;7;6;1;4;4;4;4;6;5;5;5;5;4;2;3;4;2;4;2;4;2;3;5;5;5;4;4;5;5;5;3;2;2;1;4;4;5;5;5;4;5;4;4;4;4;4;4;4;4;4;1;2;-1;-1;1;6;5;6;3;3;275.26536852
42;2024Q2;ES705A3;ES705;6;2;39;1;1;1;9;2;6;2;2;6;-1;-1;-1;53;1;2;-1;-1;-1;3;0;2;1;1;1;0;5;2;0;0;0;0;1;0;0;2;7;4;2;4;4;3;3;1;3;3;2;4;3;4;5;2;3;3;5;3;3;3;3;3;3;2;3;3;4;3;4;3;4;3;3;2;3;4;4;3;3;4;3;3;3;3;3;1;3;3;2;3;-1;-1;6;6;1;6;4;1;818.8910017
43;2024Q2;ES705A3;ES705;1;1;53;1;1;1;4;10;-1;-1;-1;1;-1;2;7;-1;-1;-1;-1;-1;-1;1;0;0;0;0;1;0;1;0;0;1;0;0;0;0;0;1;2;3;4;4;4;3;2;6;4;4;3;4;4;3;4;3;3;4;4;3;3;3;4;4;3;3;4;4;4;4;3;3;3;3;3;3;3;3;3;3;3;3;3;3;3;3;3;2;3;3;2;2;-1;-1;6;6;1;6;4;1;56.280284306
44;2024Q2;ES705A3;ES705;1;1;46;1;1;1;10;2;6;2;2;1;-1;-1;-1;-1;-1;-1;-1;-1;-1;2;0;0;0;0;2;0;2;2;0;0;0;0;0;0;0;4;7;6;1;5;5;4;2;6;4;4;4;4;4;2;5;3;5;3;4;4;2;4;4;4;4;3;4;4;4;4;4;3;4;4;3;3;3;4;3;3;4;2;2;2;3;4;3;2;2;2;1;1;5;3;1;6;5;6;4;1;607.90278011
45;2024Q2;ES705A3;ES705;1;1;76;1;1;1;4;12;-1;-1;-1;1;-1;2;7;-1;-1;-1;-1;-1;-1;2;0;0;0;0;0;2;2;0;0;0;0;1;0;1;0;4;5;5;5;3;3;4;3;6;5;5;5;4;4;4;2;5;2;4;4;5;2;2;4;5;4;2;5;4;4;5;4;5;2;2;4;2;3;2;3;3;5;3;3;3;2;3;3;1;4;3;2;2;-1;-1;1;6;1;6;4;1;3150.9756809
46;2024Q2;ES705A3;ES705;6;2;23;1;1;1;9;10;-1;-1;-1;6;-1;-1;-1;52;2;5;-1;-1;-1;4;0;0;2;0;2;0;4;0;2;0;1;0;1;0;0;8;5;3;3;3;3;2;1;6;1;2;2;2;2;4;5;3;5;2;5;3;3;4;3;1;1;2;2;3;2;3;3;5;5;5;1;1;3;3;3;1;3;1;1;1;3;1;4;1;3;1;2;1;3;4;-9;6;1;6;4;1;225.12113722
47;2024Q2;ES705A3;ES705;6;2;33;1;1;1;8;1;6;2;5;1;-1;-1;-1;-1;-1;-1;-1;-1;-1;1;0;0;0;1;0;0;1;1;0;0;0;0;0;0;0;1;3;5;5;5;5;5;5;1;4;4;3;4;4;2;4;4;4;4;3;4;3;3;4;4;4;2;2;2;3;4;4;4;4;4;2;2;3;3;3;1;3;3;1;3;3;3;3;3;3;1;3;3;-1;-1;6;6;1;6;5;1;83.305172276
48;2024Q2;ES705A3;ES705;6;2;41;3;1;5;10;7;-1;-1;3;6;-1;-1;-1;49;1;8;-1;-1;-1;2;0;2;0;1;1;0;4;1;1;0;0;0;0;0;0;2;6;3;5;5;5;4;4;1;5;4;4;5;5;3;4;3;4;4;4;3;4;1;3;4;4;3;3;2;4;4;3;4;2;4;2;2;3;5;3;3;3;3;2;2;1;1;2;4;4;-3;2;2;-1;-1;6;6;5;6;4;3;545.92733446
49;2024Q2;ES705A3;ES705;6;2;22;3;2;5;8;3;6;2;5;6;-1;-1;-1;44;3;-1;-1;1;9;3;0;0;2;1;0;0;3;2;0;1;0;0;0;0;0;6;2;2;6;5;4;2;2;6;5;4;2;4;4;3;5;5;5;2;4;3;4;5;2;5;1;4;1;5;5;5;3;5;3;3;2;1;5;5;5;5;4;4;5;5;5;-3;3;4;4;4;2;1;1;4;6;6;4;6;4;-9;2925.8002371
50;2024Q2;ES705A3;ES705;1;1;50;1;1;1;4;10;-1;-1;-1;1;-1;1;9;-1;-1;-1;-1;-1;-1;2;0;0;0;0;2;0;2;0;0;2;0;0;0;0;0;9;2;2;6;5;5;3;2;6;1;1;2;4;2;5;4;2;5;1;1;2;5;5;4;2;2;2;2;2;5;4;2;1;1;5;2;2;1;1;1;2;1;2;3;1;1;1;1;1;3;3;2;2;-1;-1;6;6;5;6;5;1;112.56056861
51;2024Q2;ES705A3;ES705;1;1;30;1;1;1;10;1;1;2;2;1;-1;-1;-1;-1;-1;-1;-1;-1;-1;2;0;1;0;2;0;0;3;2;0;0;0;0;0;0;0;2;7;6;1;5;4;3;1;6;3;3;2;2;3;4;4;4;3;2;4;-9;-9;-9;-9;-9;-9;-9;-9;-9;-9;-9;-9;-9;-9;-9;-9;-9;4;4;4;1;-3;3;3;-3;-3;-3;-3;1;-3;1;1;1;3;2;1;1;5;6;4;1;1386.1146756
52;2024Q2;ES705A3;ES705;1;1;43;1;1;5;5;1;6;2;3;6;-1;-1;-1;43;2;1;-1;-1;-1;2;0;1;0;2;0;0;3;1;1;0;0;0;0;0;0;2;7;5;1;5;5;3;1;6;4;4;4;4;4;2;2;3;2;4;2;4;2;2;4;4;4;3;3;2;4;4;2;2;2;2;4;4;4;4;4;4;4;4;3;3;4;3;3;1;2;3;2;3;-1;-1;6;6;4;6;4;1;746.73218241
53;2024Q2;ES704A0;ES704;6;2;52;2;1;5;8;1;6;2;5;6;-1;-1;-1;70;5;-1;-1;1;9;2;0;0;0;0;1;1;2;1;0;0;0;1;0;0;0;8;4;4;6;4;4;4;3;6;5;3;4;3;4;4;4;3;4;3;4;2;4;2;4;2;4;2;2;2;4;4;4;4;4;4;3;2;3;3;3;2;3;1;1;3;3;1;1;2;2;3;2;2;-1;-1;6;6;5;6;4;1;248.90249793
54;2024Q2;ES704A0;ES704;6;2;24;1;1;5;8;1;6;1;5;6;-1;-1;-1;44;3;-1;-1;1;3;3;0;0;2;1;0;0;3;1;0;1;0;0;1;0;0;6;3;2;3;5;5;3;3;1;3;2;4;4;2;3;5;4;5;2;5;3;4;4;2;2;2;1;1;3;3;4;4;4;4;4;2;2;2;3;4;3;5;2;2;3;5;5;3;3;2;2;2;1;1;1;1;6;4;6;3;1;866.41051796
55;2024Q2;ES704A0;ES704;1;1;62;1;1;1;5;1;6;2;3;1;-1;-1;-1;-1;-1;-1;-1;-1;-1;1;0;0;0;0;1;0;1;1;0;0;0;0;0;0;0;1;3;5;3;4;3;4;3;1;4;4;3;4;2;4;4;4;4;4;4;2;2;4;4;2;2;4;4;4;4;4;4;4;4;4;2;2;3;3;4;3;3;3;3;3;4;3;3;2;3;3;2;3;-1;-1;6;6;5;6;4;2;164.9475692
56;2024Q2;ES704A0;ES704;1;1;58;2;1;5;7;15;-1;-1;-1;1;1;1;3;-1;-1;-1;-1;-1;-1;1;0;0;0;0;1;0;1;0;0;0;0;1;0;0;0;1;3;5;3;4;3;3;2;1;4;4;3;4;4;3;4;3;4;4;2;4;3;2;4;4;4;2;4;3;4;4;4;2;3;3;4;3;3;3;3;3;4;2;2;3;2;2;3;1;2;3;3;3;-1;-1;6;6;5;6;5;1;318.94344092
57;2024Q2;ES704A0;ES704;6;2;41;1;1;1;7;1;6;1;5;6;-1;-1;-1;48;1;3;-1;-1;-1;2;0;1;0;1;1;0;3;2;0;0;0;0;0;0;0;2;4;3;3;3;3;3;2;6;3;4;3;4;4;4;3;4;3;3;2;2;2;2;3;4;4;3;3;3;4;4;2;2;2;2;3;4;3;3;3;3;2;2;2;2;2;-3;-3;3;3;-3;2;2;-1;-1;6;6;1;6;-3;1;219.93314601
58;2024Q2;ES704A0;ES704;1;1;47;3;2;3;9;1;1;1;2;1;-1;-1;-1;-1;-1;-1;-1;-1;-1;2;0;0;0;0;2;0;2;2;0;0;0;0;0;0;0;9;6;5;-1;5;5;5;4;6;4;4;3;3;3;4;5;4;5;3;4;3;3;3;4;4;3;3;3;3;4;4;4;4;3;5;3;3;3;3;2;3;3;4;3;3;3;3;3;1;3;2;1;1;1;1;6;6;3;6;-3;1;1810.0041572
59;2024Q2;ES704A0;ES704;6;2;35;1;1;1;6;10;-1;-1;-1;6;-1;-1;-1;66;5;-1;-1;1;7;4;0;0;0;2;1;1;4;1;0;0;1;1;0;1;0;9;4;2;5;5;5;4;2;6;4;5;4;4;4;5;5;5;4;5;2;2;2;2;4;4;4;2;4;2;4;4;2;2;2;2;4;4;5;5;5;5;5;5;5;5;5;5;5;1;5;5;3;1;2;4;1;6;4;6;-3;2;174.43102876
60;2024Q2;ES704A0;ES704;6;2;22;1;1;3;7;1;6;1;5;1;-1;-1;-1;-1;-1;-1;-1;-1;-1;1;0;0;1;0;0;0;1;1;0;0;0;0;0;0;0;1;3;5;4;4;3;3;2;6;4;4;4;4;4;4;4;2;4;2;4;4;4;4;2;4;2;4;4;4;4;4;4;2;2;4;2;2;2;2;2;3;3;3;3;4;4;4;3;2;2;2;3;2;-1;-1;1;6;3;6;4;2;288.80350599
61;2024Q2;ES704A0;ES704;6;2;62;1;1;1;5;15;-1;-1;-1;1;1;1;9;-1;-1;-1;-1;-1;-1;2;0;0;0;0;1;1;2;0;0;0;0;2;0;0;0;4;4;4;6;3;2;3;2;6;4;4;4;4;4;4;2;4;4;4;2;3;2;2;4;4;4;4;4;4;4;4;3;2;2;2;2;4;4;4;4;4;3;4;3;4;4;4;3;4;4;3;1;1;5;2;1;1;1;6;3;3;883.80857171
62;2024Q2;ES704A0;ES704;1;1;25;1;1;1;5;1;6;1;7;6;-1;-1;-1;62;1;7;-1;-1;-1;3;0;0;0;1;2;0;3;2;0;0;0;0;0;1;0;2;3;2;4;4;4;4;3;1;4;4;4;4;4;4;4;4;4;4;4;4;4;4;4;4;4;4;4;4;4;4;4;4;4;4;4;4;3;4;4;4;3;4;3;3;4;4;4;3;4;3;2;2;-1;-1;6;6;5;6;2;1;856.08419627
63;2024Q2;ES704A0;ES704;1;1;30;1;1;1;8;10;-1;-1;-1;6;-1;-1;-1;28;1;4;-1;-1;-1;3;1;0;0;2;0;1;4;1;0;2;0;0;0;0;0;3;7;4;3;5;5;3;2;6;3;4;3;4;4;3;4;5;4;2;2;3;3;3;4;3;3;2;2;2;4;4;4;4;2;4;2;2;2;3;2;1;3;3;2;-3;-3;-3;-3;3;3;2;1;1;5;3;1;6;1;6;2;1;321.17001489
64;2024Q2;ES704A0;ES704;6;2;51;1;1;1;8;1;6;1;5;1;-1;-1;-1;-1;-1;-1;-1;-1;-1;1;0;0;0;0;1;0;1;1;0;0;0;0;0;0;0;1;3;5;5;5;5;5;5;1;5;5;5;5;5;2;5;5;1;5;2;5;1;2;5;5;5;5;5;5;5;5;2;2;2;2;5;5;1;5;5;5;5;3;3;3;3;1;1;3;3;3;1;3;-1;-1;6;6;1;6;3;1;124.45124897
65;2024Q2;ES704A0;ES704;6;2;27;1;1;1;8;1;6;2;5;6;-1;-1;-1;61;1;5;-1;-1;-1;3;0;0;0;1;2;0;3;2;0;1;0;0;0;0;0;2;6;4;5;4;4;4;3;1;3;2;2;4;3;4;4;2;4;2;4;3;2;3;3;3;3;4;2;2;4;4;4;2;3;3;3;3;3;3;3;3;3;2;2;3;3;3;3;2;3;3;1;2;-1;-1;1;1;1;6;3;1;866.41051796
66;2024Q2;ES704A0;ES704;1;1;20;1;1;1;6;13;-1;-1;-1;6;-1;-1;-1;59;3;-1;-1;1;9;4;0;2;3;0;2;0;7;0;0;1;0;0;3;1;0;8;2;1;6;4;5;5;2;6;4;3;2;4;4;3;4;2;4;3;4;-9;3;3;3;3;4;4;4;4;4;4;3;2;2;3;4;4;4;4;4;4;4;3;4;4;4;4;4;-3;4;2;2;3;-1;-1;6;6;1;6;4;1;1757.4290819
67;2024Q2;ES704A0;ES704;1;1;65;3;2;3;5;12;-1;-1;-1;1;-1;1;7;-1;-1;-1;-1;-1;-1;2;0;0;0;0;1;1;2;0;0;0;0;1;0;1;0;8;4;4;4;4;4;4;4;6;2;2;2;2;2;-9;1;2;1;3;5;2;5;4;2;2;2;2;2;2;2;2;4;5;5;4;4;2;-3;-3;-3;-3;-3;2;2;-3;-3;-3;-3;5;5;-3;2;3;-1;-1;6;6;3;6;4;1;1861.1364684
68;2024Q2;ES704A0;ES704;1;1;61;3;1;5;10;10;-1;-1;-1;1;-1;1;3;-1;-1;-1;-1;-1;-1;1;0;0;0;0;1;0;1;0;0;0;1;0;0;0;0;1;1;1;3;5;5;5;1;6;1;2;2;1;3;5;5;3;5;2;5;2;5;5;2;3;3;2;2;3;4;3;5;5;5;5;1;2;3;3;3;1;3;3;2;-3;2;1;1;1;1;3;3;1;5;3;1;6;5;6;5;1;43.607757189
69;2024Q2;ES704A0;ES704;6;2;61;3;2;4;10;12;-1;-1;-1;1;-1;1;-9;-1;-1;-1;-1;-1;-1;1;0;0;0;0;1;0;1;0;0;0;0;1;0;0;0;1;4;6;-1;5;5;4;1;6;4;2;5;3;1;4;5;2;5;2;5;1;4;5;3;2;3;3;3;3;3;3;4;5;5;5;1;2;4;1;4;1;4;1;3;2;3;1;2;1;2;3;1;1;5;3;1;6;4;6;5;1;542.8628433
70;2024Q2;ES704A0;ES704;6;2;36;3;3;5;5;7;-1;-1;5;1;-1;-1;-1;-1;-1;-1;-1;-1;-1;2;0;2;0;2;0;0;4;0;2;0;0;0;0;0;0;2;4;2;3;5;5;5;5;1;4;5;5;5;5;3;5;5;5;5;5;4;3;3;4;5;5;4;5;5;4;4;5;4;5;3;2;2;4;4;4;2;3;4;4;2;2;5;5;2;3;4;2;2;-1;-1;6;6;5;6;4;3;421.8502609
71;2024Q2;ES704A0;ES704;1;1;27;1;1;1;5;1;6;1;8;1;-1;-1;-1;-1;-1;-1;-1;-1;-1;2;0;0;0;1;1;0;2;2;0;0;0;0;0;0;0;8;7;6;-1;5;5;5;3;1;4;4;4;4;4;4;4;4;4;2;4;2;4;4;2;2;2;2;2;2;2;4;4;4;4;4;2;2;2;2;2;2;2;2;2;2;2;1;2;2;1;2;2;1;2;4;6;6;5;6;4;1;570.72279751
72;2024Q2;ES708A0;ES708;1;1;45;2;1;4;10;1;6;2;9;6;-1;-1;-1;50;1;3;-1;-1;-1;2;0;1;0;0;2;0;3;2;0;0;0;0;0;0;0;2;4;3;4;5;5;4;2;1;1;4;1;4;4;4;5;2;5;1;4;2;4;5;4;2;2;2;2;4;4;4;5;5;5;5;4;2;3;3;4;1;3;3;4;1;3;2;3;1;3;1;3;1;3;3;1;6;4;6;4;1;454.04752316
73;2024Q2;ES708A0;ES708;6;2;40;1;1;1;9;7;-1;-1;2;1;-1;-1;-1;-1;-1;-1;-1;-1;-1;1;0;1;0;1;0;0;2;0;1;0;0;0;0;0;0;6;4;4;1;5;5;4;3;1;4;4;4;4;4;3;4;4;3;4;4;3;3;2;4;4;2;2;4;3;4;4;4;3;3;3;3;3;4;4;3;4;4;4;4;4;3;2;3;4;4;4;2;3;-1;-1;6;6;1;1;3;3;830.31303675
74;2024Q2;ES708A0;ES708;1;1;63;1;1;1;6;12;-1;-1;-1;1;-1;1;1;-1;-1;-1;-1;-1;-1;2;0;1;0;0;2;0;3;1;0;0;0;1;0;0;0;2;7;5;1;4;4;4;1;6;5;4;4;4;4;3;5;3;4;3;3;3;4;4;3;3;3;2;2;2;3;2;4;4;3;4;2;2;3;3;3;3;3;2;2;2;3;2;2;1;2;2;2;1;3;1;-9;-9;1;6;4;1;2341.9484346
75;2024Q2;ES708A0;ES708;6;2;45;1;1;1;10;2;6;2;2;6;-1;-1;-1;45;2;2;-1;-1;-1;2;0;1;0;0;2;0;3;1;1;0;0;0;0;0;0;2;7;6;1;4;4;3;2;6;4;4;3;4;4;4;5;3;5;3;4;4;5;3;3;4;4;3;4;4;4;4;3;4;5;5;3;2;5;4;5;5;4;5;5;-3;4;3;3;3;4;1;2;2;-1;-1;6;6;1;6;4;1;304.2133077
76;2024Q2;ES708A0;ES708;6;2;61;1;1;1;5;15;-1;-1;-1;6;-1;-1;-1;30;1;5;-1;-1;-1;2;0;0;0;1;1;0;2;1;0;0;0;1;0;0;0;6;4;4;5;4;2;2;2;1;4;2;2;4;4;4;4;2;2;2;2;2;2;2;2;1;2;2;2;2;2;4;2;2;2;4;4;4;2;2;2;2;3;2;2;2;2;2;2;2;2;2;2;3;-1;-1;6;6;1;6;3;1;893.02328464
77;2024Q2;ES708A0;ES708;6;2;31;1;1;1;6;1;6;1;5;1;-1;-1;-1;-1;-1;-1;-1;-1;-1;6;0;0;2;2;1;1;6;3;0;0;0;0;3;0;0;2;7;3;5;5;5;5;5;1;5;5;4;4;4;4;4;4;4;4;4;4;5;5;5;4;5;5;5;5;5;4;4;5;5;5;4;2;3;3;3;4;4;3;3;3;4;3;3;1;2;3;3;1;2;2;6;6;5;6;4;1;2490.9359527
78;2024Q2;ES708A0;ES708;1;1;61;3;1;3;10;1;6;1;8;1;-1;-1;-1;-1;-1;-1;-1;-1;-1;2;0;0;0;0;2;0;2;1;0;0;1;0;0;0;0;4;3;3;5;5;5;5;5;6;4;4;4;4;4;4;5;4;5;4;5;4;2;2;4;4;4;4;4;4;4;4;2;2;2;2;4;4;4;4;3;3;4;4;5;4;3;3;3;3;3;3;2;2;-1;-1;6;6;3;6;-3;2;324.4817046
79;2024Q2;ES708A0;ES708;6;2;33;1;1;1;10;2;1;2;2;1;-1;-1;-1;-1;-1;-1;-1;-1;-1;1;0;0;0;1;0;0;1;1;0;0;0;0;0;0;0;1;7;6;1;5;5;4;2;6;3;4;2;4;4;5;5;3;5;2;5;3;5;3;5;3;3;2;1;3;5;5;4;5;5;5;2;1;5;3;4;1;3;1;1;1;3;3;4;1;1;1;1;1;3;3;1;1;1;6;4;1;415.15599212
80;2024Q2;ES708A0;ES708;6;2;67;2;1;5;5;1;6;2;5;1;-1;-1;-1;-1;-1;-1;-1;-1;-1;1;0;0;0;0;0;1;1;1;0;0;0;0;0;0;0;1;4;6;5;4;2;2;3;1;4;4;4;4;4;4;4;4;4;4;4;4;4;2;4;4;4;4;4;4;4;4;4;4;4;4;4;4;4;4;4;4;4;4;4;4;4;4;4;1;4;4;1;1;5;1;1;6;5;6;5;1;187.65217296
81;2024Q2;ES708A0;ES708;6;2;41;2;1;5;7;1;6;1;5;6;-1;-1;-1;40;1;4;-1;-1;-1;2;0;0;0;2;0;0;2;2;0;0;0;0;0;0;0;4;3;3;3;4;4;3;3;1;4;4;4;3;3;3;4;4;4;3;5;5;5;3;2;1;1;4;4;4;4;4;4;4;4;4;1;1;3;4;4;3;4;4;4;3;4;2;4;1;3;1;2;3;-1;-1;6;6;3;6;4;1;1660.6260735
82;2024Q2;ES708A0;ES708;6;2;54;2;1;5;8;1;6;2;4;1;-1;-1;-1;-1;-1;-1;-1;-1;-1;1;0;0;0;0;1;0;1;1;0;0;0;0;0;0;0;1;3;5;3;5;5;5;5;1;5;5;4;5;4;2;4;4;5;4;2;5;4;2;4;4;2;3;4;5;5;5;4;3;2;4;2;2;4;4;4;4;4;4;4;4;4;-3;-3;-3;4;4;2;2;-1;-1;1;6;5;6;1;1;152.10665385
83;2024Q2;ES708A0;ES708;1;1;34;3;2;5;4;1;6;2;7;1;-1;-1;-1;-1;-1;-1;-1;-1;-1;2;1;1;0;2;0;0;4;2;0;0;0;0;0;0;0;2;4;2;5;5;5;5;5;6;4;4;4;4;4;4;4;4;4;4;4;4;4;4;4;4;4;4;4;4;4;4;3;3;3;3;3;3;4;4;4;4;4;4;4;4;4;4;4;4;4;4;2;1;1;-9;1;1;4;6;3;1;889.60302318
84;2024Q2;ES708A0;ES708;6;2;32;1;1;5;10;1;6;2;2;6;-1;-1;-1;30;1;2;-1;-1;-1;2;2;0;0;2;0;0;4;2;0;0;0;0;0;0;0;2;7;5;1;4;5;3;1;6;2;2;4;4;2;5;5;1;5;2;5;2;4;2;4;4;2;1;2;4;4;4;4;4;4;4;4;2;2;4;4;2;2;2;4;4;4;2;2;2;2;1;1;3;-1;-1;6;6;5;6;4;1;830.31198424
85;2024Q2;ES708A0;ES708;1;1;31;1;1;1;6;10;-1;-1;-1;6;-1;-1;-1;70;5;-1;-1;1;9;3;0;0;0;1;0;2;3;0;0;0;1;2;0;0;0;8;4;3;6;3;2;2;1;1;1;2;1;3;1;5;5;2;5;1;4;2;2;4;4;1;2;1;1;4;4;5;5;5;5;5;2;1;4;2;3;1;4;3;2;3;4;1;1;1;2;1;3;1;3;4;1;6;1;6;4;1;300.94500453
86;2024Q2;ES708A0;ES708;6;2;29;3;1;4;10;1;6;2;5;1;-1;-1;-1;-1;-1;-1;-1;-1;-1;2;0;1;0;1;1;0;3;2;0;0;0;0;0;0;0;7;5;4;5;4;4;4;2;1;4;3;4;5;3;1;5;5;5;2;5;4;3;5;3;3;4;3;5;5;4;5;5;5;5;5;1;1;4;3;4;3;3;3;4;4;3;3;3;3;3;4;1;2;-1;-1;6;6;3;1;3;3;830.31198424
87;2024Q2;ES708A0;ES708;1;1;51;3;1;5;6;1;6;1;3;1;-1;-1;-1;-1;-1;-1;-1;-1;-1;2;0;0;0;0;2;0;2;2;0;0;0;0;0;0;0;4;4;4;2;5;5;4;3;1;4;2;1;4;3;5;5;2;5;3;4;3;4;5;4;4;2;1;1;4;3;4;5;5;5;5;2;3;3;3;3;1;2;4;4;3;1;1;1;1;2;2;2;1;1;1;1;6;5;6;4;1;454.04752316
88;2024Q2;ES708A0;ES708;1;1;32;1;1;1;10;2;1;1;2;1;-1;-1;-1;-1;-1;-1;-1;-1;-1;3;1;0;0;2;0;1;4;2;0;0;0;1;0;0;0;3;7;4;1;5;5;5;3;6;4;4;2;4;4;2;4;3;3;4;3;4;3;3;4;4;4;4;4;4;4;4;3;3;3;3;3;4;4;4;4;3;4;3;3;2;3;2;2;1;2;2;2;2;-1;-1;6;6;1;6;4;1;550.2223733
89;2024Q2;ES708A0;ES708;6;2;62;1;1;1;2;10;-1;-1;-1;6;-1;-1;-1;61;8;-1;1;1;9;2;0;0;0;0;2;0;2;0;0;1;0;1;0;0;0;4;5;5;6;4;3;3;1;6;3;4;3;4;2;2;4;4;4;4;3;3;4;4;3;4;4;4;4;4;4;4;4;3;3;3;3;3;4;4;3;3;4;4;3;3;3;4;4;4;3;3;2;3;-1;-1;6;6;1;6;3;1;72.780885478
90;2024Q2;ES708A0;ES708;6;2;52;1;1;1;8;10;-1;-1;-1;6;-1;-1;-1;43;2;2;-1;-1;-1;2;0;0;0;1;1;0;2;0;1;0;1;0;0;0;0;4;3;3;2;5;5;4;4;6;4;4;3;5;5;3;4;3;4;5;4;5;3;2;4;4;4;3;5;4;5;5;3;3;2;3;2;3;4;3;3;2;4;3;3;3;3;3;3;2;3;3;2;1;5;2;1;6;5;6;2;1;72.780885478
91;2024Q2;ES708A0;ES708;6;2;49;3;1;3;5;15;-1;-1;-1;1;6;-1;-1;-1;-1;-1;-1;-1;-1;2;0;0;1;0;1;0;2;0;0;0;0;1;1;0;0;6;2;2;-1;4;4;2;2;6;3;3;4;3;4;4;4;4;4;5;5;3;5;5;4;4;4;4;4;4;4;4;5;5;5;5;3;2;3;4;4;4;5;4;4;3;4;4;4;5;4;3;2;1;1;2;1;1;3;6;-3;3;4595.5255641
92;2024Q2;ES708A0;ES708;6;2;34;2;1;4;5;1;6;2;9;1;-1;-1;-1;-1;-1;-1;-1;-1;-1;1;0;0;0;1;0;0;1;1;0;0;0;0;0;0;0;1;4;6;6;5;5;3;5;1;5;5;4;5;5;3;5;5;4;4;5;4;3;3;4;4;4;5;4;4;5;5;3;2;4;3;4;3;3;3;4;4;3;3;2;2;2;2;2;3;3;2;2;2;-1;-1;6;6;4;6;3;1;415.15599212
93;2024Q2;ES708A0;ES708;6;2;32;1;1;1;5;1;6;1;9;1;-1;-1;-1;-1;-1;-1;-1;-1;-1;1;0;1;0;1;0;0;2;1;0;0;0;0;0;0;0;6;2;2;6;5;5;2;4;1;5;5;4;5;4;5;5;4;5;4;4;4;5;3;3;4;4;4;5;4;4;4;4;2;2;4;4;2;4;4;4;2;4;4;4;4;4;4;4;1;4;4;3;1;2;2;6;6;5;6;3;1;415.15599212
94;2024Q2;ES708A0;ES708;6;2;30;1;1;1;5;1;1;2;5;1;-1;-1;-1;-1;-1;-1;-1;-1;-1;3;0;2;0;2;0;1;5;2;0;0;0;0;0;0;1;3;5;2;5;4;4;3;2;6;4;3;4;5;3;3;5;4;2;4;4;2;4;2;4;4;4;4;4;4;4;4;3;3;2;2;3;3;4;4;4;3;4;4;4;3;-3;4;4;4;-3;2;1;2;-1;-1;6;1;1;6;3;2;1245.4679764
95;2024Q2;ES708A0;ES708;1;1;56;1;1;1;3;10;-1;-1;-1;1;-1;1;7;-1;-1;-1;-1;-1;-1;2;0;0;0;0;2;0;2;1;0;0;1;0;0;0;0;4;3;3;5;4;4;4;3;6;5;5;3;5;5;5;3;5;5;5;3;3;2;2;4;5;5;5;5;5;5;5;5;2;3;3;5;5;5;5;5;5;4;5;1;5;1;3;3;1;4;1;3;2;-1;-1;6;6;5;6;5;3;158.29679209
96;2024Q2;ES708A0;ES708;6;2;59;1;1;1;5;1;6;2;5;6;-1;-1;-1;63;1;8;-1;-1;-1;3;0;0;0;1;2;0;3;3;0;0;0;0;0;0;0;2;7;5;-1;4;4;4;3;6;4;4;3;4;4;3;4;4;3;3;3;3;3;3;3;3;3;4;4;4;4;4;4;5;5;5;3;2;4;3;3;3;4;4;3;4;3;3;3;3;3;3;2;3;-1;-1;6;6;1;6;4;1;109.17132822
97;2024Q2;ES708A0;ES708;6;2;26;3;2;3;5;11;-1;-1;-1;6;-1;-1;-1;42;1;3;-1;-1;-1;3;0;1;0;2;1;0;4;2;0;0;1;0;0;0;0;2;5;3;3;4;5;4;5;1;4;5;4;4;4;4;4;4;4;4;4;4;4;4;4;4;4;4;4;4;4;4;4;4;4;4;4;4;4;4;4;4;4;4;4;4;4;4;4;4;4;4;2;3;-1;-1;6;6;3;6;-3;3;955.8602523
98;2024Q2;ES708A0;ES708;1;1;73;3;2;5;5;12;-1;-1;-1;6;-1;-1;-1;67;8;-1;1;1;9;2;0;0;0;0;0;2;2;0;0;0;0;2;0;0;0;4;2;2;6;5;5;4;2;6;4;4;-9;4;4;5;5;2;5;2;5;2;5;4;2;5;2;4;4;4;5;2;5;5;4;4;2;2;4;4;3;3;4;4;3;2;3;2;2;1;3;1;2;2;-1;-1;6;6;5;6;-3;1;2373.9743659
99;2024Q2;ES708A0;ES708;6;2;43;1;1;1;6;1;1;2;4;1;-1;-1;-1;-1;-1;-1;-1;-1;-1;2;0;2;0;2;0;0;4;2;0;0;0;0;0;0;0;2;5;3;3;3;3;3;5;6;3;3;3;3;4;3;3;3;3;4;4;4;4;4;3;2;2;2;4;2;2;4;4;4;4;5;2;2;4;2;2;3;3;1;2;3;3;3;3;2;3;1;2;3;-1;-1;6;6;1;6;3;1;1660.6260735
100;2024Q2;ES708A0;ES708;1;1;26;1;1;1;8;1;6;1;3;6;-1;-1;-1;80;5;-1;-1;1;7;3;0;0;0;1;0;2;3;1;0;0;0;1;0;1;0;5;5;4;4;5;5;2;3;6;1;1;2;2;1;5;5;4;5;2;2;2;4;5;2;2;1;1;1;5;5;5;5;5;5;5;1;1;5;5;3;1;1;2;3;1;3;3;2;1;1;3;2;2;-1;-1;6;6;5;6;4;1;550.2223733
101;2024Q2;ES708A0;ES708;6;2;29;1;1;1;9;1;6;2;4;6;-1;-1;-1;69;5;-1;-1;1;9;3;0;0;0;1;0;2;3;1;0;0;0;2;0;0;0;2;7;5;6;4;4;3;2;6;2;4;3;4;2;4;4;5;4;1;3;2;3;4;2;2;2;4;4;4;4;5;5;5;3;4;2;3;5;4;4;3;3;4;3;3;3;3;3;2;3;3;1;1;5;4;1;1;1;6;1;1;1245.4679764
102;2024Q2;ES708A0;ES708;1;1;23;1;1;1;4;1;6;2;3;6;-1;-1;-1;65;8;-1;1;1;9;2;0;0;1;0;0;1;2;1;0;0;0;1;0;0;0;8;4;4;6;5;4;4;3;6;2;2;4;4;4;4;4;2;4;1;5;2;5;5;1;1;1;1;1;1;1;1;4;5;5;5;1;1;1;4;1;1;4;1;1;1;4;1;4;1;4;1;2;1;1;4;6;6;1;6;3;1;366.81491553
103;2024Q2;ES708A0;ES708;1;1;35;1;1;1;5;1;1;1;7;6;-1;-1;-1;35;1;5;-1;-1;-1;2;0;0;0;2;0;0;2;2;0;0;0;0;0;0;0;4;6;5;5;5;5;4;3;6;5;5;4;5;5;5;5;4;5;4;3;3;3;2;3;4;3;3;5;5;3;4;5;4;5;5;3;2;5;5;4;3;4;4;4;4;4;4;4;5;5;5;2;2;-1;-1;6;6;1;6;4;1;678.66418828
104;2024Q2;ES708A0;ES708;6;2;59;3;1;5;4;10;-1;-1;-1;1;-1;1;9;-1;-1;-1;-1;-1;-1;1;0;0;0;0;1;0;1;0;0;1;0;0;0;0;0;1;1;2;6;4;4;4;2;6;4;2;5;4;2;2;2;4;4;2;4;4;4;4;4;4;4;4;4;4;4;4;2;2;2;2;4;2;3;3;4;3;4;3;4;3;-3;3;4;2;2;3;3;3;-1;-1;1;6;5;6;1;1;36.390442739
105;2024Q2;ES708A0;ES708;1;1;38;3;1;4;8;5;-1;-1;5;1;-1;-1;-1;-1;-1;-1;-1;-1;-1;3;0;1;1;3;0;0;5;1;1;0;0;0;1;1;0;2;6;3;3;4;5;1;1;6;5;5;4;5;5;1;5;5;4;4;4;4;2;2;5;5;4;5;4;4;5;5;5;1;2;2;4;4;5;4;3;5;4;4;4;4;4;5;5;4;4;4;3;1;5;1;6;6;4;6;2;3;1017.9962824
106;2024Q2;ES708A0;ES708;6;2;52;3;3;5;6;1;6;2;9;1;-1;-1;-1;-1;-1;-1;-1;-1;-1;2;0;0;1;1;1;0;3;3;0;0;0;0;0;0;0;2;7;5;6;5;4;4;4;1;4;4;4;4;4;5;4;4;5;4;3;4;4;3;4;4;4;4;4;3;4;4;4;4;4;4;4;4;5;5;5;5;5;5;5;4;5;4;5;5;-3;5;2;2;-1;-1;6;6;5;6;3;1;1658.088997
107;2024Q2;ES708A0;ES708;1;1;58;3;3;5;8;10;-1;-1;-1;6;-1;-1;-1;36;1;4;-1;-1;-1;2;0;0;0;1;1;0;2;1;0;0;1;0;0;0;0;9;3;3;3;4;4;3;4;1;5;5;4;5;5;2;2;4;2;5;2;4;2;2;4;4;4;4;4;4;5;5;2;2;2;2;2;4;4;5;4;4;4;5;5;4;4;4;4;3;4;3;1;2;-1;-1;1;6;3;6;4;1;681.08489974
108;2024Q2;ES708A0;ES708;1;1;30;3;3;5;5;1;1;2;5;1;-1;-1;-1;-1;-1;-1;-1;-1;-1;3;0;0;2;1;0;0;3;3;0;0;0;0;0;0;0;5;3;2;5;4;5;3;3;1;5;5;4;5;4;4;4;4;4;4;5;2;2;4;4;2;4;2;4;4;4;4;4;4;4;4;4;3;3;4;3;4;3;4;3;3;3;2;3;2;3;4;3;1;5;4;1;6;5;6;1;1;1334.4045348
109;2024Q2;ES708A0;ES708;1;1;47;3;1;5;9;1;6;2;9;1;-1;-1;-1;-1;-1;-1;-1;-1;-1;1;0;0;0;0;1;0;1;1;0;0;0;0;0;0;0;1;2;4;6;5;5;5;5;1;2;2;2;2;2;2;4;2;4;2;4;2;4;4;2;2;2;2;2;2;2;2;4;4;4;5;2;2;1;4;3;1;4;5;3;3;1;2;2;1;2;1;1;1;4;4;1;1;5;6;5;1;227.02376158
110;2024Q2;ES708A0;ES708;1;1;60;1;1;1;3;3;6;1;9;1;-1;-1;-1;-1;-1;-1;-1;-1;-1;1;0;0;0;0;1;0;1;1;0;0;0;0;0;0;0;1;3;5;6;2;2;3;2;6;1;2;2;4;2;4;1;5;2;2;2;4;2;2;4;4;2;4;4;4;4;4;2;4;2;2;2;2;3;3;2;3;3;3;3;3;2;3;2;1;3;3;1;1;5;4;1;6;1;6;4;1;162.2408523
111;2024Q2;ES708A0;ES708;1;1;49;1;1;1;5;1;6;2;5;1;-1;-1;-1;-1;-1;-1;-1;-1;-1;4;0;0;1;1;2;0;4;3;0;0;0;0;0;1;0;2;6;4;5;5;5;3;4;1;5;5;5;4;4;4;4;4;4;4;2;4;2;2;4;4;4;4;4;4;4;4;2;2;2;2;4;4;5;4;4;4;4;4;4;4;3;5;5;3;3;4;2;2;-1;-1;6;6;1;6;4;1;908.09504632
112;2024Q2;ES708A0;ES708;6;2;36;1;1;1;7;10;-1;-1;-1;1;-1;1;5;-1;-1;-1;-1;-1;-1;1;0;1;0;1;0;0;2;0;0;1;0;0;0;0;0;6;2;2;5;5;5;5;1;6;3;5;5;5;5;3;5;2;3;5;5;3;3;2;3;5;5;4;2;4;4;4;2;5;4;4;2;2;3;3;3;3;3;3;3;3;2;2;-3;1;3;3;2;2;-1;-1;6;6;1;6;4;1;56.839284088
113;2024Q2;ES708A0;ES708;6;2;51;3;1;5;8;1;6;2;9;1;-1;-1;-1;-1;-1;-1;-1;-1;-1;2;0;1;1;0;1;0;3;2;0;0;0;0;0;0;0;6;3;2;6;4;4;4;1;6;3;4;4;4;4;2;4;4;4;2;2;4;4;4;2;4;4;4;3;4;4;4;4;3;4;3;3;2;4;3;4;3;4;4;4;3;4;3;3;2;4;3;1;2;-1;-1;6;6;5;6;5;1;304.2133077
114;2024Q2;ES708A0;ES708;1;1;68;3;1;5;5;12;-1;-1;-1;1;-1;1;5;-1;-1;-1;-1;-1;-1;2;0;0;0;0;1;1;2;1;0;0;0;1;0;0;0;4;3;3;5;3;4;3;3;6;5;4;4;4;5;4;3;4;2;4;4;4;3;3;3;4;3;3;4;4;4;4;2;3;4;4;4;4;4;4;4;4;5;5;5;4;4;4;4;3;4;4;2;1;4;4;1;1;5;6;2;3;1851.1862583
115;2024Q2;ES708A0;ES708;6;2;59;3;1;5;6;2;6;1;9;1;-1;-1;-1;-1;-1;-1;-1;-1;-1;1;0;0;0;0;1;0;1;1;0;0;0;0;0;0;0;1;3;5;6;5;5;3;1;6;4;4;5;4;4;3;5;4;4;4;4;4;4;2;4;4;2;2;4;3;4;5;4;4;2;3;4;3;4;4;3;3;4;4;4;-3;4;-3;-3;-3;-3;2;1;2;-1;-1;6;6;3;6;1;-9;36.390442739
116;2024Q2;ES708A0;ES708;1;1;25;3;1;5;3;1;6;1;9;6;-1;-1;-1;64;1;-9;-1;-1;-1;4;1;1;1;1;1;1;6;3;0;0;0;0;0;0;1;8;3;1;-1;3;-9;-9;3;6;3;4;-9;-9;-9;-9;-9;-9;-9;1;-9;-9;-9;-9;-9;-9;-9;1;3;3;3;4;3;1;3;1;3;1;3;3;4;3;4;5;4;4;3;4;3;-7;-3;-7;2;2;-1;-1;6;-9;4;6;-3;3;733.62983106
117;2024Q2;ES708A0;ES708;1;1;55;1;1;1;8;7;-1;-1;7;6;-1;-1;-1;53;1;5;-1;-1;-1;3;0;0;1;0;2;0;3;1;1;0;0;0;1;0;0;2;5;3;5;5;5;4;4;6;3;2;2;2;1;5;2;2;4;2;2;2;5;4;4;2;2;2;2;4;4;4;4;4;2;4;2;2;1;2;1;1;1;1;2;2;1;1;1;3;1;2;1;3;-1;-1;6;6;1;6;3;2;486.72255691
118;2024Q2;ES708A0;ES708;6;2;39;3;1;5;5;1;6;2;9;1;-1;-1;-1;-1;-1;-1;-1;-1;-1;1;0;1;1;1;0;0;3;1;0;0;0;0;1;0;0;6;4;3;6;5;5;3;5;1;5;4;4;4;4;4;5;4;5;5;4;4;3;2;4;4;3;4;4;4;4;4;4;4;4;4;4;2;4;5;4;4;4;4;4;4;4;4;4;1;4;4;2;2;-1;-1;6;6;5;6;-3;1;830.31303675
119;2024Q2;ES708A0;ES708;1;1;31;3;3;4;7;1;6;2;7;1;-1;-1;-1;-1;-1;-1;-1;-1;-1;2;0;0;0;1;1;0;2;2;0;0;0;0;0;0;0;8;6;5;4;5;4;4;4;1;4;4;4;4;4;2;4;4;4;4;4;4;4;4;4;4;4;4;4;2;4;4;4;4;4;4;4;4;4;4;4;5;4;4;5;4;4;4;4;4;4;4;1;1;1;4;1;1;4;6;-3;1;889.60302318
120;2024Q2;ES708A0;ES708;6;2;56;1;1;1;5;10;-1;-1;-1;1;-1;1;5;-1;-1;-1;-1;-1;-1;4;0;0;2;1;1;0;4;1;0;1;0;0;2;0;0;8;3;2;6;4;4;4;2;6;3;2;2;2;4;4;2;4;4;4;2;2;4;2;2;4;2;4;2;2;4;4;2;4;4;4;2;4;3;3;3;3;3;2;2;2;4;2;4;2;2;4;3;3;-1;-1;6;6;1;6;5;1;145.56177096
121;2024Q2;ES708A0;ES708;1;1;53;3;1;5;6;1;6;1;8;1;-1;-1;-1;-1;-1;-1;-1;-1;-1;2;0;0;0;0;2;0;2;2;0;0;0;0;0;0;0;4;4;4;5;4;4;1;3;6;1;4;1;4;4;4;4;2;5;2;2;2;4;4;2;4;4;2;2;4;4;4;4;4;4;4;4;4;3;4;4;1;2;3;3;3;4;3;4;3;3;3;2;3;-1;-1;1;6;5;6;1;1;454.04752316
122;2024Q2;ES708A0;ES708;6;2;48;3;1;5;10;2;6;2;5;1;-1;-1;-1;-1;-1;-1;-1;-1;-1;2;0;0;1;0;1;0;2;1;0;0;0;1;0;0;0;6;4;4;5;3;3;3;2;6;3;4;4;3;4;4;4;2;4;4;4;3;4;4;3;3;2;2;2;2;4;4;4;3;3;4;2;3;2;2;2;3;3;3;3;3;3;3;3;1;2;3;1;2;-1;-1;6;6;5;6;-3;1;304.2133077
123;2024Q2;ES708A0;ES708;6;2;59;2;1;5;5;10;-1;-1;-1;6;-1;-1;-1;53;1;7;-1;-1;-1;2;0;0;0;0;2;0;2;1;0;1;0;0;0;0;0;4;4;4;5;4;3;3;3;6;4;5;2;3;4;4;4;4;4;4;4;4;4;2;4;4;4;4;4;4;4;4;2;2;2;2;4;4;4;3;4;4;4;4;4;4;4;4;4;2;4;4;2;2;-1;-1;6;6;5;6;1;3;72.780885478
124;2024Q2;ES708A0;ES708;1;1;35;1;1;1;7;1;6;2;7;6;-1;-1;-1;63;1;7;-1;-1;-1;3;0;0;0;1;2;0;3;3;0;0;0;0;0;0;0;2;3;2;4;5;5;5;3;1;4;4;4;4;4;4;5;4;4;4;4;4;4;3;4;4;4;4;4;4;4;4;5;4;4;4;4;2;4;4;4;2;4;4;4;4;4;2;4;3;4;4;2;3;-1;-1;6;6;1;6;3;1;1017.9962824
125;2024Q2;ES708A0;ES708;1;1;45;1;1;1;5;10;-1;-1;-1;1;-1;1;5;-1;-1;-1;-1;-1;-1;4;0;1;2;0;3;0;6;2;0;1;0;1;0;1;0;8;7;3;5;4;4;5;5;1;4;4;4;4;4;4;4;4;4;4;4;4;2;2;4;4;2;4;4;2;4;4;2;4;2;4;4;4;1;1;2;2;2;2;2;2;2;2;2;2;2;2;2;3;-1;-1;6;6;5;6;5;3;575.72522129
126;2024Q2;ES708A0;ES708;1;1;36;1;1;1;4;1;1;1;5;1;-1;-1;-1;-1;-1;-1;-1;-1;-1;3;0;0;0;2;0;1;3;2;0;0;0;1;0;0;0;5;6;4;4;5;5;5;3;1;4;3;4;4;4;3;5;4;4;3;4;4;5;3;3;5;5;4;4;3;4;4;3;3;4;3;3;3;3;3;3;4;3;3;3;3;3;3;3;1;3;3;1;3;-1;-1;6;6;5;6;5;1;1017.9962824
127;2024Q2;ES708A0;ES708;1;1;19;1;1;1;5;2;6;2;3;6;-1;-1;-1;43;1;5;-1;-1;-1;3;0;1;1;1;1;0;4;3;0;0;0;0;0;0;0;2;6;4;5;5;3;3;3;6;3;4;2;4;4;4;2;4;2;2;4;2;4;4;2;2;2;2;2;2;4;4;4;4;4;4;2;2;3;3;3;1;3;3;1;3;1;3;1;3;3;3;1;1;5;4;1;1;1;6;1;3;550.2223733
128;2024Q2;ES708A0;ES708;1;1;28;1;1;1;7;1;6;2;5;6;-1;-1;-1;65;5;-1;-1;2;7;6;0;0;0;4;1;1;6;4;1;0;0;1;0;0;0;3;7;3;4;5;5;4;2;6;4;4;4;4;3;4;5;4;3;3;2;3;5;2;3;3;2;2;4;4;4;4;5;4;5;3;4;3;4;3;4;4;3;3;2;3;2;2;2;1;3;2;2;3;-1;-1;6;6;5;6;3;1;1100.4447466
129;2024Q2;ES708A0;ES708;1;1;57;3;1;5;6;1;6;2;8;1;-1;-1;-1;-1;-1;-1;-1;-1;-1;3;0;0;1;0;2;0;3;2;0;0;0;0;1;0;0;2;5;4;5;5;5;5;5;1;3;2;1;1;2;5;5;2;4;2;4;2;4;4;2;2;2;2;4;4;2;2;4;4;4;4;2;2;2;2;2;2;2;2;2;2;2;1;1;1;1;1;2;1;1;4;1;6;5;6;4;1;486.72255691
130;2024Q2;ES708A0;ES708;1;1;39;2;1;5;9;2;6;2;2;1;-1;-1;-1;-1;-1;-1;-1;-1;-1;1;0;0;0;1;0;0;1;1;0;0;0;0;0;0;0;1;5;6;2;4;4;2;2;6;1;5;2;5;5;4;5;4;3;1;4;3;5;5;2;1;3;3;4;4;2;2;5;5;5;5;1;1;5;4;4;1;1;1;1;2;2;1;1;1;1;1;3;1;1;4;1;1;5;6;3;2;339.33209414
131;2024Q2;ES708A0;ES708;6;2;29;1;1;1;9;1;6;2;4;6;-1;-1;-1;52;1;8;-1;-1;-1;4;0;0;1;1;2;0;4;4;0;0;0;0;0;0;0;8;7;5;-1;4;4;3;1;6;1;1;1;1;1;4;5;4;5;1;5;1;5;5;1;1;1;1;1;4;3;3;5;5;5;5;1;1;5;1;4;1;1;1;1;1;1;1;1;1;1;1;1;1;3;1;1;6;1;6;2;1;1660.6239685
132;2024Q2;ES708A0;ES708;1;1;43;1;1;1;5;1;6;2;5;1;-1;-1;-1;-1;-1;-1;-1;-1;-1;2;0;1;0;2;0;0;3;2;0;0;0;0;0;0;0;2;5;4;5;5;5;4;4;1;2;2;2;4;4;5;5;3;5;2;1;2;5;5;3;2;1;1;1;1;2;1;5;5;5;5;2;1;2;2;2;2;2;2;2;2;1;1;1;1;2;2;3;1;5;3;6;6;3;6;3;1;678.66418828
133;2024Q2;ES708A0;ES708;1;1;20;3;3;3;5;1;6;2;7;1;-1;-1;-1;-1;-1;-1;-1;-1;-1;3;0;1;1;2;0;0;4;3;0;0;0;0;0;0;0;2;3;2;5;4;4;4;4;6;4;4;2;4;4;4;4;4;4;4;1;4;2;2;4;4;4;4;4;4;4;4;4;4;2;4;2;4;4;3;4;4;4;4;4;4;4;4;3;3;3;4;2;3;-1;-1;1;6;3;6;3;1;1334.4045348
134;2024Q2;ES708A0;ES708;6;2;46;1;1;1;7;1;1;1;1;1;-1;-1;-1;-1;-1;-1;-1;-1;-1;1;0;0;0;0;1;0;1;1;0;0;0;0;0;0;0;1;2;4;2;4;4;5;4;1;4;2;-9;2;4;3;4;4;4;3;4;2;4;3;4;3;3;4;4;4;4;4;4;4;4;4;3;2;3;3;4;3;4;3;3;3;4;3;3;2;3;3;2;2;-1;-1;6;6;1;6;5;1;152.10665385
135;2024Q2;ES708A0;ES708;6;2;29;1;1;1;5;1;6;2;8;6;-1;-1;-1;36;1;8;-1;-1;-1;2;0;2;0;2;0;0;4;2;0;0;0;0;0;0;0;2;4;2;5;5;5;5;4;1;4;3;2;4;4;4;5;4;5;2;5;2;5;5;3;2;2;2;2;2;3;4;4;4;4;5;3;2;3;4;4;2;3;3;1;3;4;3;3;1;3;3;2;1;5;3;6;6;3;6;5;1;830.31198424
136;2024Q2;ES708A0;ES708;1;1;53;2;1;5;8;7;-1;-1;1;1;-1;-1;-1;-1;-1;-1;-1;-1;-1;2;0;0;0;0;2;0;2;1;1;0;0;0;0;0;0;4;7;6;1;5;5;5;5;1;4;5;3;5;5;5;5;5;3;5;5;5;5;3;3;5;3;2;4;2;3;3;5;5;5;5;3;3;4;4;4;4;4;4;4;4;4;1;1;1;4;4;1;3;-1;-1;1;6;5;6;-3;1;454.04752316
137;2024Q2;ES708A0;ES708;6;2;47;1;1;1;8;1;6;2;4;1;-1;-1;-1;-1;-1;-1;-1;-1;-1;1;0;0;0;0;1;0;1;1;0;0;0;0;0;0;0;1;3;5;3;5;5;5;5;1;2;5;4;4;4;2;2;4;2;4;2;4;2;2;4;4;2;2;4;4;4;4;4;2;2;2;4;2;3;3;3;4;4;4;3;3;3;3;3;3;3;2;1;2;-1;-1;1;1;1;6;-3;3;152.10665385
138;2024Q2;ES708A0;ES708;1;1;24;1;1;1;5;2;1;2;7;1;-1;-1;-1;-1;-1;-1;-1;-1;-1;2;0;0;1;0;1;0;2;2;0;0;0;0;0;0;0;6;3;3;4;4;3;3;3;1;4;4;4;4;4;1;5;4;5;4;4;1;5;4;4;1;4;1;4;4;4;4;5;5;5;5;1;1;3;3;3;2;2;2;2;3;3;3;3;1;3;3;2;2;-1;-1;6;6;1;6;4;1;366.81491553
139;2024Q2;ES708A0;ES708;6;2;45;2;1;5;5;1;6;1;4;6;-1;-1;-1;46;2;3;-1;-1;-1;2;0;1;0;0;2;0;3;1;1;0;0;0;0;0;0;2;6;4;3;5;5;2;2;6;4;3;3;4;3;5;5;3;5;2;5;3;5;3;3;4;2;3;4;3;3;3;5;4;4;5;1;3;3;3;-7;3;3;4;4;-7;4;2;2;1;2;2;1;1;1;-9;-9;6;5;6;3;1;304.2133077
140;2024Q2;ES708A0;ES708;1;1;43;1;1;1;5;7;-1;-1;6;1;-1;-1;-1;-1;-1;-1;-1;-1;-1;3;0;1;1;2;0;0;4;1;1;0;0;0;0;0;1;2;4;2;5;4;4;4;3;1;3;1;4;4;3;4;5;4;4;3;2;2;4;2;3;3;2;2;4;2;2;4;4;2;2;2;4;2;4;4;4;4;4;3;3;3;4;3;4;2;3;4;3;3;-1;-1;6;6;1;1;-3;1;1017.9962824
141;2024Q2;ES705A1;ES705;6;2;26;1;1;1;8;1;6;1;4;6;-1;-1;-1;61;5;-1;-1;2;-9;4;0;0;1;1;2;0;4;1;0;0;0;1;1;1;0;2;5;3;-1;4;4;3;2;6;3;2;2;3;4;5;5;3;5;2;5;-9;-9;-9;2;-9;4;-9;-9;-9;-9;-9;2;5;5;5;-9;2;4;5;-7;3;-7;3;-7;-3;-7;-3;-7;-7;-7;-7;2;3;-1;-1;6;6;1;6;1;-9;2161.5190096
142;2024Q2;ES705A1;ES705;6;2;54;1;1;1;8;10;-1;-1;-1;6;-1;-1;-1;55;1;5;-1;-1;-1;2;0;0;1;0;2;0;3;1;0;0;1;0;1;0;0;2;3;2;5;5;4;3;3;6;5;4;4;5;5;2;4;4;2;5;2;4;2;2;5;4;4;3;5;5;5;5;3;2;2;2;4;4;4;4;5;5;4;5;5;4;4;4;4;3;4;4;2;3;-1;-1;6;6;5;6;-3;3;395.34049535
143;2024Q2;ES705A1;ES705;1;1;28;1;1;1;9;10;-1;-1;-1;6;-1;-1;-1;64;5;-1;-1;1;3;2;0;0;0;1;1;0;2;0;0;1;0;1;0;0;0;6;5;5;3;2;2;2;2;6;2;2;2;2;2;3;4;4;4;3;4;3;2;3;4;3;4;2;3;1;2;2;2;1;3;3;4;2;1;3;3;2;3;1;4;2;2;2;2;2;2;3;1;1;5;3;6;6;1;6;3;3;260.75648056
144;2024Q2;ES705A1;ES705;1;1;49;1;1;1;5;10;-1;-1;-1;1;-1;1;3;-1;-1;-1;-1;-1;-1;1;0;0;0;0;1;0;1;0;0;1;0;0;0;0;0;1;2;3;2;5;4;2;2;6;2;2;4;2;4;5;4;4;4;4;4;4;4;4;4;4;2;4;4;4;4;4;4;2;4;4;4;4;4;4;1;1;4;1;2;4;1;1;1;2;4;2;2;3;-1;-1;6;6;5;6;1;-9;412.43955071
145;2024Q2;ES705A1;ES705;1;1;22;1;1;1;8;10;-1;-1;-1;6;-1;-1;-1;52;1;5;-1;-1;-1;4;0;0;2;0;2;0;4;1;0;0;2;0;1;0;0;2;4;2;5;5;4;4;3;6;4;5;4;4;4;3;5;4;5;1;4;3;2;3;2;5;4;3;4;4;4;5;5;5;5;4;3;1;5;4;4;3;4;3;4;4;4;4;4;1;3;3;2;2;-1;-1;6;6;1;6;1;1;521.51296112
146;2024Q2;ES705A1;ES705;6;2;60;1;1;1;6;2;6;2;5;1;-1;-1;-1;-1;-1;-1;-1;-1;-1;1;0;0;0;0;1;0;1;1;0;0;0;0;0;0;0;1;1;2;5;4;4;3;3;6;4;4;4;4;4;4;2;2;2;5;2;4;2;2;4;4;5;5;4;4;4;5;2;1;2;2;4;4;4;4;4;4;4;3;3;3;3;3;4;4;4;4;1;3;-1;-1;1;1;5;6;4;3;426.18968592
147;2024Q2;ES705A1;ES705;6;2;43;1;1;1;7;2;6;2;9;1;-1;-1;-1;-1;-1;-1;-1;-1;-1;2;0;0;0;1;1;0;2;1;0;0;0;0;1;0;0;6;3;3;6;3;4;3;3;6;4;4;4;4;5;2;4;4;2;4;4;4;2;2;4;4;4;4;4;4;4;4;2;2;2;2;2;4;4;4;4;4;4;4;4;4;4;4;4;3;4;4;2;1;4;1;1;1;4;1;2;1;807.559755
148;2024Q2;ES705A1;ES705;6;2;29;1;1;1;10;7;-1;-1;2;6;-1;-1;-1;33;1;1;-1;-1;-1;2;0;0;0;2;0;0;2;1;1;0;0;0;0;0;0;4;7;6;1;5;5;3;2;6;5;4;-9;5;4;4;4;4;5;3;4;4;-9;-9;3;4;4;4;4;4;4;4;3;4;3;4;3;3;4;4;4;4;4;4;4;4;4;4;4;4;4;4;1;1;5;2;1;1;1;6;2;1;1080.7595048
149;2024Q2;ES705A1;ES705;6;2;61;2;1;5;9;2;1;1;2;1;-1;-1;-1;-1;-1;-1;-1;-1;-1;1;0;0;0;0;1;0;1;1;0;0;0;0;0;0;0;1;4;6;2;5;5;3;3;6;5;5;4;5;5;4;4;4;3;4;2;4;2;2;4;4;5;4;5;5;4;5;4;4;4;4;3;4;3;3;3;2;2;2;1;2;3;3;2;1;2;1;2;1;2;4;1;6;5;6;1;1;426.18968592
150;2024Q2;ES705A1;ES705;1;1;73;1;1;1;3;12;-1;-1;-1;1;-1;1;7;-1;-1;-1;-1;-1;-1;2;0;0;0;0;0;2;2;0;0;0;0;2;0;0;0;8;3;3;4;5;4;3;2;1;4;2;2;4;2;4;5;3;3;3;5;2;2;2;3;3;2;2;2;4;4;4;4;5;4;4;2;2;4;2;3;2;4;2;2;2;3;2;2;2;2;2;1;1;5;1;6;6;1;6;4;1;2410.8688539
151;2024Q2;ES705A1;ES705;6;2;37;1;1;1;5;7;-1;-1;3;1;-1;-1;-1;-1;-1;-1;-1;-1;-1;2;0;2;1;2;0;0;5;1;1;0;0;0;1;0;0;2;5;2;3;5;5;4;1;6;4;4;4;5;4;2;5;4;5;1;5;3;5;2;3;4;3;2;4;4;4;5;3;4;4;4;1;1;1;4;5;3;4;3;3;3;3;3;3;1;3;3;2;2;-1;-1;6;6;4;6;3;1;807.559755
152;2024Q2;ES705A1;ES705;6;2;23;1;1;1;6;13;-1;-1;-1;6;-1;-1;-1;67;5;-1;-1;1;4;3;0;0;1;0;1;1;3;1;0;0;0;1;1;0;0;2;4;3;3;5;5;3;1;6;4;2;2;4;4;5;5;5;5;2;5;3;2;4;4;3;4;2;4;4;3;4;2;4;4;4;2;2;4;4;5;3;4;4;4;-7;4;3;4;3;3;4;2;1;1;4;1;6;1;6;3;1;4350.4757059
153;2024Q2;ES705A1;ES705;1;1;19;1;1;1;6;13;-1;-1;-1;6;-1;-1;-1;53;1;7;-1;-1;-1;3;0;0;1;0;2;0;3;1;0;0;0;1;1;0;0;2;4;3;4;4;4;3;3;1;3;-9;4;4;2;4;-9;4;4;3;4;4;2;4;3;4;4;2;4;3;2;4;3;5;5;5;3;2;5;4;2;4;2;4;3;-3;4;4;4;3;5;-3;1;1;1;3;-9;6;1;6;3;3;2793.3803697
154;2024Q2;ES705A1;ES705;1;1;54;1;1;1;5;7;-1;-1;8;1;-1;-1;-1;-1;-1;-1;-1;-1;-1;3;0;0;1;0;2;0;3;0;1;0;0;0;1;1;0;2;3;2;5;1;1;1;1;6;1;4;1;3;2;3;3;3;3;1;1;1;3;3;1;3;3;3;3;4;2;3;3;3;4;3;3;3;1;1;2;1;2;1;2;1;2;1;2;3;2;2;3;3;-1;-1;6;6;1;6;1;2;2292.594391
155;2024Q2;ES705A1;ES705;1;1;47;1;1;1;8;1;1;1;3;6;-1;-1;-1;46;1;4;-1;-1;-1;2;0;1;0;0;2;0;3;2;0;0;0;0;0;0;0;2;6;4;3;4;4;2;2;6;4;4;4;4;4;1;5;2;2;2;2;4;1;1;4;1;4;2;2;2;4;5;2;1;4;2;4;4;1;1;1;2;3;1;1;2;3;3;3;1;2;2;1;2;-1;-1;6;6;5;6;2;1;1528.3962607
156;2024Q2;ES705A1;ES705;6;2;49;1;1;1;5;10;-1;-1;-1;6;-1;-1;-1;47;1;5;-1;-1;-1;2;0;1;0;0;2;0;3;1;0;0;1;0;0;0;0;2;2;2;5;4;4;3;4;6;4;5;2;4;4;4;4;4;2;4;4;4;4;4;2;4;2;4;3;4;3;3;2;2;4;4;3;3;3;3;3;2;3;2;2;2;3;2;2;2;3;2;3;2;-1;-1;1;1;5;6;4;1;395.34049535
157;2024Q2;ES705A1;ES705;6;2;40;1;1;1;8;1;1;2;4;1;-1;-1;-1;-1;-1;-1;-1;-1;-1;2;0;1;0;1;0;1;3;1;0;0;0;1;0;0;0;7;5;4;3;5;5;4;3;6;4;4;4;4;4;4;4;4;4;2;2;4;2;2;4;4;2;4;4;4;4;5;2;2;2;2;4;4;5;4;4;4;4;4;4;4;4;3;4;4;4;4;2;3;-1;-1;6;6;5;6;1;3;807.559755
158;2024Q2;ES705A1;ES705;1;1;59;1;1;1;8;1;6;2;7;1;-1;-1;-1;-1;-1;-1;-1;-1;-1;4;0;0;1;1;2;0;4;1;0;1;0;0;2;0;0;2;6;3;4;4;4;3;4;1;5;4;4;4;4;3;4;4;2;4;3;4;2;2;4;4;4;4;4;4;4;4;2;3;2;2;3;4;3;3;4;3;4;4;4;3;3;3;3;3;3;4;1;3;-1;-1;6;6;5;6;3;1;3106.325063
159;2024Q2;ES705A1;ES705;1;1;27;1;1;5;6;1;6;2;5;1;-1;-1;-1;-1;-1;-1;-1;-1;-1;4;0;0;0;2;2;0;4;2;0;0;0;1;1;0;0;2;5;3;5;5;5;4;2;1;1;1;1;1;2;5;5;1;5;1;5;2;2;2;1;1;1;1;1;2;1;1;4;5;5;5;1;1;1;1;1;1;1;1;2;1;1;1;1;1;1;1;3;1;3;1;1;1;5;6;3;1;1632.5763332
160;2024Q2;ES705A1;ES705;6;2;31;1;1;1;8;1;6;1;3;1;-1;-1;-1;-1;-1;-1;-1;-1;-1;1;0;2;0;1;0;0;3;1;0;0;0;0;0;0;0;6;3;2;3;4;4;3;1;6;3;4;3;4;3;4;5;4;3;2;4;3;2;3;3;3;4;4;3;3;4;3;3;4;3;4;3;3;3;4;4;-3;4;3;4;4;3;3;3;3;-3;3;2;2;-1;-1;6;6;5;6;-3;1;540.3797524
161;2024Q2;ES705A1;ES705;6;2;53;1;1;1;10;1;6;2;2;1;-1;-1;-1;-1;-1;-1;-1;-1;-1;1;0;0;0;0;1;0;1;1;0;0;0;0;0;0;0;1;4;6;1;4;4;2;1;6;4;2;-9;4;-9;4;1;5;4;3;4;-9;-9;-9;-9;2;4;2;2;4;4;4;-9;5;5;5;-9;2;5;4;3;3;4;3;4;-3;4;3;3;2;-3;-3;2;2;-1;-1;6;6;1;6;5;1;587.65487195
162;2024Q2;ES705A1;ES705;1;3;48;1;1;1;5;10;-1;-1;-1;6;-1;-1;-1;44;1;7;-1;-1;-1;2;1;0;0;1;1;0;3;1;0;1;0;0;0;0;0;2;4;3;5;5;3;3;4;6;5;5;4;4;4;2;4;5;1;4;1;4;1;1;4;4;5;5;4;4;5;5;1;1;4;1;1;4;5;5;4;4;4;5;4;5;5;3;4;4;4;4;2;3;-1;-1;6;6;5;6;1;1;824.87910142
163;2024Q2;ES705A1;ES705;6;2;49;1;1;1;5;1;6;2;5;1;-1;-1;-1;-1;-1;-1;-1;-1;-1;2;0;0;0;0;2;0;2;2;0;0;0;0;0;0;0;4;4;4;5;4;4;4;3;6;4;4;4;4;4;2;4;4;4;4;2;4;2;2;2;4;2;4;4;4;4;4;2;2;2;2;4;4;4;4;4;4;4;4;5;4;5;5;4;3;5;5;2;3;-1;-1;6;6;5;6;1;3;1175.3097439
164;2024Q2;ES705A2;ES705;1;1;45;1;1;1;5;1;6;1;9;1;-1;-1;-1;-1;-1;-1;-1;-1;-1;3;0;0;0;0;2;1;3;2;0;0;0;1;0;0;0;6;6;4;6;4;3;3;1;6;4;4;3;4;4;4;4;3;4;3;2;4;4;2;4;3;4;4;3;3;4;4;4;2;4;4;3;3;4;4;4;4;4;4;3;-3;4;3;3;2;3;3;2;2;-1;-1;6;6;1;6;1;1;983.11159563
165;2024Q2;ES705A2;ES705;1;1;35;1;1;1;10;1;1;2;5;1;-1;-1;-1;-1;-1;-1;-1;-1;-1;1;0;1;0;1;0;0;2;1;0;0;0;0;0;0;0;6;3;3;4;4;4;4;2;6;4;4;4;4;4;4;4;4;4;4;2;4;2;3;4;4;4;3;4;3;4;4;4;4;3;2;4;4;4;3;4;4;4;4;3;3;3;4;4;3;4;4;1;2;-1;-1;6;6;1;6;3;1;318.77272832
166;2024Q2;ES705A2;ES705;1;1;28;1;1;1;10;10;-1;-1;-1;6;-1;-1;-1;26;1;2;-1;-1;-1;2;0;0;0;2;0;0;2;1;0;1;0;0;0;0;0;4;6;5;2;4;4;3;3;6;4;4;4;4;5;3;2;4;2;4;2;4;2;3;4;1;5;4;4;3;4;4;2;2;2;3;3;5;4;4;4;5;4;4;4;4;4;5;4;4;4;4;1;2;-1;-1;1;6;1;6;4;3;201.98571117
167;2024Q2;ES705A2;ES705;6;2;39;1;1;1;8;1;6;2;9;1;-1;-1;-1;-1;-1;-1;-1;-1;-1;1;0;2;0;1;0;0;3;1;0;0;0;0;0;0;0;6;3;2;6;4;4;3;2;6;4;5;3;4;4;5;3;4;3;4;4;3;2;2;4;4;5;3;5;5;5;5;2;4;2;2;2;3;3;4;3;4;4;4;3;4;4;3;4;3;4;4;2;3;-1;-1;6;6;1;6;4;3;470.91581365
168;2024Q2;ES705A2;ES705;6;2;32;1;1;1;8;1;6;2;9;6;-1;-1;-1;36;1;3;-1;-1;-1;2;0;1;0;2;0;0;3;2;0;0;0;0;0;0;0;2;4;3;2;4;4;4;2;6;1;2;5;5;2;2;5;2;4;2;4;2;4;5;2;4;2;2;1;2;4;4;4;5;5;5;2;2;3;4;4;4;4;3;3;3;4;4;3;3;4;3;2;3;-1;-1;6;6;1;6;3;3;563.64069944
169;2024Q2;ES705A2;ES705;6;2;63;1;1;1;5;2;6;2;9;1;-1;-1;-1;-1;-1;-1;-1;-1;-1;3;0;0;0;1;1;1;3;2;0;0;0;1;0;0;0;2;6;5;6;4;4;2;2;6;2;4;2;4;4;4;5;4;2;2;1;-9;-9;-9;2;4;2;4;4;4;4;4;2;4;4;4;2;4;4;4;4;4;4;3;3;-3;2;2;2;1;3;4;1;1;5;4;1;1;1;6;3;1;229.06562064
170;2024Q2;ES705A2;ES705;1;1;45;1;1;5;7;1;1;1;3;1;-1;-1;-1;-1;-1;-1;-1;-1;-1;2;0;1;0;1;1;0;3;1;0;1;0;0;0;0;0;2;4;3;3;5;5;2;2;6;3;2;4;4;3;3;5;4;2;3;4;2;2;2;4;4;4;4;4;4;4;4;2;5;5;4;3;2;4;4;4;3;5;4;4;4;5;4;-7;4;4;3;1;1;3;1;1;6;5;6;2;3;655.40773042
171;2024Q2;ES705A2;ES705;6;2;55;1;1;1;5;10;-1;-1;-1;1;-1;1;9;-1;-1;-1;-1;-1;-1;1;0;0;0;0;1;0;1;0;0;1;0;0;0;0;0;1;1;2;6;2;3;2;2;6;2;4;2;4;4;4;2;3;3;4;2;4;2;4;3;4;4;4;3;4;4;4;2;4;2;2;2;4;3;4;4;3;3;4;3;4;4;3;3;3;4;3;2;1;4;1;6;6;1;6;2;3;36.890362422
172;2024Q2;ES705A2;ES705;6;2;33;1;1;1;10;10;-1;-1;-1;1;-1;1;4;-1;-1;-1;-1;-1;-1;2;0;1;0;2;0;0;3;0;1;1;0;0;0;0;0;2;3;2;3;3;3;2;1;6;4;4;1;4;4;1;2;2;3;1;2;2;2;2;4;1;2;2;2;2;4;4;1;3;1;1;3;3;3;3;3;1;2;3;3;4;4;-3;-3;-3;-3;3;2;-9;-1;-1;6;1;1;6;4;1;73.780724843
173;2024Q2;ES705A2;ES705;1;1;40;1;1;1;5;15;-1;-1;-1;1;1;1;9;-1;-1;-1;-1;-1;-1;1;0;1;0;1;0;0;2;0;0;0;0;1;0;0;0;6;2;2;6;4;4;3;1;6;4;4;4;4;4;2;4;4;4;4;2;4;2;2;2;4;2;4;4;4;4;4;4;4;4;4;2;2;4;3;4;3;4;4;4;4;4;3;4;3;3;4;3;3;-1;-1;6;6;1;6;4;1;626.60886001
174;2024Q2;ES705A2;ES705;6;2;50;1;1;1;8;2;6;2;5;1;-1;-1;-1;-1;-1;-1;-1;-1;-1;2;0;0;1;0;1;0;2;1;0;0;1;0;0;0;0;6;4;4;5;5;5;3;1;6;5;3;5;5;5;5;5;5;4;3;4;4;4;3;4;5;5;3;4;5;4;5;4;3;4;4;3;2;4;5;3;4;5;4;-3;-3;3;3;-3;3;4;-3;2;2;-1;-1;-9;6;5;6;-3;-9;234.71677484
175;2024Q2;ES705A2;ES705;1;1;59;1;1;1;3;16;-1;-1;-1;1;1;1;7;-1;-1;-1;-1;-1;-1;1;0;0;0;0;1;0;1;0;0;0;0;1;0;0;0;1;2;3;4;2;2;2;2;6;4;4;2;4;4;2;4;4;2;3;2;2;4;2;4;2;4;2;4;4;4;4;2;2;4;2;2;2;3;3;3;3;3;3;3;3;3;3;3;3;-7;3;3;2;-1;-1;6;6;1;6;2;3;538.2204886
176;2024Q2;ES705A2;ES705;1;1;53;1;1;1;6;15;-1;-1;-1;6;-1;-1;-1;55;1;5;-1;-1;-1;2;0;0;0;0;2;0;2;1;0;0;0;1;0;0;0;4;4;4;5;3;3;3;3;6;5;5;5;5;5;3;5;5;4;5;5;5;2;2;5;5;5;5;5;5;5;5;3;3;4;2;4;4;5;5;5;5;5;5;5;5;5;5;5;5;5;5;2;3;-1;-1;6;6;1;6;4;3;1271.0799938
177;2024Q2;ES705A2;ES705;6;2;47;1;1;1;8;2;6;2;5;6;-1;-1;-1;50;1;4;-1;-1;-1;3;0;1;1;0;2;0;4;2;0;0;0;0;1;0;0;2;6;4;3;5;4;1;1;6;5;4;4;5;5;5;5;5;2;2;2;2;2;2;2;4;2;2;2;2;4;4;2;4;4;4;2;2;4;4;4;2;4;2;2;-3;2;-3;-3;-3;-3;-3;1;3;-1;-1;6;6;5;6;3;-9;352.07516227
178;2024Q2;ES705A2;ES705;6;2;38;1;1;1;7;10;-1;-1;-1;6;-1;-1;-1;78;5;-1;-1;1;9;3;0;0;0;2;0;1;3;1;0;0;1;1;0;0;0;5;4;3;6;-9;-9;-9;-9;6;-9;-9;-9;-9;-9;-9;5;-9;5;-9;5;-9;-9;4;-9;-9;4;4;4;4;-9;4;3;-9;-9;3;-9;3;3;3;4;4;4;2;4;-7;-7;-7;1;1;1;1;1;-9;-1;-1;6;6;1;6;-3;1;110.67108726
179;2024Q2;ES705A2;ES705;6;2;54;1;1;1;6;14;-1;-1;-1;6;-1;-1;-1;55;1;5;-1;-1;-1;3;0;0;0;1;2;0;3;1;0;0;1;0;0;1;0;-9;3;2;5;-9;-9;-9;4;1;5;5;2;5;4;-9;-9;5;-9;5;-9;-9;-9;-9;5;5;5;5;4;-9;4;5;-9;-9;-9;2;-9;-9;4;4;-3;-3;5;5;-7;-3;-3;-3;-3;-3;-3;-3;2;1;1;-9;-9;6;4;6;-3;-9;1454.9477027
180;2024Q2;ES705A2;ES705;6;2;59;1;1;1;7;15;-1;-1;-1;1;1;1;5;-1;-1;-1;-1;-1;-1;1;0;0;0;0;1;0;1;0;0;0;0;1;0;0;0;1;3;5;5;3;5;3;3;6;3;5;3;4;4;1;1;5;3;3;3;2;2;4;4;3;5;4;3;4;5;4;3;1;3;3;3;2;4;3;4;3;4;4;3;3;3;3;3;3;4;3;1;3;-1;-1;6;6;5;6;1;1;443.97938701
181;2024Q2;ES705A2;ES705;1;1;62;1;1;1;4;10;-1;-1;-1;1;-1;1;7;-1;-1;-1;-1;-1;-1;1;0;0;0;0;1;0;1;0;0;1;0;0;0;0;0;1;2;3;4;3;3;3;2;6;3;4;1;4;4;4;5;4;4;4;5;4;5;4;3;4;4;2;4;4;4;4;4;4;4;5;3;2;4;4;3;3;4;3;2;3;3;3;4;4;3;3;2;2;-1;-1;6;6;1;6;3;1;126.40074892
182;2024Q2;ES705A2;ES705;6;2;29;1;1;1;8;10;-1;-1;-1;6;-1;-1;-1;63;1;5;-1;-1;-1;4;0;1;1;2;2;0;6;2;0;2;0;0;1;0;0;3;7;3;5;4;4;3;2;6;4;4;2;4;3;4;5;2;4;4;4;4;5;2;2;4;3;4;3;4;4;4;4;5;5;5;4;4;4;4;4;3;4;2;2;3;3;3;3;1;2;2;2;1;1;3;1;1;1;6;3;1;147.56144969
183;2024Q2;ES705A2;ES705;1;1;42;1;1;1;6;5;-1;-1;5;1;-1;-1;-1;-1;-1;-1;-1;-1;-1;1;0;0;0;1;0;0;1;0;1;0;0;0;0;0;0;1;3;5;3;5;4;4;3;6;4;5;4;4;5;2;4;2;5;2;4;2;1;2;2;2;1;4;4;4;4;4;1;2;2;2;4;4;1;1;2;4;4;2;2;2;2;2;2;3;2;2;1;3;-1;-1;6;1;1;6;1;3;318.77272832
184;2024Q2;ES705A2;ES705;6;2;24;1;1;1;9;1;6;2;2;6;-1;-1;-1;53;1;9;-1;-1;-1;4;0;0;1;1;2;0;4;3;0;0;0;0;0;1;0;2;5;3;6;3;3;2;1;6;3;3;4;4;4;5;5;2;5;2;5;2;1;1;3;1;2;3;5;3;4;4;4;5;4;4;2;2;5;4;3;1;1;1;2;3;4;3;3;1;1;1;1;1;3;2;6;6;1;6;3;1;1127.2813989
185;2024Q2;ES705A2;ES705;1;1;22;1;1;1;7;1;6;1;5;6;-1;-1;-1;63;1;5;-1;-1;-1;4;0;0;1;1;2;0;4;4;0;0;0;0;0;0;0;2;7;4;5;4;4;3;3;6;4;4;4;4;4;4;5;4;4;4;4;4;4;4;4;4;4;4;4;4;4;4;3;3;3;3;4;4;3;4;4;3;4;4;4;4;4;4;3;4;4;4;2;3;-1;-1;6;6;1;6;5;3;819.9058543
186;2024Q2;ES705A2;ES705;1;1;64;1;1;1;5;10;-1;-1;-1;1;-1;1;9;-1;-1;-1;-1;-1;-1;2;0;0;0;1;1;0;2;0;0;2;0;0;0;0;0;6;3;3;6;3;3;3;2;6;4;4;4;2;4;4;4;4;2;2;4;4;2;4;4;4;4;4;4;4;4;4;2;2;4;4;4;4;4;4;4;4;4;2;4;-7;4;4;-7;2;4;4;3;2;-1;-1;6;6;1;6;-3;1;252.80149785
187;2024Q2;ES705A2;ES705;1;1;49;1;1;5;4;1;6;2;7;1;-1;-1;-1;-1;-1;-1;-1;-1;-1;2;0;1;1;0;2;0;4;1;0;1;0;0;1;0;0;2;4;2;5;4;4;4;2;6;4;4;3;4;4;3;4;3;4;3;3;3;3;3;3;4;3;3;4;4;3;4;3;3;3;3;3;3;3;3;3;4;4;4;4;3;3;3;3;3;3;4;2;2;-1;-1;6;6;5;6;-3;3;655.40773042
188;2024Q2;ES705A2;ES705;6;2;61;1;1;1;5;14;-1;-1;-1;6;-1;-1;-1;64;8;-1;1;1;3;3;0;0;0;0;2;1;3;0;0;0;0;2;0;1;0;5;3;2;3;5;5;3;2;6;1;1;1;2;2;1;1;1;1;2;1;1;1;1;2;1;2;2;4;2;1;3;3;3;1;2;5;2;5;3;5;5;3;5;5;5;5;1;1;1;3;3;2;2;-1;-1;6;6;1;6;5;1;1331.938161
189;2024Q2;ES705A2;ES705;6;2;62;1;1;5;5;10;-1;-1;-1;6;-1;-1;-1;67;5;-1;-1;1;7;2;0;0;0;0;1;1;2;0;0;1;0;1;0;0;0;4;3;3;4;2;2;2;2;6;4;4;4;4;4;4;3;4;2;4;2;4;2;2;2;4;4;4;4;4;4;4;2;2;2;2;4;4;3;3;3;3;3;3;3;3;3;3;3;2;3;3;2;3;-1;-1;6;6;5;6;3;2;73.780724843
190;2024Q2;ES705A2;ES705;6;2;45;1;1;1;7;10;-1;-1;-1;6;-1;-1;-1;45;1;2;-1;-1;-1;2;0;0;0;0;2;0;2;1;0;0;1;0;0;0;0;4;1;1;2;4;4;4;5;6;3;3;4;4;4;2;4;4;4;4;4;4;3;3;4;4;4;4;4;4;4;4;4;5;4;5;2;2;3;3;5;3;3;3;3;4;4;2;2;3;5;3;2;1;3;2;1;6;5;6;1;3;73.780724843
191;2024Q2;ES705A2;ES705;6;2;60;1;1;1;5;14;-1;-1;-1;6;-1;-1;-1;60;1;2;-1;-1;-1;4;0;0;0;2;2;0;4;3;0;0;0;0;0;1;0;2;6;3;2;2;2;2;2;6;2;4;4;4;4;4;4;4;4;4;4;5;3;2;2;4;4;4;4;4;4;4;4;4;4;2;4;2;4;4;4;4;4;4;4;4;4;4;4;3;3;3;1;2;-1;-1;6;6;1;6;1;1;1775.917548
192;2024Q2;ES708A0;ES708;6;2;35;3;3;4;5;10;-1;-1;-1;1;-1;1;9;-1;-1;-1;-1;-1;-1;2;0;1;0;2;0;0;3;0;1;1;0;0;0;0;0;2;5;4;6;5;5;4;4;1;3;2;3;3;4;4;4;2;4;2;4;3;4;4;2;3;2;2;3;2;2;4;5;5;5;5;2;1;4;3;3;1;3;1;3;3;3;3;3;3;3;3;3;2;-1;-1;6;6;3;6;3;1;959.50640187
193;2024Q2;ES708A0;ES708;1;1;54;1;1;1;3;10;-1;-1;-1;6;-1;-1;-1;50;1;8;-1;-1;-1;4;0;0;2;1;2;0;5;3;0;0;1;0;1;0;0;2;7;4;5;5;5;4;5;1;4;4;4;4;4;2;4;4;4;4;4;4;2;2;4;4;4;4;4;4;4;4;2;2;2;2;4;4;4;5;3;4;3;3;3;3;3;3;3;3;3;2;2;3;-1;-1;6;6;5;6;3;1;376.41677147
194;2024Q2;ES708A0;ES708;1;1;58;1;1;1;7;2;6;2;5;6;-1;-1;-1;48;1;4;-1;-1;-1;2;0;1;1;0;2;0;4;2;0;0;0;0;1;0;0;2;5;3;3;5;5;4;5;1;5;5;5;5;5;2;4;4;2;5;5;4;2;2;4;4;4;4;4;4;4;4;2;4;4;2;2;4;3;4;2;2;4;4;4;4;2;4;4;2;4;4;2;2;-1;-1;6;6;1;6;4;1;212.15043415
195;2024Q2;ES708A0;ES708;1;1;65;2;1;5;9;7;-1;-1;5;1;-1;-1;-1;-1;-1;-1;-1;-1;-1;1;0;0;0;0;0;1;1;0;1;0;0;0;0;0;0;1;2;3;5;5;5;4;5;1;4;2;2;4;4;4;5;2;5;2;4;2;4;2;4;2;2;2;2;2;4;4;4;4;4;4;2;2;3;3;2;2;3;4;4;3;3;1;1;2;3;2;1;2;-1;-1;1;6;5;6;4;1;23.792553221
196;2024Q2;ES708A0;ES708;6;2;44;1;1;1;5;10;-1;-1;-1;6;-1;-1;-1;55;8;-1;1;1;9;3;0;0;2;1;1;0;4;1;0;0;1;1;1;0;0;2;6;3;6;4;3;2;3;6;3;4;3;4;3;4;4;5;5;4;1;2;4;3;2;3;4;4;5;3;4;4;4;5;5;5;3;4;2;2;2;2;2;2;1;1;2;1;1;1;2;2;3;3;-1;-1;6;6;5;6;5;1;111.48682923
197;2024Q2;ES708A0;ES708;1;1;38;3;2;3;8;1;6;2;5;6;-1;-1;-1;42;1;5;-1;-1;-1;2;0;0;0;2;0;0;2;2;0;0;0;0;0;0;0;4;6;5;5;3;3;2;2;1;4;4;4;4;4;2;4;4;4;4;4;4;4;2;4;4;4;4;4;4;4;4;4;2;4;2;2;4;4;4;4;4;4;2;2;2;2;2;2;4;4;4;2;2;-1;-1;6;6;3;6;4;3;785.52541661
198;2024Q2;ES708A0;ES708;1;1;35;1;1;1;5;1;6;2;8;6;-1;-1;-1;35;1;3;-1;-1;-1;4;1;1;0;2;2;0;6;3;1;0;0;0;0;0;0;3;7;3;3;4;4;3;3;1;4;4;4;3;2;2;4;4;4;2;4;2;4;4;2;4;2;2;2;4;4;4;4;4;4;4;4;2;3;4;3;4;3;1;2;3;3;3;3;3;2;3;2;1;5;2;6;6;1;6;4;1;887.4392617
199;2024Q2;ES708A0;ES708;6;2;60;1;1;1;3;2;6;1;9;6;-1;-1;-1;68;5;-1;-1;1;9;4;0;1;1;1;1;1;5;3;0;0;0;1;0;0;0;3;6;3;6;3;4;3;3;1;4;4;4;4;4;4;4;4;2;2;4;4;4;2;4;4;2;4;4;4;4;4;2;4;4;4;2;2;3;3;3;3;3;3;3;3;3;3;3;2;3;3;3;3;-1;-1;1;6;5;6;4;1;95.170212883
200;2024Q2;ES708A0;ES708;6;2;44;1;1;1;5;1;6;2;5;1;-1;-1;-1;-1;-1;-1;-1;-1;-1;1;0;0;0;1;0;0;1;1;0;0;0;0;0;0;0;1;3;5;5;4;5;4;2;6;4;4;4;4;4;4;5;2;3;4;4;4;2;2;4;4;4;2;4;4;4;4;4;5;4;4;3;4;4;3;4;3;4;4;4;3;4;4;4;2;3;2;2;1;3;2;6;6;1;1;3;3;542.8696556
201;2024Q2;ES708A0;ES708;1;1;64;3;2;3;8;12;-1;-1;-1;1;-1;1;4;-1;-1;-1;-1;-1;-1;2;0;0;0;0;2;0;2;0;0;0;0;1;0;1;0;4;3;3;3;5;5;3;1;6;3;4;2;3;4;4;5;4;3;2;4;3;3;5;2;3;2;3;4;4;3;4;5;5;5;5;2;2;4;4;4;5;5;5;3;-3;4;-3;-3;4;4;5;2;1;3;2;1;1;3;6;4;3;1873.0026764
202;2024Q2;ES705A3;ES705;6;2;44;1;1;1;9;2;6;2;2;1;-1;-1;-1;-1;-1;-1;-1;-1;-1;2;0;1;0;1;1;0;3;2;0;0;0;0;0;0;0;2;7;5;1;4;4;2;4;1;4;4;2;4;4;3;2;4;2;4;3;4;2;2;4;4;3;4;4;4;4;4;3;2;3;3;2;4;3;3;3;3;4;4;3;4;3;3;3;3;4;2;2;3;-1;-1;6;6;5;6;3;3;545.92733446
203;2024Q2;ES705A3;ES705;6;2;27;1;1;1;9;1;6;2;3;1;-1;-1;-1;-1;-1;-1;-1;-1;-1;3;0;0;0;2;1;0;3;2;0;1;0;0;0;0;0;6;6;4;3;4;4;3;3;1;4;5;4;4;5;3;4;4;3;3;2;2;3;2;4;4;3;4;3;4;4;5;5;2;3;4;2;3;3;3;3;2;4;2;2;3;3;1;1;3;3;3;1;1;2;2;1;1;1;6;3;2;249.91551683
204;2024Q2;ES705A3;ES705;6;2;49;1;1;1;7;1;6;1;9;1;-1;-1;-1;-1;-1;-1;-1;-1;-1;3;0;0;1;0;1;2;4;2;0;0;0;2;0;0;0;3;6;4;6;5;4;1;1;6;4;4;4;4;5;5;4;4;4;5;4;4;4;4;4;4;2;4;4;5;4;4;4;4;2;3;5;4;5;3;4;5;5;5;3;-3;4;4;4;-3;-3;-3;2;2;-1;-1;1;6;1;6;2;1;420.65128867
205;2024Q2;ES705A3;ES705;1;1;49;1;1;1;5;2;6;2;7;1;-1;-1;-1;-1;-1;-1;-1;-1;-1;2;0;0;0;0;2;0;2;1;0;0;0;1;0;0;0;8;4;4;5;4;5;2;2;6;5;4;4;4;3;2;4;4;2;4;2;2;2;2;4;4;3;2;4;2;4;4;4;4;2;4;2;2;3;3;3;2;3;2;3;2;3;2;2;2;3;3;2;1;3;1;1;6;1;6;4;1;607.90278011
206;2024Q2;ES705A3;ES705;1;1;47;1;1;1;8;10;-1;-1;-1;1;-1;1;8;-1;-1;-1;-1;-1;-1;1;0;0;0;0;1;0;1;0;0;1;0;0;0;0;0;1;2;4;5;5;5;4;2;6;1;2;2;1;1;5;5;1;5;1;5;5;5;5;3;1;2;1;1;1;4;4;5;5;5;4;1;1;1;1;2;4;4;2;3;3;3;2;2;1;1;1;1;1;5;2;1;6;5;6;4;1;56.280284306
207;2024Q2;ES705A3;ES705;1;1;50;1;1;1;5;15;-1;-1;-1;1;1;1;5;-1;-1;-1;-1;-1;-1;1;0;0;0;0;1;0;1;0;0;0;0;1;0;0;0;1;3;5;5;5;4;3;1;6;2;5;2;4;4;5;5;4;2;4;5;4;3;1;4;5;4;5;5;5;5;5;2;2;2;2;2;3;3;4;2;3;4;4;3;4;4;1;1;1;3;3;1;1;4;2;1;6;4;6;2;1;764.93866277
208;2024Q2;ES705A3;ES705;6;2;50;1;1;1;9;1;6;2;2;1;-1;-1;-1;-1;-1;-1;-1;-1;-1;1;0;0;0;0;1;0;1;1;0;0;0;0;0;0;0;1;2;4;1;5;4;3;1;6;5;4;-9;4;4;4;4;4;4;2;2;2;2;2;4;2;2;-9;-9;-9;-9;-9;-9;-9;-9;-9;-9;-9;-3;-3;-3;-3;-3;-3;-3;-3;-3;-3;-3;-3;-3;-3;3;2;-1;-1;6;-9;1;6;-3;1;140.21709622
209;2024Q2;ES705A3;ES705;6;2;33;1;1;1;8;7;-1;-1;5;1;-1;-1;-1;-1;-1;-1;-1;-1;-1;2;0;0;0;1;0;1;2;0;1;0;0;1;0;0;0;6;6;5;4;4;3;3;2;6;4;3;3;4;4;3;3;4;4;4;5;5;4;2;4;4;4;3;4;4;3;4;4;3;3;3;2;3;4;4;4;3;4;3;4;4;4;4;4;4;3;2;2;1;3;3;6;6;1;6;3;1;166.61034455
210;2024Q2;ES705A3;ES705;6;2;51;1;1;1;5;10;-1;-1;-1;1;-1;1;9;-1;-1;-1;-1;-1;-1;1;0;0;0;0;1;0;1;0;0;1;0;0;0;0;0;1;1;2;6;1;1;1;1;6;4;4;4;4;4;3;4;4;3;3;3;4;4;4;3;3;3;3;4;3;3;4;4;3;4;4;4;4;3;3;4;4;4;4;4;4;4;4;4;4;4;4;3;1;5;4;6;6;1;6;3;3;56.280284306
211;2024Q2;ES705A3;ES705;6;2;46;1;1;1;5;1;1;2;9;1;-1;-1;-1;-1;-1;-1;-1;-1;-1;2;0;0;1;0;1;0;2;2;0;0;0;0;0;0;0;6;4;4;6;3;4;1;3;1;3;1;1;4;4;4;4;1;4;1;4;4;4;2;3;3;3;4;4;4;4;1;1;1;4;4;4;4;3;4;3;4;4;3;1;3;2;4;-3;3;4;-3;2;3;-1;-1;1;6;1;6;1;1;280.43419245
212;2024Q2;ES705A3;ES705;1;1;46;3;3;4;6;7;-1;-1;5;1;-1;-1;-1;-1;-1;-1;-1;-1;-1;1;0;0;0;0;1;0;1;0;1;0;0;0;0;0;0;1;3;5;3;3;4;3;3;6;4;4;4;4;4;4;4;4;4;5;5;5;5;5;5;5;5;5;5;5;5;5;5;5;5;5;5;5;3;3;3;3;3;3;3;3;3;3;3;3;3;3;1;1;5;2;1;1;4;1;3;3;6433.5531891
213;2024Q2;ES705A3;ES705;6;2;50;1;1;5;9;1;6;2;2;1;-1;-1;-1;-1;-1;-1;-1;-1;-1;1;0;0;0;0;1;0;1;1;0;0;0;0;0;0;0;1;2;4;1;4;3;2;2;6;4;4;4;4;4;3;3;2;2;4;4;4;2;4;4;2;4;3;4;4;3;3;4;4;2;2;4;4;4;4;4;3;3;4;2;2;-3;4;2;4;4;4;2;3;-1;-1;6;6;5;6;-3;-9;140.21709622
214;2024Q2;ES705A3;ES705;6;2;58;1;1;1;4;10;-1;-1;-1;6;-1;-1;-1;65;5;-1;-1;1;9;2;0;0;0;0;1;1;2;0;0;1;0;1;0;0;0;4;3;3;6;2;3;2;3;6;2;2;2;2;4;4;4;2;2;4;2;4;2;4;4;4;4;4;4;4;4;4;4;4;4;4;4;4;3;3;3;3;3;3;2;3;3;4;4;2;3;2;2;1;5;2;1;6;1;6;-3;3;112.56056861
215;2024Q2;ES705A3;ES705;1;1;57;1;1;1;4;10;-1;-1;-1;1;-1;1;7;-1;-1;-1;-1;-1;-1;1;0;0;0;0;1;0;1;0;0;0;1;0;0;0;0;1;1;1;5;4;3;1;1;6;4;4;4;4;2;2;4;2;4;4;4;2;2;4;2;4;4;3;4;3;3;3;4;4;4;4;4;4;4;4;4;4;4;3;3;3;4;4;3;4;2;4;2;2;-1;-1;6;6;1;6;2;1;56.280284306
216;2024Q2;ES705A3;ES705;6;2;54;1;1;1;8;2;6;2;3;1;-1;-1;-1;-1;-1;-1;-1;-1;-1;1;0;0;1;0;1;0;2;1;0;0;0;0;1;0;0;6;2;2;3;5;4;4;1;6;3;4;4;5;5;4;4;2;5;4;4;4;3;2;5;4;5;4;4;4;5;5;3;3;2;3;3;4;3;4;5;5;5;4;4;3;3;3;3;3;4;3;2;2;-1;-1;1;6;5;6;3;1;140.21709622
217;2024Q2;ES705A3;ES705;6;2;24;1;1;1;10;1;6;2;2;6;-1;-1;-1;56;1;2;-1;-1;-1;3;0;0;1;0;2;0;3;3;0;0;0;0;0;0;0;2;7;5;1;5;5;2;1;6;4;2;3;5;4;5;5;4;5;2;5;4;4;5;3;4;4;4;4;4;4;4;5;5;5;5;4;4;5;5;5;3;5;3;4;-3;5;-3;-3;2;3;2;1;1;3;4;1;1;1;6;3;1;249.91551683
218;2024Q2;ES705A3;ES705;1;1;39;1;1;1;7;1;6;2;5;1;-1;-1;-1;-1;-1;-1;-1;-1;-1;1;0;0;0;1;0;0;1;1;0;0;0;0;0;0;0;1;3;5;5;5;5;2;1;6;1;1;1;1;1;5;5;3;5;1;5;1;5;5;1;1;1;1;1;1;3;1;5;5;5;5;1;1;4;3;2;2;2;1;1;1;1;1;1;1;1;1;1;1;5;2;6;6;4;6;4;1;373.36609121
219;2024Q2;ES705A3;ES705;6;2;49;3;2;5;5;1;1;1;-9;6;-1;-1;-1;53;3;-1;-1;-9;-1;2;0;1;0;0;2;0;3;1;0;1;0;0;0;0;0;2;3;2;-1;4;3;3;3;6;-9;-9;-9;-9;-9;-9;-9;-9;-9;-9;5;5;5;-9;3;-9;-9;-9;-9;5;4;-9;-9;-9;-9;-9;-9;-9;-7;-7;-7;-3;-3;-7;-7;-7;-3;-7;-3;-7;-7;-3;2;2;-1;-1;-9;6;2;6;1;-9;2064.3573393
220;2024Q2;ES705A3;ES705;6;2;57;1;1;1;7;1;6;2;5;6;-1;-1;-1;51;1;0;-1;-1;-1;2;0;0;1;0;2;0;3;2;0;0;0;0;1;0;0;2;7;6;-1;5;5;2;-9;1;5;5;5;5;5;3;4;5;3;3;4;-9;-9;2;-9;4;-9;-9;4;4;4;4;5;3;3;3;-9;4;4;4;4;4;5;5;3;-3;-3;-3;-3;4;4;-3;1;3;-1;-1;6;6;5;6;-3;-9;920.56905896
221;2024Q2;ES705A3;ES705;6;2;28;3;1;5;6;1;6;2;5;6;-1;-1;-1;56;1;2;-1;-1;-1;3;0;0;0;2;1;0;3;3;0;0;0;0;0;0;0;6;7;5;1;4;4;2;4;1;4;4;2;4;4;4;5;4;5;2;4;2;2;4;4;4;2;2;2;2;4;4;4;4;4;4;2;2;3;3;4;3;4;4;4;4;4;3;4;4;4;4;2;1;5;4;1;6;5;6;3;1;249.91551683
222;2024Q2;ES705A3;ES705;1;1;69;1;1;1;3;12;-1;-1;-1;1;-1;1;9;-1;-1;-1;-1;-1;-1;2;0;0;0;0;0;2;2;0;0;0;0;1;0;1;0;9;3;3;6;3;3;2;3;6;4;4;4;4;4;4;4;4;4;4;4;4;4;4;4;4;4;4;4;4;4;4;4;4;4;2;4;4;4;4;4;4;4;4;4;4;4;4;4;4;4;4;2;1;2;2;1;1;1;6;2;1;3150.9756809
223;2024Q2;ES705A3;ES705;1;1;27;1;1;1;5;1;6;2;5;1;-1;-1;-1;-1;-1;-1;-1;-1;-1;2;1;1;0;2;0;0;4;1;0;1;0;0;0;0;0;2;4;2;5;4;3;2;2;6;4;4;2;4;4;2;4;4;4;4;4;2;4;2;4;2;2;4;2;2;4;4;2;2;4;4;2;2;4;4;4;5;4;4;2;2;4;4;4;2;4;4;2;1;1;2;6;6;3;6;3;3;1386.1146756
224;2024Q2;ES705A3;ES705;1;1;56;1;1;1;5;10;-1;-1;-1;6;-1;-1;-1;44;1;5;-1;-1;-1;2;0;0;0;1;1;0;2;1;0;1;0;0;0;0;0;4;4;4;5;3;4;2;1;6;4;4;3;4;4;3;4;4;4;4;2;2;2;2;3;2;2;2;2;3;3;3;3;2;3;3;2;2;4;3;4;4;4;4;3;-3;4;3;3;3;3;3;2;2;-1;-1;6;6;5;6;3;3;112.56056861
225;2024Q2;ES705A3;ES705;6;2;53;1;1;1;5;10;-1;-1;-1;6;-1;-1;-1;55;1;7;-1;-1;-1;4;0;0;1;1;2;0;4;2;0;0;2;0;0;0;0;2;6;3;4;3;3;2;2;6;3;4;3;4;4;4;3;4;4;2;2;3;4;2;2;4;3;4;4;3;4;4;2;2;2;2;3;3;3;4;4;3;4;4;3;3;5;3;3;3;3;4;3;2;-1;-1;6;6;5;6;-3;3;225.12113722
226;2024Q2;ES705A3;ES705;1;1;49;3;1;5;5;10;-1;-1;-1;1;-1;1;7;-1;-1;-1;-1;-1;-1;2;0;2;0;0;2;0;4;1;0;1;0;0;0;0;0;2;3;2;4;3;3;3;3;6;5;4;4;4;4;3;4;4;4;3;3;4;3;2;3;4;4;4;4;4;4;4;2;2;3;3;4;4;4;3;4;4;4;4;3;3;4;3;3;3;4;3;2;2;-1;-1;6;6;5;6;3;1;112.56056861
227;2024Q2;ES705A3;ES705;6;2;33;1;1;1;8;10;-1;-1;-1;1;-1;1;9;-1;-1;-1;-1;-1;-1;1;1;2;0;1;0;0;4;0;0;1;0;0;0;0;0;6;2;1;6;5;5;5;5;1;3;5;3;5;5;3;3;4;2;5;2;4;2;2;5;5;4;3;4;2;5;4;2;2;3;3;4;4;3;3;4;3;3;4;3;1;3;1;3;2;2;3;2;2;-1;-1;6;6;5;6;-3;3;56.280284306
228;2024Q2;ES705A3;ES705;6;2;53;1;1;1;5;10;-1;-1;-1;6;-1;-1;-1;59;1;7;-1;-1;-1;2;0;0;1;0;2;0;3;1;0;1;0;0;1;0;0;2;2;2;5;4;4;2;2;6;4;4;4;4;4;4;2;2;4;2;4;3;2;2;4;2;2;4;2;4;4;4;2;4;2;2;4;2;4;3;4;2;4;3;3;3;2;3;3;2;3;3;2;2;-1;-1;6;6;5;6;1;1;112.56056861
229;2024Q2;ES705A3;ES705;6;2;21;1;1;1;6;1;6;2;5;6;-1;-1;-1;59;1;-9;-1;-1;-1;3;0;0;1;0;2;0;3;2;1;0;0;0;0;0;0;2;7;5;-1;4;5;2;2;6;2;3;3;4;2;4;5;2;5;1;4;-9;1;3;3;2;-9;2;3;3;3;4;4;5;5;5;2;1;4;-3;-3;-3;-3;3;-3;-3;2;-3;-3;-3;-3;-3;2;1;1;2;1;6;1;6;3;-9;249.91551683
230;2024Q2;ES705A3;ES705;1;1;52;1;1;1;5;1;6;2;7;6;-1;-1;-1;51;1;9;-1;-1;-1;2;0;0;1;0;2;0;3;2;0;0;0;0;1;0;0;2;5;4;6;4;4;3;4;1;3;3;2;4;4;2;2;4;2;3;4;4;2;2;4;3;2;2;4;2;4;4;2;2;3;4;2;3;3;3;3;3;2;4;3;-3;3;3;2;3;3;3;2;3;-1;-1;6;6;5;6;1;1;607.90278011
231;2024Q2;ES705A3;ES705;1;1;61;1;1;1;5;10;-1;-1;-1;1;-1;1;9;-1;-1;-1;-1;-1;-1;4;0;0;1;0;4;0;5;1;0;2;0;1;1;0;0;8;4;2;6;4;4;3;1;6;4;4;3;4;4;3;4;4;4;4;2;4;4;3;3;3;4;2;2;3;4;4;2;2;4;4;3;4;4;4;4;4;4;4;4;3;4;3;3;2;3;3;3;1;5;4;1;1;1;6;2;1;225.12113722
232;2024Q2;ES705A3;ES705;1;1;41;3;3;4;5;1;1;1;7;1;-1;-1;-1;-1;-1;-1;-1;-1;-1;1;0;0;0;1;0;0;1;1;0;0;0;0;0;0;0;1;3;5;4;5;4;4;3;6;2;2;4;4;4;2;4;2;4;2;4;4;2;4;2;4;4;4;4;4;4;4;4;4;4;4;4;2;5;5;5;2;5;2;3;2;4;1;1;3;4;2;2;3;-1;-1;6;6;3;6;1;3;6502.9678903
233;2024Q2;ES705A3;ES705;6;2;30;1;1;1;10;1;6;2;4;6;-1;-1;-1;63;1;5;-1;-1;-1;3;0;0;0;2;1;0;3;3;0;0;0;0;0;0;0;6;5;3;5;4;4;4;3;1;4;4;4;2;4;5;5;5;4;4;2;4;2;2;4;2;4;4;4;4;4;4;2;4;2;2;4;4;4;3;4;3;4;4;4;4;4;4;3;3;3;4;1;2;-1;-1;1;1;1;6;4;1;249.91551683
234;2024Q2;ES705A3;ES705;6;2;45;1;1;5;8;1;1;1;3;1;-1;-1;-1;-1;-1;-1;-1;-1;-1;1;0;0;0;0;1;0;1;1;0;0;0;0;0;0;0;1;3;5;3;5;5;4;4;1;5;2;4;5;3;4;5;5;2;3;4;2;4;1;4;4;3;5;5;4;4;4;4;5;2;4;3;3;5;3;5;4;5;3;3;3;2;3;3;3;4;4;3;3;-1;-1;6;6;5;6;4;3;140.21709622
235;2024Q2;ES705A3;ES705;1;1;44;3;1;5;5;1;6;2;8;1;-1;-1;-1;-1;-1;-1;-1;-1;-1;1;0;1;0;1;0;0;2;1;0;0;0;0;0;0;0;6;4;4;5;4;4;2;2;6;5;5;5;5;5;5;5;5;2;5;5;5;2;2;5;5;5;5;5;5;5;5;2;2;2;2;5;5;5;5;5;5;5;5;5;5;5;5;5;5;5;5;2;2;-1;-1;6;6;5;6;1;2;373.36609121
236;2024Q2;ES705A3;ES705;1;1;49;1;1;1;5;10;-1;-1;-1;1;-1;1;7;-1;-1;-1;-1;-1;-1;1;0;0;0;0;1;0;1;0;0;0;1;0;0;0;0;1;1;1;4;5;5;5;1;6;2;3;2;3;2;3;3;4;4;2;2;2;4;4;2;3;3;2;2;3;2;3;3;4;3;3;3;2;2;3;3;2;2;2;2;3;3;2;2;3;2;2;3;2;-1;-1;6;6;1;6;3;3;56.280284306
237;2024Q2;ES705A3;ES705;1;1;60;1;1;1;3;1;6;2;7;1;-1;-1;-1;-1;-1;-1;-1;-1;-1;2;0;0;0;0;2;0;2;2;0;0;0;0;0;0;0;4;5;5;4;5;5;5;4;1;5;4;4;5;5;4;4;4;3;5;2;3;2;3;4;4;4;2;4;4;4;4;4;3;4;4;2;4;3;3;3;3;3;3;4;-7;3;2;2;2;3;3;2;1;4;1;6;6;1;6;4;1;275.26536852
238;2024Q2;ES705A3;ES705;1;1;39;3;2;4;6;10;-1;-1;-1;1;-1;2;3;-1;-1;-1;-1;-1;-1;1;0;0;0;1;0;0;1;0;0;0;1;0;0;0;0;1;1;1;3;5;5;5;5;6;3;5;5;5;5;5;4;4;4;4;4;4;4;4;3;4;4;5;5;5;5;5;5;3;3;4;4;4;4;3;3;2;2;3;3;3;3;3;3;3;3;3;3;1;1;3;1;6;3;6;3;3;1178.9329517
239;2024Q2;ES705A3;ES705;6;2;27;1;1;1;5;10;-1;-1;-1;6;-1;-1;-1;59;8;-1;1;1;9;4;0;1;0;2;2;0;5;1;1;0;1;1;0;0;0;3;5;2;6;3;4;4;3;1;4;4;4;4;4;4;4;4;3;4;2;3;2;2;4;4;4;4;4;4;4;4;2;2;4;2;2;4;4;4;4;3;4;3;3;4;4;3;4;3;4;4;3;1;1;1;6;6;1;6;4;3;225.12113722
240;2024Q2;ES705A3;ES705;1;1;31;1;1;1;4;1;6;1;5;1;-1;-1;-1;-1;-1;-1;-1;-1;-1;1;1;1;0;1;0;0;3;1;0;0;0;0;0;0;0;6;4;3;5;5;3;5;3;1;5;5;2;5;5;5;5;5;3;5;3;3;3;3;5;5;5;5;5;5;5;5;4;1;4;3;5;5;4;4;4;5;5;5;5;4;4;4;4;4;4;4;2;3;-1;-1;6;6;5;6;-3;2;693.05733782
241;2024Q2;ES705A3;ES705;6;2;39;1;1;1;4;1;6;2;9;1;-1;-1;-1;-1;-1;-1;-1;-1;-1;1;0;0;0;1;0;0;1;1;0;0;0;0;0;0;0;1;3;5;6;4;4;4;2;1;3;4;2;4;4;4;5;4;5;4;5;2;2;4;4;2;4;4;4;4;4;4;5;4;4;5;4;4;3;3;3;3;4;4;2;3;3;1;1;1;3;2;1;1;5;4;1;6;5;6;5;1;272.96366723
242;2024Q2;ES705A3;ES705;6;2;48;2;1;5;5;1;6;2;9;1;-1;-1;-1;-1;-1;-1;-1;-1;-1;1;0;1;0;0;1;0;2;1;0;0;0;0;0;0;0;6;3;3;6;4;4;4;4;1;4;4;3;4;3;4;4;4;4;4;3;4;4;3;4;4;4;4;4;3;4;4;4;2;4;4;4;4;4;3;4;4;4;3;3;2;3;2;3;1;2;3;2;3;-1;-1;6;6;5;6;5;1;140.21709622
243;2024Q2;ES705A3;ES705;6;2;39;1;1;1;5;15;-1;-1;-1;1;1;1;9;-1;-1;-1;-1;-1;-1;1;0;2;0;1;0;0;3;0;0;0;0;1;0;0;0;6;3;2;6;5;5;4;2;6;2;2;2;2;2;3;4;3;4;4;4;4;2;4;3;2;2;4;2;4;4;4;3;3;4;4;2;2;3;1;1;3;4;2;2;3;3;3;3;1;3;3;3;1;1;2;6;6;5;6;4;1;711.86490967
244;2024Q2;ES705A3;ES705;6;2;42;3;1;5;5;7;-1;-1;1;6;-1;-1;-1;44;2;3;-1;-1;-1;5;0;0;3;2;0;0;5;0;2;0;0;0;3;0;0;2;5;2;2;5;4;4;4;1;5;5;4;5;5;2;5;4;4;5;-9;4;2;2;4;4;4;4;4;4;4;4;2;2;4;4;4;4;3;3;3;4;4;4;5;3;2;5;4;2;4;2;3;2;-1;-1;6;6;5;6;2;1;1364.8183362
245;2024Q2;ES705A3;ES705;1;1;57;1;1;1;5;12;-1;-1;-1;1;-1;1;5;-1;-1;-1;-1;-1;-1;1;0;0;0;0;1;0;1;0;0;0;0;1;0;0;0;1;3;5;5;5;5;5;2;6;5;5;5;5;5;4;4;5;4;5;2;5;2;1;5;4;5;5;4;4;4;5;1;5;4;4;4;4;1;1;1;1;2;1;4;1;1;1;1;2;2;2;1;1;5;1;1;1;1;6;1;1;598.61995698
246;2024Q2;ES705A3;ES705;6;2;36;1;1;1;8;2;6;2;4;1;-1;-1;-1;-1;-1;-1;-1;-1;-1;1;0;2;0;1;0;0;3;1;0;0;0;0;0;0;0;6;3;2;3;4;5;5;2;6;2;2;3;2;2;4;4;4;4;2;4;2;4;4;2;2;2;2;2;2;4;4;4;2;4;4;2;2;4;3;4;2;4;4;2;2;2;2;2;1;2;1;2;3;-1;-1;6;6;1;6;4;1;272.96366723
247;2024Q2;ES705A3;ES705;1;1;19;1;1;1;6;13;-1;-1;-1;6;-1;-1;-1;41;1;5;-1;-1;-1;2;0;1;2;1;0;0;4;1;0;0;0;0;2;0;0;6;3;2;5;3;3;4;1;6;2;2;1;1;1;4;5;3;5;1;4;3;4;4;2;3;3;1;1;2;3;2;5;5;5;5;1;1;5;4;4;1;2;1;3;2;3;2;3;1;3;1;1;1;5;4;1;6;1;6;4;1;2308.0892211
248;2024Q2;ES705A3;ES705;6;2;59;1;1;1;8;2;6;2;9;1;-1;-1;-1;-1;-1;-1;-1;-1;-1;3;0;0;0;1;2;0;3;2;0;1;0;0;0;0;0;2;5;4;6;5;3;4;3;1;4;4;4;5;4;5;4;3;4;4;4;4;2;2;4;4;4;2;4;2;4;4;2;2;4;4;4;4;3;3;4;3;3;1;3;3;3;3;3;1;2;3;2;3;-1;-1;6;6;1;6;1;1;1380.8535884
249;2024Q2;ES705A3;ES705;6;2;31;1;1;1;8;1;6;2;6;6;-1;-1;-1;54;1;5;-1;-1;-1;2;0;0;0;1;1;0;2;2;0;0;0;0;0;0;0;6;5;5;4;3;3;4;2;1;4;2;3;4;4;4;2;4;2;2;4;2;4;4;4;4;4;4;2;2;4;4;4;4;4;4;2;2;3;2;3;4;4;3;4;3;4;3;3;2;3;2;2;1;3;3;1;6;1;6;3;2;166.61034455
250;2024Q2;ES705A3;ES705;1;1;48;3;2;5;4;10;-1;-1;-1;1;-1;1;5;-1;-1;-1;-1;-1;-1;1;0;0;0;0;1;0;1;0;0;1;0;0;0;0;0;1;3;5;5;5;5;4;4;6;4;5;5;5;4;4;5;4;4;5;2;5;5;2;4;4;4;1;4;2;4;4;2;2;4;4;4;2;4;4;4;4;4;4;4;4;4;4;4;4;4;4;2;3;-1;-1;6;6;5;6;-3;3;1109.5182505
251;2024Q2;ES705A3;ES705;1;1;53;1;1;1;10;10;-1;-1;-1;1;-1;1;3;-1;-1;-1;-1;-1;-1;4;0;2;0;0;3;1;6;1;1;1;0;1;0;0;0;3;7;4;2;5;5;5;3;1;5;5;5;5;5;2;2;5;2;5;2;5;2;2;5;5;5;5;5;5;5;5;2;2;2;2;5;5;4;4;4;4;5;4;4;2;2;4;4;2;2;4;2;3;-1;-1;6;6;5;6;3;-9;225.12113722
252;2024Q2;ES705A3;ES705;6;2;38;3;3;5;4;10;-1;-1;-1;1;-1;1;9;-1;-1;-1;-1;-1;-1;1;0;2;0;1;0;0;3;0;0;1;0;0;0;0;0;6;1;1;6;4;4;5;4;1;4;4;3;4;4;4;5;4;5;4;5;2;2;2;3;4;4;2;4;2;2;4;2;4;4;4;2;2;4;4;3;3;4;3;3;3;4;-3;-3;4;4;4;2;3;-1;-1;6;6;5;6;5;1;210.16119203
253;2024Q2;ES705A3;ES705;6;2;25;1;1;1;8;1;6;2;3;6;-1;-1;-1;57;1;7;-1;-1;-1;3;0;0;0;1;2;0;3;3;0;0;0;0;0;0;0;2;6;4;4;3;3;4;3;1;2;1;4;3;2;5;5;2;5;1;5;2;3;4;4;2;3;1;2;2;4;4;5;4;4;4;2;2;2;3;3;2;3;3;4;3;3;2;2;1;3;3;2;2;-1;-1;6;6;1;6;5;1;249.91551683
254;2024Q2;ES705A3;ES705;1;1;66;1;1;1;5;10;-1;-1;-1;1;-1;1;9;-1;-1;-1;-1;-1;-1;1;0;0;0;0;0;1;1;0;0;0;1;0;0;0;0;1;1;2;6;5;5;4;2;6;3;4;3;4;4;4;4;4;2;4;4;4;2;2;4;4;5;4;4;4;4;5;2;2;2;2;4;4;3;3;3;3;4;4;4;3;3;3;3;4;3;2;2;2;-1;-1;6;6;5;6;-3;3;56.280284306
255;2024Q2;ES705A3;ES705;6;2;24;3;2;5;6;1;6;2;5;1;-1;-1;-1;-1;-1;-1;-1;-1;-1;2;0;0;1;0;1;0;2;2;0;0;0;0;0;0;0;6;5;5;5;5;4;4;5;1;4;4;4;4;4;4;5;5;5;4;5;4;3;5;3;4;5;5;5;4;4;4;5;5;5;5;3;4;4;4;3;4;4;2;1;2;2;1;2;1;3;2;2;3;-1;-1;6;6;5;6;5;1;1950.5334914
256;2024Q2;ES705A3;ES705;6;2;24;1;1;1;9;1;6;2;2;6;-1;-1;-1;54;3;-1;-1;1;8;4;0;0;2;0;2;0;4;2;0;0;2;0;0;0;0;2;7;6;5;5;5;4;5;1;3;2;2;2;2;4;4;2;4;2;4;2;2;4;4;2;2;2;2;2;2;4;4;4;4;4;2;2;4;2;2;1;2;1;2;1;3;2;2;1;2;2;1;1;3;3;1;6;1;6;4;1;333.2206891
257;2024Q2;ES705A3;ES705;6;2;38;1;1;1;5;2;6;2;9;1;-1;-1;-1;-1;-1;-1;-1;-1;-1;3;1;1;0;1;0;2;5;1;0;0;0;1;0;1;0;7;2;1;6;5;5;4;4;6;3;4;2;4;2;4;5;5;4;2;5;2;4;4;2;2;2;2;2;2;2;4;4;4;4;4;2;2;3;2;3;2;3;3;3;3;3;3;3;1;3;3;2;1;5;4;1;6;1;6;5;1;818.8910017
258;2024Q2;ES705A3;ES705;6;2;43;1;1;1;5;10;-1;-1;-1;6;-1;-1;-1;41;1;9;-1;-1;-1;5;1;2;0;4;1;0;8;2;0;3;0;0;0;0;0;3;3;1;6;3;2;3;3;1;3;3;2;1;2;5;5;2;5;2;5;1;2;5;2;2;2;2;2;2;2;2;5;1;5;2;1;2;4;3;5;3;5;5;1;2;5;5;5;1;5;4;2;3;-1;-1;6;6;1;6;4;1;281.40142153
259;2024Q2;ES705A3;ES705;1;1;52;1;1;1;2;1;6;2;5;1;-1;-1;-1;-1;-1;-1;-1;-1;-1;5;0;0;0;3;1;1;5;1;0;0;4;0;0;0;0;6;3;1;5;3;4;5;2;6;4;4;3;4;4;4;1;4;4;2;2;4;2;2;4;2;4;2;2;2;4;4;2;2;2;2;4;4;3;3;2;2;5;3;3;3;2;5;2;2;2;2;2;3;-1;-1;6;6;1;6;4;1;1519.7569503
260;2024Q2;ES705A3;ES705;1;1;54;3;1;5;9;7;-1;-1;5;1;-1;-1;-1;-1;-1;-1;-1;-1;-1;2;0;0;0;0;2;0;2;0;2;0;0;0;0;0;0;4;6;5;4;4;4;3;3;6;5;5;2;2;4;4;4;4;4;4;4;2;4;4;4;4;4;4;4;4;4;4;4;4;4;4;4;2;3;2;2;3;3;4;3;1;1;4;4;3;2;2;1;2;-1;-1;6;6;2;6;5;1;607.90278011
261;2024Q2;ES705A2;ES705;6;2;63;1;1;1;7;2;6;2;5;1;-1;-1;-1;-1;-1;-1;-1;-1;-1;1;0;0;0;0;1;0;1;1;0;0;0;0;0;0;0;1;3;5;5;3;3;2;4;6;4;5;4;5;5;4;2;4;4;4;2;2;1;1;4;4;4;5;2;2;4;5;1;1;2;1;1;4;4;4;2;4;4;4;4;4;4;4;4;4;4;4;3;2;-1;-1;1;1;5;6;2;3;61.767163671
262;2024Q2;ES705A2;ES705;1;1;52;1;1;1;8;10;-1;-1;-1;1;-1;1;7;-1;-1;-1;-1;-1;-1;1;0;1;0;0;1;0;2;0;0;1;0;0;0;0;0;6;1;1;5;2;2;2;2;6;2;2;1;2;2;2;1;2;1;2;4;4;4;4;2;4;2;2;2;2;2;2;2;5;2;4;2;4;3;3;3;2;3;1;2;3;3;3;3;3;3;2;3;1;5;4;1;1;1;6;3;1;180.97738595
263;2024Q2;ES705A2;ES705;1;1;57;1;1;1;5;1;6;1;9;1;-1;-1;-1;-1;-1;-1;-1;-1;-1;3;0;0;1;1;1;0;3;2;0;0;1;0;0;0;0;6;5;3;6;3;5;4;4;1;4;4;4;4;4;4;4;4;3;3;2;4;2;4;3;3;4;2;3;2;4;4;4;4;2;4;2;2;3;4;4;3;3;4;3;3;3;3;3;3;3;3;3;2;-1;-1;6;6;1;6;3;3;559.10482843
264;2024Q2;ES705A2;ES705;1;1;47;1;1;1;8;2;6;2;4;1;-1;-1;-1;-1;-1;-1;-1;-1;-1;3;0;0;0;0;2;1;3;1;0;0;1;1;0;0;0;8;4;3;3;4;4;2;3;6;4;4;4;4;4;2;2;4;2;4;2;4;2;2;4;4;4;4;4;3;4;4;4;2;2;2;4;4;3;3;3;3;3;4;3;3;3;3;3;3;3;3;2;3;-1;-1;6;6;1;6;1;3;795.28322058
265;2024Q2;ES705A2;ES705;1;1;22;1;1;1;8;2;6;1;3;1;-1;-1;-1;-1;-1;-1;-1;-1;-1;3;0;0;1;0;1;1;3;1;0;0;0;1;0;1;0;6;5;4;3;5;5;4;2;6;4;2;3;4;4;5;5;4;4;2;4;4;3;4;4;4;4;2;4;4;4;4;4;4;4;4;2;2;5;5;5;2;4;4;3;4;5;4;4;4;4;4;2;1;1;3;1;6;1;6;2;1;497.44406277
266;2024Q2;ES705A2;ES705;6;2;33;1;1;1;10;2;6;2;2;6;-1;-1;-1;64;5;-1;-1;1;8;3;0;0;0;1;2;0;3;1;0;0;0;1;0;1;0;8;5;4;5;5;5;2;1;6;4;2;2;4;4;4;4;4;4;2;4;2;4;4;2;2;2;2;2;2;2;2;4;4;4;4;2;2;4;4;2;1;1;1;1;1;1;1;1;1;1;1;3;1;1;2;1;1;5;6;3;1;683.93149775
267;2024Q2;ES705A2;ES705;1;1;53;1;1;1;4;2;6;2;9;1;-1;-1;-1;-1;-1;-1;-1;-1;-1;1;0;0;0;0;1;0;1;1;0;0;0;0;0;0;0;1;2;4;6;1;2;3;1;6;3;3;3;3;3;3;3;3;3;3;3;3;3;3;3;3;3;3;3;3;3;3;3;3;3;3;3;3;3;3;2;3;2;3;2;3;2;3;2;3;2;3;2;3;-1;-1;6;-9;5;6;-3;-9;265.09440686
268;2024Q2;ES705A2;ES705;6;2;57;1;1;1;8;10;-1;-1;-1;1;-1;1;5;-1;-1;-1;-1;-1;-1;1;0;0;0;0;1;0;1;0;0;1;0;0;0;0;0;1;2;3;5;5;5;5;2;6;1;3;1;3;4;5;5;3;4;3;4;3;4;5;3;2;2;3;3;3;4;4;4;5;4;5;2;2;1;2;2;1;4;1;1;1;1;1;1;2;1;1;2;1;3;3;1;6;1;6;4;1;29.842274636
269;2024Q2;ES705A2;ES705;6;2;40;1;1;1;6;10;-1;-1;-1;1;-1;1;5;-1;-1;-1;-1;-1;-1;1;0;0;0;1;0;0;1;0;0;0;1;0;0;0;0;1;2;3;5;4;4;3;1;6;1;1;1;2;1;5;5;2;5;1;5;1;2;4;2;1;1;1;2;2;1;2;5;5;5;5;5;1;4;2;1;1;1;2;-7;1;2;1;2;1;1;1;1;1;3;4;1;6;4;6;4;1;29.842274636
270;2024Q2;ES705A2;ES705;1;1;29;1;1;1;8;13;-1;-1;-1;6;-1;-1;-1;58;1;2;-1;-1;-1;3;0;0;0;1;1;1;3;1;0;0;0;1;1;0;0;7;7;5;2;5;4;3;1;6;5;5;4;5;5;4;1;5;2;4;4;1;1;4;3;5;5;5;5;5;4;4;4;5;2;2;3;4;1;4;1;1;4;3;1;1;1;3;3;1;1;1;2;3;-1;-1;6;6;1;6;2;2;1244.5115716
271;2024Q2;ES705A2;ES705;1;1;42;2;1;4;8;7;-1;-1;3;1;-1;-1;-1;-1;-1;-1;-1;-1;-1;3;0;0;0;2;0;1;3;0;2;0;0;1;0;0;0;5;5;3;2;5;5;2;5;1;2;5;5;5;5;1;1;5;2;5;3;5;1;1;5;5;5;5;5;5;5;5;1;1;1;1;5;5;1;1;3;1;3;1;1;3;3;1;1;3;1;-3;1;-9;-1;-1;-9;6;4;6;5;-9;773.6088247
272;2024Q2;ES705A2;ES705;1;1;45;1;1;1;5;7;-1;-1;7;1;-1;-1;-1;-1;-1;-1;-1;-1;-1;2;0;1;0;1;1;0;3;1;1;0;0;0;0;0;0;2;4;3;5;4;3;3;3;6;4;4;2;4;4;4;4;4;2;4;2;3;2;2;2;4;4;4;4;2;2;2;2;2;2;2;3;3;4;4;3;3;4;3;3;3;3;3;3;3;3;3;1;1;4;4;6;6;1;6;2;3;530.18881372
273;2024Q2;ES704A0;ES704;6;2;29;3;2;5;6;1;6;2;5;1;-1;-1;-1;-1;-1;-1;-1;-1;-1;2;0;0;0;2;0;0;2;2;0;0;0;0;0;0;0;4;6;5;5;5;4;4;4;1;5;4;4;4;4;3;5;3;5;2;4;4;3;4;4;4;4;3;4;4;4;4;4;4;4;4;2;2;3;4;4;2;3;3;3;3;3;2;2;1;3;2;1;1;3;1;1;6;5;6;5;1;1316.1934782
274;2024Q2;ES704A0;ES704;1;1;52;3;1;2;9;7;-1;-1;2;1;-1;-1;-1;-1;-1;-1;-1;-1;-1;1;0;0;0;0;1;0;1;0;1;0;0;0;0;0;0;1;2;4;1;4;4;4;3;6;2;5;5;5;5;5;4;1;5;5;1;2;2;5;5;5;5;5;2;2;2;4;2;1;1;1;4;4;2;3;1;1;2;3;2;3;3;3;3;3;3;2;1;2;-1;-1;1;6;2;6;-3;3;230.7425472
275;2024Q2;ES704A0;ES704;1;1;59;2;1;5;5;15;-1;-1;-1;6;-1;-1;-1;56;1;5;-1;-1;-1;3;0;0;0;1;2;0;3;1;0;0;1;1;0;0;0;2;4;3;5;4;3;4;1;1;4;5;5;5;5;2;5;5;4;5;5;5;4;5;4;4;4;1;4;4;2;2;1;2;4;4;2;2;1;2;2;2;3;1;2;3;1;3;1;2;2;1;1;1;3;1;1;1;5;6;5;1;1615.5674817
276;2024Q2;ES704A0;ES704;6;2;62;3;1;5;10;1;6;1;2;1;-1;-1;-1;-1;-1;-1;-1;-1;-1;2;0;0;0;0;1;1;2;1;1;0;0;0;0;0;0;6;4;4;1;5;5;4;3;6;2;2;2;4;4;2;5;4;5;4;4;1;5;5;4;2;5;4;4;2;2;3;5;5;5;4;2;3;5;4;4;4;5;4;4;4;4;3;3;1;4;2;2;1;4;4;1;6;5;6;4;1;277.49477026
277;2024Q2;ES704A0;ES704;1;1;37;2;1;5;5;10;-1;-1;-1;6;-1;-1;-1;41;1;5;-1;-1;-1;3;0;0;0;3;0;0;3;2;0;1;0;0;0;0;0;9;5;4;4;5;4;4;3;1;1;2;4;3;1;4;5;4;5;1;4;2;4;4;4;2;2;2;2;4;4;4;4;4;4;4;2;1;3;2;2;1;3;4;3;3;3;3;3;2;3;3;1;3;-1;-1;6;6;5;6;5;1;549.97404123
278;2024Q2;ES704A0;ES704;6;2;49;1;1;1;5;1;6;2;9;1;-1;-1;-1;-1;-1;-1;-1;-1;-1;4;0;0;2;1;2;0;5;4;0;0;0;0;1;0;0;3;7;4;6;3;3;3;1;1;5;3;5;3;5;5;5;3;3;5;5;3;3;3;3;4;4;3;3;3;3;5;3;3;3;3;3;3;3;3;3;3;3;3;1;3;3;3;3;2;3;3;3;2;-1;-1;6;6;5;6;4;1;840.52265527
279;2024Q2;ES704A0;ES704;6;2;22;3;2;4;4;1;6;1;-9;6;-1;-1;-1;49;1;-9;-1;-1;-1;2;0;0;1;0;1;0;2;2;0;0;0;0;0;0;0;6;-9;-9;-1;4;2;2;2;1;4;4;4;4;3;3;5;3;5;2;3;3;3;3;4;3;3;4;4;3;3;3;3;4;3;4;2;3;2;2;3;2;1;2;2;2;3;3;3;2;-3;-3;2;2;-1;-1;6;6;4;6;-3;1;1316.1934782
280;2024Q2;ES704A0;ES704;1;-9;40;3;1;5;6;10;-1;-1;-1;6;-1;-1;-1;48;1;1;-1;-1;-1;3;0;0;1;1;1;0;3;1;0;1;0;0;1;0;0;2;4;3;1;5;5;5;3;6;5;5;-9;5;5;3;1;5;1;3;2;3;5;2;3;-9;4;4;3;5;5;5;2;-9;5;4;-9;3;3;1;3;3;4;3;2;3;-7;3;3;5;3;-7;1;3;-1;-1;6;6;4;6;-3;3;549.97404123
281;2024Q2;ES704A0;ES704;6;2;40;1;1;1;5;7;-1;-1;5;6;-1;-1;-1;44;2;1;-1;-1;-1;2;0;1;0;2;0;0;3;0;2;0;0;0;0;0;0;2;4;3;1;2;2;3;1;1;2;5;4;5;4;3;5;4;4;4;2;4;2;2;2;4;4;1;4;2;3;5;2;3;4;4;3;2;4;4;4;3;3;4;2;4;4;4;4;1;4;4;1;3;-1;-1;6;6;1;6;4;1;371.34780366
282;2024Q2;ES704A0;ES704;6;2;52;2;1;5;10;5;-1;-1;5;1;-1;-1;-1;-1;-1;-1;-1;-1;-1;2;0;0;1;0;2;0;3;1;1;0;0;0;1;0;0;2;6;5;3;4;5;5;4;1;3;3;3;4;3;4;5;4;4;3;2;2;4;3;4;2;3;3;2;4;4;4;4;4;4;4;2;1;4;4;4;2;3;2;3;3;3;3;3;1;3;2;2;1;5;3;1;1;5;6;5;1;420.26132764
283;2024Q2;ES704A0;ES704;1;1;54;3;2;5;6;1;6;1;5;6;-1;-1;-1;52;2;5;-1;-1;-1;2;0;0;1;0;2;0;3;1;1;0;0;0;1;0;0;2;5;4;3;5;5;5;5;6;4;2;4;4;4;4;5;5;5;4;5;2;4;4;2;2;2;2;4;4;4;4;4;4;4;4;2;2;4;4;4;2;4;4;4;4;4;2;4;2;4;1;2;1;1;4;1;6;5;6;5;1;3056.1153723
284;2024Q2;ES704A0;ES704;6;2;45;3;2;3;8;14;-1;-1;-1;6;-1;-1;-1;52;3;-1;-1;2;2;2;0;0;0;0;2;0;2;0;0;0;1;0;0;1;0;4;1;1;2;5;4;4;4;6;4;2;4;4;4;4;5;4;4;4;4;2;4;4;2;2;4;2;4;4;4;4;4;5;5;5;1;1;4;4;3;2;3;2;3;3;3;3;2;4;4;3;2;3;-1;-1;1;6;3;6;5;3;1975.9684026
285;2024Q2;ES704A0;ES704;1;1;39;3;3;5;8;5;-1;-1;5;1;-1;-1;-1;-1;-1;-1;-1;-1;-1;2;0;0;0;2;0;0;2;1;1;0;0;0;0;0;0;4;7;6;3;5;5;5;5;1;5;4;5;5;5;4;5;5;5;5;5;5;2;2;4;5;2;2;4;4;5;5;5;5;4;4;4;4;4;1;4;2;4;1;4;3;3;4;4;1;2;4;2;1;3;4;1;6;5;6;5;1;3563.3996011
286;2024Q2;ES704A0;ES704;1;1;41;1;1;1;5;1;6;2;8;6;-1;-1;-1;36;1;5;-1;-1;-1;2;0;1;1;2;0;0;4;2;0;0;0;0;1;0;0;2;6;3;5;5;4;5;5;1;4;4;4;5;5;2;5;4;5;5;4;4;2;4;2;2;4;2;2;2;4;5;4;4;5;5;2;2;2;3;4;2;3;3;3;3;4;4;4;3;3;3;1;2;-1;-1;6;6;5;6;4;1;968.7693232
287;2024Q2;ES704A0;ES704;1;1;57;1;1;1;3;7;-1;-1;8;1;-1;-1;-1;-1;-1;-1;-1;-1;-1;1;0;0;0;0;1;0;1;0;1;0;0;0;0;0;0;1;5;6;5;5;5;5;5;1;4;4;4;4;4;2;5;3;5;1;5;3;5;2;3;4;3;1;3;4;5;5;5;5;5;5;2;3;2;2;2;3;3;3;2;-7;2;-7;3;3;3;2;3;2;-1;-1;-9;-9;1;6;5;1;278.50698565
288;2024Q2;ES704A0;ES704;1;1;31;1;1;1;6;1;6;2;7;1;-1;-1;-1;-1;-1;-1;-1;-1;-1;2;0;1;0;2;0;0;3;1;0;1;0;0;0;0;0;2;4;3;4;4;3;3;3;6;4;3;4;4;4;3;5;2;3;3;5;5;4;1;3;3;4;2;3;2;4;4;5;5;5;4;2;2;4;3;2;1;1;3;1;1;2;2;3;1;1;1;2;3;-1;-1;6;6;1;6;5;1;963.64127555
289;2024Q2;ES704A0;ES704;6;2;48;3;2;5;6;1;1;1;3;1;-1;-1;-1;-1;-1;-1;-1;-1;-1;2;0;0;0;1;1;0;2;2;0;0;0;0;0;0;0;4;6;5;3;4;5;5;5;1;2;4;4;4;4;4;4;4;4;2;4;2;4;2;4;4;4;2;2;4;2;4;4;4;4;4;2;2;4;3;3;3;3;1;1;3;3;3;3;3;3;3;1;1;3;1;1;6;5;6;5;1;761.18982567
290;2024Q2;ES704A0;ES704;6;2;56;3;2;4;6;14;-1;-1;-1;6;-1;-1;-1;59;2;7;-1;-1;-1;2;0;0;0;0;2;0;2;0;1;0;0;0;0;1;0;4;6;5;5;5;5;5;5;1;5;5;5;5;5;5;5;5;5;5;5;5;3;3;5;5;5;4;5;5;5;5;4;4;4;4;3;3;3;3;3;4;3;5;5;-7;-7;3;3;3;4;2;2;2;-1;-1;1;-9;4;1;5;1;1833.2018453
291;2024Q2;ES704A0;ES704;6;2;42;1;1;1;5;1;1;1;5;1;-1;-1;-1;-1;-1;-1;-1;-1;-1;2;0;0;0;2;0;0;2;2;0;0;0;0;0;0;0;4;3;3;5;5;5;5;3;6;3;4;4;3;3;5;4;3;4;3;4;3;3;3;3;4;4;4;4;4;4;3;3;2;3;3;3;3;4;4;4;4;4;5;4;4;4;4;4;3;4;4;3;2;-1;-1;1;1;5;6;4;1;371.34780366
292;2024Q2;ES704A0;ES704;6;2;40;3;2;4;9;1;1;2;5;6;-1;-1;-1;47;2;1;-1;-1;-1;2;0;1;0;1;1;0;3;1;1;0;0;0;0;0;0;5;6;4;1;4;4;4;2;6;4;4;2;3;3;4;4;4;4;2;4;3;4;4;4;3;3;3;2;3;3;4;3;4;4;4;2;2;3;3;3;3;3;3;2;-3;3;3;2;1;2;2;1;3;-1;-1;6;6;4;6;4;1;712.27630169
293;2024Q2;ES704A0;ES704;6;2;28;3;3;3;6;10;-1;-1;-1;6;-1;-1;-1;45;1;7;-1;-1;-1;3;0;1;1;1;1;0;4;1;0;1;1;0;0;0;0;2;3;2;5;5;5;4;4;6;4;5;4;5;5;3;5;3;3;3;4;3;4;3;3;4;3;3;3;3;4;4;4;3;3;4;3;3;3;3;3;4;4;4;3;3;3;4;4;2;3;3;2;-9;-1;-1;6;6;3;6;4;1;998.49007333
294;2024Q2;ES704A0;ES704;1;1;57;3;1;5;7;10;-1;-1;-1;1;-1;1;7;-1;-1;-1;-1;-1;-1;2;0;0;1;0;1;0;2;0;0;0;1;0;1;0;0;6;3;3;4;5;5;5;4;1;5;5;4;5;5;2;5;4;4;5;5;4;4;2;5;5;5;4;4;4;5;4;2;4;4;4;4;4;4;4;5;3;4;3;4;3;4;4;4;2;4;2;2;3;-1;-1;1;6;5;6;5;1;147.25970277
295;2024Q2;ES704A0;ES704;6;2;29;1;1;1;7;10;-1;-1;-1;6;-1;-1;-1;52;1;9;-1;-1;-1;4;0;1;0;2;2;0;5;2;0;0;2;0;0;0;0;3;5;2;6;3;2;2;2;1;4;5;4;4;5;5;5;4;4;5;5;4;4;5;4;4;5;5;4;5;5;5;5;5;4;5;4;4;5;4;5;3;4;3;2;4;5;4;5;2;4;4;3;1;5;2;1;1;1;6;4;1;649.4631017
296;2024Q2;ES704A0;ES704;1;1;38;1;1;1;5;1;1;2;7;1;-1;-1;-1;-1;-1;-1;-1;-1;-1;2;0;2;0;2;0;0;4;2;0;0;0;0;0;0;0;3;4;2;4;4;5;5;5;1;4;4;2;4;4;2;4;4;4;4;2;4;2;2;4;4;4;2;4;4;4;4;2;4;2;4;2;4;3;3;3;3;2;3;4;3;3;3;3;3;3;3;2;1;5;2;1;6;1;6;-3;3;968.7693232
297;2024Q2;ES704A0;ES704;1;1;50;2;1;4;6;10;-1;-1;-1;1;-1;1;5;-1;-1;-1;-1;-1;-1;2;0;0;0;1;1;0;2;1;0;1;0;0;0;0;0;4;4;4;5;4;5;5;5;1;4;4;2;4;4;4;5;2;5;4;2;4;3;3;4;4;4;4;4;4;4;4;4;2;2;2;4;3;1;2;3;1;1;1;1;1;1;2;1;1;1;1;1;3;-1;-1;6;6;4;6;4;1;147.25970277
298;2024Q2;ES704A0;ES704;1;1;67;1;1;1;5;1;6;2;6;1;-1;-1;-1;-1;-1;-1;-1;-1;-1;1;0;0;0;0;0;1;1;1;0;0;0;0;0;0;0;1;3;5;5;1;3;3;3;1;2;2;2;3;2;1;1;2;2;2;2;2;2;3;2;2;2;2;2;2;2;4;3;4;2;2;2;2;1;1;4;2;3;1;1;3;3;1;1;1;2;2;2;3;-1;-1;1;6;5;6;4;1;73.629851383
299;2024Q2;ES704A0;ES704;1;1;40;2;1;5;8;5;-1;-1;3;1;-1;-1;-1;-1;-1;-1;-1;-1;-1;1;0;0;0;1;0;0;1;0;1;0;0;0;0;0;0;1;7;6;4;5;5;5;4;1;4;4;4;4;4;3;2;4;2;4;3;4;2;4;4;3;4;2;4;3;4;4;3;4;4;4;2;2;3;3;2;2;3;3;3;3;2;3;4;4;4;2;2;3;-1;-1;6;1;5;6;4;3;484.3846616
300;2024Q2;ES704A0;ES704;6;2;31;1;1;1;5;3;6;2;4;6;-1;-1;-1;38;1;6;-1;-1;-1;2;1;1;0;2;0;0;4;2;0;0;0;0;0;0;0;2;4;2;5;4;5;5;3;1;3;5;3;5;5;3;3;3;3;3;3;3;3;2;4;4;4;3;4;4;4;5;3;3;3;3;3;4;5;4;4;4;4;5;4;4;3;4;3;2;3;3;3;2;-1;-1;6;6;5;6;4;1;975.26498015
301;2024Q2;ES704A0;ES704;6;2;57;1;1;1;5;1;6;1;8;1;-1;-1;-1;-1;-1;-1;-1;-1;-1;1;0;0;0;0;1;0;1;1;0;0;0;0;0;0;0;1;2;4;5;2;3;4;2;1;1;2;4;2;2;4;4;2;4;2;4;2;4;4;3;2;2;2;2;2;3;4;4;4;4;4;2;2;3;4;4;2;3;3;4;-7;3;2;-7;2;3;1;3;1;5;3;1;6;1;6;3;1;138.74738513
302;2024Q2;ES704A0;ES704;1;1;24;3;1;4;5;10;-1;-1;-1;6;-1;-1;-1;25;1;5;-1;-1;-1;2;0;0;1;1;0;0;2;1;0;1;0;0;0;0;0;9;5;5;5;4;4;4;4;1;4;4;2;4;4;4;4;4;4;4;2;4;2;2;4;4;4;4;4;4;4;4;2;4;4;2;4;4;4;4;4;4;4;4;4;4;4;4;4;4;4;4;1;1;1;1;1;6;4;6;5;1;361.52131317
303;2024Q2;ES704A0;ES704;1;1;67;3;1;5;6;10;-1;-1;-1;1;-1;1;7;-1;-1;-1;-1;-1;-1;1;0;0;0;0;0;1;1;0;0;1;0;0;0;0;0;1;2;3;5;4;4;4;4;6;5;4;4;4;5;4;4;4;2;5;4;4;4;2;4;4;4;4;4;4;4;4;2;4;4;3;2;4;4;4;4;4;3;4;4;4;3;4;5;4;3;4;3;2;-1;-1;1;6;5;6;5;1;73.629851383
304;2024Q2;ES704A0;ES704;6;2;59;2;1;5;9;16;-1;-1;-1;1;1;1;4;-1;-1;-1;-1;-1;-1;1;0;0;0;0;1;0;1;0;0;0;0;1;0;0;0;1;2;3;3;5;5;5;5;6;3;2;4;5;3;2;5;2;5;1;5;4;5;3;3;2;2;3;3;3;4;4;5;5;5;5;5;1;4;3;2;1;-3;2;2;-3;4;2;1;1;3;3;2;2;-1;-1;6;6;5;6;4;1;746.13667361
305;2024Q2;ES704A0;ES704;1;1;57;1;1;1;5;2;1;2;5;1;-1;-1;-1;-1;-1;-1;-1;-1;-1;2;0;0;0;0;2;0;2;2;0;0;0;0;0;0;0;4;4;4;5;3;2;2;3;1;4;4;5;4;5;4;5;4;5;5;5;4;5;5;5;4;4;4;4;4;4;4;4;5;4;4;4;2;3;2;2;1;1;1;1;2;2;2;2;1;1;1;2;1;3;4;1;1;1;6;4;1;557.01397131
306;2024Q2;ES704A0;ES704;1;1;53;1;1;1;5;1;1;2;4;1;-1;-1;-1;-1;-1;-1;-1;-1;-1;1;0;0;0;0;1;0;1;1;0;0;0;0;0;0;0;1;3;5;3;5;5;5;4;1;5;5;3;4;3;3;5;5;5;4;3;3;2;1;5;3;3;1;1;5;5;5;5;1;1;3;3;3;2;1;1;3;3;3;4;-3;3;-3;3;2;3;1;1;1;5;2;1;1;5;6;5;1;230.7425472
307;2024Q2;ES704A0;ES704;1;1;45;3;1;5;5;15;-1;-1;-1;6;-1;-1;-1;46;1;5;-1;-1;-1;2;0;0;0;0;2;0;2;1;0;0;0;1;0;0;0;4;6;5;5;5;5;5;5;1;4;2;3;4;4;5;5;3;5;2;5;1;2;2;3;4;3;4;2;4;4;4;5;5;5;4;2;2;1;4;3;3;3;2;2;2;3;1;1;1;3;1;1;1;4;4;1;6;5;6;4;1;981.51611088
308;2024Q2;ES704A0;ES704;6;2;36;3;1;5;9;1;6;2;5;1;-1;-1;-1;-1;-1;-1;-1;-1;-1;3;0;0;1;2;1;0;4;2;1;1;0;0;0;0;0;3;5;3;5;5;5;5;4;1;4;4;3;4;3;2;5;4;5;3;5;2;2;2;3;2;3;2;2;2;2;4;2;2;2;2;2;3;2;2;1;3;2;3;4;3;3;4;3;1;3;3;2;3;-1;-1;6;6;5;6;5;1;557.02170548
309;2024Q2;ES704A0;ES704;6;2;63;1;1;1;5;15;-1;-1;-1;6;-1;-1;-1;67;1;5;-1;-1;-1;2;0;0;0;0;1;1;2;1;0;0;0;1;0;0;0;4;5;5;5;5;5;5;3;1;5;5;5;5;5;2;4;5;4;5;1;5;1;1;5;5;5;5;5;5;5;4;1;1;2;1;5;5;5;5;5;5;5;5;5;5;4;5;5;3;4;5;3;3;-1;-1;6;6;5;6;3;3;1492.2733472
310;2024Q2;ES704A0;ES704;6;2;51;3;1;5;9;2;6;2;2;1;-1;-1;-1;-1;-1;-1;-1;-1;-1;2;0;2;0;0;2;0;4;1;0;0;0;1;0;0;0;2;5;3;2;5;5;5;2;6;5;5;4;5;5;2;5;5;2;5;1;5;5;1;2;5;5;2;4;4;5;4;5;5;1;5;5;5;5;5;4;5;2;4;4;4;5;4;4;4;4;4;2;1;5;3;1;6;5;6;4;3;420.26132764
311;2024Q2;ES704A0;ES704;1;1;62;3;3;5;4;15;-1;-1;-1;1;1;1;5;-1;-1;-1;-1;-1;-1;1;0;0;0;0;1;0;1;0;0;0;0;1;0;0;0;1;2;3;5;5;5;5;5;6;4;5;5;5;5;5;5;5;5;5;5;5;5;5;5;5;5;5;5;5;5;5;5;5;5;5;5;5;5;5;5;5;5;5;5;5;5;3;5;2;5;5;3;3;-1;-1;6;6;5;1;3;2;1835.8376328
312;2024Q2;ES704A0;ES704;6;2;43;3;3;5;5;1;1;2;5;6;-1;-1;-1;43;1;3;-1;-1;-1;3;0;1;2;2;0;1;6;2;0;0;1;0;2;0;0;3;7;3;2;4;5;5;3;1;5;5;4;5;5;2;5;4;5;5;4;5;4;1;5;5;5;4;5;5;5;5;4;2;2;2;2;4;5;5;5;5;5;5;5;5;5;5;5;4;5;5;2;3;-1;-1;6;6;5;6;3;2;1068.4144525
313;2024Q2;ES704A0;ES704;1;1;78;2;1;3;5;12;-1;-1;-1;6;-1;-1;-1;45;1;5;-1;-1;-1;4;0;1;0;1;2;1;5;1;1;0;0;1;0;0;1;3;6;3;5;3;4;4;4;6;4;5;4;5;5;1;5;4;4;5;1;4;2;2;4;5;5;4;4;4;4;4;2;2;2;2;5;5;3;4;4;4;4;5;4;4;4;4;4;4;4;5;3;2;-1;-1;6;6;3;6;3;3;1095.6396731
314;2024Q2;ES704A0;ES704;1;1;27;1;1;1;8;10;-1;-1;-1;6;-1;-1;-1;64;2;2;-1;-1;-1;2;0;0;0;1;1;0;2;0;1;0;1;0;0;0;0;6;2;2;1;5;4;4;3;6;2;4;4;4;4;4;2;4;4;1;5;4;2;2;4;4;4;4;4;4;4;4;2;2;4;5;4;4;4;4;4;4;4;4;3;4;4;4;4;2;4;4;1;3;-1;-1;6;6;1;6;1;1;361.52131317
315;2024Q2;ES704A0;ES704;6;2;63;1;1;1;8;2;6;2;4;1;-1;-1;-1;-1;-1;-1;-1;-1;-1;3;0;0;0;1;1;1;3;2;0;0;0;1;0;0;0;2;5;4;3;5;5;5;4;1;4;4;4;4;4;4;4;2;4;4;3;4;2;2;4;4;4;4;4;4;4;4;3;2;2;4;4;4;4;4;4;4;3;4;5;4;4;4;4;1;3;4;1;1;5;2;6;6;1;6;5;1;416.24215539
316;2024Q2;ES704A0;ES704;6;2;41;3;2;5;5;14;-1;-1;-1;1;1;1;5;-1;-1;-1;-1;-1;-1;1;0;0;0;1;0;0;1;0;0;0;0;0;0;1;0;1;1;1;5;4;3;3;2;6;4;2;4;4;2;4;4;4;4;3;2;4;2;2;4;4;3;4;4;4;4;4;4;4;2;4;4;2;4;4;4;4;5;4;4;4;4;4;4;4;4;4;1;1;3;3;1;6;5;6;3;1;963.52743933
317;2024Q2;ES704A0;ES704;6;2;48;2;1;5;8;1;1;2;5;1;-1;-1;-1;-1;-1;-1;-1;-1;-1;2;0;0;0;1;1;0;2;2;0;0;0;0;0;0;0;4;5;5;5;5;5;5;4;1;4;4;4;5;5;4;4;4;5;4;4;4;4;2;4;4;4;4;2;5;5;5;5;5;5;5;2;1;4;3;4;3;3;3;3;4;3;3;3;2;3;3;2;2;-1;-1;6;6;5;6;2;1;420.26132764
318;2024Q2;ES704A0;ES704;1;1;34;2;1;5;5;1;6;2;5;1;-1;-1;-1;-1;-1;-1;-1;-1;-1;1;0;2;0;1;0;0;3;1;0;0;0;0;0;0;0;6;3;2;5;5;5;5;5;1;4;4;4;5;5;4;5;1;5;1;5;2;4;2;4;2;2;2;2;4;4;5;2;2;4;4;4;4;3;3;3;3;2;1;2;3;1;1;1;1;3;3;1;3;-1;-1;6;6;3;6;5;1;481.82063777
319;2024Q2;ES704A0;ES704;1;1;42;2;1;5;5;1;1;1;7;1;-1;-1;-1;-1;-1;-1;-1;-1;-1;1;0;0;0;1;0;0;1;1;0;0;0;0;0;0;0;1;3;5;4;2;2;2;3;6;3;2;3;4;4;4;2;5;2;4;2;3;2;2;4;2;4;4;4;3;4;4;2;2;2;2;3;4;4;2;3;3;3;1;1;3;3;3;4;-7;3;3;2;2;-1;-1;6;6;5;6;1;2;484.3846616
320;2024Q2;ES704A0;ES704;1;1;62;2;1;5;4;1;1;2;3;1;-1;-1;-1;-1;-1;-1;-1;-1;-1;2;0;1;0;0;2;0;3;2;0;0;0;0;0;0;0;2;6;4;2;5;5;5;1;1;5;4;4;4;4;3;4;3;3;4;2;4;3;2;3;4;3;3;4;4;3;4;2;2;3;3;3;3;4;4;4;4;4;3;4;3;3;3;3;1;3;3;3;3;-1;-1;6;6;5;6;4;1;557.01397131
321;2024Q2;ES704A0;ES704;1;1;56;2;1;5;4;1;6;2;5;1;-1;-1;-1;-1;-1;-1;-1;-1;-1;1;0;0;0;0;1;0;1;1;0;0;0;0;0;0;0;1;3;5;5;2;2;2;2;6;2;4;4;2;4;4;5;1;4;4;4;4;2;5;4;4;4;1;1;1;1;5;5;1;1;1;1;1;1;1;1;1;5;1;1;1;1;1;1;1;1;1;3;1;3;4;1;1;5;6;4;1;278.50698565
322;2024Q2;ES705A1;ES705;6;2;63;1;1;1;6;2;1;1;3;1;-1;-1;-1;-1;-1;-1;-1;-1;-1;2;0;0;0;0;1;1;2;2;0;0;0;0;0;0;0;4;6;6;3;5;5;4;1;6;2;2;2;4;4;5;4;2;4;2;4;2;4;4;2;2;2;2;2;2;4;3;3;4;4;4;2;2;3;3;2;2;2;2;3;3;2;2;2;2;2;1;2;1;2;1;1;1;1;6;3;1;911.14608279
323;2024Q2;ES705A1;ES705;1;1;55;1;1;1;5;10;-1;-1;-1;6;-1;-1;-1;77;5;-1;-1;1;9;3;0;0;0;0;2;1;3;0;0;1;1;1;0;0;0;6;3;2;6;4;3;3;3;6;4;4;4;4;4;4;4;4;4;4;4;4;4;4;4;4;4;4;4;4;4;4;2;2;4;4;4;4;4;4;4;4;4;3;4;4;4;4;4;3;4;4;2;3;-1;-1;6;6;1;6;1;2;1362.3353842
324;2024Q2;ES705A1;ES705;1;1;53;1;1;1;5;2;1;1;7;1;-1;-1;-1;-1;-1;-1;-1;-1;-1;2;0;1;1;0;2;0;4;2;0;0;0;0;1;0;0;2;3;2;4;3;3;3;3;6;4;4;2;4;4;2;4;1;2;4;2;2;2;2;2;4;2;3;4;4;2;4;2;2;4;2;-9;4;3;3;4;3;3;4;3;4;4;3;3;4;4;3;1;3;-1;-1;6;6;1;6;1;3;1633.7704922
325;2024Q2;ES705A1;ES705;1;1;34;1;1;5;6;2;1;2;0;1;-1;-1;-1;-1;-1;-1;-1;-1;-1;1;0;0;0;1;0;0;1;1;0;0;0;0;0;0;0;1;3;5;3;5;5;3;3;6;4;4;3;4;2;4;3;2;2;3;4;2;4;2;4;4;4;1;1;4;3;4;2;3;4;2;2;3;4;4;3;3;5;4;3;4;3;3;4;2;4;2;1;2;-1;-1;6;6;5;6;5;1;436.28329708
326;2024Q2;ES705A1;ES705;1;1;68;1;1;1;8;12;-1;-1;-1;1;-1;1;8;-1;-1;-1;-1;-1;-1;1;0;0;0;0;0;1;1;0;0;0;0;1;0;0;0;1;3;5;-1;3;3;4;3;6;5;5;5;5;5;3;4;5;3;5;4;5;3;3;4;5;5;4;5;5;5;5;3;3;4;4;3;4;5;4;4;4;5;4;3;4;5;4;4;3;4;4;2;3;-1;-1;6;6;1;6;3;1;1288.5422764
327;2024Q2;ES705A1;ES705;6;2;55;3;1;5;7;1;6;1;7;6;-1;-1;-1;61;1;7;-1;-1;-1;2;0;0;0;0;2;0;2;2;0;0;0;0;0;0;0;4;5;5;5;4;4;4;4;1;4;4;4;4;4;2;4;4;2;4;4;4;2;2;4;4;4;2;4;4;2;4;2;2;2;2;4;4;4;4;4;4;4;4;4;4;4;3;3;3;3;4;2;2;-1;-1;6;6;5;6;3;1;911.14608279
328;2024Q2;ES705A1;ES705;6;2;49;1;1;5;7;12;-1;-1;-1;1;-1;1;-9;-1;-1;-1;-1;-1;-1;3;0;0;1;0;2;0;3;1;0;0;0;1;1;0;0;2;-9;-9;-1;-9;-9;-9;-9;-9;-9;-9;-9;-9;-9;-9;-9;-9;-9;-9;-9;-9;-9;-9;-9;-9;-9;-9;-9;-9;-9;-9;-9;-9;-9;-9;-9;-9;-7;-7;-7;-7;-7;-7;-7;-7;-7;-7;-7;-7;-7;-7;2;-9;-1;-1;-9;-9;2;-9;-7;-9;4802.0196792
329;2024Q2;ES705A1;ES705;6;2;41;1;1;1;5;1;6;2;8;1;-1;-1;-1;-1;-1;-1;-1;-1;-1;2;0;1;0;1;0;1;3;1;0;0;0;1;0;0;0;7;4;3;5;3;1;2;1;6;4;4;2;2;4;3;5;4;5;3;4;2;3;5;1;4;2;4;3;4;2;3;3;5;5;5;2;1;3;3;2;2;2;2;2;4;3;2;2;2;3;3;3;3;-1;-1;6;6;5;6;1;1;863.23640822
330;2024Q2;ES705A1;ES705;1;1;32;1;1;1;5;10;-1;-1;-1;6;-1;-1;-1;60;9;-1;6;-1;-1;2;0;1;0;1;1;0;3;0;0;1;0;1;0;0;0;7;2;2;-1;2;2;2;2;6;2;2;2;2;2;2;2;2;2;4;4;4;4;4;4;4;4;4;2;2;2;4;4;4;4;2;2;2;4;3;3;2;1;4;4;4;4;2;2;2;2;4;1;1;2;4;6;6;1;6;3;3;278.7341572
331;2024Q2;ES705A1;ES705;6;2;54;1;1;1;8;10;-1;-1;-1;1;-1;1;4;-1;-1;-1;-1;-1;-1;3;0;0;1;0;2;0;3;1;1;1;0;0;0;0;0;2;3;2;3;5;5;5;3;6;5;5;5;5;4;4;4;4;4;4;4;4;4;4;2;3;4;4;4;4;4;4;4;2;4;2;3;4;4;4;4;4;4;3;3;3;4;-7;3;3;3;3;2;3;-1;-1;6;6;1;6;3;1;633.89546182
332;2024Q2;ES705A1;ES705;1;1;42;1;1;1;7;10;-1;-1;-1;6;-1;-1;-1;38;1;5;-1;-1;-1;2;0;1;1;2;0;0;4;1;0;0;1;0;1;0;0;2;2;1;4;2;2;1;2;6;2;2;2;2;2;2;2;2;2;2;2;2;2;2;2;2;2;2;2;2;2;2;2;2;2;2;2;2;2;2;2;2;2;2;2;2;2;2;2;2;2;2;3;2;-1;-1;6;6;1;6;-3;1;976.59084946
333;2024Q2;ES705A1;ES705;6;2;38;1;1;1;7;1;6;1;9;6;-1;-1;-1;40;1;3;-1;-1;-1;2;0;2;0;2;0;0;4;2;0;0;0;0;0;0;0;2;3;2;3;3;3;3;2;6;4;4;2;4;4;4;4;2;4;2;2;2;4;4;2;2;2;2;2;2;2;2;2;2;2;2;2;2;2;3;2;2;4;3;2;2;2;2;2;2;2;2;2;2;-1;-1;6;6;1;6;2;3;863.23640822
334;2024Q2;ES705A1;ES705;6;2;24;1;1;1;9;1;6;2;2;6;-1;-1;-1;64;5;-1;-1;1;8;3;0;0;1;0;2;0;3;2;0;0;0;1;0;0;0;2;7;5;-1;5;3;3;2;6;2;2;4;3;2;4;5;2;5;2;5;2;4;4;2;2;3;1;1;2;3;4;5;5;5;5;1;1;2;3;3;2;2;2;3;3;3;2;3;2;2;2;1;1;5;4;1;1;1;6;-3;1;1732.907591
335;2024Q2;ES705A1;ES705;6;2;60;1;1;1;3;10;-1;-1;-1;6;-1;-1;-1;62;5;-1;-1;1;2;4;0;0;0;2;2;0;4;1;1;0;1;1;0;0;0;2;4;2;2;5;5;5;3;6;-9;-9;-9;-9;-9;-9;-9;-9;-9;-9;-9;-9;-9;-9;-9;-9;-9;-9;-9;-9;-9;-9;-9;-9;-9;-9;-9;-9;-7;-7;-7;-7;-7;-7;-7;-7;-7;-7;-7;-7;-7;-7;2;-9;-1;-1;-9;-9;5;-9;-7;-9;557.4683144
336;2024Q2;ES705A1;ES705;6;2;59;1;1;1;7;10;-1;-1;-1;6;-1;-1;-1;61;5;-1;-1;1;8;3;0;0;1;0;2;0;3;0;0;1;1;1;0;0;0;2;4;3;5;4;4;4;2;6;4;5;3;4;5;2;4;4;4;3;3;4;1;3;3;3;4;3;3;3;3;3;3;3;3;3;3;3;4;3;4;4;4;3;3;3;3;3;3;3;3;3;2;2;-1;-1;6;6;1;6;-3;3;418.1012358
337;2024Q2;ES705A1;ES705;6;2;58;2;1;5;5;2;6;2;9;1;-1;-1;-1;-1;-1;-1;-1;-1;-1;2;0;0;0;0;2;0;2;1;0;0;0;1;0;0;0;4;4;4;6;4;3;3;3;1;4;4;3;4;4;4;4;4;4;3;3;5;4;2;4;4;4;4;2;4;3;4;4;2;2;4;4;4;5;5;5;2;2;3;5;5;3;5;5;5;3;3;2;2;-1;-1;6;6;5;6;4;1;911.14608279
338;2024Q2;ES705A1;ES705;6;-9;44;1;1;1;10;10;-1;-1;-1;6;-1;-1;-1;45;1;3;-1;-1;-1;2;0;4;0;1;1;0;6;1;0;0;1;0;0;0;0;2;7;3;2;5;4;5;4;1;5;5;1;5;5;2;2;4;1;5;1;5;1;1;5;5;5;5;5;5;5;5;1;1;1;1;4;4;4;2;3;2;3;2;2;3;4;3;3;1;2;1;2;3;-1;-1;6;6;1;1;3;2;278.7341572
339;2024Q2;ES705A1;ES705;6;2;41;1;1;5;6;1;6;2;2;6;-1;-1;-1;47;1;5;-1;-1;-1;2;0;1;0;1;1;0;3;2;0;0;0;0;0;0;0;2;3;2;5;4;4;2;2;6;3;3;2;4;4;3;5;4;3;3;3;3;3;4;3;4;3;3;3;3;3;4;3;4;3;4;3;2;4;-3;4;3;4;3;2;4;4;-3;-3;-3;-3;-3;1;1;2;1;6;6;5;6;-3;1;863.23640822
340;2024Q2;ES705A1;ES705;6;2;63;1;1;1;10;14;-1;-1;-1;1;1;1;2;-1;-1;-1;-1;-1;-1;2;0;0;0;0;1;1;2;0;0;0;0;1;0;1;0;4;5;5;1;4;5;3;2;1;2;2;4;4;2;4;5;2;5;3;4;4;3;4;4;3;2;2;4;4;4;4;4;5;5;5;2;3;2;3;3;2;3;2;3;3;1;3;2;1;3;2;1;1;3;4;1;6;1;6;3;1;2856.1518678
341;2024Q2;ES705A1;ES705;6;2;32;1;1;5;8;1;6;2;5;6;-1;-1;-1;68;5;-1;-1;1;3;4;0;0;1;2;0;1;4;1;0;0;2;1;0;0;0;6;5;3;3;5;5;5;2;6;5;5;-9;5;5;4;5;5;4;4;4;4;-9;-9;4;4;4;4;4;4;4;4;3;5;4;-9;-9;4;4;4;4;3;3;2;2;-3;3;-3;-3;-3;-3;2;2;2;-1;-1;6;6;5;6;2;-9;2310.5434546
342;2024Q2;ES705A1;ES705;6;2;20;1;1;1;3;2;6;2;5;1;-1;-1;-1;-1;-1;-1;-1;-1;-1;4;0;0;2;1;0;1;4;2;0;0;0;1;1;0;0;6;1;1;5;4;3;3;1;6;4;4;4;4;4;3;4;3;4;3;4;3;3;4;3;3;3;4;3;4;3;4;2;3;3;3;3;3;4;4;4;3;4;3;4;4;4;4;4;4;4;3;3;2;-1;-1;6;6;1;6;4;1;2310.5434546
343;2024Q2;ES705A1;ES705;1;1;64;2;1;5;10;2;6;2;2;1;-1;-1;-1;-1;-1;-1;-1;-1;-1;2;0;0;0;1;1;0;2;2;0;0;0;0;0;0;0;6;7;6;2;5;5;3;1;6;5;4;4;4;4;3;4;4;3;4;3;4;3;2;4;4;4;3;4;4;4;4;3;3;3;3;-9;4;4;4;4;5;4;3;4;-3;3;-3;-3;3;-3;-3;1;2;-1;-1;1;6;5;6;3;1;1660.2442566
344;2024Q2;ES705A1;ES705;1;1;76;1;1;1;8;12;-1;-1;-1;1;-1;1;4;-1;-1;-1;-1;-1;-1;2;0;0;0;0;1;1;2;0;0;0;1;1;0;0;0;6;5;5;3;4;4;4;3;6;4;4;4;4;4;4;4;4;4;4;4;4;2;3;4;4;4;4;4;4;5;4;4;2;2;2;2;5;3;4;4;4;4;4;5;5;2;3;3;3;3;2;3;2;-1;-1;1;1;1;6;-3;1;2577.0845529
345;2024Q2;ES705A1;ES705;6;2;76;2;1;5;6;12;-1;-1;-1;1;-1;1;3;-1;-1;-1;-1;-1;-1;1;0;0;0;0;0;1;1;0;0;0;0;1;0;0;0;1;5;6;3;4;3;3;3;6;4;4;4;4;4;4;4;4;2;4;4;4;2;2;4;3;4;3;4;4;4;4;2;2;2;2;2;3;3;3;4;4;4;4;3;3;3;3;3;3;3;3;2;3;-1;-1;6;6;5;6;1;-9;1971.8096962
346;2024Q2;ES705A1;ES705;6;2;33;1;1;3;10;7;-1;-1;2;6;-1;-1;-1;35;1;1;-1;-1;-1;2;1;0;0;2;0;0;3;1;1;0;0;0;0;0;0;2;7;5;1;5;5;4;2;6;4;2;1;4;2;5;5;4;4;1;3;2;4;3;3;4;2;3;3;4;4;4;4;4;4;4;2;3;1;2;2;2;4;1;2;-3;-3;-3;1;2;3;2;1;1;2;4;1;1;3;6;4;1;1155.2717273
347;2024Q2;ES705A1;ES705;1;1;59;2;1;5;6;10;-1;-1;-1;1;-1;1;8;-1;-1;-1;-1;-1;-1;1;0;0;0;0;1;0;1;0;0;1;0;0;0;0;0;1;2;3;5;4;4;4;3;6;4;4;4;4;4;4;5;4;4;4;5;2;4;2;4;4;4;4;4;4;4;4;4;4;4;4;4;4;4;4;4;4;4;5;4;2;4;4;4;1;4;4;3;2;-1;-1;6;6;5;6;-3;1;454.11179474
348;2024Q2;ES705A1;ES705;6;2;76;1;1;5;8;12;-1;-1;-1;1;-1;1;3;-1;-1;-1;-1;-1;-1;1;0;0;0;0;0;1;1;0;0;0;0;1;0;0;0;1;4;6;3;5;5;3;1;6;5;4;3;4;4;2;4;3;2;3;3;2;4;2;4;4;4;2;2;4;4;4;2;4;2;4;3;2;3;3;3;2;4;3;3;-3;4;3;3;3;-3;4;2;2;-1;-1;6;6;5;6;1;-9;1971.8096962
349;2024Q2;ES705A1;ES705;6;2;58;1;1;1;10;2;6;2;2;1;-1;-1;-1;-1;-1;-1;-1;-1;-1;1;0;0;0;0;1;0;1;1;0;0;0;0;0;0;0;1;6;6;1;5;5;2;3;6;3;3;4;4;3;4;4;3;4;3;4;2;4;4;3;2;4;3;4;4;4;2;2;2;4;2;-9;2;3;4;4;3;3;3;3;4;-3;-3;-3;3;4;4;1;1;5;3;1;6;1;6;3;1;455.5730414
350;2024Q2;ES705A1;ES705;1;1;73;2;1;5;8;12;-1;-1;-1;1;-1;1;1;-1;-1;-1;-1;-1;-1;2;0;0;0;0;0;2;2;0;0;0;0;2;0;0;0;4;6;5;1;5;5;4;1;6;4;3;2;4;4;5;5;3;4;2;4;2;4;4;4;2;4;2;2;4;4;4;4;4;4;4;2;2;5;3;4;2;3;3;3;4;3;3;3;3;3;2;1;1;3;4;1;1;5;6;-3;1;2577.0845529
351;2024Q2;ES705A1;ES705;1;1;30;1;1;1;7;10;-1;-1;-1;1;-1;1;5;-1;-1;-1;-1;-1;-1;1;0;0;0;1;0;0;1;0;0;0;1;0;0;0;0;1;1;2;5;4;4;3;1;6;4;4;4;4;2;3;4;4;4;4;1;4;2;3;4;4;4;4;2;2;4;4;2;4;4;2;2;2;5;5;2;3;3;5;5;5;5;5;5;4;2;-3;2;2;-1;-1;1;6;1;6;-3;3;139.3670786
352;2024Q2;ES705A1;ES705;1;1;28;1;1;1;10;11;-1;-1;-1;6;-1;-1;-1;57;1;2;-1;-1;-1;2;0;0;0;1;1;0;2;1;0;0;1;0;0;0;0;6;3;3;2;4;4;3;3;6;4;3;2;4;3;4;4;2;4;4;5;2;3;4;3;4;3;5;5;3;1;3;4;4;5;4;2;1;3;3;4;1;2;3;1;2;2;3;3;1;3;1;1;1;1;4;1;6;1;6;4;1;278.7341572
353;2024Q2;ES705A1;ES705;6;2;73;1;1;1;5;14;-1;-1;-1;6;-1;-1;-1;76;5;-1;-1;2;7;2;0;0;0;0;0;2;2;0;0;0;0;1;0;1;0;4;3;3;4;4;4;4;4;6;4;4;-9;4;4;4;4;4;4;4;2;4;4;2;4;4;4;2;2;2;4;4;2;4;2;2;-9;-9;4;4;4;4;4;4;4;-3;4;-3;4;4;4;4;3;2;-1;-1;1;6;1;6;-3;-9;3943.6193925
354;2024Q2;ES705A1;ES705;1;1;22;3;1;4;4;7;-1;-1;3;6;-1;-1;-1;66;1;2;-1;-1;-1;2;0;0;1;0;0;1;2;1;1;0;0;0;0;0;0;6;5;5;1;5;5;3;2;6;-9;-9;-9;4;4;2;4;4;4;4;4;4;4;2;4;4;4;3;3;3;4;4;2;2;3;3;3;4;3;3;3;3;3;2;2;3;3;2;2;3;3;3;2;1;2;3;1;6;3;6;2;3;872.56659415
355;2024Q2;ES705A1;ES705;6;2;45;1;1;5;10;1;6;1;3;6;-1;-1;-1;74;5;-1;-1;1;2;2;0;0;0;0;1;1;2;1;0;0;0;1;0;0;0;6;4;4;1;5;5;4;3;1;4;4;4;4;4;4;5;2;5;2;1;4;2;4;2;2;2;2;4;2;4;3;5;5;4;4;4;2;4;3;5;4;4;3;1;4;2;2;2;1;2;3;2;1;1;3;1;1;5;6;5;1;1256.3406678
356;2024Q2;ES705A1;ES705;1;1;59;1;1;1;5;15;-1;-1;-1;1;1;1;-9;-1;-1;-1;-1;-1;-1;3;0;0;0;1;2;0;3;0;1;0;0;1;0;0;1;2;4;3;-1;4;3;4;3;-9;-9;5;-9;5;-9;-9;-9;-9;3;-9;3;3;3;3;-9;3;3;2;2;3;3;-9;2;3;-9;-9;3;2;4;4;4;4;4;4;4;-7;-7;-7;-7;-7;-7;-7;3;-9;-1;-1;-9;6;5;6;-3;-9;4167.4845564
357;2024Q2;ES705A1;ES705;1;1;20;3;1;5;6;13;-1;-1;-1;6;-1;-1;-1;45;4;-1;-1;-1;-1;5;0;0;2;2;1;0;5;1;0;1;0;1;1;1;0;2;4;2;-1;4;5;3;2;6;2;4;4;5;4;2;4;4;5;4;4;2;2;2;4;2;4;4;4;4;4;4;2;2;2;4;4;4;4;4;2;4;4;2;4;2;4;2;3;3;2;4;2;3;-1;-1;6;6;5;6;1;1;4976.6134379
358;2024Q2;ES705A1;ES705;6;2;62;1;1;1;5;10;-1;-1;-1;1;-1;1;4;-1;-1;-1;-1;-1;-1;1;0;0;0;0;1;0;1;0;0;1;0;0;0;0;0;1;2;4;3;5;4;4;4;6;4;4;4;4;4;4;3;4;2;4;2;3;4;2;3;4;4;3;3;4;4;4;2;2;2;2;3;2;3;3;3;3;3;2;2;3;3;2;2;2;3;2;1;-9;-1;-1;1;6;1;6;4;3;139.3670786
359;2024Q2;ES705A1;ES705;1;1;25;1;1;1;8;1;6;2;-9;-9;-1;-1;-1;-1;-1;-1;-1;-1;-1;2;0;0;0;1;1;0;2;1;0;1;0;0;0;0;0;6;-9;-9;-1;3;4;3;4;1;3;4;3;3;4;3;4;3;3;3;4;3;3;3;3;3;2;3;3;3;3;3;3;3;3;3;3;3;3;4;4;3;3;3;3;3;3;3;3;3;3;3;2;-9;-1;-1;-9;-9;4;-9;-7;-9;872.56659415
360;2024Q2;ES705A1;ES705;1;1;51;1;1;1;8;1;6;1;4;6;-1;-1;-1;47;1;2;-1;-1;-1;2;0;1;0;0;2;0;3;2;0;0;0;0;0;0;0;2;6;5;1;5;5;5;2;6;5;5;4;5;5;3;5;4;5;4;4;4;3;2;5;5;4;4;5;5;5;5;4;5;4;4;1;2;3;3;3;3;5;1;3;3;3;3;3;1;3;2;2;3;-1;-1;6;6;1;6;2;1;1633.7704922
361;2024Q2;ES705A1;ES705;1;1;31;1;1;1;6;2;6;2;-9;6;-1;-1;-1;72;5;-1;-1;1;-9;2;0;0;0;1;0;1;2;1;0;0;0;1;0;0;0;6;-9;-9;-1;3;3;3;3;6;3;3;3;3;3;3;3;3;3;3;3;3;3;3;3;3;3;3;3;3;3;3;3;3;3;3;3;3;4;4;4;4;4;4;4;4;4;4;4;4;4;4;2;-9;-1;-1;-9;-9;5;-9;-7;-9;872.56659415
362;2024Q2;ES705A1;ES705;6;2;51;3;1;5;5;14;-1;-1;-1;1;1;2;5;-1;-1;-1;-1;-1;-1;2;0;0;0;0;2;0;2;0;0;0;0;1;0;1;0;8;4;4;3;4;3;3;3;6;4;4;4;4;4;4;4;4;2;4;2;4;-9;2;4;4;5;4;4;4;4;5;2;2;2;2;4;-9;3;4;4;4;3;4;4;-3;4;-3;4;-3;3;4;2;2;-1;-1;6;6;5;6;1;2;3201.3464528
363;2024Q2;ES705A1;ES705;1;1;30;3;1;3;6;10;-1;-1;-1;1;-1;1;9;-1;-1;-1;-1;-1;-1;1;0;0;0;1;0;0;1;0;0;1;0;0;0;0;0;1;2;4;6;3;3;3;3;6;4;4;4;5;4;4;4;4;4;4;4;4;2;4;2;4;4;4;4;4;4;4;2;2;2;2;4;4;4;4;4;4;4;4;4;4;3;4;4;4;4;4;2;2;-1;-1;1;1;3;6;1;3;139.3670786
364;2024Q2;ES705A1;ES705;6;2;61;3;1;5;5;10;-1;-1;-1;1;-1;1;9;-1;-1;-1;-1;-1;-1;2;0;0;0;1;1;0;2;1;0;1;0;0;0;0;0;8;3;3;6;3;3;2;2;6;4;4;2;4;4;4;4;4;2;4;2;4;2;1;3;4;4;4;4;4;4;4;2;4;4;4;4;2;2;2;3;2;2;2;2;2;3;2;3;2;2;3;2;3;-1;-1;6;6;5;6;1;2;278.7341572
365;2024Q2;ES705A1;ES705;1;1;58;1;1;1;8;12;-1;-1;-1;1;-1;1;3;-1;-1;-1;-1;-1;-1;1;0;0;0;0;1;0;1;0;0;0;0;1;0;0;0;1;6;6;2;4;4;4;2;6;2;2;3;3;2;4;4;3;4;1;4;2;4;4;2;1;2;3;1;2;4;4;5;5;5;5;5;5;2;2;2;2;4;2;1;2;3;1;1;2;2;2;2;3;-1;-1;6;6;5;6;-3;-9;1389.1615188
366;2024Q2;ES705A1;ES705;6;2;42;1;1;1;5;1;6;2;9;1;-1;-1;-1;-1;-1;-1;-1;-1;-1;4;0;1;1;2;1;0;5;4;0;0;0;0;0;0;0;2;7;4;6;4;3;3;3;1;3;4;3;4;4;5;5;4;4;3;4;4;4;2;3;3;4;4;4;4;3;3;2;2;3;3;3;4;3;4;3;4;4;4;4;3;3;-7;4;1;4;-7;2;3;-1;-1;6;6;1;6;1;1;1726.4728164
367;2024Q2;ES705A1;ES705;6;2;66;1;1;1;5;12;-1;-1;-1;6;-1;-1;-1;65;5;-1;-1;1;5;2;0;0;0;0;0;2;2;0;0;0;0;2;0;0;0;4;4;4;5;4;3;3;3;6;4;5;4;5;5;5;5;4;4;4;4;4;1;2;4;5;4;4;4;4;4;4;4;5;4;4;2;2;3;4;4;4;4;4;2;3;3;3;3;3;3;3;3;1;2;3;1;6;5;6;-3;1;3943.6193925
368;2024Q2;ES705A1;ES705;6;2;30;1;1;1;10;1;6;2;-9;6;-1;-1;-1;63;1;-9;-1;-1;-1;4;0;0;0;2;1;1;4;3;0;0;0;1;0;0;0;2;2;1;-1;2;3;2;1;6;4;2;3;2;3;3;3;2;4;2;3;3;3;3;3;3;3;3;3;3;3;3;3;3;3;3;3;3;4;3;3;3;4;3;3;4;3;4;4;2;3;3;2;2;-1;-1;6;6;1;6;4;1;2310.5434546
369;2024Q2;ES705A1;ES705;6;2;35;1;1;1;10;10;-1;-1;-1;1;-1;1;9;-1;-1;-1;-1;-1;-1;1;0;0;0;1;0;0;1;0;0;1;0;0;0;0;0;1;2;3;6;5;4;3;1;6;2;2;1;4;4;5;5;2;4;1;5;2;4;5;4;1;2;1;1;1;4;4;5;4;3;4;2;1;4;3;2;1;2;2;2;2;2;2;2;1;2;1;2;2;-1;-1;1;6;5;6;3;1;139.3670786
370;2024Q2;ES705A1;ES705;1;1;27;1;1;1;5;1;6;2;5;6;-1;-1;-1;70;2;8;-1;-1;-1;3;0;0;0;1;0;2;3;1;1;0;0;1;0;0;0;8;4;3;5;4;3;3;3;6;4;5;2;5;5;3;4;4;2;2;2;2;2;2;3;2;3;1;3;4;4;5;1;1;3;3;3;2;2;2;3;2;3;4;4;3;3;3;3;1;3;3;2;2;-1;-1;6;6;1;6;1;1;1308.8498912
371;2024Q2;ES705A1;ES705;6;2;23;1;1;1;6;1;6;2;5;1;-1;-1;-1;-1;-1;-1;-1;-1;-1;2;0;0;1;0;1;0;2;1;0;0;0;1;0;0;0;6;5;5;5;3;3;2;1;6;2;3;2;4;2;4;5;4;4;1;4;2;4;4;4;3;2;1;1;4;3;4;5;5;5;5;2;1;1;4;4;1;4;4;3;3;3;1;4;1;3;1;3;1;5;2;1;6;1;6;3;1;1155.2717273
372;2024Q2;ES705A1;ES705;6;2;59;1;1;1;1;10;-1;-1;-1;1;-1;1;9;-1;-1;-1;-1;-1;-1;1;0;0;0;0;1;0;1;0;0;0;1;0;0;0;0;1;1;1;6;2;2;3;3;6;5;4;4;2;4;4;-9;4;4;4;-9;4;-9;4;2;4;4;-9;4;2;2;2;2;4;4;4;4;4;4;2;3;3;3;3;3;3;3;3;3;3;3;3;3;3;-1;-1;6;6;1;6;1;3;139.3670786
373;2024Q2;ES705A1;ES705;1;1;67;3;1;5;4;1;6;1;5;1;-1;-1;-1;-1;-1;-1;-1;-1;-1;1;0;0;0;0;0;1;1;1;0;0;0;0;0;0;0;1;3;5;5;2;2;2;2;6;4;2;2;2;2;2;2;2;2;2;-9;2;2;2;2;2;2;2;2;2;2;2;2;2;4;4;2;4;2;2;2;2;2;2;2;2;2;2;2;2;2;2;2;1;5;4;1;1;5;6;3;2;729.50288595
374;2024Q2;ES705A1;ES705;6;2;44;1;1;1;9;1;1;1;5;6;-1;-1;-1;78;5;-1;-1;1;3;3;0;0;0;1;1;1;3;2;0;0;0;1;0;0;0;8;4;3;3;4;4;4;3;6;4;4;2;4;4;2;4;4;4;2;4;4;2;2;4;4;4;4;4;4;4;4;2;4;4;4;4;2;4;3;4;3;4;1;3;3;4;3;4;3;3;4;2;3;-1;-1;6;6;1;6;3;3;1294.8546123
375;2024Q2;ES705A1;ES705;6;2;45;1;1;1;9;2;6;2;2;1;-1;-1;-1;-1;-1;-1;-1;-1;-1;1;0;1;0;0;1;0;2;1;0;0;0;0;0;0;0;6;5;5;1;5;5;4;1;6;2;4;4;4;1;5;5;3;3;3;2;3;4;4;3;2;3;3;3;3;4;4;4;3;3;3;3;1;2;2;2;2;3;2;2;2;3;3;3;1;2;2;1;2;-1;-1;6;6;5;6;-3;1;628.1703339
376;2024Q2;ES705A1;ES705;6;2;29;1;1;1;9;1;1;2;-9;6;-1;-1;-1;57;1;-9;-1;-1;-1;4;0;0;0;2;2;0;4;3;1;0;0;0;0;0;0;5;-9;-9;-1;5;5;4;3;6;4;3;-9;4;3;-9;4;4;-9;-9;-9;4;-9;-9;4;4;4;4;3;3;5;5;3;-9;-9;-9;-9;-9;4;-3;4;-3;-3;-3;-3;-3;4;-3;-3;-3;-3;-3;2;-9;-1;-1;-9;6;1;6;-3;-9;2310.5434546
377;2024Q2;ES705A1;ES705;6;2;28;1;1;5;9;1;6;2;4;1;-1;-1;-1;-1;-1;-1;-1;-1;-1;2;0;0;0;2;0;0;2;2;0;0;0;0;0;0;0;9;5;5;3;3;3;3;3;6;2;2;2;2;2;4;5;2;5;1;5;2;4;4;2;1;1;1;1;3;3;4;5;4;5;5;4;4;2;3;2;1;3;3;3;3;2;3;3;1;2;2;2;1;2;1;1;6;5;6;1;1;1155.2717273
378;2024Q2;ES705A1;ES705;6;2;42;3;1;5;6;10;-1;-1;-1;1;-1;1;3;-1;-1;-1;-1;-1;-1;1;0;1;0;1;0;0;2;0;0;1;0;0;0;0;0;6;2;2;3;4;4;4;2;6;4;4;4;4;4;4;4;4;4;4;4;4;4;4;4;4;4;4;4;4;4;4;2;2;4;4;2;2;3;3;3;3;5;4;3;3;3;3;3;4;4;4;2;2;-1;-1;6;6;5;6;1;3;139.3670786
379;2024Q2;ES705A1;ES705;1;1;73;2;1;5;6;12;-1;-1;-1;1;-1;1;4;-1;-1;-1;-1;-1;-1;3;0;0;0;0;0;3;3;0;0;0;0;2;0;1;0;5;6;4;3;3;3;2;3;6;4;5;4;4;4;4;4;2;4;4;2;2;4;4;4;4;4;2;4;4;4;4;2;2;2;4;2;2;2;2;2;2;2;1;2;2;2;2;3;3;2;3;3;1;3;4;1;1;5;6;3;1;3865.6268293
380;2024Q2;ES705A1;ES705;1;1;65;2;1;5;6;2;6;2;5;1;-1;-1;-1;-1;-1;-1;-1;-1;-1;1;0;0;0;0;0;1;1;1;0;0;0;0;0;0;0;1;4;6;5;5;5;4;3;6;2;2;2;4;5;4;4;4;4;1;5;1;5;5;4;2;4;5;5;4;5;5;4;1;5;5;1;2;2;2;3;1;3;3;3;4;2;1;1;1;3;3;3;1;5;3;1;1;5;6;-3;1;729.50288595
381;2024Q2;ES705A1;ES705;1;1;50;2;1;5;6;1;1;2;-9;1;-1;-1;-1;-1;-1;-1;-1;-1;-1;2;0;0;0;1;1;0;2;2;0;0;0;0;0;0;0;4;7;6;-1;4;5;4;1;6;2;2;4;3;4;5;5;3;5;1;5;1;5;4;3;2;3;2;3;2;2;2;3;5;4;4;2;2;2;3;1;2;2;2;1;2;2;1;1;1;2;1;1;2;-1;-1;6;6;5;6;4;1;1633.7704922
382;2024Q2;ES705A1;ES705;6;2;80;1;1;1;5;14;-1;-1;-1;1;6;-1;-1;-1;-1;-1;-1;-1;-1;2;0;0;0;0;1;1;2;1;0;0;0;0;0;1;0;6;4;4;-1;3;3;2;2;6;2;5;-9;-9;5;4;4;-9;5;2;5;3;4;4;2;2;1;2;1;3;1;5;-9;5;5;4;1;1;2;2;-3;3;2;1;2;-3;-3;-3;3;1;-3;-3;3;-9;-1;-1;6;6;1;1;-3;2;3943.6193925
383;2024Q2;ES705A1;ES705;1;1;58;1;1;1;7;2;6;1;9;-9;-1;-1;-1;-1;-1;-1;-1;-1;-1;5;0;0;2;1;2;0;5;2;0;0;0;0;3;0;0;2;-9;-9;-1;5;5;4;2;6;4;2;2;2;4;5;5;2;5;3;5;2;2;3;2;4;4;1;2;2;2;2;2;4;4;3;3;4;2;2;3;2;2;3;2;2;4;1;2;1;2;1;2;3;-1;-1;6;6;1;6;1;1;4150.6106415
384;2024Q2;ES705A1;ES705;1;1;33;1;1;5;6;2;6;2;5;1;-1;-1;-1;-1;-1;-1;-1;-1;-1;2;0;1;0;2;0;0;3;2;0;0;0;0;0;0;0;2;7;5;3;5;5;4;1;6;5;5;5;5;5;4;4;4;3;4;3;4;2;2;4;5;5;4;5;3;5;5;3;2;4;2;-9;4;3;4;2;4;4;4;5;-3;-3;-3;-3;1;-3;-3;2;3;-1;-1;-9;6;5;6;3;1;872.56659415
385;2024Q2;ES705A1;ES705;6;2;80;1;1;1;2;16;-1;-1;-1;1;6;-1;-1;-1;-1;-1;-1;-1;-1;1;0;0;0;0;0;1;1;0;0;0;0;1;0;0;0;1;2;3;-1;5;5;4;1;6;4;4;4;4;4;4;4;4;2;4;4;5;1;1;-9;4;4;2;4;5;5;5;2;4;4;4;4;4;3;4;4;4;4;3;3;4;4;3;4;3;4;4;3;1;2;-9;6;1;4;6;-3;1;1971.8096962
386;2024Q2;ES705A1;ES705;1;1;74;1;1;1;8;12;-1;-1;-1;1;-1;1;5;-1;-1;-1;-1;-1;-1;3;0;0;0;1;0;2;3;0;0;0;0;3;0;0;0;2;5;4;5;2;4;3;2;6;4;5;4;2;4;2;4;2;4;2;5;2;2;2;2;4;4;5;2;2;5;4;2;4;4;4;4;2;4;2;4;3;4;4;3;4;3;3;3;3;3;4;2;1;5;4;1;1;5;6;3;1;3865.6268293
387;2024Q2;ES705A1;ES705;1;1;36;3;1;5;10;2;6;1;2;1;-1;-1;-1;-1;-1;-1;-1;-1;-1;3;1;1;0;2;0;1;5;1;1;0;0;1;0;0;0;3;7;4;1;5;5;4;5;6;5;5;5;5;5;5;5;4;2;1;5;2;1;5;4;4;5;3;5;5;5;5;1;4;5;4;1;1;1;1;1;1;2;1;2;1;3;-3;-3;1;1;1;2;3;-1;-1;6;6;5;6;5;1;2592.9172748
388;2024Q2;ES705A1;ES705;6;2;58;1;1;1;6;10;-1;-1;-1;1;-1;1;5;-1;-1;-1;-1;-1;-1;1;0;0;0;0;1;0;1;0;0;1;0;0;0;0;0;1;2;3;5;4;4;3;1;6;3;4;4;4;4;4;4;4;4;4;3;4;2;2;4;4;4;2;4;2;4;4;2;5;4;2;-9;4;3;4;3;4;4;4;3;-3;-3;-3;-3;-3;-3;-3;2;1;3;3;6;6;5;1;4;1;139.3670786
389;2024Q2;ES705A1;ES705;6;2;38;1;1;1;10;7;-1;-1;2;1;-1;-1;-1;-1;-1;-1;-1;-1;-1;1;1;0;0;1;0;0;2;0;1;0;0;0;0;0;0;6;2;2;1;4;4;4;3;6;4;4;3;4;4;4;3;4;4;3;4;3;3;4;4;3;4;4;4;3;4;4;3;3;5;5;3;3;4;3;4;3;4;3;3;-3;4;3;3;3;3;3;1;2;-1;-1;6;6;1;6;3;1;431.61820411
390;2024Q2;ES705A1;ES705;1;1;66;3;3;5;6;7;-1;-1;3;1;-1;-1;-1;-1;-1;-1;-1;-1;-1;3;0;0;0;1;1;1;3;1;1;1;0;0;0;0;0;2;5;4;3;4;4;4;4;6;3;2;2;2;2;4;4;2;4;2;4;2;4;3;2;2;2;2;2;2;2;2;4;4;4;4;2;2;3;3;3;3;3;3;3;3;3;3;3;3;3;3;1;1;2;2;1;6;5;1;4;3;3868.5886052
391;2024Q2;ES705A1;ES705;6;2;41;1;1;1;9;2;1;2;2;1;-1;-1;-1;-1;-1;-1;-1;-1;-1;1;0;2;0;1;0;0;3;1;0;0;0;0;0;0;0;6;5;4;2;3;3;3;2;6;1;1;1;2;1;5;5;1;5;1;5;1;5;5;2;1;1;2;1;4;2;1;5;5;5;5;1;1;-7;-7;-7;1;4;1;1;1;3;1;1;1;1;1;1;3;-1;-1;6;6;1;6;5;1;431.61820411
392;2024Q2;ES705A1;ES705;1;1;54;1;1;1;9;10;-1;-1;-1;6;-1;-1;-1;80;7;-1;6;-1;-1;3;0;0;0;0;1;2;3;0;0;0;1;0;0;2;0;8;4;3;-1;5;5;4;2;6;5;5;4;5;5;3;4;3;3;4;3;4;3;2;4;4;4;4;4;4;5;5;2;3;3;3;4;4;3;3;2;3;4;3;3;3;2;2;2;2;3;3;1;1;5;3;1;6;1;6;3;1;1322.6247376
393;2024Q2;ES705A1;ES705;6;2;40;2;1;4;10;1;1;2;1;1;-1;-1;-1;-1;-1;-1;-1;-1;-1;2;1;1;0;2;0;0;4;1;1;0;0;0;0;0;0;2;7;6;1;3;3;2;1;6;2;3;2;2;2;4;4;2;5;2;5;3;2;4;2;2;2;2;2;2;2;3;4;3;4;3;3;2;3;4;4;3;3;4;5;-3;3;3;-3;2;-3;-3;2;1;3;3;1;1;4;6;5;1;863.23640822
394;2024Q2;ES705A1;ES705;6;2;58;1;1;1;5;10;-1;-1;-1;1;-1;1;5;-1;-1;-1;-1;-1;-1;2;0;0;0;1;1;0;2;0;0;1;1;0;0;0;0;6;1;1;5;5;5;5;3;1;3;4;5;5;5;5;5;1;3;3;4;3;3;1;3;5;4;1;1;1;3;3;5;5;5;3;3;2;3;3;3;2;2;2;1;3;2;1;1;1;1;-3;2;-9;-1;-1;6;6;1;6;-3;1;278.7341572
395;2024Q2;ES705A1;ES705;1;1;26;3;3;4;5;1;6;2;5;1;-1;-1;-1;-1;-1;-1;-1;-1;-1;1;0;0;0;1;0;0;1;1;0;0;0;0;0;0;0;1;3;5;5;3;3;3;2;1;3;3;3;4;3;4;4;4;4;2;4;3;2;2;4;4;3;4;4;4;4;4;2;4;4;4;3;3;3;3;4;3;4;4;4;4;3;3;3;2;3;3;2;2;-1;-1;1;6;4;6;5;1;996.30994619
396;2024Q2;ES705A1;ES705;1;1;28;3;1;5;9;13;-1;-1;-1;6;-1;-1;-1;55;1;9;-1;-1;-1;3;0;0;0;2;1;0;3;2;0;0;0;0;1;0;0;6;3;2;6;4;4;4;-9;6;4;5;-9;4;3;4;5;4;4;3;4;3;-9;4;3;3;2;3;3;3;5;5;2;2;4;2;2;3;4;4;3;1;3;2;2;-3;-3;-3;-3;1;3;-3;3;3;-1;-1;6;6;5;6;1;-9;2985.9680627
397;2024Q2;ES705A1;ES705;6;2;71;1;1;1;6;14;-1;-1;-1;6;-1;-1;-1;73;5;-1;-1;1;4;3;0;0;0;1;0;2;3;1;0;0;0;1;0;1;0;2;6;4;3;5;5;4;3;1;4;4;3;4;3;3;5;3;3;4;3;4;3;2;4;4;4;3;3;3;4;4;3;4;3;3;3;3;4;3;4;4;3;3;4;3;3;4;4;3;3;3;1;2;-1;-1;-9;1;5;6;2;1;5915.4290887
398;2024Q2;ES705A1;ES705;6;2;36;1;1;1;6;1;6;2;4;6;-1;-1;-1;37;1;3;-1;-1;-1;2;0;0;0;2;0;0;2;2;0;0;0;0;0;0;0;4;3;3;3;4;4;4;2;6;3;2;1;4;3;5;5;2;5;2;5;2;4;5;2;2;2;2;1;4;4;3;4;5;5;4;2;1;3;3;4;2;2;3;4;1;3;1;1;1;3;1;3;2;-1;-1;1;6;1;6;4;1;863.23640822
399;2024Q2;ES705A1;ES705;6;2;48;1;1;1;5;10;-1;-1;-1;1;-1;1;5;-1;-1;-1;-1;-1;-1;2;0;1;0;0;2;0;3;0;0;2;0;0;0;0;0;2;2;2;5;5;5;5;1;6;2;4;-9;4;4;4;5;4;3;2;4;2;2;3;4;2;2;2;2;4;4;4;4;2;4;3;4;4;4;2;4;3;-3;3;3;-3;-3;-3;-3;2;3;3;3;3;-1;-1;6;6;5;6;5;1;422.59697455
400;2024Q2;ES705A1;ES705;1;1;58;1;1;1;5;7;-1;-1;8;1;-1;-1;-1;-1;-1;-1;-1;-1;-1;2;0;0;1;0;1;0;2;0;1;0;0;0;1;0;0;6;3;3;-1;5;5;5;5;6;5;5;2;5;4;4;5;4;5;3;4;3;3;3;3;3;3;4;3;2;2;4;3;4;3;4;3;2;3;3;3;1;3;1;1;3;1;3;3;1;1;3;2;3;-1;-1;6;6;1;6;-3;1;1660.2442566
401;2024Q2;ES705A1;ES705;1;1;20;1;1;1;7;1;1;1;4;1;-1;-1;-1;-1;-1;-1;-1;-1;-1;2;0;0;2;0;0;0;2;2;0;0;0;0;0;0;0;4;4;4;3;3;3;3;3;1;3;3;3;3;3;3;3;3;3;4;4;4;4;4;4;4;4;4;4;4;4;4;4;4;4;4;4;4;4;4;4;4;4;4;4;4;4;4;4;4;4;4;2;1;1;1;1;1;3;6;-3;1;872.56659415
402;2024Q2;ES705A1;ES705;1;1;65;2;1;5;6;12;-1;-1;-1;1;-1;1;-9;-1;-1;-1;-1;-1;-1;1;0;0;0;0;0;1;1;0;0;0;0;1;0;0;0;1;5;6;-1;4;5;4;1;6;4;4;3;5;4;3;4;5;5;4;5;3;2;3;4;4;4;2;4;5;4;5;2;4;4;3;2;2;4;5;4;4;5;4;3;-7;4;-7;-3;-3;-3;-3;2;3;-1;-1;6;6;5;6;5;2;1288.5422764
403;2024Q2;ES705A1;ES705;1;1;64;1;1;1;5;7;-1;-1;5;1;-1;-1;-1;-1;-1;-1;-1;-1;-1;1;0;0;0;0;1;0;1;0;1;0;0;0;0;0;0;1;3;5;3;5;5;5;2;6;3;4;3;3;2;4;4;4;2;2;4;2;4;2;3;2;3;2;2;2;4;4;4;4;4;4;3;2;4;4;4;4;3;3;3;2;2;2;2;1;3;3;1;1;5;3;1;1;1;6;5;1;830.12212829
404;2024Q2;ES705A1;ES705;6;2;22;1;1;1;9;1;6;1;5;6;-1;-1;-1;59;1;2;-1;-1;-1;4;0;0;1;1;2;0;4;4;0;0;0;0;0;0;0;2;6;3;2;5;5;5;4;1;2;1;1;4;3;5;5;3;5;1;5;2;3;5;2;1;1;1;1;4;4;4;5;5;5;5;2;2;2;4;3;2;4;4;2;-3;-3;2;2;1;1;1;1;1;1;4;1;6;1;6;5;1;2310.5434546
405;2024Q2;ES705A1;ES705;6;2;25;1;1;1;8;10;-1;-1;-1;6;-1;-1;-1;66;5;-1;-1;2;4;4;0;0;1;1;1;1;4;0;0;0;1;2;1;0;0;8;4;2;3;4;3;3;2;6;4;2;3;4;3;4;4;3;4;2;3;3;4;3;4;4;3;2;2;4;4;4;3;4;3;4;2;2;5;4;4;3;4;3;3;4;4;2;3;1;3;3;2;2;-1;-1;6;6;1;6;5;1;643.05606816
406;2024Q2;ES705A1;ES705;1;1;80;1;1;1;2;12;-1;-1;-1;1;-1;1;3;-1;-1;-1;-1;-1;-1;1;0;0;0;0;0;1;1;0;0;0;0;1;0;0;0;1;2;4;4;3;3;3;2;6;4;4;-9;2;4;4;4;-9;4;4;4;4;4;4;4;4;2;4;4;4;4;4;2;4;4;4;4;4;3;3;3;3;3;3;3;4;4;4;3;3;3;3;3;3;-1;-1;6;6;1;6;-3;1;1288.5422764
407;2024Q2;ES705A1;ES705;6;2;59;2;1;5;9;12;-1;-1;-1;1;-1;1;2;-1;-1;-1;-1;-1;-1;4;0;0;0;2;1;1;4;0;0;0;2;2;0;0;0;2;7;4;-1;5;5;5;1;6;2;1;1;2;2;5;5;1;5;1;5;1;5;5;1;1;2;1;2;1;2;1;5;5;5;5;1;1;-7;1;1;1;1;1;-7;1;1;1;1;1;1;1;1;1;5;3;1;6;5;6;5;1;5712.3037355
408;2024Q2;ES705A1;ES705;6;2;40;1;1;1;9;2;6;2;2;1;-1;-1;-1;-1;-1;-1;-1;-1;-1;2;0;2;0;2;0;0;4;2;0;0;0;0;0;0;0;2;7;5;2;5;5;4;2;6;2;2;2;2;2;4;4;2;4;2;4;2;4;4;2;2;2;2;2;2;2;4;4;4;4;4;2;2;1;4;2;2;2;1;1;2;1;1;1;1;1;1;2;1;5;4;1;1;1;6;5;1;863.23640822
409;2024Q2;ES705A1;ES705;1;1;63;3;1;2;5;10;-1;-1;-1;6;-1;-1;-1;28;1;5;-1;-1;-1;4;0;0;0;2;2;0;4;1;0;1;2;0;0;0;0;3;3;2;4;3;2;2;2;6;4;4;-9;4;4;2;5;4;4;4;4;4;2;2;4;4;4;4;4;4;4;4;2;2;2;4;4;4;4;4;3;4;4;4;4;-3;4;-3;-3;3;-3;4;2;1;1;2;1;6;2;6;4;1;1816.447179
410;2024Q2;ES705A1;ES705;6;2;40;2;1;5;5;1;6;1;5;1;-1;-1;-1;-1;-1;-1;-1;-1;-1;1;0;0;0;1;0;0;1;1;0;0;0;0;0;0;0;1;2;3;5;2;3;2;2;6;2;1;3;2;3;5;5;3;4;1;5;1;4;3;3;2;3;1;1;3;3;3;4;2;4;3;4;1;1;3;1;1;1;5;4;4;5;1;1;1;4;5;1;1;5;1;6;6;5;6;1;1;431.61820411
411;2024Q2;ES705A1;ES705;1;1;47;1;1;1;3;1;6;1;5;1;-1;-1;-1;-1;-1;-1;-1;-1;-1;2;0;0;0;1;1;0;2;1;0;0;0;1;0;0;0;9;3;3;5;3;3;2;1;6;4;4;5;4;1;5;5;2;5;1;5;1;5;3;3;4;4;1;4;4;4;4;3;5;2;3;1;1;-3;-3;-3;-3;-3;-3;1;1;3;1;1;1;1;-3;2;1;5;2;6;6;1;6;3;1;1633.7704922
412;2024Q2;ES705A1;ES705;6;2;52;1;1;1;9;10;-1;-1;-1;1;-1;1;5;-1;-1;-1;-1;-1;-1;2;0;0;0;1;1;0;2;0;0;1;1;0;0;0;0;6;1;1;5;5;5;5;2;6;3;2;3;3;4;4;5;3;4;1;4;4;3;3;3;4;4;2;3;3;4;3;2;4;2;2;3;3;3;3;3;4;5;4;3;3;4;1;3;2;3;3;1;1;5;4;1;6;5;6;5;1;422.59697455
413;2024Q2;ES705A1;ES705;1;1;38;1;1;1;8;10;-1;-1;-1;6;-1;-1;-1;68;5;-1;-1;1;4;2;0;0;0;1;0;1;2;0;0;0;1;1;0;0;0;6;4;4;3;4;4;4;1;6;4;5;5;4;5;4;4;4;4;4;4;2;2;2;4;2;4;4;4;4;4;4;2;2;2;4;4;4;2;2;3;2;3;1;2;1;4;3;3;1;4;3;3;3;-1;-1;6;6;5;6;4;1;976.59084946
414;2024Q2;ES705A1;ES705;6;2;26;1;1;1;10;13;-1;-1;-1;6;-1;-1;-1;63;8;-1;1;1;4;2;0;0;0;1;1;0;2;0;0;0;0;1;1;0;0;6;6;5;3;5;5;5;1;6;2;1;1;4;3;5;5;3;5;1;5;1;2;5;2;4;2;1;2;2;4;4;3;5;5;5;2;2;4;3;2;1;3;3;4;3;3;3;3;1;3;3;2;2;-1;-1;6;6;1;6;5;1;3100.2775123
415;2024Q2;ES705A1;ES705;1;1;31;1;1;1;8;1;6;1;8;6;-1;-1;-1;61;8;-1;1;1;3;2;0;0;0;1;1;0;2;1;0;0;0;1;0;0;0;8;5;5;2;4;3;3;3;1;2;4;4;2;4;4;4;4;4;2;4;4;4;2;4;4;4;4;4;4;4;4;2;2;2;2;2;4;3;3;4;4;4;3;3;2;4;3;3;2;3;3;1;3;-1;-1;6;6;1;6;4;2;872.56659415
416;2024Q2;ES705A1;ES705;1;1;38;2;1;5;10;1;1;1;2;1;-1;-1;-1;-1;-1;-1;-1;-1;-1;3;0;0;0;2;1;0;3;3;0;0;0;0;0;0;0;8;6;4;1;5;5;4;3;6;4;4;5;4;4;4;5;2;2;2;4;2;4;4;2;2;2;2;2;2;4;2;4;4;2;2;2;2;3;3;3;2;3;3;3;3;3;3;3;3;3;3;2;2;-1;-1;6;1;5;6;4;1;2592.9172748
417;2024Q2;ES705A1;ES705;1;1;62;1;1;1;6;1;6;2;8;1;-1;-1;-1;-1;-1;-1;-1;-1;-1;1;0;0;0;0;1;0;1;1;0;0;0;0;0;0;0;1;3;5;5;4;4;3;1;6;5;4;4;4;4;4;4;4;4;4;4;2;4;2;4;4;4;2;2;2;4;4;2;2;2;2;2;2;4;4;3;4;4;3;4;3;3;2;3;3;3;3;2;1;5;1;1;1;1;6;5;1;830.12212829
418;2024Q2;ES705A1;ES705;1;1;43;1;1;1;5;2;1;1;5;1;-1;-1;-1;-1;-1;-1;-1;-1;-1;2;0;2;0;2;0;0;4;2;0;0;0;0;0;0;0;2;6;4;5;5;5;5;3;6;4;5;4;4;4;4;5;2;5;4;5;3;2;2;5;3;5;4;4;4;4;5;1;2;5;1;3;4;4;5;4;4;3;3;3;3;4;4;3;1;4;4;2;2;-1;-1;6;6;3;6;5;1;1728.6115166
419;2024Q2;ES705A1;ES705;1;1;44;1;1;5;6;2;6;2;5;6;-1;-1;-1;49;2;1;-1;-1;-1;2;0;1;0;1;1;0;3;1;1;0;0;0;0;0;0;2;7;5;-1;5;5;3;3;6;3;2;-9;4;3;4;5;4;5;4;4;3;5;3;4;3;2;3;4;4;4;5;4;4;3;3;2;2;2;2;2;2;2;2;2;2;2;2;2;2;2;2;1;2;-1;-1;6;6;5;6;5;1;1728.6115166
420;2024Q2;ES705A1;ES705;6;2;64;1;1;1;10;12;-1;-1;-1;1;-1;1;2;-1;-1;-1;-1;-1;-1;3;0;0;0;1;2;0;3;1;0;0;0;2;0;0;0;8;7;5;1;4;4;4;1;6;4;1;2;4;1;5;5;2;5;4;5;1;1;1;4;1;4;1;1;1;1;1;3;4;5;5;1;1;1;2;2;2;-3;1;2;1;4;1;1;1;1;1;1;1;1;3;1;1;1;6;5;1;4284.2278017
421;2024Q2;ES705A1;ES705;6;2;36;1;1;1;10;2;1;2;2;1;-1;-1;-1;-1;-1;-1;-1;-1;-1;2;0;0;0;2;0;0;2;1;1;0;0;0;0;0;0;4;6;6;1;5;5;3;2;6;4;3;2;4;3;5;5;2;5;2;5;4;5;5;5;2;3;2;2;5;2;4;5;5;5;5;2;2;4;3;4;1;2;2;3;1;-7;1;1;1;2;1;1;1;3;-9;1;1;1;6;5;1;863.23640822
422;2024Q2;ES705A1;ES705;6;2;56;1;1;1;10;2;1;1;2;1;-1;-1;-1;-1;-1;-1;-1;-1;-1;3;0;0;0;0;1;2;3;1;0;0;0;2;0;0;0;8;7;5;1;5;5;5;2;6;3;1;1;4;4;4;5;4;5;3;5;1;5;4;4;2;4;2;2;3;4;4;4;4;5;5;2;2;4;4;4;2;4;2;3;4;4;3;3;2;3;2;1;1;3;2;1;6;1;6;5;1;1366.7191242
423;2024Q2;ES705A1;ES705;1;1;56;1;1;1;6;10;-1;-1;-1;1;-1;1;2;-1;-1;-1;-1;-1;-1;1;0;0;0;0;1;0;1;0;0;1;0;0;0;0;0;1;2;3;1;4;4;4;3;6;5;5;5;4;5;2;4;4;5;4;4;4;4;5;4;4;4;4;4;4;4;4;2;2;4;4;4;4;5;4;4;4;3;3;3;3;3;3;4;3;4;3;2;2;-1;-1;6;6;5;6;4;3;454.11179474
424;2024Q2;ES705A1;ES705;1;1;52;1;1;1;5;1;6;2;8;1;-1;-1;-1;-1;-1;-1;-1;-1;-1;2;0;0;0;1;1;0;2;2;0;0;0;0;0;0;0;4;4;4;5;5;5;4;2;6;5;5;4;4;2;4;4;4;4;4;4;2;2;2;4;2;4;4;4;4;4;4;2;2;2;2;4;4;4;4;4;4;4;4;4;-3;3;-3;-3;-3;-3;-3;2;3;-1;-1;6;6;1;6;4;3;1633.7704922
425;2024Q2;ES705A1;ES705;6;2;52;1;1;1;9;2;6;2;2;1;-1;-1;-1;-1;-1;-1;-1;-1;-1;2;0;1;0;0;2;0;3;1;1;0;0;0;0;0;0;2;7;5;2;4;4;3;2;6;4;5;3;4;4;4;4;3;3;2;3;2;2;2;4;3;2;3;2;3;4;4;2;4;3;4;3;2;3;3;3;3;4;3;3;3;3;-3;-3;-3;-3;3;1;1;5;-9;1;6;5;6;4;-9;1256.3406678
426;2024Q2;ES705A1;ES705;6;2;55;1;1;1;8;2;6;2;2;1;-1;-1;-1;-1;-1;-1;-1;-1;-1;1;0;0;0;0;1;0;1;1;0;0;0;0;0;0;0;1;3;5;2;1;2;2;1;6;1;2;2;1;1;5;5;1;5;1;5;1;5;5;1;1;1;1;1;1;1;1;5;5;5;5;1;1;5;1;1;1;1;1;1;-3;1;1;1;1;1;1;1;1;5;4;6;6;1;1;5;1;455.5730414
427;2024Q2;ES705A1;ES705;1;1;45;1;1;5;6;10;-1;-1;-1;1;-1;1;9;-1;-1;-1;-1;-1;-1;2;0;1;0;1;1;0;3;0;0;1;1;0;0;0;0;2;1;1;6;3;4;3;2;6;3;1;1;1;1;5;5;3;4;1;4;1;1;2;4;1;1;1;2;1;4;1;2;2;1;1;1;2;1;1;1;3;2;4;4;3;5;1;1;-3;-3;1;3;1;5;4;1;1;5;6;5;3;881.7498251
428;2024Q2;ES705A1;ES705;1;1;54;1;1;1;5;1;6;1;5;6;-1;-1;-1;78;5;-1;-1;-9;-1;2;0;0;0;0;1;1;2;1;0;0;0;1;0;0;0;8;3;3;-1;5;5;5;5;6;4;2;4;3;3;3;4;2;3;-9;-9;-9;-9;-9;-9;-9;-9;-9;-9;-9;-9;-9;-9;-9;-9;-9;-9;-9;4;3;3;-7;4;2;2;3;3;-7;-7;-7;-7;-7;2;3;-1;-1;6;6;1;6;-3;-9;1633.7704922
429;2024Q2;ES705A1;ES705;6;2;64;3;3;4;8;7;-1;-1;3;6;-1;-1;-1;63;3;-1;-1;1;8;4;0;0;0;1;2;1;4;1;1;0;1;1;0;0;0;3;2;1;6;4;4;4;3;6;5;4;4;5;4;2;2;2;5;4;4;4;2;2;4;4;4;4;4;5;5;5;2;2;2;2;2;4;5;5;5;5;5;5;5;5;5;4;4;5;5;5;2;1;2;4;1;1;4;6;-3;3;6257.010127
430;2024Q2;ES705A1;ES705;1;1;36;1;1;1;9;1;6;2;2;1;-1;-1;-1;-1;-1;-1;-1;-1;-1;2;0;0;0;1;0;1;2;1;0;0;0;1;0;0;0;6;4;4;1;5;5;4;1;6;5;4;5;5;5;4;5;5;5;2;4;4;3;4;4;4;4;2;2;4;4;4;2;2;4;3;2;2;4;4;3;3;3;5;3;3;3;2;2;2;3;2;2;1;1;-9;6;6;1;6;4;1;1728.6115166
431;2024Q2;ES705A1;ES705;1;1;73;1;1;1;5;12;-1;-1;-1;1;-1;1;4;-1;-1;-1;-1;-1;-1;3;0;0;1;0;1;1;3;1;0;0;0;1;1;0;0;2;5;4;3;3;3;2;3;6;4;2;4;3;4;4;4;2;5;1;1;2;2;2;1;1;1;1;1;1;2;4;4;4;4;4;4;4;3;3;3;3;4;2;2;-7;4;-7;4;4;3;2;2;3;-1;-1;6;6;5;6;5;1;3865.6268293
432;2024Q2;ES705A1;ES705;1;1;58;1;1;1;5;1;6;1;8;1;-1;-1;-1;-1;-1;-1;-1;-1;-1;1;0;0;0;0;1;0;1;1;0;0;0;0;0;0;0;1;3;5;5;4;4;2;2;6;3;4;-9;4;4;4;4;4;2;4;4;2;4;2;4;2;2;4;4;4;4;4;2;2;2;2;4;4;3;3;3;3;2;3;3;3;3;3;3;2;3;3;2;1;3;3;1;1;1;6;-3;1;830.12212829
433;2024Q2;ES705A1;ES705;6;2;35;1;1;5;10;1;6;1;2;1;-1;-1;-1;-1;-1;-1;-1;-1;-1;1;0;0;0;1;0;0;1;1;0;0;0;0;0;0;0;1;2;4;1;4;4;4;2;6;2;2;2;4;4;4;4;2;4;2;4;2;2;4;2;2;2;2;2;2;2;2;4;4;4;4;2;2;5;4;4;1;4;4;4;3;4;2;2;1;1;3;1;1;1;2;1;6;3;6;5;1;431.61820411
434;2024Q2;ES705A1;ES705;1;1;41;1;1;1;5;1;6;1;7;1;-1;-1;-1;-1;-1;-1;-1;-1;-1;1;0;0;0;1;0;0;1;1;0;0;0;0;0;0;0;1;3;5;4;4;4;2;2;6;4;4;4;4;5;2;4;4;2;4;4;2;2;4;4;4;4;4;5;4;5;5;4;2;4;2;2;4;3;3;4;3;3;4;3;3;3;3;4;4;3;4;3;2;-1;-1;6;6;1;6;1;3;864.30575828
435;2024Q2;ES705A1;ES705;6;2;64;1;1;1;3;1;6;2;9;1;-1;-1;-1;-1;-1;-1;-1;-1;-1;1;0;0;0;0;1;0;1;1;0;0;0;0;0;0;0;1;2;3;6;3;3;3;1;6;2;1;1;3;1;5;5;3;5;1;4;3;5;5;3;3;3;3;3;3;3;3;4;5;5;5;2;2;4;3;4;2;3;3;3;3;3;1;1;1;2;2;3;1;2;4;1;6;5;6;5;1;455.5730414
436;2024Q2;ES705A1;ES705;1;1;39;1;1;1;6;1;6;1;7;1;-1;-1;-1;-1;-1;-1;-1;-1;-1;4;0;0;1;1;2;0;4;1;0;1;1;0;1;0;0;8;4;2;4;4;4;4;2;6;2;2;4;4;4;4;4;4;4;2;4;2;4;4;2;2;2;2;4;4;4;4;4;4;4;4;2;2;4;4;4;2;4;4;4;4;4;2;2;2;2;2;2;2;-1;-1;6;6;1;6;5;1;3457.2230331
437;2024Q2;ES705A1;ES705;6;2;53;1;1;1;6;2;1;2;2;1;-1;-1;-1;-1;-1;-1;-1;-1;-1;1;0;1;0;0;1;0;2;1;0;0;0;0;0;0;0;6;4;4;2;5;5;5;2;6;2;4;4;4;4;5;5;3;5;2;4;2;2;2;2;2;2;2;2;2;2;2;2;4;2;2;2;2;4;4;3;2;4;4;4;4;3;2;2;2;3;3;2;1;5;3;1;1;5;6;5;1;628.1703339
438;2024Q2;ES705A1;ES705;1;1;80;1;1;1;5;12;-1;-1;-1;1;-1;1;7;-1;-1;-1;-1;-1;-1;2;0;0;0;0;0;2;2;0;0;0;0;1;0;1;0;4;3;3;4;4;3;3;1;6;4;4;4;4;4;4;4;4;4;4;4;4;-9;2;4;4;4;4;-9;-9;4;4;-9;4;-9;4;-9;4;3;4;3;3;3;2;2;-7;-7;-7;4;1;2;-7;2;3;-1;-1;6;6;1;6;-3;1;2577.0845529
439;2024Q2;ES705A1;ES705;6;2;40;1;1;1;9;1;6;1;4;1;-1;-1;-1;-1;-1;-1;-1;-1;-1;1;0;0;0;1;0;0;1;1;0;0;0;0;0;0;0;1;3;5;3;2;2;2;1;6;3;4;2;4;2;4;5;2;4;2;4;2;2;2;2;4;2;4;4;2;4;4;2;2;4;2;2;2;3;4;3;3;4;2;4;3;3;4;4;1;4;2;2;2;-1;-1;6;6;5;6;4;1;431.61820411
440;2024Q2;ES705A1;ES705;6;2;55;3;1;5;9;10;-1;-1;-1;1;-1;2;9;-1;-1;-1;-1;-1;-1;1;0;0;0;0;1;0;1;0;0;1;0;0;0;0;0;1;1;2;6;5;4;3;2;6;2;3;2;2;4;4;5;5;4;1;5;2;5;5;2;3;4;4;2;4;4;4;4;4;4;4;2;2;5;5;4;4;4;3;3;4;4;2;2;1;4;4;2;2;-1;-1;6;6;5;6;5;1;139.3670786
441;2024Q2;ES705A1;ES705;6;2;21;1;3;1;6;11;-1;-1;-1;6;-1;-1;-1;52;3;-1;-1;1;9;2;0;0;1;0;1;0;2;0;0;0;2;0;0;0;0;6;2;2;6;4;4;4;2;6;4;4;4;4;4;1;4;4;4;4;4;4;3;4;2;4;4;4;2;4;4;4;4;4;4;4;4;4;3;3;3;4;4;4;4;4;3;3;5;3;3;4;1;3;-1;-1;6;6;5;6;4;3;2538.8870148
442;2024Q2;ES705A1;ES705;6;2;34;2;1;4;8;10;-1;-1;-1;6;-1;-1;-1;36;3;-1;-1;1;3;2;0;0;0;2;0;0;2;0;0;1;1;0;0;0;0;9;4;4;3;4;4;4;2;6;4;4;3;5;4;3;3;2;2;5;1;4;1;1;5;4;3;4;4;3;4;3;2;2;1;1;3;3;4;4;3;3;4;4;4;3;3;3;3;4;4;4;1;1;5;2;1;6;4;6;5;2;321.52803408
443;2024Q2;ES705A1;ES705;6;2;48;1;1;1;6;10;-1;-1;-1;6;-1;-1;-1;80;7;-1;6;-1;-1;4;0;0;0;0;2;2;4;0;0;0;2;0;0;2;0;8;4;2;-1;5;5;5;2;6;3;4;5;5;4;4;4;2;4;4;4;4;4;4;2;4;3;2;2;2;4;4;2;4;2;2;3;2;4;4;4;5;5;5;3;3;3;2;3;2;3;3;3;3;-1;-1;1;6;1;6;5;1;845.1939491
444;2024Q2;ES705A1;ES705;1;1;32;3;3;4;9;10;-1;-1;-1;1;-1;1;2;-1;-1;-1;-1;-1;-1;3;0;0;0;3;0;0;3;2;0;1;0;0;0;0;0;9;6;5;1;5;5;5;3;1;3;4;5;4;4;4;5;4;5;2;4;4;3;4;4;4;4;3;4;4;5;5;5;5;5;5;3;3;5;4;5;3;4;5;5;4;4;4;3;1;1;3;2;1;5;3;1;6;4;6;5;1;1860.8988379
445;2024Q2;ES705A1;ES705;6;2;37;1;1;5;6;2;1;2;0;1;-1;-1;-1;-1;-1;-1;-1;-1;-1;1;0;0;0;1;0;0;1;1;0;0;0;0;0;0;0;1;3;5;-1;4;4;4;2;6;3;3;3;3;3;3;5;3;5;3;4;3;3;4;4;3;3;3;3;4;4;4;3;4;3;3;3;3;4;4;4;4;4;4;4;4;4;4;4;1;3;3;2;2;-1;-1;6;6;3;6;5;1;431.61820411
446;2024Q2;ES705A1;ES705;6;2;50;1;1;1;8;1;6;2;9;6;-1;-1;-1;50;1;9;-1;-1;-1;2;0;0;1;0;2;0;3;2;0;0;0;0;1;0;0;2;4;3;6;5;5;3;1;6;5;5;-9;5;4;5;-9;3;-9;5;2;-9;2;-9;4;-9;-9;4;3;4;5;-9;1;2;-9;-9;-9;-9;4;4;-7;4;-7;4;-7;-7;-7;-7;-7;-7;-7;-7;2;3;-1;-1;6;6;5;6;4;1;1256.3406678
447;2024Q2;ES705A1;ES705;6;2;45;1;1;1;7;1;6;2;4;-9;-1;-1;-1;-1;-1;-1;-1;-1;-1;2;0;1;1;0;2;0;4;2;1;0;0;0;0;0;0;2;-9;-9;-1;4;4;4;1;6;4;4;5;5;5;2;3;5;3;3;3;3;1;1;4;3;4;3;5;5;5;5;3;3;3;-9;4;-9;3;3;3;3;4;3;3;-3;-3;-3;-3;-3;-3;-3;2;3;-1;-1;6;6;5;6;-7;-9;1256.3406678
448;2024Q2;ES705A1;ES705;1;1;62;3;3;5;6;1;6;1;5;1;-1;-1;-1;-1;-1;-1;-1;-1;-1;6;0;1;1;4;1;0;7;5;0;0;0;1;0;0;0;2;4;2;5;2;2;2;2;6;2;4;4;4;4;2;4;4;2;4;4;4;4;4;4;4;4;4;4;4;4;4;4;2;4;4;3;3;3;3;4;4;4;3;3;-3;3;3;3;2;3;3;1;3;-1;-1;6;6;5;6;3;1;8340.8926645
449;2024Q2;ES705A1;ES705;6;2;71;1;1;1;2;16;-1;-1;-1;1;6;-1;-1;-1;-1;-1;-1;-1;-1;1;0;0;0;0;0;1;1;0;0;0;0;1;0;0;0;1;3;5;-1;5;5;3;1;6;5;5;4;4;4;3;3;2;4;3;5;4;2;3;4;5;4;2;3;3;3;2;2;4;5;5;2;2;1;2;2;2;3;4;3;3;2;1;1;1;2;2;1;1;3;4;1;6;1;6;4;1;1971.8096962
450;2024Q2;ES705A1;ES705;1;1;49;1;1;1;9;1;1;1;1;1;-1;-1;-1;-1;-1;-1;-1;-1;-1;2;0;0;1;0;2;0;3;2;0;0;0;0;1;0;0;2;4;3;2;4;4;4;4;1;3;4;4;4;4;2;5;3;4;3;5;4;3;5;5;5;5;2;2;4;4;5;5;5;5;5;4;2;4;5;5;4;4;4;4;4;4;4;4;3;4;4;2;1;3;2;6;6;1;6;5;3;1633.7704922
451;2024Q2;ES705A1;ES705;1;1;52;1;1;1;8;1;6;2;7;1;-1;-1;-1;-1;-1;-1;-1;-1;-1;2;0;0;0;0;2;0;2;1;0;0;1;0;0;0;0;4;3;3;4;5;5;4;2;6;2;4;5;2;2;5;5;5;5;2;5;2;5;5;4;4;4;1;1;4;4;4;4;4;5;5;4;2;4;4;3;1;3;3;3;3;3;2;3;1;2;1;3;3;-1;-1;1;1;1;6;5;1;1633.7704922
452;2024Q2;ES705A1;ES705;6;2;56;1;1;1;7;2;6;2;5;1;-1;-1;-1;-1;-1;-1;-1;-1;-1;2;0;1;0;1;1;0;3;2;0;0;0;0;0;0;0;8;6;5;5;4;4;2;3;1;3;3;3;4;3;4;4;3;4;2;4;2;4;4;4;2;4;2;2;2;4;4;4;4;4;4;2;2;3;3;3;3;3;4;3;3;3;3;3;2;3;3;2;1;5;3;1;6;1;6;3;1;911.14608279
453;2024Q2;ES705A1;ES705;1;1;23;1;1;1;6;1;6;2;7;6;-1;-1;-1;50;1;3;-1;-1;-1;6;0;0;2;1;3;1;7;2;0;1;2;1;1;0;0;8;7;3;3;4;3;2;3;6;3;4;2;4;4;3;2;2;3;3;3;2;2;3;4;4;3;3;2;3;4;4;2;3;2;3;3;3;3;3;3;3;4;4;3;3;5;3;4;4;4;4;2;3;-1;-1;6;6;4;6;3;3;2617.6997825
454;2024Q2;ES705A1;ES705;1;1;48;1;1;1;8;2;1;1;2;1;-1;-1;-1;-1;-1;-1;-1;-1;-1;3;0;1;1;0;1;2;5;1;0;0;0;1;1;1;0;2;7;4;1;4;4;4;2;6;4;4;4;4;4;3;4;4;2;3;2;1;2;3;4;4;4;4;4;4;4;4;3;3;4;4;2;2;3;2;4;2;4;3;5;3;5;2;2;1;3;2;2;1;2;1;1;6;1;6;5;1;2450.6557383
455;2024Q2;ES705A1;ES705;1;1;30;1;1;1;8;1;1;1;3;6;-1;-1;-1;67;8;-1;1;1;4;4;0;0;0;2;0;2;4;2;0;0;0;1;0;1;0;2;7;5;3;4;4;4;2;6;3;4;4;4;3;3;5;5;5;2;4;4;2;4;3;2;3;3;2;4;2;4;2;4;2;4;3;2;2;3;3;3;4;3;2;3;3;3;3;2;3;3;2;3;-1;-1;6;6;1;6;5;1;1745.1331883
456;2024Q2;ES705A1;ES705;1;1;46;1;1;1;5;10;-1;-1;-1;1;-1;1;7;-1;-1;-1;-1;-1;-1;1;0;0;0;0;1;0;1;0;0;0;1;0;0;0;0;1;1;1;4;1;1;4;1;6;1;4;2;4;4;4;1;4;2;4;4;2;1;4;4;4;2;4;2;4;4;4;4;4;2;2;2;2;1;4;1;1;1;5;1;1;1;1;1;1;1;1;3;3;-1;-1;6;6;1;6;4;2;440.87491255
457;2024Q2;ES705A1;ES705;1;1;36;1;1;1;8;1;6;2;5;6;-1;-1;-1;58;1;4;-1;-1;-1;4;0;0;0;2;2;0;4;4;0;0;0;0;0;0;0;7;7;5;3;5;5;5;4;1;2;2;2;4;2;4;4;2;4;2;4;2;4;4;2;4;2;2;2;4;2;4;4;4;4;4;2;2;1;3;3;2;3;3;2;2;3;2;3;1;3;1;2;1;2;4;1;6;5;6;5;1;3457.2230331
458;2024Q2;ES705A1;ES705;6;2;43;1;1;1;5;10;-1;-1;-1;6;-1;-1;-1;80;5;-1;-1;1;7;4;0;1;1;1;0;2;5;0;0;1;1;1;0;1;0;7;4;2;4;3;3;3;2;6;4;4;-9;4;4;2;4;4;4;4;4;4;2;2;4;4;4;4;4;4;4;4;2;2;2;4;4;2;4;4;4;4;4;4;4;4;4;4;4;4;4;4;2;2;-1;-1;6;6;1;6;4;1;557.4683144
459;2024Q2;ES705A1;ES705;1;1;58;1;1;1;6;10;-1;-1;-1;1;-1;1;5;-1;-1;-1;-1;-1;-1;1;0;0;0;0;1;0;1;0;0;0;1;0;0;0;0;1;1;1;5;4;3;3;1;6;5;5;2;4;5;2;2;4;2;4;2;4;2;2;4;4;4;4;4;4;4;4;2;2;2;2;4;4;5;5;5;5;5;5;5;5;5;5;5;5;4;4;3;3;-1;-1;6;6;1;6;3;3;454.11179474
460;2024Q2;ES705A1;ES705;1;1;55;1;1;1;8;1;6;2;5;1;-1;-1;-1;-1;-1;-1;-1;-1;-1;1;0;0;0;0;1;0;1;1;0;0;0;0;0;0;0;1;4;6;6;4;4;4;1;6;3;3;4;4;2;5;5;4;4;2;4;2;4;2;4;2;2;4;4;4;4;4;4;2;2;2;2;2;3;3;3;3;4;3;3;-3;3;1;3;1;3;3;3;2;-1;-1;6;6;1;6;5;1;830.12212829
461;2024Q2;ES705A1;ES705;6;2;64;1;1;1;6;7;-1;-1;3;6;-1;-1;-1;71;2;2;-1;-1;-1;2;0;0;0;0;1;1;2;0;2;0;0;0;0;0;0;4;7;6;1;5;5;4;4;6;4;5;4;4;4;4;5;2;5;4;4;4;1;1;4;4;4;2;2;4;4;4;2;2;2;3;3;3;3;3;3;3;3;3;3;3;2;1;1;3;3;3;1;1;3;2;1;6;1;1;2;1;911.14608279
462;2024Q2;ES705A1;ES705;6;2;73;1;1;1;9;12;-1;-1;-1;1;-1;2;4;-1;-1;-1;-1;-1;-1;1;0;0;0;0;0;1;1;0;0;0;0;1;0;0;0;1;2;3;3;5;5;5;1;6;5;5;5;5;5;3;5;5;3;4;3;4;2;3;4;4;5;5;5;5;5;5;2;4;2;2;3;4;4;4;3;3;5;4;4;4;-3;-3;-3;2;2;2;1;3;-1;-1;6;6;1;6;4;1;1971.8096962
463;2024Q2;ES705A1;ES705;6;2;75;3;1;5;9;12;-1;-1;-1;1;-1;1;2;-1;-1;-1;-1;-1;-1;1;0;0;0;0;0;1;1;0;0;0;0;1;0;0;0;1;5;6;2;4;4;4;2;6;2;2;4;4;4;2;4;2;4;2;2;4;2;2;4;3;2;2;2;4;4;2;3;3;3;3;3;3;5;4;4;3;4;3;4;3;4;3;3;3;4;3;3;1;3;4;1;1;5;6;3;1;1971.8096962
464;2024Q2;ES705A1;ES705;6;2;68;1;1;1;7;14;-1;-1;-1;6;-1;-1;-1;80;5;-1;-1;1;0;2;0;0;0;0;0;2;2;0;0;0;0;1;0;1;0;4;4;4;2;1;2;5;3;6;2;2;2;2;2;2;2;4;1;2;2;2;4;2;2;1;2;4;1;4;4;4;2;4;4;2;4;2;2;2;2;2;3;1;3;3;3;3;3;3;3;3;3;1;3;3;1;6;1;6;3;2;3943.6193925
465;2024Q2;ES705A1;ES705;6;2;46;1;1;1;10;2;6;2;4;1;-1;-1;-1;-1;-1;-1;-1;-1;-1;1;0;1;0;0;1;0;2;1;0;0;0;0;0;0;0;6;3;3;3;5;4;3;1;6;5;4;5;5;5;3;1;4;1;5;2;4;2;2;3;4;3;3;3;4;4;4;2;3;2;3;3;3;4;4;4;3;4;4;3;3;3;3;3;4;3;3;2;3;-1;-1;6;6;1;6;4;2;628.1703339
466;2024Q2;ES705A1;ES705;1;1;37;3;1;5;6;1;6;2;7;1;-1;-1;-1;-1;-1;-1;-1;-1;-1;2;0;0;0;1;1;0;2;2;0;0;0;0;0;0;0;6;4;4;4;5;5;3;1;6;2;3;3;3;3;3;5;3;5;2;4;3;3;3;3;3;3;3;3;3;4;4;4;4;4;3;2;2;2;3;3;3;3;3;3;3;3;3;2;1;3;3;1;3;-1;-1;6;6;5;6;4;1;1728.6115166
467;2024Q2;ES705A1;ES705;1;1;54;1;1;1;5;10;-1;-1;-1;6;-1;-1;-1;50;1;-9;-1;-1;-1;2;0;0;0;0;2;0;2;1;0;1;0;0;0;0;0;4;6;5;-1;5;4;3;2;6;4;4;4;4;4;5;3;4;3;4;-9;4;2;3;-9;4;4;-9;-9;4;4;4;-9;4;4;5;-9;2;-7;-7;5;5;4;4;2;-3;-7;-7;-7;2;-7;-7;2;2;-1;-1;6;6;1;6;4;1;881.7498251
468;2024Q2;ES705A1;ES705;6;2;48;1;1;1;9;2;6;2;3;1;-1;-1;-1;-1;-1;-1;-1;-1;-1;2;0;2;0;0;2;0;4;1;1;0;0;0;0;0;0;2;4;2;3;3;3;3;2;6;4;4;5;4;4;3;3;4;3;3;4;3;4;3;4;3;3;3;3;3;4;4;3;2;2;3;3;3;3;3;3;3;4;4;3;3;3;3;3;3;3;3;1;2;-1;-1;1;1;5;6;4;1;1256.3406678
469;2024Q2;ES705A1;ES705;1;1;64;1;1;1;5;10;-1;-1;-1;1;-1;2;7;-1;-1;-1;-1;-1;-1;1;0;0;0;0;1;0;1;0;0;1;0;0;0;0;0;1;1;2;4;5;4;4;2;6;5;5;4;5;5;5;-9;4;4;4;-9;4;2;2;4;4;4;2;2;2;2;2;4;2;2;2;4;4;5;4;4;4;4;4;4;4;4;-3;-3;-3;-3;-3;2;3;-1;-1;6;6;1;6;-3;-9;454.11179474
470;2024Q2;ES705A1;ES705;6;2;76;1;1;1;9;12;-1;-1;-1;6;-1;-1;-1;78;5;-1;-1;1;1;2;0;0;0;0;0;2;2;0;0;0;0;2;0;0;0;4;7;6;1;4;3;3;3;6;4;4;2;4;3;3;5;4;4;3;4;2;4;3;3;3;3;2;3;3;4;4;3;3;3;3;3;3;3;3;3;3;3;3;3;3;3;3;3;2;3;3;3;2;-1;-1;6;6;5;6;4;1;3943.6193925
471;2024Q2;ES705A1;ES705;6;2;62;3;1;5;6;10;-1;-1;-1;1;-1;1;9;-1;-1;-1;-1;-1;-1;1;0;0;0;0;1;0;1;0;0;1;0;0;0;0;0;1;1;2;6;4;5;5;5;6;2;4;4;4;4;4;4;4;4;4;4;-9;-9;-9;-9;-9;-9;-9;-9;-9;-9;-9;-9;4;-9;-9;-9;-9;1;2;2;2;2;2;1;2;2;2;2;2;2;2;2;2;-1;-1;1;6;5;6;-3;1;139.3670786
472;2024Q2;ES705A1;ES705;6;2;43;2;1;5;10;1;6;2;2;1;-1;-1;-1;-1;-1;-1;-1;-1;-1;2;0;1;0;1;1;0;3;1;1;0;0;0;0;0;0;5;6;5;1;4;4;4;1;6;5;2;2;4;4;5;5;3;5;2;5;1;3;4;3;4;4;2;4;5;4;3;5;5;5;5;2;4;3;4;5;4;5;5;4;3;4;2;3;1;3;4;1;2;-1;-1;6;6;5;6;1;1;863.23640822
473;2024Q2;ES705A1;ES705;6;2;60;2;1;5;7;15;-1;-1;-1;1;1;1;5;-1;-1;-1;-1;-1;-1;2;0;0;0;0;2;0;2;0;0;0;1;1;0;0;0;4;2;2;6;5;5;5;4;6;5;5;4;5;5;5;5;5;5;1;5;2;1;2;2;5;5;2;2;1;5;5;5;5;2;2;5;5;1;2;1;2;3;2;3;3;3;1;1;1;3;3;2;1;1;3;6;6;5;6;4;1;2856.1518678
474;2024Q2;ES705A1;ES705;6;2;70;1;1;1;9;12;-1;-1;-1;6;-1;-1;-1;75;5;-1;-1;1;-9;2;0;0;0;0;0;2;2;0;0;0;0;2;0;0;0;4;3;3;-1;5;4;5;-9;6;3;3;3;3;3;3;3;3;3;4;4;4;3;4;3;4;4;3;3;3;3;3;4;4;2;4;4;4;3;3;4;3;3;3;3;-3;-3;5;2;2;3;2;2;2;-1;-1;6;6;1;6;4;3;3943.6193925
475;2024Q2;ES705A1;ES705;1;1;32;3;1;5;10;2;6;2;2;-9;-1;-1;-1;-1;-1;-1;-1;-1;-1;3;0;0;0;1;0;2;3;1;0;0;1;1;0;0;0;2;5;3;-1;4;4;3;2;6;4;2;2;3;4;4;5;4;4;2;4;3;1;4;5;2;2;3;3;4;4;4;2;5;4;3;1;2;2;1;3;1;3;3;4;3;4;1;2;1;2;1;1;1;5;4;1;6;5;6;4;1;1308.8498912
476;2024Q2;ES705A1;ES705;6;2;51;1;1;1;4;10;-1;-1;-1;1;-1;1;9;-1;-1;-1;-1;-1;-1;2;0;0;0;1;1;0;2;0;0;1;1;0;0;0;0;6;2;2;6;4;4;4;2;6;4;5;4;5;5;1;1;5;1;4;5;-9;1;1;5;5;5;5;5;5;5;5;5;2;4;4;5;5;5;5;5;5;5;4;3;4;5;5;5;1;4;4;3;2;-1;-1;6;6;1;6;3;1;422.59697455
477;2024Q2;ES705A1;ES705;1;1;63;2;1;5;6;2;6;2;3;1;-1;-1;-1;-1;-1;-1;-1;-1;-1;1;0;0;0;0;1;0;1;1;0;0;0;0;0;0;0;1;5;6;3;5;5;4;1;6;4;2;4;5;5;5;5;2;5;4;4;3;2;2;5;2;3;2;4;4;4;4;2;2;4;2;2;2;3;5;4;2;4;1;2;3;1;1;1;1;3;3;2;3;-1;-1;6;6;5;6;4;1;830.12212829
478;2024Q2;ES705A1;ES705;1;1;26;1;1;1;9;1;6;2;2;1;-1;-1;-1;-1;-1;-1;-1;-1;-1;3;0;0;0;1;2;0;3;2;1;0;0;0;0;0;0;2;7;5;1;5;5;4;2;6;3;2;4;4;1;4;4;4;2;1;4;4;2;3;4;2;2;1;2;3;4;5;2;4;5;5;2;3;3;1;2;1;4;3;3;3;4;3;2;2;2;1;1;1;5;1;1;6;1;6;2;1;1308.8498912
479;2024Q2;ES705A1;ES705;6;2;54;1;1;1;9;2;6;1;2;1;-1;-1;-1;-1;-1;-1;-1;-1;-1;3;0;0;0;0;2;1;3;1;0;0;0;1;0;1;0;8;3;2;2;4;4;3;1;6;1;4;2;4;4;4;5;2;5;4;5;2;2;4;4;2;2;2;4;2;4;4;4;4;4;2;2;2;3;1;3;2;3;4;4;3;3;2;1;1;2;3;2;2;-1;-1;6;6;1;6;1;1;1884.5110017
480;2024Q2;ES705A1;ES705;1;1;61;3;1;5;6;10;-1;-1;-1;1;-1;1;5;-1;-1;-1;-1;-1;-1;2;0;0;0;0;2;0;2;0;0;2;0;0;0;0;0;4;2;2;5;4;4;2;2;6;2;4;2;4;4;4;5;2;4;4;4;2;4;4;4;2;2;2;2;4;4;2;4;4;4;4;2;2;3;3;3;3;3;2;4;4;3;2;2;1;3;4;2;3;-1;-1;6;6;5;6;3;1;908.22358949
481;2024Q2;ES705A1;ES705;6;2;47;1;1;1;5;1;6;2;9;1;-1;-1;-1;-1;-1;-1;-1;-1;-1;2;0;0;0;0;2;0;2;1;0;1;0;0;0;0;0;9;3;3;6;4;4;4;3;6;3;2;2;4;4;4;4;3;4;2;4;2;4;4;4;2;2;3;4;4;4;4;4;3;4;2;3;3;3;3;3;3;3;3;3;3;3;3;3;1;3;2;1;2;-1;-1;6;6;1;6;1;1;1256.3406678
482;2024Q2;ES705A1;ES705;1;1;52;1;1;1;5;1;6;1;8;1;-1;-1;-1;-1;-1;-1;-1;-1;-1;3;0;0;1;0;2;0;3;3;0;0;0;0;0;0;0;2;4;3;-1;3;3;3;3;6;3;3;3;4;4;2;2;4;4;2;2;2;4;4;2;2;4;4;4;2;4;4;2;2;4;4;4;2;4;4;4;4;4;4;4;4;4;4;3;3;4;4;3;2;-1;-1;6;6;1;6;1;2;2450.6557383
483;2024Q2;ES705A1;ES705;6;2;55;1;1;1;5;10;-1;-1;-1;6;-1;-1;-1;52;3;-1;-1;1;9;2;0;0;0;0;2;0;2;0;0;2;0;0;0;0;0;4;2;2;6;3;3;2;2;6;3;4;4;4;4;4;4;4;2;4;4;2;2;2;4;4;4;4;4;5;4;4;4;5;4;5;2;1;1;3;3;2;4;2;1;3;4;4;3;4;4;2;3;3;-1;-1;6;6;1;6;1;1;278.7341572
484;2024Q2;ES705A1;ES705;6;2;77;1;1;1;5;12;-1;-1;-1;1;-1;1;9;-1;-1;-1;-1;-1;-1;1;0;0;0;0;0;1;1;0;0;0;0;1;0;0;0;1;2;4;6;3;2;2;2;6;2;4;2;4;4;4;4;2;4;4;4;2;2;2;4;4;4;4;4;4;2;4;4;2;4;4;4;4;3;3;4;4;4;4;3;4;4;3;3;3;3;3;1;1;5;1;1;6;5;6;-3;3;1971.8096962
485;2024Q2;ES705A1;ES705;6;2;33;1;1;1;2;11;-1;-1;-1;-9;-1;-1;-1;-1;-1;-1;-1;-1;-1;2;0;0;0;1;0;1;2;0;0;0;1;1;0;0;0;8;2;2;-1;2;-9;-9;-9;-9;-9;-9;-9;-9;-9;-9;-9;-9;-9;-9;-9;-9;-9;-9;-9;-9;-9;-9;-9;-9;-9;-9;-9;-9;-9;-9;-9;-9;-7;-7;-7;-7;-7;-7;-7;-7;-7;-7;-7;-7;-7;-7;2;-9;-1;-1;-9;6;1;6;-3;-9;321.52803408
486;2024Q2;ES705A1;ES705;6;2;61;1;1;1;3;10;-1;-1;-1;1;-1;1;9;-1;-1;-1;-1;-1;-1;1;0;0;0;0;1;0;1;0;0;1;0;0;0;0;0;1;1;2;6;3;3;3;2;6;4;4;4;4;4;4;4;4;4;4;4;4;4;2;4;4;4;4;4;4;4;4;4;2;4;2;4;4;4;4;4;4;4;4;3;3;4;4;4;4;4;3;2;3;-1;-1;6;6;1;6;1;3;139.3670786
487;2024Q2;ES705A1;ES705;6;2;29;1;1;1;7;2;6;2;4;1;-1;-1;-1;-1;-1;-1;-1;-1;-1;2;0;0;0;1;0;1;2;1;0;0;0;1;0;0;0;8;5;5;3;5;4;4;2;6;5;5;-9;5;4;4;4;5;4;3;4;3;3;3;3;3;4;4;3;3;4;4;3;3;4;3;3;3;5;4;4;4;4;4;4;4;4;4;4;4;4;3;2;2;-1;-1;6;6;1;6;-3;1;1155.2717273
488;2024Q2;ES705A1;ES705;6;2;54;1;1;1;5;10;-1;-1;-1;1;-1;1;4;-1;-1;-1;-1;-1;-1;1;0;0;0;0;1;0;1;0;0;1;0;0;0;0;0;1;1;2;3;1;1;1;1;6;3;3;3;4;3;4;3;3;3;3;3;3;3;3;3;3;3;3;3;3;3;4;3;3;2;2;3;3;4;4;4;4;4;3;3;4;4;4;4;4;4;4;3;2;-1;-1;6;6;1;6;-3;3;211.29848727
489;2024Q2;ES705A1;ES705;6;2;26;1;1;1;6;1;1;2;5;1;-1;-1;-1;-1;-1;-1;-1;-1;-1;2;0;0;0;2;0;0;2;2;0;0;0;0;0;0;0;4;5;5;5;5;4;3;3;1;5;4;4;5;5;5;5;5;5;5;5;4;3;5;5;5;5;5;2;5;5;5;4;3;3;3;4;3;5;5;5;3;5;3;5;5;4;4;5;2;3;3;2;1;1;2;1;6;2;6;5;1;1155.2717273
490;2024Q2;ES705A1;ES705;6;2;41;1;1;1;8;1;1;1;3;6;-1;-1;-1;40;1;5;-1;-1;-1;2;0;1;1;2;0;0;4;2;0;0;0;0;1;0;0;8;-9;-9;3;-9;-9;-9;-9;-9;-9;-9;-9;-9;-9;-9;-9;-9;-9;-9;-9;-9;-9;-9;-9;-9;-9;-9;-9;-9;-9;-9;-9;-9;-9;-9;-9;-9;-7;-7;-7;-7;-7;-3;-7;-7;-3;-3;-3;-3;-3;-3;2;-9;-1;-1;6;6;2;-9;1;-9;863.23640822
491;2024Q2;ES705A1;ES705;1;1;39;1;1;1;10;1;6;2;-9;6;-1;-1;-1;39;-9;-1;-1;-1;-1;2;1;1;0;2;0;0;4;2;0;0;0;0;0;0;0;-9;-9;-9;-1;-9;-9;-9;-9;-9;-9;-9;-9;-9;-9;-9;-9;-9;-9;5;4;5;5;4;5;4;4;4;4;4;4;4;5;5;5;4;5;4;5;5;5;5;5;5;5;5;5;5;5;5;5;5;2;2;-1;-1;6;6;5;-9;-7;-9;1728.6115166
492;2024Q2;ES705A1;ES705;6;2;41;3;2;4;10;10;-1;-1;-1;6;-1;-1;-1;40;1;3;-1;-1;-1;2;0;2;0;2;0;0;4;1;0;1;0;0;0;0;0;2;7;5;3;4;4;3;3;6;-9;3;3;4;4;4;4;3;4;4;2;4;3;3;4;5;3;4;4;4;4;4;4;4;4;4;3;3;4;4;3;3;4;2;3;3;3;3;3;2;3;3;1;1;1;2;1;6;4;6;2;1;2246.8516957
493;2024Q2;ES705A1;ES705;1;1;35;1;1;1;10;1;1;1;1;1;-1;-1;-1;-1;-1;-1;-1;-1;-1;2;0;2;0;2;0;0;4;2;0;0;0;0;0;0;0;2;7;6;2;5;5;3;3;1;3;5;5;5;5;1;5;5;5;4;3;2;1;4;4;5;3;3;4;4;5;5;3;4;2;3;3;4;2;2;2;3;3;4;4;2;1;-7;2;1;3;2;1;1;2;1;6;6;1;1;4;2;1728.6115166
494;2024Q2;ES705A1;ES705;1;1;22;1;1;1;4;1;6;2;9;6;-1;-1;-1;48;1;4;-1;-1;-1;2;0;0;1;0;1;0;2;2;0;0;0;0;0;0;0;6;6;5;3;5;5;5;5;1;5;5;5;5;5;1;1;5;1;5;1;5;1;1;3;5;-9;5;5;5;5;5;2;1;1;1;-9;-9;2;2;1;1;1;1;2;-3;2;-3;2;2;2;2;2;3;-1;-1;6;6;5;6;1;-9;872.56659415
495;2024Q2;ES705A1;ES705;6;2;52;3;1;5;7;10;-1;-1;-1;6;-1;-1;-1;55;1;5;-1;-1;-1;2;0;0;0;0;2;0;2;1;0;0;1;0;0;0;0;4;3;3;5;5;-9;5;-9;6;5;3;-9;4;4;-9;5;-9;5;3;-9;-9;3;3;4;-9;-9;4;4;4;4;4;3;2;2;2;-9;-9;4;-3;-3;-3;4;4;-3;-3;-3;4;4;-3;-3;-3;2;-9;-1;-1;6;6;5;6;-3;-9;422.59697455
496;2024Q2;ES705A1;ES705;6;2;39;1;1;1;5;1;6;2;5;1;-1;-1;-1;-1;-1;-1;-1;-1;-1;2;0;1;0;2;0;0;3;2;0;0;0;0;0;0;0;7;6;4;5;3;3;3;3;1;5;5;3;5;5;5;5;5;2;5;5;5;1;1;4;5;5;2;5;5;5;5;1;1;1;1;4;5;4;4;4;4;5;3;4;4;4;4;4;1;4;4;2;3;-1;-1;6;6;1;6;1;1;863.23640822
497;2024Q2;ES705A1;ES705;1;1;37;1;1;1;7;15;-1;-1;-1;6;-1;-1;-1;38;1;2;-1;-1;-1;2;1;1;0;2;0;0;4;1;0;0;0;1;0;0;0;2;7;4;1;1;1;1;1;6;4;4;4;4;4;4;1;4;4;1;1;4;4;5;4;2;4;4;2;4;4;4;4;1;4;4;1;4;2;3;3;3;3;3;2;3;3;3;3;1;3;2;1;1;5;4;1;1;1;6;1;1;2846.6902976
498;2024Q2;ES705A1;ES705;1;1;27;1;1;1;5;1;6;2;5;6;-1;-1;-1;73;5;-1;-1;1;9;5;0;1;2;2;0;1;6;1;0;0;0;1;1;0;2;5;3;1;6;4;4;4;3;6;3;2;2;4;2;2;4;2;4;3;4;-9;4;4;2;4;2;2;2;2;2;2;4;2;2;2;2;2;3;3;3;3;4;3;3;3;2;3;3;2;4;3;3;2;-1;-1;6;6;1;6;1;2;2181.4164854
499;2024Q2;ES705A1;ES705;6;2;43;1;1;5;6;1;6;1;5;-9;-1;-1;-1;-1;-1;-1;-1;-1;-1;2;0;0;1;1;1;0;3;2;0;0;0;0;1;0;0;2;5;3;-1;4;4;-9;-9;6;4;4;-9;4;4;-9;4;4;-9;3;2;-9;2;2;4;4;4;4;4;4;4;4;2;2;2;2;3;3;4;4;3;3;-3;3;4;-3;2;-3;-3;3;-3;-3;2;3;-1;-1;6;6;5;6;3;-9;863.23640822
500;2024Q2;ES705A1;ES705;6;2;54;1;1;1;3;16;-1;-1;-1;1;1;1;9;-1;-1;-1;-1;-1;-1;4;0;0;2;1;1;0;4;1;0;0;0;1;2;0;0;6;2;1;6;3;2;1;2;1;3;4;4;2;4;4;2;2;4;2;4;2;4;4;4;4;4;4;4;4;4;4;4;4;4;4;4;4;3;3;4;3;3;4;4;4;4;4;4;4;3;4;1;3;-1;-1;6;6;1;1;-3;3;6402.6929055
501;2024Q2;ES705A1;ES705;6;2;45;1;1;1;6;1;6;2;5;6;-1;-1;-1;80;9;-1;6;-1;-1;2;0;0;0;0;1;1;2;1;0;0;0;1;0;0;0;6;3;3;-1;2;2;1;1;6;4;4;4;5;5;5;5;5;1;5;2;5;1;4;4;1;5;4;1;5;5;4;1;1;1;1;1;1;3;3;4;2;2;1;1;2;3;1;2;3;3;4;1;1;2;4;6;6;1;6;1;3;1256.3406678
502;2024Q2;ES705A1;ES705;6;2;23;1;1;1;7;1;6;1;5;6;-1;-1;-1;40;1;5;-1;-1;-1;3;0;1;1;2;0;0;4;3;0;0;0;0;0;0;0;2;3;2;5;4;3;4;4;6;4;5;4;4;5;3;3;3;4;5;3;4;4;4;4;4;4;4;5;5;5;5;2;2;2;2;2;3;4;4;4;4;5;4;4;5;5;5;4;4;4;4;2;1;2;4;1;1;1;6;1;3;1732.907591
503;2024Q2;ES705A1;ES705;1;1;51;1;1;1;5;1;6;2;5;1;-1;-1;-1;-1;-1;-1;-1;-1;-1;2;0;0;0;0;2;0;2;2;0;0;0;0;0;0;0;8;4;4;5;4;3;3;3;6;4;3;4;4;4;4;2;4;4;4;4;4;4;4;2;2;4;4;4;4;2;4;2;2;2;2;4;4;4;4;4;4;3;4;3;4;4;3;4;2;4;3;3;1;1;4;1;6;1;6;1;2;1633.7704922
504;2024Q2;ES705A1;ES705;1;1;43;1;1;1;3;10;-1;-1;-1;6;-1;-1;-1;68;5;-1;-1;1;7;3;0;0;0;1;0;2;3;0;0;0;1;2;0;0;0;2;3;2;4;4;4;4;3;6;3;2;3;3;3;4;4;3;4;2;4;2;4;4;2;2;2;2;2;2;2;2;4;4;4;4;4;2;1;1;1;1;1;1;1;1;3;1;2;1;1;3;3;3;-1;-1;6;6;5;6;-3;1;1464.8862742
505;2024Q2;ES705A1;ES705;1;1;33;2;2;5;8;2;6;2;2;1;-1;-1;-1;-1;-1;-1;-1;-1;-1;1;0;0;0;1;0;0;1;1;0;0;0;0;0;0;0;1;4;6;2;3;3;2;2;6;2;2;3;4;2;5;5;2;5;2;4;2;2;4;2;2;4;2;2;2;3;4;5;5;4;4;2;2;3;3;3;2;3;3;3;3;3;3;2;2;3;2;1;1;5;2;1;6;5;6;3;1;996.30994619
506;2024Q2;ES705A1;ES705;6;2;27;1;1;1;3;10;-1;-1;-1;6;-1;-1;-1;65;3;-1;-1;-9;-1;6;1;1;1;3;1;1;8;0;0;6;0;0;0;0;0;8;2;1;-1;4;4;3;3;6;3;3;4;4;4;4;4;4;4;1;4;1;2;3;3;3;3;1;3;3;3;3;5;5;1;3;-9;-9;4;5;3;5;3;3;3;4;3;4;3;4;3;3;2;1;5;3;6;6;1;6;1;-9;964.58410223
507;2024Q2;ES705A1;ES705;6;2;44;1;1;1;10;2;6;2;2;-9;-1;-1;-1;-1;-1;-1;-1;-1;-1;2;0;1;0;1;1;0;3;1;1;0;0;0;0;0;0;2;-9;-9;-1;5;5;4;-9;-9;4;4;3;4;4;5;5;5;5;2;3;4;3;3;4;4;4;3;3;3;4;4;4;3;3;3;2;2;4;3;4;3;4;3;3;3;3;3;2;2;2;3;2;-9;-1;-1;-9;6;1;-9;3;-9;863.23640822
508;2024Q2;ES705A1;ES705;6;2;37;1;1;1;8;10;-1;-1;-1;1;-1;1;9;-1;-1;-1;-1;-1;-1;2;0;1;0;2;0;0;3;1;0;1;0;0;0;0;0;7;4;3;6;5;4;4;3;6;5;5;3;4;5;5;5;4;5;4;5;4;3;4;5;5;5;4;4;4;5;5;4;4;4;4;3;2;5;5;4;3;5;2;1;4;4;3;2;2;4;4;3;3;-1;-1;6;6;1;6;4;2;278.7341572
509;2024Q2;ES705A1;ES705;1;1;25;1;1;1;4;10;-1;-1;-1;6;-1;-1;-1;45;1;-9;-1;-1;-1;3;0;1;1;2;1;0;5;2;0;1;0;0;1;0;0;2;-9;-9;-1;-9;-9;-9;-9;6;2;3;-9;-9;-9;-9;-9;-9;-9;3;4;-9;-9;-9;-9;-9;-9;-9;-9;-9;-9;-9;-9;-9;-9;-9;-9;-9;-3;-3;-3;-3;-3;-3;-7;-7;-7;-7;-7;-7;-7;-7;3;-9;-1;-1;6;6;1;6;4;1;418.1012358
510;2024Q2;ES705A1;ES705;6;2;48;2;1;5;5;1;6;2;5;1;-1;-1;-1;-1;-1;-1;-1;-1;-1;1;0;1;0;0;1;0;2;1;0;0;0;0;0;0;0;6;3;3;5;4;4;4;2;6;2;2;4;3;4;5;5;5;5;2;3;3;4;3;3;3;2;2;4;3;2;4;5;3;4;4;2;3;3;3;3;3;3;3;2;2;3;-3;-3;1;3;3;3;2;-1;-1;6;6;5;6;1;1;628.1703339
511;2024Q2;ES705A1;ES705;6;2;45;1;1;1;7;1;6;2;4;1;-1;-1;-1;-1;-1;-1;-1;-1;-1;2;0;0;0;0;1;1;2;1;0;0;0;1;0;0;0;6;4;4;3;3;2;3;3;6;2;5;3;2;3;5;5;4;2;1;4;2;2;2;2;4;4;2;4;4;4;4;4;5;4;4;2;2;4;3;3;2;3;3;3;3;4;2;2;2;4;3;3;2;-1;-1;6;6;1;6;3;3;1256.3406678
512;2024Q2;ES705A1;ES705;6;2;29;1;1;1;10;2;6;2;2;1;-1;-1;-1;-1;-1;-1;-1;-1;-1;2;1;0;0;2;0;0;3;2;0;0;0;0;0;0;0;2;6;4;1;4;4;4;2;1;2;4;4;4;4;4;4;2;4;1;4;4;4;4;2;4;4;4;4;4;4;4;4;4;4;4;2;2;4;4;4;2;5;4;4;4;4;4;4;3;3;1;2;3;-1;-1;6;6;1;6;4;1;1155.2717273
513;2024Q2;ES705A1;ES705;6;2;49;1;1;1;5;10;-1;-1;-1;6;-1;-1;-1;48;1;7;-1;-1;-1;2;0;0;0;0;2;0;2;1;0;1;0;0;0;0;0;4;2;2;4;4;4;4;2;6;4;4;4;4;4;4;4;4;4;4;4;4;4;4;3;2;4;4;4;4;4;4;4;4;4;4;3;2;4;3;3;3;3;3;4;3;3;3;3;2;3;2;2;3;-1;-1;6;6;5;6;4;1;422.59697455
514;2024Q2;ES705A1;ES705;6;2;60;1;1;1;9;2;6;2;3;6;-1;-1;-1;60;1;2;-1;-1;-1;3;0;0;1;0;2;0;3;2;0;0;0;0;1;0;0;2;6;4;-1;5;5;4;1;6;2;2;-9;2;2;4;4;2;4;2;4;2;3;4;2;3;2;2;2;3;2;2;4;4;4;4;2;2;-3;-3;1;2;2;3;3;2;2;2;2;1;2;1;3;1;3;4;1;6;1;6;3;1;1366.7191242
515;2024Q2;ES705A1;ES705;6;2;45;1;1;1;8;1;6;1;5;6;-1;-1;-1;50;1;6;-1;-1;-1;2;0;1;0;0;2;0;3;2;0;0;0;0;0;0;0;2;4;3;5;5;5;4;3;6;4;4;3;4;3;4;5;3;5;4;4;2;4;2;2;2;3;2;3;3;2;2;3;3;4;4;3;2;4;4;4;4;4;4;4;4;4;4;4;4;4;4;2;-9;-1;-1;6;6;5;6;-3;1;1256.3406678
516;2024Q2;ES705A1;ES705;1;1;59;1;1;1;3;15;-1;-1;-1;6;-1;-1;-1;61;1;9;-1;-1;-1;3;0;0;0;1;2;0;3;2;0;0;0;1;0;0;0;8;2;2;6;3;3;3;1;1;2;2;2;2;2;1;1;2;2;2;1;2;1;1;2;1;2;1;2;2;4;4;2;2;2;2;3;2;3;2;3;2;3;3;1;2;3;1;3;1;3;1;3;2;-1;-1;6;6;1;6;-3;1;4167.4845564
517;2024Q2;ES705A1;ES705;6;2;58;1;1;1;8;10;-1;-1;-1;1;-1;1;3;-1;-1;-1;-1;-1;-1;1;0;0;1;0;1;0;2;0;0;1;0;0;1;0;0;6;2;2;3;2;3;3;2;6;4;4;4;1;4;2;4;4;4;2;2;2;2;2;2;4;2;5;2;2;2;4;4;4;4;4;4;4;2;2;2;1;2;2;2;2;2;2;2;1;2;1;3;3;-1;-1;6;6;1;6;3;1;139.3670786
518;2024Q2;ES705A1;ES705;1;1;57;1;1;1;6;1;1;1;7;6;-1;-1;-1;80;5;-1;-1;-9;-1;4;0;0;0;0;3;1;4;2;0;0;0;1;0;1;0;6;6;3;-1;5;5;4;-9;6;4;4;4;4;4;4;4;4;4;4;4;5;4;5;5;2;2;4;4;4;4;4;5;5;4;4;2;4;4;4;5;4;4;3;3;3;3;3;2;3;3;3;2;2;-1;-1;6;6;5;6;-3;-9;3320.4885132
519;2024Q2;ES705A1;ES705;6;2;33;1;1;1;8;1;6;2;5;6;-1;-1;-1;63;2;7;-1;-1;-1;3;0;0;0;1;2;0;3;1;1;0;0;1;0;0;0;2;4;3;4;3;3;2;2;6;4;4;-9;4;4;2;4;4;2;4;4;4;4;4;2;2;4;3;4;4;4;4;2;2;2;2;2;4;4;3;3;3;4;3;3;4;3;3;3;4;3;3;1;2;-1;-1;6;6;1;6;3;1;1732.907591
520;2024Q2;ES705A1;ES705;6;2;36;1;1;1;8;1;6;1;4;6;-1;-1;-1;62;1;5;-1;-1;-1;2;0;1;0;1;1;0;3;2;0;0;0;0;0;0;0;7;5;4;5;4;3;3;3;1;3;4;4;4;4;4;4;4;4;3;4;4;4;4;4;1;3;2;4;4;4;4;5;5;4;4;4;2;1;2;3;3;4;2;4;4;2;3;3;1;4;3;1;3;-1;-1;6;1;1;1;3;1;863.23640822
521;2024Q2;ES705A1;ES705;6;2;39;1;1;1;4;10;-1;-1;-1;1;-1;1;9;-1;-1;-1;-1;-1;-1;2;0;2;1;1;0;0;4;0;0;1;1;0;0;0;0;2;2;1;6;5;3;3;5;6;2;5;2;2;4;4;1;2;1;2;4;2;5;2;5;5;5;5;2;5;3;4;4;-9;5;4;4;4;4;4;3;5;5;5;4;-3;-3;3;5;5;3;3;2;1;3;4;1;6;1;6;1;2;278.7341572
522;2024Q2;ES705A1;ES705;6;2;44;3;1;5;8;7;-1;-1;5;6;-1;-1;-1;45;8;-1;-9;-1;-1;2;0;1;0;1;1;0;3;0;1;0;0;1;0;0;0;2;4;3;-1;3;3;4;1;6;3;1;3;5;4;3;5;5;3;3;3;3;3;1;3;3;3;3;3;3;4;5;3;1;1;1;3;3;1;3;3;3;3;4;4;-3;-3;-3;-3;-3;-3;-3;2;3;-1;-1;6;6;3;6;-3;-9;863.23640822
523;2024Q2;ES705A1;ES705;6;2;38;3;1;5;8;2;6;2;4;1;-1;-1;-1;-1;-1;-1;-1;-1;-1;2;0;0;0;1;0;1;2;2;0;0;0;0;0;0;0;8;4;4;3;5;5;4;2;6;4;2;2;2;4;4;5;4;5;1;5;2;3;2;4;2;3;2;2;3;4;4;5;5;5;5;2;1;4;2;2;1;4;2;2;3;4;2;3;1;4;2;1;1;3;2;1;6;5;6;1;1;863.23640822
524;2024Q2;ES705A1;ES705;6;2;32;1;1;1;5;1;6;2;9;6;-1;-1;-1;32;1;6;-1;-1;-1;2;0;1;0;2;0;0;3;2;0;0;0;0;0;0;0;2;5;3;5;2;1;1;1;6;1;4;4;2;2;2;2;2;2;2;2;2;2;2;2;2;2;2;1;2;2;4;4;4;4;2;4;2;2;1;3;3;2;2;2;2;1;2;3;2;2;3;2;1;1;4;6;6;3;6;1;1;1155.2717273
525;2024Q2;ES705A1;ES705;1;1;74;1;1;1;3;12;-1;-1;-1;1;-1;1;7;-1;-1;-1;-1;-1;-1;2;0;0;0;0;0;2;2;0;0;0;0;1;0;1;0;4;2;2;5;4;3;2;2;6;2;3;3;3;3;4;3;3;3;3;3;3;3;3;3;3;3;3;3;3;3;3;3;3;3;3;3;3;3;3;3;2;2;2;2;2;3;2;2;2;3;2;2;2;-1;-1;6;6;5;6;1;1;2577.0845529
526;2024Q2;ES705A1;ES705;6;2;50;1;1;1;8;1;6;2;4;6;-1;-1;-1;52;1;3;-1;-1;-1;2;0;1;0;0;2;0;3;2;0;0;0;0;0;0;0;2;3;2;4;5;5;3;1;6;4;2;4;5;4;4;5;4;4;3;3;3;3;3;3;3;5;4;4;3;4;4;4;4;5;5;3;3;5;4;4;-3;-3;5;4;-3;-3;-3;-3;2;-3;-3;1;1;3;4;6;6;1;6;1;1;1256.3406678
527;2024Q2;ES704A0;ES704;1;1;55;2;1;5;5;15;-1;-1;-1;6;-1;-1;-1;47;1;9;-1;-1;-1;3;0;0;1;0;2;0;3;2;0;0;0;1;0;0;0;2;6;5;6;5;5;5;5;1;5;4;5;5;5;2;5;4;5;5;1;5;2;2;1;5;5;5;5;5;5;5;4;2;1;4;4;4;4;3;3;3;2;4;2;3;4;3;2;1;3;2;3;3;-1;-1;6;6;5;6;4;1;1121.6926702
528;2024Q2;ES704A0;ES704;6;2;60;2;1;5;9;1;6;2;5;1;-1;-1;-1;-1;-1;-1;-1;-1;-1;1;0;0;0;0;1;0;1;1;0;0;0;0;0;0;0;1;3;5;3;5;5;5;5;1;2;4;4;5;4;4;2;4;4;4;2;4;2;2;3;4;2;2;4;2;4;4;2;4;2;4;2;2;3;3;2;2;2;2;1;4;2;4;2;4;4;2;3;2;-1;-1;1;1;5;6;4;3;96.332667424
529;2024Q2;ES704A0;ES704;1;1;47;3;1;3;8;1;6;1;5;1;-1;-1;-1;-1;-1;-1;-1;-1;-1;3;0;1;1;1;1;0;4;2;0;0;0;0;0;0;1;2;5;3;5;4;4;3;2;1;4;2;4;4;4;4;3;4;4;3;3;2;1;4;4;4;4;4;4;4;4;4;2;2;4;3;4;4;3;3;4;4;4;3;3;3;3;3;2;3;2;2;2;2;-1;-1;6;6;3;6;3;1;480.61543731
530;2024Q2;ES704A0;ES704;6;2;44;1;1;1;7;15;-1;-1;-1;6;-1;-1;-1;43;1;0;-1;-1;-1;3;0;1;1;2;0;0;4;2;0;0;0;1;0;0;0;3;7;4;3;-9;-9;-9;-9;1;1;1;1;3;2;5;5;1;5;1;5;1;-9;5;1;1;1;1;1;3;3;3;1;5;-9;4;2;1;-3;-3;-3;1;3;4;1;3;4;1;1;1;3;3;3;1;2;4;1;6;1;6;4;1;1651.8774567
531;2024Q2;ES704A0;ES704;6;2;46;2;1;5;6;2;6;2;4;1;-1;-1;-1;-1;-1;-1;-1;-1;-1;1;0;1;0;0;1;0;2;1;0;0;0;0;0;0;0;6;6;5;3;5;5;3;2;6;5;5;3;5;3;4;5;4;5;3;3;2;5;2;3;3;2;3;4;4;4;3;3;3;4;4;2;3;4;3;3;3;3;4;2;2;3;3;3;2;3;2;1;-9;-1;-1;1;6;5;6;4;1;145.89426196
532;2024Q2;ES704A0;ES704;6;2;49;1;1;1;5;1;6;2;9;1;-1;-1;-1;-1;-1;-1;-1;-1;-1;2;0;2;0;0;2;0;4;2;0;0;0;0;0;0;0;2;5;3;6;4;4;3;3;1;5;4;4;5;5;4;4;4;1;4;1;4;4;5;5;4;4;1;4;4;4;4;2;4;4;4;4;1;4;4;4;4;4;4;4;4;4;4;4;4;4;4;2;3;-1;-1;6;6;5;6;5;1;291.78852393
533;2024Q2;ES704A0;ES704;1;1;44;1;1;1;10;2;1;1;2;1;-1;-1;-1;-1;-1;-1;-1;-1;-1;2;0;2;0;2;0;0;4;1;1;0;0;0;0;0;0;2;6;3;2;4;4;3;3;1;3;1;2;4;4;4;5;2;5;1;5;2;4;4;2;2;2;2;2;2;4;4;5;4;4;4;2;2;5;3;2;1;2;2;1;2;2;3;3;2;2;2;1;1;3;4;6;6;5;6;1;1;672.61904024
534;2024Q2;ES704A0;ES704;6;2;20;1;1;1;8;10;-1;-1;-1;6;-1;-1;-1;47;2;5;-1;-1;-1;2;0;1;1;0;1;0;3;0;1;0;1;0;0;0;0;6;3;2;5;4;4;3;5;1;3;2;3;4;4;3;5;4;5;2;4;3;4;4;4;3;2;4;4;3;4;4;4;4;4;4;2;2;4;3;4;4;4;3;3;3;3;3;3;4;4;3;2;2;-1;-1;1;6;4;6;4;3;225.46195347
535;2024Q2;ES704A0;ES704;6;2;53;1;1;1;9;2;6;2;2;6;-1;-1;-1;52;1;7;-1;-1;-1;2;0;0;0;0;2;0;2;2;0;0;0;0;0;0;0;4;7;6;4;5;5;2;2;6;2;2;2;2;2;5;4;2;4;1;5;1;5;5;4;2;2;4;4;2;4;5;3;5;5;5;1;1;5;3;5;1;1;1;1;3;3;3;3;4;3;2;1;1;5;4;1;6;5;6;2;3;291.78852393
536;2024Q2;ES704A0;ES704;6;2;69;1;1;1;5;12;-1;-1;-1;1;-1;1;5;-1;-1;-1;-1;-1;-1;1;0;0;0;0;0;1;1;0;0;0;0;1;0;0;0;1;2;4;5;4;4;3;4;6;2;4;2;2;2;4;5;2;1;1;5;5;5;1;2;1;1;2;4;1;4;4;1;5;5;5;1;1;1;1;2;2;2;2;2;3;2;3;3;1;3;1;2;2;-1;-1;6;6;1;6;3;1;871.62901435
537;2024Q2;ES704A0;ES704;6;2;27;3;1;4;8;10;-1;-1;-1;1;-1;1;4;-1;-1;-1;-1;-1;-1;3;0;0;1;1;1;0;3;0;0;1;0;1;1;0;0;6;2;2;3;5;5;3;3;6;2;4;3;4;4;4;5;2;4;4;3;4;3;2;4;3;4;4;4;4;4;4;4;3;4;4;2;3;2;2;2;2;3;1;4;4;2;2;2;2;2;2;1;1;2;4;1;6;4;6;2;1;338.1929302
538;2024Q2;ES704A0;ES704;1;1;58;3;1;5;5;15;-1;-1;-1;1;6;-1;-1;-1;-1;-1;-1;-1;-1;1;0;0;0;0;1;0;1;0;0;0;0;1;0;0;0;1;2;4;-1;5;5;3;2;6;5;4;4;4;4;4;4;4;2;4;4;2;2;2;2;2;4;4;4;4;4;4;4;4;4;4;2;2;3;3;4;4;4;3;3;3;4;4;3;3;3;3;2;2;-1;-1;6;6;5;6;5;1;373.89755674
539;2024Q2;ES704A0;ES704;6;2;27;1;1;1;8;1;6;2;4;6;-1;-1;-1;29;1;2;-1;-1;-1;2;0;0;0;2;0;0;2;2;0;0;0;0;0;0;0;4;6;5;2;5;5;4;5;1;5;4;4;4;5;3;5;3;5;4;5;5;5;5;4;3;2;3;4;5;5;5;5;5;5;5;2;2;4;3;4;3;4;2;4;3;3;1;1;3;2;1;2;1;4;3;1;1;1;6;2;1;677.12899162
540;2024Q2;ES704A0;ES704;6;2;49;3;1;5;6;1;6;1;9;1;-1;-1;-1;-1;-1;-1;-1;-1;-1;1;0;1;0;0;1;0;2;1;0;0;0;0;0;0;0;6;2;2;6;2;2;2;2;6;4;4;2;2;2;2;2;2;2;2;2;4;2;2;4;4;4;4;4;4;4;4;4;2;4;4;4;4;3;4;3;3;4;3;3;4;4;4;3;2;3;2;1;-9;-1;-1;1;1;5;6;1;1;145.89426196
541;2024Q2;ES704A0;ES704;1;1;51;2;1;5;5;15;-1;-1;-1;1;1;1;9;-1;-1;-1;-1;-1;-1;2;0;0;1;0;1;0;2;0;0;0;0;1;1;0;0;6;3;3;6;3;3;3;3;6;4;4;4;4;4;4;4;4;4;4;4;4;4;4;4;4;4;4;4;4;4;4;4;4;4;4;4;4;3;3;3;3;3;3;3;3;3;3;3;3;3;3;3;1;1;4;1;6;5;6;3;3;681.46916781
542;2024Q2;ES704A0;ES704;1;1;66;3;3;5;5;1;6;1;7;1;-1;-1;-1;-1;-1;-1;-1;-1;-1;4;0;0;0;1;2;1;4;1;0;0;0;0;0;3;0;8;2;1;5;3;3;2;3;6;4;4;4;5;5;4;4;4;4;4;4;4;4;2;4;4;4;4;4;4;4;4;2;2;2;2;4;4;4;4;4;4;4;4;4;4;4;4;4;4;4;4;3;3;-1;-1;6;6;5;6;4;1;3641.5046896
543;2024Q2;ES704A0;ES704;1;1;28;1;1;1;5;10;-1;-1;-1;6;-1;-1;-1;58;1;4;-1;-1;-1;2;0;0;0;1;1;0;2;1;0;0;1;0;0;0;0;6;3;3;3;5;5;4;4;6;4;3;4;4;2;4;5;4;3;2;2;3;3;2;5;4;3;2;3;4;4;4;4;3;2;4;2;3;4;4;3;3;3;4;4;3;4;4;4;2;3;4;2;2;-1;-1;6;6;1;6;3;1;251.00518035
544;2024Q2;ES704A0;ES704;1;1;62;1;1;1;3;10;-1;-1;-1;1;-1;1;9;-1;-1;-1;-1;-1;-1;2;0;0;0;0;2;0;2;0;0;1;0;1;0;0;0;8;3;3;6;4;4;2;2;6;4;4;-9;4;4;-9;5;4;-9;4;-9;-9;-9;-9;-9;4;-9;4;4;4;-9;4;-9;-9;-9;-9;-9;-9;4;4;-3;-3;-3;-3;-3;-3;-3;-3;-3;-3;-3;-3;3;2;-1;-1;6;6;1;6;-3;1;102.24279152
545;2024Q2;ES704A0;ES704;1;1;68;2;1;5;5;15;-1;-1;-1;1;1;1;7;-1;-1;-1;-1;-1;-1;1;0;0;0;0;0;1;1;0;0;0;0;1;0;0;0;1;2;4;5;3;3;3;3;6;2;4;2;4;5;2;5;2;4;4;2;4;4;5;2;2;4;2;2;1;4;1;4;4;4;4;4;2;2;3;3;3;2;3;3;3;4;4;1;1;3;3;2;2;-1;-1;6;6;4;6;3;1;190.17636286
546;2024Q2;ES704A0;ES704;1;1;73;2;1;5;10;12;-1;-1;-1;1;-1;2;2;-1;-1;-1;-1;-1;-1;2;0;0;0;0;0;2;2;0;0;0;0;2;0;0;0;4;7;6;1;5;5;4;3;6;4;4;4;4;4;4;2;4;4;4;4;4;4;4;4;4;4;4;4;4;4;4;4;4;4;4;4;4;4;4;4;4;4;4;4;4;4;4;4;4;4;4;1;1;1;4;1;1;5;6;3;1;380.35272572
547;2024Q2;ES704A0;ES704;6;2;41;3;1;4;10;1;1;1;3;6;-1;-1;-1;46;1;3;-1;-1;-1;2;0;0;0;1;1;0;2;2;0;0;0;0;0;0;0;4;7;6;3;5;5;3;2;6;4;4;4;5;4;5;5;3;4;2;4;2;2;2;4;3;3;4;4;3;4;4;3;3;3;3;3;3;4;2;3;2;3;2;2;3;3;-3;3;1;3;1;1;3;-1;-1;6;6;4;6;4;1;257.82773805
548;2024Q2;ES704A0;ES704;6;2;51;1;1;1;8;2;1;1;4;6;-1;-1;-1;56;1;7;-1;-1;-1;2;0;1;0;0;2;0;3;2;0;0;0;0;0;0;0;8;7;6;4;5;5;5;3;6;4;3;3;3;4;4;4;3;4;4;4;4;4;4;4;4;4;4;3;4;4;4;4;4;5;5;4;4;3;3;3;3;2;2;2;3;3;3;3;4;3;3;1;1;1;1;6;6;5;1;4;3;291.78852393
549;2024Q2;ES704A0;ES704;6;2;46;3;1;5;6;10;-1;-1;-1;1;-1;1;3;-1;-1;-1;-1;-1;-1;1;0;1;0;0;1;0;2;0;0;1;0;0;0;0;0;6;2;2;3;5;5;3;2;6;3;3;5;4;3;3;5;1;5;3;4;4;3;4;3;3;3;3;3;4;4;4;3;4;4;4;2;2;3;3;4;3;3;4;4;4;3;3;3;1;5;5;3;1;5;-9;1;1;5;6;5;1;51.121395759
550;2024Q2;ES704A0;ES704;1;1;57;1;1;1;7;2;1;1;7;6;-1;-1;-1;58;9;-1;6;-1;-1;3;0;0;0;1;2;0;3;2;0;0;0;1;0;0;0;2;6;5;-1;5;5;3;3;1;2;2;2;2;2;4;4;1;4;2;4;2;4;2;4;2;2;2;2;2;4;4;4;4;5;5;1;1;4;2;2;1;3;2;3;2;2;1;2;1;3;3;2;1;5;1;1;1;1;6;4;1;580.10435582
551;2024Q2;ES704A0;ES704;1;1;32;1;1;1;5;10;-1;-1;-1;1;-1;1;3;-1;-1;-1;-1;-1;-1;1;0;0;0;1;0;0;1;0;0;1;0;0;0;0;0;1;3;5;3;1;1;1;2;6;1;2;5;2;1;5;5;1;5;1;5;1;4;5;1;1;1;1;1;1;1;4;5;5;5;5;1;1;1;1;1;1;1;1;1;1;1;1;1;1;1;1;1;1;5;4;1;6;4;6;5;1;125.50259018
552;2024Q2;ES704A0;ES704;6;2;24;1;1;1;8;1;6;2;2;6;-1;-1;-1;59;1;9;-1;-1;-1;2;1;0;1;0;1;0;3;2;0;0;0;0;0;0;0;7;4;3;6;4;4;2;4;1;4;3;3;3;3;3;5;3;3;3;3;3;3;2;3;3;4;3;3;3;4;4;3;3;3;3;3;2;4;4;4;4;2;3;4;3;3;3;3;1;3;3;3;3;-1;-1;6;6;1;6;4;1;677.12899162
553;2024Q2;ES704A0;ES704;6;2;57;2;1;5;8;15;-1;-1;-1;1;1;1;3;-1;-1;-1;-1;-1;-1;1;0;0;0;0;1;0;1;0;0;0;0;1;0;0;0;1;5;6;3;4;4;3;1;1;2;3;2;4;2;5;5;3;4;2;4;3;5;3;3;2;3;1;3;2;3;4;5;5;5;5;2;1;2;2;2;2;2;2;-3;-3;2;1;1;1;3;2;2;1;5;3;1;1;5;6;3;1;518.04461731
554;2024Q2;ES704A0;ES704;1;1;49;1;1;1;5;10;-1;-1;-1;1;-1;1;5;-1;-1;-1;-1;-1;-1;1;0;0;0;0;1;0;1;0;0;0;1;0;0;0;0;1;1;1;6;5;5;5;2;6;5;5;4;5;5;2;2;5;2;5;2;4;2;2;4;5;5;5;4;3;5;5;2;2;2;2;4;5;3;3;4;5;3;3;4;-7;4;-7;-7;4;-7;4;2;3;-1;-1;6;6;1;6;3;3;51.121395759
555;2024Q2;ES704A0;ES704;1;1;25;3;1;5;5;10;-1;-1;-1;6;-1;-1;-1;50;1;5;-1;-1;-1;4;0;0;0;3;1;0;4;1;0;1;2;0;0;0;0;2;4;2;5;5;5;5;3;6;4;4;4;4;4;4;4;4;5;4;5;4;4;2;4;4;2;5;4;2;2;2;4;4;4;4;2;2;3;3;2;3;3;4;4;3;3;1;3;1;3;1;3;1;1;4;1;6;5;6;1;1;502.0103607
556;2024Q2;ES704A0;ES704;6;2;52;1;1;1;5;10;-1;-1;-1;6;-1;-1;-1;80;5;-1;-1;1;9;3;0;1;0;0;2;1;4;1;0;0;1;1;0;0;0;3;5;3;6;4;4;3;3;1;3;4;4;4;4;4;4;5;4;4;4;3;4;4;3;3;4;4;3;3;4;4;3;4;4;3;4;3;3;3;4;3;3;3;3;4;3;3;4;3;4;4;3;2;-1;-1;6;6;5;6;3;1;153.36418728
557;2024Q2;ES704A0;ES704;6;2;41;2;1;5;7;1;6;1;9;6;-1;-1;-1;46;1;8;-1;-1;-1;2;0;1;0;1;1;0;3;2;0;0;0;0;0;0;0;2;4;3;5;4;4;3;4;1;5;4;4;5;4;2;5;5;3;4;3;4;5;3;3;3;3;3;2;2;5;5;3;4;4;4;3;3;3;3;4;3;3;3;3;3;3;4;4;3;3;3;2;3;-1;-1;1;1;4;1;3;1;257.82773805
558;2024Q2;ES704A0;ES704;1;1;45;1;1;1;10;2;1;2;1;1;-1;-1;-1;-1;-1;-1;-1;-1;-1;3;0;0;1;1;2;0;4;2;0;0;0;0;2;0;0;2;7;5;1;4;4;3;3;6;4;4;2;4;4;2;2;4;2;4;4;2;2;2;3;4;4;1;3;2;4;4;4;2;4;4;4;4;4;4;3;4;3;3;4;4;3;3;3;3;3;3;2;1;1;1;1;6;1;6;1;1;480.61543731
559;2024Q2;ES704A0;ES704;6;2;57;1;1;1;5;10;-1;-1;-1;6;-1;-1;-1;57;1;7;-1;-1;-1;4;0;0;1;1;2;0;4;2;0;0;1;0;1;0;0;2;5;3;4;4;4;4;2;6;4;4;3;4;4;2;5;4;3;2;4;4;5;3;4;4;4;4;4;5;4;5;3;2;4;2;4;3;3;3;4;3;3;1;4;3;3;2;2;2;3;2;2;3;-1;-1;6;6;1;6;3;1;204.48558304
560;2024Q2;ES704A0;ES704;1;1;45;1;1;1;10;1;1;1;3;6;-1;-1;-1;41;1;1;-1;-1;-1;2;0;2;0;1;1;0;4;2;0;0;0;0;0;0;0;2;6;4;1;4;5;4;1;6;2;2;2;4;2;4;5;2;4;3;3;2;4;4;2;2;3;2;2;4;3;2;3;4;4;4;3;2;2;3;3;2;1;1;2;-3;3;-3;-3;2;3;1;3;1;3;3;1;6;5;1;2;1;320.41029154
561;2024Q2;ES704A0;ES704;1;1;35;1;1;1;9;10;-1;-1;-1;6;-1;-1;-1;35;1;2;-1;-1;-1;2;1;0;0;2;0;0;3;1;0;1;0;0;0;0;0;2;5;3;1;4;4;3;1;6;4;3;3;4;5;3;5;3;3;3;2;2;3;1;4;3;3;3;3;4;5;5;3;4;3;3;3;3;4;3;4;2;3;3;3;-3;3;-3;2;-3;-3;-3;2;2;-1;-1;1;6;1;6;-3;1;254.56559707
562;2024Q2;ES704A0;ES704;6;2;47;1;1;1;9;10;-1;-1;-1;6;-1;-1;-1;56;1;8;-1;-1;-1;3;0;0;1;0;2;0;3;2;0;0;1;0;0;0;0;2;6;4;5;3;3;2;3;1;2;4;1;4;4;5;4;4;4;2;4;2;4;4;3;2;2;3;4;4;3;4;4;4;5;5;2;2;4;4;4;3;4;3;3;3;2;3;2;2;3;3;2;1;2;2;1;1;5;6;3;1;153.36418728
563;2024Q2;ES704A0;ES704;6;2;48;1;1;1;5;7;-1;-1;5;6;-1;-1;-1;50;8;-1;1;1;5;3;0;0;2;0;2;0;4;0;1;0;0;1;2;0;0;2;4;2;3;4;4;3;3;6;5;5;4;4;4;5;4;4;4;4;3;4;4;3;3;4;4;4;4;4;4;4;3;3;4;3;3;3;4;4;4;3;4;4;3;4;4;4;4;3;4;4;1;1;2;2;6;6;1;1;4;1;437.68278589
564;2024Q2;ES704A0;ES704;1;1;47;1;1;1;6;7;-1;-1;8;1;-1;-1;-1;-1;-1;-1;-1;-1;-1;2;0;2;0;1;1;0;4;1;1;0;0;0;0;0;0;2;6;3;5;4;3;2;2;6;4;4;4;4;4;4;4;2;2;4;2;4;2;2;4;4;4;4;4;4;4;4;2;2;2;2;2;4;4;4;4;4;4;4;4;4;3;3;3;3;4;4;2;2;-1;-1;1;6;5;6;2;1;320.41029154
565;2024Q2;ES704A0;ES704;1;1;63;2;1;5;10;7;-1;-1;2;6;-1;-1;-1;64;5;-1;-1;1;2;3;0;0;1;0;2;0;3;0;1;0;0;1;1;0;0;2;7;5;1;4;4;4;3;6;4;4;2;2;4;4;4;2;4;2;4;2;4;4;4;4;4;2;4;4;4;4;4;4;4;4;2;2;3;4;3;3;3;3;3;4;3;3;3;2;3;3;2;1;5;4;1;6;5;6;4;1;580.10435582
566;2024Q2;ES704A0;ES704;1;1;21;1;1;1;6;16;-1;-1;-1;6;-1;-1;-1;59;1;7;-1;-1;-1;3;0;0;1;1;1;0;3;1;0;0;0;1;1;0;0;6;5;3;4;4;4;3;2;6;4;4;4;4;4;4;4;4;4;4;4;4;4;4;4;4;4;4;4;4;4;4;4;4;4;4;4;4;-3;-3;-3;-3;-3;-3;-3;-3;-3;-3;-3;-3;-3;-3;1;3;-1;-1;6;-9;5;-9;-7;-9;1545.1762497
567;2024Q2;ES704A0;ES704;6;2;44;1;1;1;6;1;6;2;5;1;-1;-1;-1;-1;-1;-1;-1;-1;-1;4;0;1;2;2;0;0;5;4;0;0;0;0;0;0;0;3;7;4;5;5;5;2;5;1;4;2;4;4;4;4;5;2;5;2;2;2;4;5;2;4;2;2;2;4;4;4;4;5;5;5;2;2;1;1;2;1;1;4;2;2;2;2;2;1;2;2;2;1;5;4;1;6;1;6;-3;1;515.6554761
568;2024Q2;ES704A0;ES704;1;1;50;2;1;5;10;2;1;2;2;1;-1;-1;-1;-1;-1;-1;-1;-1;-1;2;0;3;0;1;1;0;5;2;0;0;0;0;0;0;0;2;7;5;1;5;5;3;1;6;2;2;1;3;2;4;5;1;3;1;4;2;5;3;3;2;2;3;2;2;2;2;4;5;5;5;1;1;3;2;2;2;2;3;3;3;1;1;2;1;1;2;2;3;-1;-1;6;6;5;1;4;1;320.41029154
569;2024Q2;ES704A0;ES704;1;1;51;1;1;1;10;2;6;2;3;6;-1;-1;-1;54;1;2;-1;-1;-1;2;0;1;0;0;2;0;3;2;0;0;0;0;0;0;0;2;7;5;-1;5;5;4;2;6;4;2;4;4;4;4;4;4;3;4;2;4;4;2;4;4;3;2;3;2;2;4;4;4;4;3;2;4;4;3;3;2;2;2;3;3;3;2;2;2;3;2;1;1;5;1;1;6;5;6;4;1;320.41029154
570;2024Q2;ES704A0;ES704;1;1;57;1;1;5;7;2;6;2;4;6;-1;-1;-1;55;1;2;-1;-1;-1;2;0;0;0;0;2;0;2;2;0;0;0;0;0;0;0;9;7;6;-1;4;5;3;1;6;5;5;-9;5;5;2;5;5;2;5;2;5;5;2;5;4;4;5;5;5;5;4;4;4;4;5;4;4;4;4;4;3;4;3;3;2;3;3;3;-3;3;3;1;1;5;1;1;6;5;6;4;3;386.73623721
571;2024Q2;ES704A0;ES704;1;1;31;1;1;5;9;10;-1;-1;-1;6;-1;-1;-1;58;1;5;-1;-1;-1;3;0;0;0;1;2;0;3;1;0;0;1;1;0;0;0;8;7;6;3;4;5;2;1;6;5;4;4;5;5;4;4;5;3;5;1;4;1;1;5;4;3;5;5;5;5;5;4;2;4;2;4;4;4;4;4;4;4;4;4;3;4;4;4;2;4;3;1;1;5;3;1;6;5;6;2;1;376.50777053
572;2024Q2;ES704A0;ES704;6;2;36;1;1;1;9;1;6;2;2;1;-1;-1;-1;-1;-1;-1;-1;-1;-1;2;0;0;0;2;0;0;2;2;0;0;0;0;0;0;0;4;5;5;1;4;4;3;2;6;5;5;3;5;5;3;4;4;4;4;4;4;2;2;4;4;3;4;4;3;4;4;3;3;4;4;2;2;4;4;3;3;3;3;3;4;4;3;3;3;3;3;1;3;-1;-1;6;6;5;6;1;1;257.82773805
573;2024Q2;ES704A0;ES704;1;1;67;2;1;5;5;12;-1;-1;-1;6;-1;-1;-1;61;5;-1;-1;1;4;4;0;0;0;2;1;1;4;1;0;1;0;2;0;0;0;2;7;4;3;3;4;2;2;6;4;4;4;3;4;4;5;2;4;3;4;2;4;2;2;2;3;2;2;2;3;4;4;2;3;4;3;3;2;2;2;2;3;1;1;2;3;2;2;2;3;3;2;2;-1;-1;6;6;5;6;2;1;760.70545144
574;2024Q2;ES704A0;ES704;6;2;40;3;1;5;11;1;1;2;2;6;-1;-1;-1;45;1;3;-1;-1;-1;2;0;1;0;1;1;0;3;2;0;0;0;0;0;0;0;2;7;6;3;5;5;3;1;6;4;4;4;4;2;4;5;4;4;4;3;4;2;2;4;4;3;3;4;4;4;5;2;3;4;4;2;3;5;4;4;3;3;4;4;-3;3;-3;-3;5;4;3;1;2;-1;-1;1;6;5;6;2;1;257.82773805
575;2024Q2;ES704A0;ES704;1;1;46;3;1;5;8;7;-1;-1;7;1;-1;-1;-1;-1;-1;-1;-1;-1;-1;2;0;0;0;0;2;0;2;0;2;0;0;0;0;0;0;8;7;6;4;5;5;2;3;6;3;3;3;4;4;2;2;5;3;4;4;4;3;2;4;4;4;2;3;3;4;4;3;4;4;4;3;3;3;2;3;3;2;1;1;3;1;1;1;1;1;1;1;2;-1;-1;6;6;5;6;2;1;320.41029154
576;2024Q2;ES704A0;ES704;1;3;18;1;1;1;6;13;-1;-1;-1;6;-1;-1;-1;59;5;-1;-1;1;2;4;0;0;2;0;2;0;4;1;0;0;0;1;2;0;0;2;7;4;-1;5;5;5;3;6;2;2;2;4;2;5;5;2;5;1;5;1;4;5;4;-9;3;2;4;4;4;4;5;5;5;5;2;2;5;5;3;1;4;2;4;-3;5;-3;-3;1;2;-3;2;1;3;-9;1;1;1;6;4;1;2060.2349996
577;2024Q2;ES704A0;ES704;6;2;42;1;1;1;5;10;-1;-1;-1;6;-1;-1;-1;42;1;7;-1;-1;-1;2;1;2;0;2;0;0;5;1;0;1;0;0;0;0;0;2;3;1;4;4;4;4;3;6;4;4;3;4;4;3;2;4;2;2;2;4;2;2;2;4;2;4;4;4;2;4;4;2;2;2;2;2;4;4;4;4;3;3;4;4;4;4;4;3;4;4;2;3;-1;-1;6;6;1;6;-3;2;102.24279152
578;2024Q2;ES704A0;ES704;6;2;40;1;1;1;8;10;-1;-1;-1;1;-1;1;2;-1;-1;-1;-1;-1;-1;1;0;0;0;1;0;0;1;0;0;1;0;0;0;0;0;1;2;4;1;4;5;2;1;6;1;1;1;1;1;5;5;1;5;1;5;1;5;4;2;1;1;1;1;2;1;4;5;5;5;5;1;1;1;-7;1;1;1;1;1;1;3;1;1;1;1;1;1;1;3;4;1;6;1;6;4;1;51.121395759
579;2024Q2;ES704A0;ES704;6;2;69;1;1;1;5;12;-1;-1;-1;1;-1;1;9;-1;-1;-1;-1;-1;-1;1;0;0;0;0;0;1;1;0;0;0;0;1;0;0;0;1;2;3;6;3;3;2;1;6;5;2;2;3;4;4;3;4;4;5;4;2;2;4;4;4;4;4;4;4;4;4;4;4;4;2;4;4;4;3;4;4;4;4;2;2;3;3;4;2;4;4;3;1;5;1;6;1;1;6;1;1;871.62901435
580;2024Q2;ES704A0;ES704;6;2;53;1;1;1;3;10;-1;-1;-1;1;-1;1;2;-1;-1;-1;-1;-1;-1;1;0;0;0;0;1;0;1;0;0;1;0;0;0;0;0;1;1;2;1;5;5;4;-9;6;4;4;3;4;3;5;5;3;5;2;5;3;2;2;4;2;2;3;5;3;5;4;4;5;5;5;2;1;1;3;2;1;2;1;2;2;3;2;1;1;1;1;3;1;1;2;1;6;4;6;-3;1;51.121395759
581;2024Q2;ES704A0;ES704;1;1;51;1;1;1;5;2;1;2;9;1;-1;-1;-1;-1;-1;-1;-1;-1;-1;4;0;0;1;1;2;0;4;4;0;0;0;0;0;0;0;2;4;2;6;4;4;4;3;1;4;4;4;4;4;2;2;2;2;2;2;2;2;2;2;4;2;2;2;2;2;2;2;2;2;2;2;2;4;3;3;3;3;4;4;3;3;3;4;3;3;4;1;2;-1;-1;1;1;1;6;3;3;640.82058308
582;2024Q2;ES704A0;ES704;1;1;29;1;1;1;5;1;6;1;9;6;-1;-1;-1;65;5;-1;-1;1;-9;4;0;0;0;2;1;1;4;2;0;0;0;1;0;1;0;2;5;3;-1;4;4;2;2;6;4;4;4;4;4;4;4;4;4;4;4;4;4;4;4;4;4;4;2;2;2;2;4;4;4;4;4;4;2;2;2;2;2;2;2;2;2;2;2;2;2;2;3;1;5;4;1;6;2;6;-3;3;1338.1172471
583;2024Q2;ES704A0;ES704;1;1;62;1;1;1;4;10;-1;-1;-1;1;-1;2;7;-1;-1;-1;-1;-1;-1;1;0;0;0;0;1;0;1;0;0;1;0;0;0;0;0;1;1;2;5;5;4;3;3;6;4;4;3;4;2;4;4;4;4;4;4;4;4;2;4;4;4;4;4;4;4;4;2;2;2;4;4;4;4;3;3;4;3;4;4;-3;5;2;2;1;1;4;1;1;2;4;1;1;5;6;3;1;51.121395759
584;2024Q2;ES704A0;ES704;6;2;80;1;1;1;2;16;-1;-1;-1;1;-9;-1;-1;-1;-1;-1;-1;-1;-1;2;0;0;0;0;1;1;2;1;0;0;0;1;0;0;0;8;2;2;-1;5;5;4;3;6;3;3;2;3;3;4;5;3;5;2;5;1;5;4;4;2;2;1;1;3;2;3;5;5;5;5;1;1;3;3;3;1;1;1;2;-3;3;-3;-3;1;1;1;3;1;3;-9;1;6;1;6;-3;1;1743.2580287
585;2024Q2;ES704A0;ES704;6;2;22;1;1;1;10;7;-1;-1;-9;6;-1;-1;-1;49;9;-1;1;1;-9;3;0;0;1;0;2;0;3;1;2;0;0;0;0;0;0;-9;7;5;-1;5;5;4;3;6;3;4;2;4;2;5;5;2;5;2;5;3;2;3;4;2;3;2;1;2;5;4;4;1;4;4;2;3;4;2;2;1;2;3;3;-3;-3;-3;-3;1;2;1;2;1;2;2;6;6;1;6;2;1;1015.6934874
586;2024Q2;ES704A0;ES704;1;1;30;1;1;1;5;10;-1;-1;-1;6;-1;-1;-1;33;3;-1;-1;1;9;2;0;0;1;2;0;0;3;0;0;1;1;0;1;0;0;5;2;1;6;5;5;2;2;6;4;4;4;4;4;2;2;2;4;2;4;2;4;4;2;2;2;4;2;2;2;4;4;4;4;4;2;2;1;1;3;1;4;2;2;2;2;1;1;1;1;1;3;1;1;4;6;6;3;6;1;1;251.00518035
587;2024Q2;ES704A0;ES704;1;1;47;1;1;1;8;1;6;2;8;1;-1;-1;-1;-1;-1;-1;-1;-1;-1;1;0;0;0;0;1;0;1;1;0;0;0;0;0;0;0;1;3;5;5;5;5;4;4;6;4;4;4;4;4;4;4;4;4;4;4;4;4;4;4;3;4;4;4;2;4;4;4;4;4;4;2;4;3;4;3;3;4;3;2;3;3;3;3;1;3;3;2;2;-1;-1;6;6;5;6;1;1;160.20514577
588;2024Q2;ES704A0;ES704;6;2;32;1;1;1;10;10;-1;-1;-1;6;-1;-1;-1;66;5;-1;-1;1;5;2;0;0;0;1;0;1;2;0;0;0;1;1;0;0;0;8;2;2;5;3;4;3;2;6;3;3;3;4;2;5;5;3;4;3;4;4;5;3;3;3;3;2;1;4;4;3;5;5;5;4;3;2;2;4;3;2;3;3;4;3;-3;2;3;3;2;2;1;1;5;2;1;6;2;6;2;3;225.46195347
589;2024Q2;ES708A0;ES708;1;1;33;1;1;1;7;1;6;1;7;6;-1;-1;-1;32;3;-1;-1;1;4;2;0;1;0;2;0;0;3;1;0;1;0;0;0;0;0;2;6;4;3;3;5;1;4;1;3;3;3;3;3;3;4;4;4;3;5;2;4;3;1;2;4;3;4;4;4;4;4;4;4;4;4;4;2;2;2;2;2;2;2;2;2;2;2;2;2;2;2;1;1;1;1;6;1;6;2;1;305.3903305
590;2024Q2;ES708A0;ES708;1;1;55;1;1;1;3;1;6;1;9;1;-1;-1;-1;-1;-1;-1;-1;-1;-1;1;0;0;0;0;1;0;1;1;0;0;0;0;0;0;0;1;3;5;6;4;2;2;2;6;3;4;5;4;5;4;4;4;4;5;4;4;4;4;4;5;4;5;4;4;4;4;4;4;4;5;4;4;3;3;4;4;4;5;4;4;4;4;4;4;4;4;3;1;4;-9;1;6;1;6;3;3;135.07299024
591;2024Q2;ES708A0;ES708;6;2;22;1;1;1;8;2;6;2;5;6;-1;-1;-1;42;1;9;-1;-1;-1;3;0;0;1;1;1;0;3;3;0;0;0;0;0;0;0;2;4;3;6;2;3;3;3;1;4;4;4;4;4;4;2;4;2;4;4;4;4;4;4;4;4;4;4;4;4;4;4;4;4;4;4;4;3;3;2;3;3;3;3;3;3;3;3;3;3;2;2;2;-1;-1;1;6;1;6;3;2;1036.9095171
592;2024Q2;ES708A0;ES708;1;1;50;1;1;1;7;10;-1;-1;-1;1;-1;2;7;-1;-1;-1;-1;-1;-1;1;0;0;0;0;1;0;1;0;0;0;1;0;0;0;0;1;1;1;4;5;5;4;3;6;4;4;5;5;2;4;4;4;4;2;4;2;2;2;2;4;2;4;4;4;4;4;4;4;4;4;2;2;3;4;3;3;3;2;2;1;2;2;4;2;2;2;1;1;1;2;1;6;1;6;4;1;119.82944815
593;2024Q2;ES708A0;ES708;1;1;26;1;1;1;6;1;1;2;9;6;-1;-1;-1;57;1;4;-1;-1;-1;4;0;0;0;2;2;0;4;2;0;0;1;1;0;0;0;2;7;4;3;4;4;3;3;1;5;4;3;4;4;3;5;4;5;3;5;4;5;1;4;4;3;3;4;2;4;5;4;4;2;2;2;3;3;3;3;4;3;3;3;3;3;2;2;3;3;3;1;3;-1;-1;6;6;1;6;1;3;610.78066101
594;2024Q2;ES708A0;ES708;1;1;41;1;1;1;5;1;6;2;9;1;-1;-1;-1;-1;-1;-1;-1;-1;-1;2;0;0;0;2;0;0;2;2;0;0;0;0;0;0;0;4;4;4;6;4;3;3;3;6;4;4;4;4;4;4;4;4;4;5;4;4;4;4;4;4;4;4;4;4;4;4;4;4;4;4;4;4;4;4;4;4;4;4;4;4;4;4;4;2;4;4;2;1;1;4;6;1;4;6;4;1;565.019229
595;2024Q2;ES708A0;ES708;6;2;31;1;1;1;7;1;6;2;9;1;-1;-1;-1;-1;-1;-1;-1;-1;-1;1;0;0;0;1;0;0;1;1;0;0;0;0;0;0;0;1;3;5;6;4;5;3;4;1;3;2;4;3;2;1;5;5;5;1;5;2;4;4;3;3;2;2;4;4;2;2;3;4;3;5;2;2;3;3;4;2;4;4;1;2;3;1;2;1;3;3;3;3;-1;-1;6;6;4;6;3;1;345.6365057
596;2024Q2;ES708A0;ES708;1;1;41;1;1;5;10;1;1;1;2;6;-1;-1;-1;60;5;-1;-1;2;1;4;0;0;0;2;1;1;4;1;2;0;0;1;0;0;0;3;7;4;2;5;5;4;3;6;4;3;4;5;5;2;5;4;4;5;5;5;5;3;4;4;5;5;2;5;5;5;5;5;5;5;3;4;4;2;2;1;3;3;3;4;2;1;1;1;1;1;1;1;5;3;1;1;5;6;3;1;1130.038458
597;2024Q2;ES708A0;ES708;6;2;49;1;1;1;10;1;6;1;5;1;-1;-1;-1;-1;-1;-1;-1;-1;-1;1;0;0;0;0;1;0;1;1;0;0;0;0;0;0;0;1;3;5;5;5;5;3;3;6;5;5;5;5;5;4;5;4;3;4;1;4;2;2;4;4;3;4;4;3;3;3;5;3;4;3;2;2;5;3;3;4;4;4;4;4;4;4;4;3;4;3;2;3;-1;-1;6;6;5;6;3;1;126.63580276
598;2024Q2;ES708A0;ES708;6;2;46;1;1;1;7;1;6;2;5;1;-1;-1;-1;-1;-1;-1;-1;-1;-1;3;0;1;1;0;2;0;4;2;0;0;0;0;1;0;0;2;6;3;5;4;5;3;4;1;4;4;-9;4;4;3;4;-9;4;3;2;4;2;2;3;4;3;3;4;4;4;4;5;4;3;4;-9;4;-3;-3;-3;-3;-3;-3;-3;-3;-3;-3;-3;-3;-3;-3;2;1;5;1;6;6;5;6;5;-9;379.90740827
599;2024Q2;ES708A0;ES708;1;1;47;1;1;5;10;7;-1;-1;3;1;-1;-1;-1;-1;-1;-1;-1;-1;-1;2;0;1;0;0;2;0;3;1;1;0;0;0;0;0;0;2;6;5;2;4;5;5;4;6;3;2;2;4;2;4;4;2;4;2;4;3;4;2;3;2;3;4;3;2;3;2;4;4;4;4;3;2;2;3;1;1;2;2;1;3;3;1;1;2;1;2;1;1;3;1;1;6;5;6;4;1;378.01549853
600;2024Q2;ES708A0;ES708;6;2;66;3;1;5;3;2;6;1;9;1;-1;-1;-1;-1;-1;-1;-1;-1;-1;2;0;0;0;0;0;2;2;1;0;0;1;0;0;0;0;-9;3;3;6;5;5;5;4;1;4;4;4;4;4;2;2;4;2;4;-9;4;2;4;4;4;4;3;4;4;4;4;3;2;2;3;-9;4;4;4;4;4;4;4;4;4;4;4;4;1;4;4;3;1;2;-9;-9;6;2;6;4;1;312.45817274
601;2024Q2;ES708A0;ES708;6;2;61;1;1;1;8;2;6;2;9;1;-1;-1;-1;-1;-1;-1;-1;-1;-1;2;0;0;0;0;2;0;2;2;0;0;0;0;0;0;0;9;6;5;6;5;5;3;3;6;5;4;2;5;4;4;4;2;4;4;4;2;4;2;4;-9;4;-9;4;2;4;4;4;4;4;4;-9;-9;4;2;4;1;3;4;3;-7;4;3;3;2;-7;3;1;2;-1;-1;6;6;5;6;5;1;60.593442985
602;2024Q2;ES708A0;ES708;6;2;47;2;1;5;7;1;6;2;5;6;-1;-1;-1;60;2;7;-1;-1;-1;2;0;0;0;0;2;0;2;1;1;0;0;0;0;0;0;4;7;6;4;4;4;3;2;1;4;4;4;4;4;2;4;4;4;4;4;4;4;2;4;4;4;4;4;4;4;4;4;4;4;4;4;2;4;4;4;4;4;4;4;4;4;4;4;1;4;4;1;2;-1;-1;1;6;5;6;2;1;253.27160551
603;2024Q2;ES708A0;ES708;1;1;24;1;1;1;9;1;6;2;2;6;-1;-1;-1;60;1;2;-1;-1;-1;4;0;0;1;1;2;0;4;2;1;0;1;0;0;0;0;7;7;5;1;5;5;4;2;6;3;2;4;4;3;5;5;4;5;3;5;3;3;4;3;4;3;1;3;4;4;4;5;5;4;4;3;1;1;3;3;3;3;1;1;3;3;3;1;1;2;2;1;1;1;4;1;1;1;6;4;1;610.78066101
604;2024Q2;ES708A0;ES708;1;1;52;1;1;1;6;1;6;1;7;6;-1;-1;-1;80;5;-1;-1;1;7;3;0;0;0;0;1;2;3;1;0;0;0;2;0;0;0;8;3;2;5;3;3;2;3;6;4;4;3;5;4;4;5;2;4;2;3;4;5;2;3;4;4;4;3;4;4;3;4;2;5;4;3;3;3;3;4;4;3;3;2;3;4;3;4;2;3;2;1;2;-1;-1;1;6;4;6;3;3;567.02324779
605;2024Q2;ES708A0;ES708;6;2;57;1;1;1;10;2;6;2;2;1;-1;-1;-1;-1;-1;-1;-1;-1;-1;1;0;0;0;0;1;0;1;1;0;0;0;0;0;0;0;1;4;6;1;4;4;4;2;6;4;4;4;4;4;4;4;4;4;4;4;4;4;2;4;4;4;4;4;4;4;4;4;4;4;4;4;4;3;3;3;4;4;4;4;4;4;-7;-7;-7;-7;-7;2;3;-1;-1;6;6;1;6;1;1;30.296721493
606;2024Q2;ES708A0;ES708;6;2;52;2;1;5;7;15;-1;-1;-1;1;1;1;4;-1;-1;-1;-1;-1;-1;2;0;0;0;0;2;0;2;0;0;0;0;2;0;0;0;4;4;4;3;3;3;3;3;6;4;4;4;4;4;4;4;4;4;4;4;3;4;2;4;4;4;2;4;4;4;4;4;4;3;4;3;3;4;4;4;4;4;4;4;3;4;4;4;2;4;3;2;1;3;4;1;6;5;6;4;1;3825.9869254
607;2024Q2;ES708A0;ES708;6;2;68;1;1;1;5;12;-1;-1;-1;6;-1;-1;-1;68;5;-1;-1;1;5;2;0;0;0;0;0;2;2;0;0;0;0;2;0;0;0;4;6;5;5;5;5;3;3;6;3;4;3;4;4;4;4;3;4;4;4;3;2;3;2;3;3;2;3;3;3;2;3;4;3;3;2;2;4;4;3;3;4;4;4;4;4;3;3;2;3;3;2;2;-1;-1;6;6;5;6;4;1;3885.1734926
608;2024Q2;ES708A0;ES708;1;1;62;1;1;5;5;4;6;1;-9;-9;-1;-1;-1;-1;-1;-1;-1;-1;-1;5;0;0;0;0;3;2;5;5;0;0;0;0;0;0;0;-9;-9;-9;-1;-9;-9;-9;-9;-9;-9;-9;-9;-9;-9;-9;-9;-9;-9;-9;-9;-9;-9;-9;-9;-9;-9;-9;-9;-9;-9;-9;-9;-9;-9;-9;-9;-9;-7;-7;-3;-7;-3;-7;-7;-7;-7;-3;-3;-3;-3;-3;1;1;3;2;1;6;5;6;5;1;675.3649512
609;2024Q2;ES708A0;ES708;1;1;65;1;1;1;5;1;6;2;8;1;-1;-1;-1;-1;-1;-1;-1;-1;-1;4;0;0;0;3;0;1;4;1;0;0;3;0;0;0;0;3;3;2;5;4;4;4;2;1;2;2;2;2;2;4;4;2;4;2;2;2;2;4;2;2;2;2;2;2;2;2;5;4;4;4;2;2;2;2;2;2;1;2;2;-3;2;2;2;1;2;2;2;2;-1;-1;6;6;5;6;5;1;121.18688597
610;2024Q2;ES708A0;ES708;6;2;72;3;2;5;10;1;1;1;5;1;-1;-1;-1;-1;-1;-1;-1;-1;-1;1;0;0;0;0;0;1;1;1;0;0;0;0;0;0;0;1;3;5;5;5;5;5;5;1;2;4;4;4;2;5;5;2;5;-9;5;-9;2;2;1;1;2;1;1;2;1;1;5;5;5;5;2;1;3;3;3;4;4;1;-3;5;5;5;5;1;4;5;2;1;3;4;1;-9;5;6;5;1;719.81105469
611;2024Q2;ES708A0;ES708;6;2;46;1;1;1;9;10;-1;-1;-1;1;-1;1;3;-1;-1;-1;-1;-1;-1;1;0;0;0;0;1;0;1;0;0;1;0;0;0;0;0;1;2;4;3;5;5;5;5;6;5;5;5;5;5;1;1;4;2;5;1;5;1;1;5;3;4;3;4;2;2;2;3;2;4;4;2;3;4;5;1;4;1;4;5;3;3;3;3;3;4;1;1;1;5;2;1;6;1;6;3;1;30.296721493
612;2024Q2;ES708A0;ES708;6;2;51;2;1;5;5;1;6;2;9;1;-1;-1;-1;-1;-1;-1;-1;-1;-1;1;0;0;0;0;1;0;1;1;0;0;0;0;0;0;0;1;3;5;6;5;5;5;3;1;5;4;4;4;4;2;4;4;2;4;4;4;2;2;4;2;4;4;4;4;4;4;4;4;2;4;4;2;3;3;3;3;4;4;4;4;3;3;3;1;3;4;1;1;3;4;1;6;5;6;5;1;126.63580276
613;2024Q2;ES708A0;ES708;1;1;33;1;1;1;9;1;6;2;5;1;-1;-1;-1;-1;-1;-1;-1;-1;-1;2;0;0;0;2;0;0;2;2;0;0;0;0;0;0;0;9;6;5;5;5;5;2;4;1;2;1;1;4;2;5;5;2;4;2;5;2;2;4;3;4;2;1;3;2;4;2;4;5;5;5;1;1;2;2;2;1;4;4;4;2;4;1;1;1;3;2;1;1;3;3;1;1;1;6;5;1;305.3903305
614;2024Q2;ES708A0;ES708;6;2;55;2;1;5;7;1;1;2;3;6;-1;-1;-1;57;1;3;-1;-1;-1;2;0;0;0;0;2;0;2;2;0;0;0;0;0;0;0;4;5;5;3;4;3;3;3;6;4;4;4;4;4;2;2;4;2;2;2;2;2;2;4;4;4;2;4;4;4;4;4;2;2;2;4;4;3;3;4;4;4;4;4;4;3;3;3;2;3;2;1;1;5;4;1;1;5;6;4;1;60.593442985
615;2024Q2;ES708A0;ES708;1;1;62;2;1;5;7;1;6;2;7;1;-1;-1;-1;-1;-1;-1;-1;-1;-1;2;0;0;0;1;1;0;2;2;0;0;0;0;0;0;0;4;4;4;4;4;4;4;3;1;2;2;4;2;2;4;4;2;3;2;4;2;2;2;3;3;2;2;2;2;4;4;3;4;4;3;3;2;3;3;4;3;4;4;4;3;3;2;2;2;3;3;2;2;-1;-1;6;6;5;6;4;1;270.14598048
616;2024Q2;ES705A3;ES705;1;1;73;2;1;5;4;12;-1;-1;-1;1;-1;1;5;-1;-1;-1;-1;-1;-1;1;0;0;0;0;0;1;1;0;0;0;0;1;0;0;0;1;2;3;5;5;4;2;2;6;4;4;2;2;5;5;2;4;4;4;5;4;2;2;4;4;4;4;4;4;4;4;4;4;5;4;4;4;4;5;5;4;2;2;3;3;4;5;1;2;4;1;3;3;-1;-1;6;6;2;6;4;3;1923.4488539
617;2024Q2;ES705A3;ES705;6;2;39;1;1;1;8;1;6;2;7;1;-1;-1;-1;-1;-1;-1;-1;-1;-1;2;0;0;0;2;0;0;2;2;0;0;0;0;0;0;0;4;5;5;4;5;5;5;5;1;4;4;4;4;4;4;4;3;3;4;2;4;3;4;4;4;4;2;2;2;4;4;3;4;4;4;3;3;3;3;3;3;3;3;4;3;3;3;3;1;3;3;2;2;-1;-1;6;6;1;6;3;1;666.50041898
618;2024Q2;ES705A3;ES705;1;1;56;3;2;5;8;10;-1;-1;-1;6;-1;-1;-1;46;1;5;-1;-1;-1;2;0;1;0;0;2;0;3;1;0;0;1;0;0;0;0;8;3;2;5;5;3;3;3;6;4;5;5;4;4;4;4;5;4;4;4;4;4;4;4;5;5;5;5;5;5;5;2;1;2;5;1;2;-3;5;5;5;5;5;5;5;5;5;5;5;5;5;3;1;1;4;1;6;5;6;5;-9;2303.0277184
619;2024Q2;ES705A3;ES705;6;2;65;1;1;1;3;12;-1;-1;-1;1;-1;1;9;-1;-1;-1;-1;-1;-1;1;0;0;0;0;0;1;1;0;0;0;0;1;0;0;0;1;2;4;6;3;3;4;3;1;4;5;4;4;4;2;5;5;4;5;1;5;4;2;4;4;5;4;4;5;5;5;5;2;2;2;4;4;5;3;4;4;5;4;4;4;5;5;5;4;4;4;3;1;5;4;1;1;1;6;3;3;5085.8672796
620;2024Q2;ES705A3;ES705;1;1;55;1;1;5;3;1;1;2;5;1;-1;-1;-1;-1;-1;-1;-1;-1;-1;3;0;0;2;0;2;0;4;3;0;0;0;0;1;0;0;2;7;5;5;5;5;5;5;1;5;5;5;5;5;3;3;4;5;2;4;2;5;3;4;1;2;3;4;4;5;5;4;5;5;5;5;1;5;4;4;1;4;1;4;4;4;-3;3;1;4;1;1;1;1;3;1;6;5;6;5;1;504.0903941
621;2024Q2;ES705A3;ES705;1;1;36;3;1;5;4;7;-1;-1;8;6;-1;-1;-1;46;2;8;-1;-1;-1;2;0;0;1;1;1;0;3;0;2;0;0;0;1;0;0;2;5;4;6;5;5;5;3;1;5;5;3;5;5;2;5;5;5;2;5;5;2;5;5;3;5;2;2;2;2;4;2;2;4;2;2;2;3;2;2;4;4;4;1;4;4;1;1;1;1;1;2;3;-1;-1;6;6;5;6;-3;1;911.65486875
622;2024Q2;ES705A3;ES705;1;1;39;1;1;1;4;2;6;2;6;1;-1;-1;-1;-1;-1;-1;-1;-1;-1;1;0;2;0;1;0;0;3;1;0;0;0;0;0;0;0;2;2;2;5;5;2;2;2;6;1;2;4;4;2;4;5;4;4;2;5;4;4;4;2;4;4;2;2;2;4;4;2;4;5;3;2;2;5;4;4;4;4;4;4;4;4;4;4;-3;-3;3;2;-9;-1;-1;6;6;1;6;1;1;455.82743437
623;2024Q2;ES705A3;ES705;1;1;63;1;1;1;4;15;-1;-1;-1;1;1;1;9;-1;-1;-1;-1;-1;-1;3;0;1;1;1;2;0;5;1;0;0;0;1;0;2;0;3;3;2;6;3;3;2;2;1;5;4;4;4;4;4;4;4;4;4;2;4;2;2;4;4;4;4;4;4;4;4;2;2;2;2;4;4;3;3;3;3;3;2;3;3;3;4;3;2;2;3;3;2;-1;-1;6;6;1;6;-3;3;2192.4920788
624;2024Q2;ES705A3;ES705;6;2;46;1;1;1;4;14;-1;-1;-1;6;-1;-1;-1;68;3;-1;-1;2;3;2;0;0;0;0;1;1;2;0;0;0;1;0;0;1;0;4;1;1;2;4;3;2;1;6;4;3;3;4;4;4;4;3;2;4;3;2;2;2;4;4;4;2;2;2;2;2;2;2;3;3;2;2;3;3;3;3;2;4;4;3;3;-3;-3;2;2;3;2;1;1;4;1;1;5;6;1;1;1414.0439249
625;2024Q2;ES705A3;ES705;6;2;48;1;1;1;5;1;6;2;5;1;-1;-1;-1;-1;-1;-1;-1;-1;-1;1;0;1;0;0;1;0;2;1;0;0;0;0;0;0;0;6;3;3;5;4;3;2;3;6;5;5;4;4;5;4;2;4;2;4;5;4;2;2;4;4;4;4;4;2;4;4;2;2;2;2;4;4;3;4;4;4;4;4;3;4;4;3;4;3;4;4;1;1;1;1;6;6;5;6;-3;3;171.18533453
626;2024Q2;ES705A3;ES705;6;2;47;1;1;1;5;1;1;2;3;1;-1;-1;-1;-1;-1;-1;-1;-1;-1;2;0;1;1;0;1;0;3;1;0;0;1;0;0;0;0;6;3;2;4;3;2;2;2;6;4;4;3;4;4;4;2;4;2;4;2;4;4;4;3;2;2;3;3;3;4;4;2;3;4;4;2;2;3;3;4;3;4;3;3;3;4;3;3;3;3;3;3;2;-1;-1;6;6;1;6;3;3;342.37066907
627;2024Q2;ES705A3;ES705;6;2;49;1;1;1;5;1;1;1;-9;1;-1;-1;-1;-1;-1;-1;-1;-1;-1;2;0;0;1;0;1;0;2;2;0;0;0;0;0;0;0;-9;-9;-9;-1;1;1;1;1;6;1;1;1;1;1;1;1;1;1;1;1;1;1;1;1;1;1;1;1;1;1;1;1;1;1;1;1;1;1;1;1;1;1;1;1;1;1;1;1;1;1;1;1;-9;-1;-1;-9;-9;5;-9;-7;-9;342.37066907
628;2024Q2;ES705A3;ES705;6;2;32;1;1;1;5;1;6;2;5;1;-1;-1;-1;-1;-1;-1;-1;-1;-1;2;0;1;0;2;0;0;3;2;0;0;0;0;0;0;0;2;3;2;5;2;2;2;2;6;4;4;3;3;3;4;4;4;4;3;3;3;4;4;4;3;1;3;1;3;3;5;5;5;5;5;3;1;2;2;2;1;1;1;1;2;1;-3;-3;2;3;3;2;1;1;4;1;1;1;6;-3;1;203.40777506
629;2024Q2;ES705A3;ES705;6;2;46;1;1;1;7;10;-1;-1;-1;6;-1;-1;-1;72;7;-1;6;-1;-1;3;0;0;0;0;2;1;3;1;0;0;1;0;0;1;0;8;4;3;-1;4;5;3;3;6;4;1;4;4;4;4;4;4;4;2;4;2;2;2;4;4;4;2;4;4;4;4;2;4;2;2;4;4;2;2;3;3;3;3;2;2;2;4;4;2;4;3;2;2;-1;-1;1;6;5;6;2;1;206.13091177
630;2024Q2;ES705A3;ES705;6;2;39;1;1;1;5;2;6;1;9;6;-1;-1;-1;39;1;7;-1;-1;-1;2;0;0;1;2;0;0;3;2;0;0;0;0;1;0;0;2;4;3;4;2;2;2;1;6;4;4;3;4;4;4;4;2;2;4;3;2;4;4;3;3;2;4;4;3;4;4;2;4;4;4;2;3;2;2;3;3;2;2;2;3;3;2;2;3;3;3;2;3;-1;-1;6;6;1;6;3;-9;666.50041898
631;2024Q2;ES705A3;ES705;1;1;58;2;1;5;9;15;-1;-1;-1;6;-1;-1;-1;46;2;1;-1;-1;-1;2;0;0;1;0;2;0;3;0;1;0;0;1;1;0;0;2;7;6;1;4;5;5;3;6;5;5;5;5;5;2;2;5;2;5;2;5;2;2;5;5;5;5;5;5;5;5;2;2;2;2;5;5;5;5;5;5;5;5;5;5;5;5;5;3;5;3;1;3;-1;-1;6;6;5;6;3;3;1461.6613859
632;2024Q2;ES705A3;ES705;6;2;34;1;1;1;6;1;6;1;4;6;-1;-1;-1;39;1;3;-1;-1;-1;2;1;0;0;2;0;0;3;2;0;0;0;0;0;0;0;2;4;3;3;5;5;5;3;1;4;4;1;2;3;5;5;2;5;4;5;3;3;3;5;2;3;2;4;2;5;5;4;5;5;5;4;1;-7;1;2;1;-7;1;1;2;3;1;3;1;1;1;1;1;1;3;1;1;2;6;4;1;203.40777506
633;2024Q2;ES705A3;ES705;1;1;37;1;1;1;8;2;6;2;5;6;-1;-1;-1;60;1;5;-1;-1;-1;4;0;0;0;2;2;0;4;4;0;0;0;0;0;0;0;2;6;3;5;5;5;5;5;1;4;2;-9;5;-9;-9;5;4;-9;3;4;3;3;3;4;3;3;3;4;4;4;4;3;4;3;4;2;3;5;4;4;3;4;3;3;3;-3;2;3;2;3;2;2;-9;-1;-1;6;6;1;6;4;1;1823.3097375
634;2024Q2;ES705A3;ES705;6;2;58;1;1;1;5;1;1;2;4;6;-1;-1;-1;60;8;-1;1;1;6;3;0;0;0;1;2;0;3;1;0;0;1;1;0;0;0;2;3;2;5;5;5;5;5;1;4;4;4;4;4;2;2;4;2;4;2;3;4;2;4;2;2;3;3;3;4;4;2;4;4;4;3;3;3;2;3;2;3;1;1;2;3;2;2;2;3;3;3;3;-1;-1;6;6;1;6;3;1;1685.827833
635;2024Q2;ES705A3;ES705;1;1;50;1;1;1;5;10;-1;-1;-1;1;-1;1;7;-1;-1;-1;-1;-1;-1;1;0;0;0;0;1;0;1;0;0;1;0;0;0;0;0;1;2;3;5;5;5;5;1;6;5;5;4;5;5;2;2;4;2;4;2;4;2;2;4;4;4;4;4;3;4;4;2;4;2;2;4;4;5;5;5;2;4;1;1;3;2;1;1;3;4;4;2;1;5;1;1;6;1;6;3;3;68.710303922
636;2024Q2;ES705A3;ES705;1;1;50;1;1;1;5;1;6;1;8;6;-1;-1;-1;58;1;9;-1;-1;-1;4;0;1;1;1;2;0;5;3;0;0;0;0;1;0;0;8;3;1;6;5;5;5;5;1;4;5;3;4;4;2;2;4;2;4;2;4;2;2;4;4;4;4;4;4;4;4;2;2;2;2;4;4;3;4;4;3;4;3;4;2;3;3;3;3;3;3;3;2;-1;-1;6;6;1;6;3;3;1484.3274262
637;2024Q2;ES705A3;ES705;6;2;23;1;1;1;8;1;6;2;5;6;-1;-1;-1;75;5;-1;-1;1;7;6;0;0;3;0;1;2;6;2;0;0;0;2;2;0;0;8;7;3;5;4;4;4;3;1;3;3;3;3;4;3;4;4;4;3;2;4;3;3;4;3;4;3;3;4;4;4;2;2;3;4;4;4;4;4;4;3;4;2;3;3;3;3;3;3;3;3;2;1;2;2;1;1;1;6;3;3;610.22332519
638;2024Q2;ES705A3;ES705;1;1;50;3;1;4;6;10;-1;-1;-1;1;-1;2;5;-1;-1;-1;-1;-1;-1;1;0;0;0;0;1;0;1;0;0;1;0;0;0;0;0;1;1;2;3;4;4;5;2;6;4;2;3;4;4;3;5;3;2;3;4;3;3;3;4;4;3;4;4;4;4;4;3;3;4;3;3;2;3;4;3;3;3;4;4;4;3;3;3;1;3;3;2;1;5;4;1;6;4;6;5;1;68.710303922
639;2024Q2;ES705A3;ES705;1;1;57;1;1;1;6;1;6;2;6;1;-1;-1;-1;-1;-1;-1;-1;-1;-1;1;0;0;0;0;1;0;1;1;0;0;0;0;0;0;0;1;3;5;5;4;4;5;5;1;2;2;1;2;2;4;4;3;2;3;4;2;4;2;3;4;3;1;2;2;3;2;4;5;4;4;2;2;2;3;2;3;2;3;4;-3;3;2;3;2;3;3;3;1;5;2;1;1;5;6;2;1;168.03013137
640;2024Q2;ES705A3;ES705;1;1;62;1;1;1;6;10;-1;-1;-1;1;-1;1;6;-1;-1;-1;-1;-1;-1;2;0;1;0;0;2;0;3;0;0;2;0;0;0;0;0;8;2;2;5;5;5;5;3;1;2;1;1;2;4;5;5;3;5;2;4;1;5;4;3;3;2;1;1;1;4;4;5;5;5;5;1;1;3;5;3;2;3;2;2;1;5;1;1;1;1;3;1;1;2;3;1;1;1;6;3;1;137.42060784
641;2024Q2;ES705A3;ES705;6;2;56;1;1;1;5;1;6;2;9;6;-1;-1;-1;56;5;-1;-1;1;7;3;0;0;0;1;2;0;3;2;0;0;0;1;0;0;0;2;3;2;5;4;5;4;2;1;4;4;4;5;5;2;2;1;2;5;2;2;2;2;2;4;2;1;2;2;2;2;4;2;2;2;2;2;2;2;4;2;4;2;2;2;2;2;2;2;2;1;3;2;-1;-1;6;6;5;6;1;1;1685.827833
642;2024Q2;ES705A3;ES705;6;2;32;1;1;1;7;1;6;1;9;6;-1;-1;-1;57;8;-1;1;1;5;5;0;0;0;3;2;0;5;3;0;0;0;2;0;0;0;3;6;3;5;2;2;2;2;1;3;2;2;4;3;4;4;2;4;2;4;2;4;4;2;4;4;2;2;2;4;4;4;4;4;4;2;2;3;3;4;3;3;2;2;3;3;3;3;2;2;2;1;1;5;3;1;1;5;1;4;1;508.51943766
643;2024Q2;ES705A3;ES705;1;1;69;1;1;5;5;12;-1;-1;-1;1;-1;2;5;-1;-1;-1;-1;-1;-1;1;0;0;0;0;0;1;1;0;0;0;0;1;0;0;0;1;2;3;3;4;4;3;2;6;5;5;4;5;5;4;5;5;5;5;2;5;2;2;4;4;4;4;2;2;4;4;2;2;4;4;4;4;2;2;2;4;3;5;2;3;3;3;4;3;3;4;3;3;-1;-1;6;6;5;6;2;2;1923.4488539
644;2024Q2;ES705A3;ES705;1;1;57;1;1;1;2;15;-1;-1;-1;1;6;-1;-1;-1;-1;-1;-1;-1;-1;4;0;1;2;0;2;0;5;1;0;0;0;1;1;0;1;2;4;2;-1;-9;-9;-9;-9;6;3;3;-9;4;4;-9;-9;3;-9;3;-9;-9;-9;-9;-9;-9;-9;-9;-9;-9;-9;-9;-9;-9;-9;-9;-9;-9;-7;-7;-7;-7;-7;-7;-7;-7;-7;-7;-7;-7;-7;-7;2;-9;-1;-1;-9;6;1;6;1;-9;2923.3227717
645;2024Q2;ES705A3;ES705;1;2;33;1;1;1;5;1;6;2;5;1;-1;-1;-1;-1;-1;-1;-1;-1;-1;1;0;1;0;1;0;0;2;1;0;0;0;0;0;0;0;6;3;3;5;5;5;2;4;6;4;4;4;4;4;4;5;4;4;4;2;4;2;2;4;4;4;4;4;4;4;4;2;4;4;4;4;2;4;4;4;4;4;4;4;4;4;4;4;2;4;4;1;3;-1;-1;6;6;5;6;1;1;846.12543992
646;2024Q2;ES705A1;ES705;6;2;61;1;1;1;7;16;-1;-1;-1;1;1;1;9;-1;-1;-1;-1;-1;-1;1;0;0;0;0;1;0;1;0;0;0;0;1;0;0;0;1;2;4;6;5;5;3;2;6;5;4;4;4;4;2;5;2;5;5;2;2;2;2;4;4;4;4;4;2;4;2;2;4;4;2;4;4;3;3;3;4;4;4;3;3;3;3;3;2;2;3;1;3;-1;-1;6;6;5;6;-3;3;1343.9773066
647;2024Q2;ES705A1;ES705;6;2;49;1;1;1;8;1;6;1;4;6;-1;-1;-1;80;5;-1;-1;1;3;5;0;0;0;0;3;2;5;1;0;1;1;2;0;0;0;2;6;3;4;4;3;3;3;6;4;4;3;4;4;3;2;4;4;4;3;4;2;4;4;4;4;4;2;4;4;4;2;4;4;4;2;2;4;4;4;4;4;3;3;3;4;3;3;3;3;4;2;2;-1;-1;6;6;1;6;1;1;2955.8885961
648;2024Q2;ES705A1;ES705;6;2;44;1;1;1;8;1;1;1;4;6;-1;-1;-1;47;1;3;-1;-1;-1;2;0;2;0;1;1;0;4;2;0;0;0;0;0;0;0;2;7;6;2;4;4;3;4;6;4;4;3;4;4;2;5;4;4;5;5;2;2;2;4;5;5;2;4;2;4;3;2;2;2;3;3;2;3;1;2;2;3;3;1;1;1;4;4;4;3;1;2;3;-1;-1;6;6;1;6;3;2;812.40087826
649;2024Q2;ES705A1;ES705;1;1;46;1;1;1;8;1;6;1;4;1;-1;-1;-1;-1;-1;-1;-1;-1;-1;2;0;0;1;0;2;0;3;2;0;0;0;0;1;0;0;2;3;2;3;4;5;3;3;6;5;4;4;5;5;2;4;4;4;2;2;2;2;4;4;4;4;4;4;3;4;4;2;3;3;3;4;3;3;3;3;4;4;4;3;3;3;3;4;2;3;3;2;3;-1;-1;6;6;5;6;2;1;1537.5586225
650;2024Q2;ES705A1;ES705;6;2;58;1;1;5;5;1;6;1;5;6;-1;-1;-1;60;1;3;-1;-1;-1;3;0;0;1;0;2;0;3;3;0;0;0;0;0;0;0;2;5;3;3;5;5;2;3;6;3;3;3;3;3;4;4;4;3;2;4;2;3;2;3;2;2;2;2;3;4;4;3;3;3;3;3;2;4;2;3;2;4;3;3;3;3;3;3;3;3;1;2;1;3;2;1;6;5;6;2;1;1286.2337666
651;2024Q2;ES705A1;ES705;1;1;18;1;1;1;6;13;-1;-1;-1;6;-1;-1;-1;50;1;-9;-1;-1;-1;3;0;2;1;0;2;0;5;2;0;0;0;0;1;0;0;6;4;2;-1;5;5;3;3;6;1;2;1;2;1;1;5;1;5;1;5;4;4;5;2;1;1;1;1;1;1;3;5;5;5;5;1;1;5;5;5;1;4;3;3;2;2;2;2;1;1;1;1;1;1;4;6;6;1;6;-3;1;2810.126002
652;2024Q2;ES705A1;ES705;6;2;41;1;1;1;6;10;-1;-1;-1;6;-1;-1;-1;62;5;-1;-1;1;8;3;0;3;0;1;1;1;6;0;0;1;0;2;0;0;0;3;6;2;5;5;4;2;1;6;3;2;2;4;2;5;5;3;4;2;4;2;3;2;3;2;2;2;2;2;2;2;4;4;3;4;3;2;4;3;3;2;2;3;3;3;4;4;3;3;3;2;2;2;-1;-1;1;6;3;6;1;1;393.47947784
653;2024Q2;ES705A1;ES705;6;2;25;1;1;1;9;7;-1;-1;3;1;-1;-1;-1;-1;-1;-1;-1;-1;-1;4;0;0;1;1;2;0;4;1;1;1;1;0;0;0;0;2;6;3;3;5;5;3;3;6;5;4;4;5;5;4;5;5;5;2;5;4;5;5;5;4;5;2;5;5;4;4;5;5;4;5;4;2;5;5;5;4;5;5;4;4;5;5;3;3;5;3;2;1;5;4;1;6;1;6;1;1;2174.4767875
654;2024Q2;ES705A1;ES705;6;2;57;1;1;1;5;11;-1;-1;-1;6;-1;-1;-1;63;8;-1;1;1;5;3;0;0;0;0;3;0;3;0;0;0;1;2;0;0;0;5;4;3;5;2;2;3;3;6;2;2;2;3;3;1;3;2;2;5;2;4;1;4;4;4;4;4;4;4;2;4;4;2;2;2;2;4;3;4;4;4;5;5;5;4;4;4;5;4;5;4;2;3;-1;-1;6;6;1;6;1;3;393.47947784
655;2024Q2;ES705A1;ES705;1;1;53;2;1;5;10;1;1;2;1;1;-1;-1;-1;-1;-1;-1;-1;-1;-1;3;0;1;1;0;2;0;4;1;1;0;0;0;1;0;0;2;7;4;1;5;5;2;1;6;4;4;4;4;2;4;4;3;4;2;4;2;2;3;4;4;2;3;3;4;4;4;3;4;4;4;3;2;-3;3;-3;3;3;2;2;-3;-3;-3;-3;1;-3;1;2;1;3;4;6;6;5;6;3;1;2306.3379338
656;2024Q2;ES705A1;ES705;1;1;25;1;1;1;7;1;6;1;4;1;-1;-1;-1;-1;-1;-1;-1;-1;-1;3;0;0;0;1;2;0;3;2;0;0;0;0;0;0;1;8;5;3;3;4;4;3;3;6;4;3;3;4;3;3;4;2;4;2;4;2;4;4;3;4;2;2;2;2;3;2;4;4;4;4;2;2;3;4;3;4;4;4;3;3;3;3;3;2;3;4;2;-9;-1;-1;6;6;1;6;3;1;1231.7724218
657;2024Q2;ES705A3;ES705;6;2;41;1;1;1;5;10;-1;-1;-1;6;-1;-1;-1;68;5;-1;-1;1;6;3;0;0;0;1;1;1;3;1;0;0;1;1;0;0;0;6;3;2;5;2;2;2;3;6;2;2;2;2;4;4;2;4;2;4;2;2;4;4;2;4;4;4;2;4;4;4;2;4;4;4;4;4;2;3;3;3;4;3;3;3;3;3;3;3;4;4;3;2;-1;-1;1;1;1;6;-3;3;206.13091177
658;2024Q2;ES705A3;ES705;6;2;50;1;1;1;5;10;-1;-1;-1;6;-1;-1;-1;53;2;8;-1;-1;-1;4;0;0;2;0;2;0;4;0;1;0;1;0;2;0;0;2;2;1;5;5;5;5;5;6;4;5;4;4;4;2;2;4;2;2;2;4;2;2;4;4;4;4;4;4;4;4;2;2;2;4;4;4;2;2;3;3;3;3;3;3;3;3;3;2;3;3;1;2;-1;-1;6;6;5;6;-3;2;274.84121569
659;2024Q2;ES705A3;ES705;6;2;58;2;1;5;5;14;-1;-1;-1;6;-1;-1;-1;60;1;3;-1;-1;-1;3;0;0;0;1;2;0;3;2;0;0;0;0;0;1;0;8;5;4;3;5;5;4;4;1;4;4;3;4;2;5;5;3;5;4;3;2;5;3;2;4;2;2;2;3;4;4;2;5;2;4;2;2;4;4;3;2;4;3;4;3;3;4;4;3;3;3;2;2;-1;-1;6;6;5;6;-3;-9;3293.3377167
660;2024Q2;ES705A3;ES705;1;1;46;1;1;1;4;2;6;2;9;1;-1;-1;-1;-1;-1;-1;-1;-1;-1;4;0;0;0;1;1;2;4;1;0;0;0;3;0;0;0;2;5;3;6;4;4;4;3;6;4;4;4;4;5;2;2;5;4;4;3;3;2;2;5;4;5;5;4;4;4;4;2;2;2;2;4;4;4;3;4;4;4;4;4;3;5;4;-3;4;4;3;3;3;-1;-1;6;6;1;6;2;3;1484.3274262
661;2024Q2;ES705A3;ES705;6;2;35;1;1;1;5;1;6;2;9;1;-1;-1;-1;-1;-1;-1;-1;-1;-1;2;0;1;0;2;0;0;3;2;0;0;0;0;0;0;0;2;4;3;6;4;4;3;3;6;4;4;3;4;3;3;4;4;5;4;2;1;1;1;1;1;1;4;2;5;4;4;3;4;4;4;3;3;3;3;4;3;3;3;3;3;4;4;4;4;4;4;1;2;-1;-1;6;6;1;6;1;3;666.50041898
662;2024Q2;ES705A3;ES705;1;1;34;1;1;1;5;10;-1;-1;-1;6;-1;-1;-1;31;1;9;-1;-1;-1;2;0;2;0;2;0;0;4;1;0;1;0;0;0;0;0;2;5;3;6;3;4;3;3;1;5;5;2;4;4;5;1;4;4;5;2;4;1;1;2;4;4;5;5;4;2;5;1;1;4;1;4;4;5;4;5;5;4;4;4;4;2;4;4;4;3;4;1;1;2;4;1;6;1;6;1;3;137.42060784
663;2024Q2;ES705A3;ES705;6;2;28;1;1;1;8;1;6;2;4;6;-1;-1;-1;63;1;5;-1;-1;-1;3;0;0;0;1;2;0;3;2;0;1;0;0;0;0;0;2;5;4;5;5;5;3;2;6;5;4;2;5;5;3;4;4;1;4;3;2;3;4;4;5;3;5;5;4;4;4;5;3;3;1;4;5;4;4;3;5;3;4;3;4;4;4;3;3;3;4;2;3;-1;-1;6;6;1;6;3;2;305.1116626
664;2024Q2;ES705A3;ES705;6;2;40;1;1;1;8;1;6;2;2;1;-1;-1;-1;-1;-1;-1;-1;-1;-1;3;0;1;1;2;0;0;4;1;1;0;0;0;1;0;0;2;6;3;2;5;5;3;3;6;5;4;4;5;4;4;4;4;4;5;4;5;2;2;5;4;4;5;4;4;4;5;2;4;4;4;2;2;5;4;4;4;4;4;4;-3;3;-3;-3;3;3;4;2;2;-1;-1;6;6;5;6;-3;1;999.75062847
665;2024Q2;ES705A3;ES705;6;2;38;1;1;1;8;18;-1;-1;-1;6;-1;-1;-1;80;5;-1;-1;1;9;2;0;1;0;1;0;1;3;0;0;0;1;1;0;0;0;7;2;2;6;5;4;3;1;6;3;2;3;4;4;5;5;3;5;2;4;3;5;5;2;4;3;4;-9;4;4;4;5;4;4;5;2;1;5;5;5;2;3;5;5;5;5;1;1;1;4;4;3;1;5;3;6;6;1;6;4;2;1738.1736748
666;2024Q2;ES705A3;ES705;6;2;31;3;2;4;6;1;6;1;4;1;-1;-1;-1;-1;-1;-1;-1;-1;-1;2;1;0;0;2;0;0;3;1;0;0;0;0;0;1;0;2;2;2;3;5;5;3;5;1;4;4;4;4;4;3;4;3;3;3;4;3;2;4;4;3;3;3;4;4;4;4;4;3;3;3;2;3;5;4;4;3;4;4;4;3;4;3;3;2;3;3;2;3;-1;-1;6;6;4;6;2;2;2381.3267942
667;2024Q2;ES705A3;ES705;6;2;42;1;1;1;8;1;1;2;5;1;-1;-1;-1;-1;-1;-1;-1;-1;-1;1;0;0;0;1;0;0;1;1;0;0;0;0;0;0;0;1;3;5;5;5;5;1;5;1;4;4;3;4;1;2;4;4;2;3;4;2;-9;3;3;3;3;1;3;4;3;3;3;3;3;3;3;3;4;2;2;3;3;3;3;-3;4;2;2;-3;-3;-3;1;3;-1;-1;6;6;1;6;2;-9;333.25020949
668;2024Q2;ES705A3;ES705;1;1;63;1;1;1;5;7;-1;-1;7;1;-1;-1;-1;-1;-1;-1;-1;-1;-1;3;0;1;2;0;2;0;5;1;1;0;1;0;1;0;0;2;4;2;5;3;4;3;1;1;5;5;4;5;5;5;5;4;4;5;4;4;2;2;4;4;5;4;4;4;4;4;2;2;4;4;4;4;4;3;4;3;4;3;4;3;3;2;3;4;3;2;2;2;-1;-1;6;6;1;6;1;3;504.0903941
669;2024Q2;ES705A3;ES705;6;2;27;1;1;1;9;2;6;2;2;6;-1;-1;-1;63;1;5;-1;-1;-1;2;0;0;0;1;1;0;2;2;0;0;0;0;0;0;0;8;5;5;5;3;3;2;3;1;3;2;2;3;3;2;5;2;4;3;4;2;2;3;3;2;3;2;2;2;4;4;2;4;2;2;-9;2;3;3;3;2;4;2;3;2;2;-3;-3;1;2;3;2;3;-1;-1;6;6;1;6;4;1;203.40777506
670;2024Q2;ES705A3;ES705;1;1;55;1;1;5;3;1;6;2;5;1;-1;-1;-1;-1;-1;-1;-1;-1;-1;1;0;0;0;0;1;0;1;1;0;0;0;0;0;0;0;1;3;5;5;5;5;5;5;1;1;4;1;1;1;5;5;1;3;1;5;1;1;2;4;1;1;1;3;1;4;4;2;5;5;5;1;1;5;3;3;1;5;5;3;5;1;1;1;1;1;1;3;1;1;4;6;6;5;6;-3;1;168.03013137
671;2024Q2;ES705A3;ES705;6;2;30;1;1;1;4;10;-1;-1;-1;6;-1;-1;-1;37;1;8;-1;-1;-1;2;0;1;0;2;0;0;3;1;0;0;1;0;0;0;0;7;2;2;-1;2;-9;3;3;6;5;4;4;3;3;3;1;3;3;3;3;3;3;2;2;4;3;3;3;3;3;4;3;3;3;3;3;3;5;3;3;3;3;3;3;3;3;3;4;3;3;3;3;2;-1;-1;1;6;4;6;1;1;137.42060784
672;2024Q2;ES705A3;ES705;6;2;53;1;1;1;5;10;-1;-1;-1;6;-1;-1;-1;54;8;-1;1;1;9;2;0;1;0;0;2;0;3;0;0;1;0;1;0;0;0;2;3;2;6;5;5;4;5;6;4;4;-9;3;4;4;4;4;4;3;4;4;3;3;3;4;3;3;-9;3;-9;4;2;-9;4;-9;4;-9;4;4;4;4;3;4;4;4;4;-7;-7;-3;-3;4;2;-9;-1;-1;6;-9;5;6;-7;-9;137.42060784
673;2024Q2;ES705A3;ES705;6;2;31;1;1;1;9;2;1;2;1;6;-1;-1;-1;60;2;7;-1;-1;-1;4;0;0;1;1;2;0;4;2;1;1;0;0;0;0;0;2;7;4;4;5;4;3;2;6;3;2;2;4;3;4;5;4;4;2;5;3;4;2;4;3;3;4;4;4;4;4;4;4;4;4;2;2;5;4;4;3;4;3;3;1;4;2;4;2;2;2;1;1;3;4;1;6;1;6;3;1;406.81555013
674;2024Q2;ES705A3;ES705;1;1;60;1;1;1;5;1;6;1;2;1;-1;-1;-1;-1;-1;-1;-1;-1;-1;2;0;0;0;0;2;0;2;2;0;0;0;0;0;0;0;8;5;5;1;5;5;3;1;6;4;4;4;4;4;2;4;4;4;4;2;2;2;2;2;4;4;2;4;4;4;4;2;2;4;2;4;4;3;2;2;2;3;2;3;-7;4;4;4;4;4;4;1;3;-1;-1;1;6;5;6;4;2;336.06026273
675;2024Q2;ES705A3;ES705;6;2;34;1;1;1;5;14;-1;-1;-1;6;-1;-1;-1;63;8;-1;1;1;5;3;0;0;0;1;1;1;3;0;0;0;0;1;0;2;0;2;3;2;5;5;5;4;2;6;1;1;1;1;1;4;4;1;5;1;5;1;1;1;1;1;1;1;1;3;3;4;4;5;5;5;1;1;3;2;3;1;3;4;3;3;-7;-7;1;1;3;2;3;1;3;3;1;6;1;6;-3;1;1912.6215463
676;2024Q2;ES705A3;ES705;1;1;30;1;1;1;5;1;6;1;9;6;-1;-1;-1;25;1;4;-1;-1;-1;2;0;0;0;2;0;0;2;2;0;0;0;0;0;0;0;4;5;5;3;3;3;4;3;6;4;4;3;4;2;4;5;5;5;3;4;2;2;4;4;4;2;4;4;4;4;4;2;2;2;2;2;4;4;4;4;3;3;4;3;5;4;3;4;3;4;4;2;2;-1;-1;1;6;4;6;3;1;1692.2508798
677;2024Q2;ES705A3;ES705;1;1;48;1;1;1;5;1;6;2;-9;6;-1;-1;-1;72;5;-1;-1;1;-9;3;0;0;0;0;1;2;3;1;0;0;0;2;0;0;0;8;5;3;-1;4;4;3;3;6;3;3;3;3;3;3;3;3;3;3;3;3;3;4;3;3;3;3;3;3;3;3;3;3;3;3;3;3;3;3;3;3;3;3;3;3;3;3;3;3;3;3;1;2;-1;-1;6;-9;5;-9;-3;-9;1113.2455697
678;2024Q2;ES705A3;ES705;6;2;51;1;1;1;5;10;-1;-1;-1;1;-1;1;5;-1;-1;-1;-1;-1;-1;2;0;0;1;0;1;0;2;0;0;0;1;0;1;0;0;6;3;3;5;4;5;5;3;1;4;5;2;1;5;5;5;5;5;5;5;5;5;5;5;5;5;1;5;5;5;5;1;5;1;5;5;4;1;1;1;1;2;1;1;1;1;1;1;1;2;1;3;1;2;4;1;1;1;6;2;1;137.42060784
679;2024Q2;ES705A3;ES705;6;2;39;3;1;5;6;1;6;2;9;-9;-1;-1;-1;-1;-1;-1;-1;-1;-1;2;0;2;0;2;0;0;4;2;0;0;0;0;0;0;0;3;6;4;-1;5;5;4;5;1;3;2;5;4;2;5;5;3;5;2;4;3;2;2;3;4;3;3;3;3;4;4;4;2;2;4;-9;-9;-3;3;2;-3;-3;4;-3;-7;3;-3;3;-7;-7;-7;1;3;-1;-1;6;6;5;6;4;1;666.50041898
680;2024Q2;ES705A3;ES705;6;2;39;1;1;1;9;2;6;2;2;1;-1;-1;-1;-1;-1;-1;-1;-1;-1;2;0;1;0;2;0;0;3;2;0;0;0;0;0;0;0;2;4;3;2;5;5;4;3;6;4;1;1;4;2;2;5;3;4;3;4;4;4;4;4;4;4;4;4;2;4;4;4;5;5;3;2;2;5;3;5;5;5;4;3;3;4;2;2;2;4;4;1;1;2;2;1;1;1;6;4;1;666.50041898
681;2024Q2;ES705A3;ES705;6;2;42;1;1;1;7;10;-1;-1;-1;1;-1;1;9;-1;-1;-1;-1;-1;-1;1;0;0;0;1;0;0;1;0;0;1;0;0;0;0;0;1;1;2;6;4;4;2;2;6;5;5;4;5;4;4;5;4;5;4;2;2;2;3;3;3;4;4;4;4;3;3;3;3;3;2;3;3;2;2;4;4;4;4;2;-3;3;1;1;1;3;3;3;2;-1;-1;6;6;1;6;5;1;68.710303922
682;2024Q2;ES705A3;ES705;6;2;33;3;1;5;9;1;6;1;2;1;-1;-1;-1;-1;-1;-1;-1;-1;-1;3;0;0;0;1;2;0;3;3;0;0;0;0;0;0;0;2;7;6;1;5;5;3;4;1;4;4;4;4;4;5;5;4;4;2;4;4;2;2;2;4;2;4;3;4;4;4;2;2;4;4;2;2;3;3;3;3;2;4;5;3;3;3;2;1;3;2;2;2;-1;-1;6;6;5;6;3;1;305.1116626
683;2024Q2;ES705A3;ES705;6;2;34;1;1;1;5;1;6;2;8;6;-1;-1;-1;35;2;5;-1;-1;-1;2;1;1;0;2;0;0;4;1;1;0;0;0;0;0;0;2;4;2;3;4;5;3;3;1;4;3;4;4;4;3;4;3;4;4;2;4;2;2;3;2;2;4;2;2;2;4;4;4;4;4;4;4;3;2;3;2;3;3;3;3;3;1;1;1;1;1;2;3;-1;-1;6;6;1;6;3;2;203.40777506
684;2024Q2;ES705A3;ES705;1;1;34;1;1;1;6;1;1;2;5;1;-1;-1;-1;-1;-1;-1;-1;-1;-1;2;1;1;0;2;0;0;4;2;0;0;0;0;0;0;0;2;7;5;5;4;4;3;5;1;5;4;3;4;4;3;5;4;3;4;3;3;3;3;4;2;3;2;4;4;4;4;4;4;4;4;4;1;3;4;3;2;3;5;4;4;4;4;2;1;2;4;2;3;-1;-1;6;6;1;6;4;1;1692.2508798
685;2024Q2;ES705A3;ES705;6;2;60;3;1;5;6;10;-1;-1;-1;6;-1;-1;-1;68;5;-1;-1;1;5;2;0;0;0;0;1;1;2;0;0;0;1;1;0;0;0;4;3;3;5;2;2;2;3;6;4;4;3;4;4;2;4;2;2;3;3;3;3;3;4;3;3;4;3;2;3;4;3;3;4;3;3;3;3;3;3;3;3;3;3;3;3;3;3;2;3;3;1;1;5;3;6;6;5;6;3;1;137.42060784
686;2024Q2;ES705A3;ES705;6;2;24;2;1;5;9;10;-1;-1;-1;6;-1;-1;-1;50;1;7;-1;-1;-1;3;0;0;1;0;2;0;3;2;0;1;0;0;0;0;0;7;5;4;4;5;5;3;4;1;4;3;2;4;4;4;5;3;4;3;3;2;2;5;4;4;3;2;2;5;4;5;5;5;5;5;3;2;3;3;4;2;4;3;4;4;5;3;3;2;3;2;2;1;5;3;1;6;5;6;2;1;206.13091177
687;2024Q2;ES705A3;ES705;6;2;75;3;1;5;6;12;-1;-1;-1;1;-1;1;9;-1;-1;-1;-1;-1;-1;1;0;0;0;0;0;1;1;0;0;0;0;1;0;0;0;1;2;3;6;4;4;2;1;6;5;5;4;2;5;4;2;2;2;5;2;5;2;4;4;4;5;5;5;5;5;5;5;4;3;4;2;4;4;3;4;3;5;5;5;5;5;5;3;3;4;3;3;1;5;-9;1;6;5;6;1;1;5085.8672796
688;2024Q2;ES705A3;ES705;6;2;45;3;3;5;6;2;6;2;9;1;-1;-1;-1;-1;-1;-1;-1;-1;-1;1;0;0;0;0;1;0;1;1;0;0;0;0;0;0;0;1;3;5;6;5;5;3;4;1;5;5;4;5;4;4;5;5;5;5;5;5;2;1;5;5;5;4;4;5;4;4;2;2;2;2;4;4;3;3;3;3;3;3;4;3;5;3;2;3;2;2;2;3;-1;-1;6;6;5;6;1;1;1260.1448441
689;2024Q2;ES705A3;ES705;1;1;18;1;1;1;5;1;6;2;5;6;-1;-1;-1;53;2;5;-1;-1;-1;3;0;0;2;0;1;0;3;1;1;0;0;0;1;0;0;6;6;4;3;4;3;3;3;1;2;1;2;4;3;4;5;3;5;1;5;3;-9;3;4;1;3;4;3;3;2;4;5;4;-9;4;2;2;3;4;2;2;4;4;4;4;4;4;3;2;3;1;3;3;-1;-1;6;6;1;6;3;2;2538.3763198
690;2024Q2;ES705A3;ES705;1;1;34;2;1;5;5;10;-1;-1;-1;6;-1;-1;-1;65;5;-1;-1;1;9;3;0;0;0;1;1;1;3;1;0;0;1;1;0;0;0;2;6;4;6;5;4;3;4;1;3;2;2;4;4;3;5;4;4;3;3;3;5;4;3;5;4;3;3;3;3;4;3;3;3;3;4;4;3;3;3;3;3;3;2;3;3;2;4;2;2;3;2;3;-1;-1;6;6;5;6;3;1;206.13091177
691;2024Q2;ES705A3;ES705;6;2;40;3;1;5;5;1;6;2;9;1;-1;-1;-1;-1;-1;-1;-1;-1;-1;2;0;1;0;1;0;1;3;1;0;0;1;0;0;0;0;7;3;2;6;4;4;3;4;1;3;4;3;2;4;5;5;2;5;2;4;2;3;4;2;2;2;3;2;3;4;4;2;3;3;4;3;3;3;4;3;3;4;4;4;4;4;3;3;2;3;3;3;2;-1;-1;6;6;5;6;4;1;666.50041898
692;2024Q2;ES705A3;ES705;6;2;55;2;1;5;9;2;6;2;2;1;-1;-1;-1;-1;-1;-1;-1;-1;-1;4;0;0;2;0;1;1;4;1;0;0;0;1;2;0;0;7;6;3;1;5;5;3;2;6;2;2;2;2;3;5;5;2;5;1;5;1;1;2;4;3;3;1;1;1;4;4;3;4;4;4;2;2;2;-3;-3;2;3;4;3;-3;-3;-3;-3;1;-3;-3;3;-9;-1;-1;1;6;5;6;-3;1;2247.770444
693;2024Q2;ES705A3;ES705;6;2;41;1;1;1;5;10;-1;-1;-1;1;-1;1;5;-1;-1;-1;-1;-1;-1;1;0;0;1;1;0;0;2;0;0;0;1;0;1;0;0;6;1;1;5;4;4;3;1;6;4;5;2;4;4;4;4;4;4;5;1;4;4;2;4;3;4;4;4;4;5;5;2;2;2;2;3;4;4;4;4;4;4;3;2;3;4;3;3;1;3;3;3;3;-1;-1;6;6;5;6;3;1;68.710303922
694;2024Q2;ES705A3;ES705;1;1;61;1;1;1;9;10;-1;-1;-1;1;-1;1;2;-1;-1;-1;-1;-1;-1;1;0;0;0;0;1;0;1;0;0;1;0;0;0;0;0;1;1;2;1;4;4;3;2;6;4;4;3;5;5;5;2;4;2;3;2;2;2;2;5;3;2;3;1;5;5;3;2;2;2;5;3;2;4;3;3;3;5;2;4;3;3;-7;3;2;4;1;2;1;4;4;1;1;1;6;4;1;68.710303922
695;2024Q2;ES705A3;ES705;6;2;20;1;1;1;7;13;-1;-1;-1;6;-1;-1;-1;50;1;4;-1;-1;-1;3;0;0;1;1;1;0;3;2;0;0;0;0;1;0;0;6;3;2;3;2;2;1;1;6;1;1;1;1;2;4;5;1;5;1;5;1;5;5;1;1;1;1;1;1;1;1;5;5;5;5;1;1;5;3;4;1;4;4;2;3;5;3;-3;1;-3;-3;1;1;1;4;1;6;5;6;2;1;1912.6215463
696;2024Q2;ES705A3;ES705;6;2;58;1;1;5;5;10;-1;-1;-1;6;-1;-1;-1;60;1;8;-1;-1;-1;2;0;0;0;0;2;0;2;1;0;1;0;0;0;0;0;4;3;3;5;2;2;3;2;6;2;5;5;2;2;5;5;3;5;1;5;1;5;4;5;4;2;2;4;4;4;4;3;4;2;2;2;2;3;2;2;2;3;1;1;3;3;3;3;1;3;3;2;3;-1;-1;6;6;5;6;4;1;137.42060784
697;2024Q2;ES705A3;ES705;6;2;45;3;3;5;3;14;-1;-1;-1;6;-1;-1;-1;59;9;-1;6;-1;-1;3;0;0;1;0;2;0;3;0;0;0;0;0;1;1;1;2;-9;-9;-1;-9;-9;-9;-9;6;-9;3;3;3;3;3;3;3;3;-9;-9;-9;-9;-9;-9;-9;-9;-9;-9;-9;-9;-9;-9;-9;-9;-9;-9;-9;-3;-3;-3;-3;-3;-3;-3;-3;-3;-3;-3;-3;-3;-3;2;2;-1;-1;1;-9;5;6;2;-9;5387.944416
698;2024Q2;ES705A3;ES705;6;2;43;3;2;5;6;11;-1;-1;-1;1;-1;-1;-1;-1;-1;-1;-1;-1;-1;3;1;0;1;2;0;0;4;1;0;1;0;0;1;0;0;2;4;2;-1;3;2;2;4;6;4;4;3;3;2;4;3;4;2;3;-9;2;3;1;4;4;2;5;3;5;5;5;1;2;3;-9;-9;1;3;3;4;-3;4;5;5;5;5;4;4;5;-7;-7;2;1;1;4;1;1;5;6;1;3;769.73168606
699;2024Q2;ES705A3;ES705;1;1;32;1;1;1;5;1;6;2;4;1;-1;-1;-1;-1;-1;-1;-1;-1;-1;2;1;0;0;2;0;0;3;2;0;0;0;0;0;0;0;2;5;4;3;5;5;3;5;1;5;5;5;5;5;5;5;5;5;5;3;4;3;3;3;3;3;4;4;4;4;4;3;3;3;3;3;3;4;4;4;4;4;4;4;4;4;4;4;4;4;4;1;-9;-1;-1;-9;-9;1;-9;-3;-9;1692.2508798
700;2024Q2;ES705A3;ES705;1;1;49;1;1;1;8;1;6;2;4;6;-1;-1;-1;79;5;-1;-1;1;6;3;0;0;0;0;2;1;3;2;0;0;0;1;0;0;0;8;7;5;5;5;5;3;2;6;4;2;2;4;2;5;5;2;5;2;4;2;4;2;4;4;2;2;2;2;4;2;5;4;4;4;2;2;3;3;2;1;3;3;4;3;3;1;1;3;2;3;3;2;-1;-1;6;6;1;6;-3;2;1113.2455697
701;2024Q2;ES705A3;ES705;6;2;58;3;1;1;5;2;6;2;9;6;-1;-1;-1;59;1;7;-1;-1;-1;3;0;2;0;1;2;0;5;2;1;0;0;0;0;0;0;3;7;4;4;3;4;3;3;6;4;4;2;4;4;4;2;4;4;4;4;4;2;4;4;4;4;4;4;4;4;4;4;2;4;2;4;4;4;3;4;4;4;3;2;3;4;3;2;3;2;3;3;3;-1;-1;6;6;5;6;1;1;1685.827833
702;2024Q2;ES705A3;ES705;1;1;22;1;1;1;8;1;6;2;3;6;-1;-1;-1;51;1;7;-1;-1;-1;3;0;1;1;0;2;0;4;2;0;0;0;1;0;0;0;2;5;3;4;4;4;3;2;6;3;4;3;4;4;4;4;4;2;2;4;2;2;3;3;4;4;3;4;4;4;4;4;3;3;3;3;3;4;4;4;3;3;2;2;4;2;3;3;1;2;3;1;2;-1;-1;1;6;1;6;3;1;2538.3763198
703;2024Q2;ES705A3;ES705;1;1;62;2;1;5;4;1;6;2;5;1;-1;-1;-1;-1;-1;-1;-1;-1;-1;3;0;2;0;1;2;0;5;3;0;0;0;0;0;0;0;3;7;4;5;5;5;3;5;1;4;4;3;5;5;5;5;4;4;4;3;4;2;3;4;4;4;2;3;4;5;5;4;4;4;4;-9;3;3;3;2;2;4;4;4;-3;-3;1;3;3;3;2;2;-9;-1;-1;-9;6;5;1;3;2;504.0903941
704;2024Q2;ES705A3;ES705;6;2;25;1;1;1;5;1;6;2;5;1;-1;-1;-1;-1;-1;-1;-1;-1;-1;4;0;0;0;1;2;1;4;1;0;1;1;1;0;0;0;5;5;3;5;3;4;2;4;1;4;2;-9;4;4;4;5;3;5;2;5;2;2;5;3;3;2;2;4;2;3;4;4;4;4;4;2;2;4;4;3;1;4;3;3;-7;3;2;3;3;3;2;1;1;1;1;1;6;5;6;-3;1;406.81555013
705;2024Q2;ES705A3;ES705;6;2;49;1;1;1;8;10;-1;-1;-1;1;-1;1;5;-1;-1;-1;-1;-1;-1;4;0;0;0;1;3;0;4;1;0;1;0;2;0;0;0;8;6;3;5;5;5;5;3;6;4;2;2;4;4;5;5;1;5;1;4;1;4;4;1;2;1;1;1;1;1;1;4;5;5;5;1;1;2;2;2;2;2;2;1;2;2;2;2;2;1;1;2;1;5;2;1;6;1;6;5;3;274.84121569
706;2024Q2;ES705A3;ES705;1;1;57;1;1;1;6;14;-1;-1;-1;6;-1;-1;-1;55;1;7;-1;-1;-1;5;0;0;2;1;2;0;5;1;0;1;0;0;2;1;0;8;4;2;4;5;5;5;5;1;5;5;5;5;5;1;1;5;1;5;1;5;2;2;4;5;5;5;4;5;5;5;2;2;2;2;5;5;3;3;3;3;4;3;4;3;3;2;2;1;2;4;3;3;-1;-1;6;6;1;6;4;1;3654.1534647
707;2024Q2;ES705A3;ES705;6;2;22;1;1;1;6;13;-1;-1;-1;6;-1;-1;-1;46;1;4;-1;-1;-1;2;0;0;1;0;1;0;2;1;0;0;0;0;1;0;0;6;4;4;3;3;3;3;2;6;4;4;3;4;4;2;3;3;4;4;2;4;2;3;3;4;4;3;3;3;4;4;2;2;3;3;3;4;4;3;4;4;4;3;2;3;2;3;3;3;3;4;2;1;5;4;1;1;1;6;1;3;1275.0810308
708;2024Q2;ES705A3;ES705;6;2;51;3;1;5;5;1;6;2;7;6;-1;-1;-1;51;1;4;-1;-1;-1;3;0;0;1;0;2;0;3;2;0;0;0;0;1;0;0;2;6;5;3;5;5;3;2;6;4;4;-9;4;4;5;5;3;4;2;4;3;4;4;3;4;3;2;3;4;4;4;3;4;4;4;3;3;4;4;4;3;3;3;3;-3;4;1;-3;1;-3;-3;3;2;-1;-1;-9;6;5;6;4;1;513.5560036
709;2024Q2;ES705A3;ES705;1;1;53;3;1;5;4;10;-1;-1;-1;6;-1;-1;-1;23;1;9;-1;-1;-1;3;0;1;1;0;2;0;4;1;0;0;2;0;0;0;0;2;3;2;6;3;3;3;3;6;4;5;4;4;4;4;2;4;4;4;4;4;4;4;4;4;4;4;4;4;4;4;4;2;4;2;2;4;3;5;3;4;4;4;4;4;4;4;4;4;4;4;2;2;-1;-1;6;1;5;6;-3;1;206.13091177
710;2024Q2;ES705A3;ES705;1;1;41;3;1;3;6;1;6;2;5;1;-1;-1;-1;-1;-1;-1;-1;-1;-1;2;0;1;0;2;0;0;3;2;0;0;0;0;0;0;0;2;6;4;5;5;5;5;5;1;5;5;5;5;5;2;4;2;5;4;2;5;2;4;4;4;5;5;5;5;5;5;2;2;2;2;4;4;5;5;5;5;5;5;5;3;3;3;1;2;5;5;1;3;-1;-1;6;6;3;6;2;3;911.65486875
711;2024Q2;ES705A3;ES705;6;2;31;3;1;5;8;1;1;2;4;6;-1;-1;-1;55;1;5;-1;-1;-1;3;0;0;0;1;2;0;3;3;0;0;0;0;0;0;0;2;6;5;5;5;4;3;5;1;4;3;4;4;4;5;5;4;4;4;4;4;3;4;5;4;4;4;4;4;4;4;4;5;4;4;3;2;4;3;4;3;3;3;4;3;4;2;3;1;3;3;2;2;-1;-1;1;6;5;6;4;1;305.1116626
712;2024Q2;ES705A3;ES705;6;2;22;1;1;1;8;1;6;1;5;6;-1;-1;-1;54;3;-1;-1;2;5;4;0;1;2;1;1;0;5;1;0;0;2;0;1;0;0;2;3;1;3;4;4;2;3;6;4;4;3;4;3;4;5;4;3;2;3;3;5;4;4;5;3;4;3;4;5;5;3;3;3;4;3;4;3;4;3;5;5;4;4;4;3;2;3;3;4;3;2;1;2;3;1;6;1;6;2;1;406.81555013
713;2024Q2;ES705A3;ES705;1;1;63;3;1;5;4;1;6;1;8;1;-1;-1;-1;-1;-1;-1;-1;-1;-1;2;0;0;0;0;2;0;2;1;0;1;0;0;0;0;0;6;4;4;5;5;5;5;5;1;5;4;4;4;5;2;4;5;4;4;3;4;2;2;3;4;3;4;5;4;5;5;2;2;2;2;3;3;5;4;-3;4;4;5;4;-3;-3;-3;-3;-3;-3;-3;1;2;-1;-1;-9;6;5;6;4;3;336.06026273
714;2024Q2;ES705A3;ES705;1;1;54;1;1;1;5;10;-1;-1;-1;6;-1;-1;-1;53;3;-1;-1;1;9;2;0;0;0;0;2;0;2;0;0;2;0;0;0;0;0;4;2;2;6;3;3;4;3;6;4;5;4;2;5;2;2;4;5;1;4;5;5;5;5;4;4;5;5;2;2;5;2;5;1;3;4;4;4;4;3;4;5;4;4;4;3;4;3;2;4;3;2;2;-1;-1;6;1;1;6;-3;3;137.42060784
715;2024Q2;ES705A3;ES705;6;2;53;1;1;1;5;1;6;2;9;1;-1;-1;-1;-1;-1;-1;-1;-1;-1;2;0;0;0;1;1;0;2;2;0;0;0;0;0;0;0;6;5;5;6;5;5;2;4;1;4;5;4;5;5;2;4;5;2;5;2;2;2;2;4;4;4;4;4;4;5;4;2;2;2;2;5;3;4;4;4;4;4;5;3;3;3;4;4;4;4;4;2;2;-1;-1;6;6;5;6;2;1;342.37066907
716;2024Q2;ES705A3;ES705;1;1;44;3;1;5;5;10;-1;-1;-1;1;-1;1;9;-1;-1;-1;-1;-1;-1;2;0;3;0;2;0;0;5;0;0;0;2;0;0;0;0;2;1;1;6;4;4;4;4;1;4;4;4;4;4;2;4;4;4;4;4;2;4;4;4;4;4;4;4;4;4;4;4;2;2;2;2;2;3;4;4;3;3;5;3;4;4;4;3;2;3;4;3;3;-1;-1;6;6;5;6;1;3;137.42060784
717;2024Q2;ES705A3;ES705;6;2;50;1;1;1;5;10;-1;-1;-1;6;-1;-1;-1;53;1;7;-1;-1;-1;3;0;1;1;0;2;0;4;1;0;1;0;0;1;0;0;2;3;2;4;4;4;3;5;1;4;5;4;5;5;4;-9;4;2;5;2;-9;4;2;4;4;4;2;3;2;4;4;2;2;5;2;5;2;3;3;3;2;3;2;3;3;3;3;2;3;3;3;3;2;-1;-1;6;6;1;6;3;-9;206.13091177
718;2024Q2;ES705A3;ES705;1;1;41;1;1;1;8;1;6;1;4;1;-1;-1;-1;-1;-1;-1;-1;-1;-1;1;0;0;0;1;0;0;1;1;0;0;0;0;0;0;0;1;3;5;3;5;5;3;2;6;4;4;4;4;4;3;4;4;2;3;3;3;3;3;3;4;3;4;4;4;4;4;3;3;3;3;4;4;5;3;3;4;3;4;4;3;4;2;2;2;3;3;2;2;-1;-1;6;6;5;6;4;1;455.82743437
719;2024Q2;ES705A3;ES705;6;2;35;1;1;1;5;10;-1;-1;-1;6;-1;-1;-1;42;1;3;-1;-1;-1;2;0;1;1;2;0;0;4;1;0;1;0;0;1;0;0;2;3;2;4;5;5;3;1;6;4;4;4;4;4;4;4;3;4;3;4;3;2;2;3;4;3;4;4;4;4;4;2;2;4;4;4;4;2;3;2;3;3;3;2;3;3;3;3;2;3;3;3;1;2;3;6;6;5;6;2;2;137.42060784
720;2024Q2;ES705A3;ES705;1;1;55;3;1;5;5;10;-1;-1;-1;6;-1;-1;-1;37;1;5;-1;-1;-1;2;0;0;0;1;1;0;2;1;0;1;0;0;0;0;0;8;6;5;5;4;4;4;4;1;5;4;4;4;4;4;4;4;4;4;4;4;3;2;4;4;3;3;4;4;4;4;4;4;4;4;2;2;5;5;5;4;5;5;5;-3;4;-3;4;3;4;3;2;1;3;3;1;6;5;6;2;-9;137.42060784
721;2024Q2;ES705A3;ES705;6;2;48;1;1;1;7;7;-1;-1;7;6;-1;-1;-1;80;5;-1;-1;1;9;2;0;0;0;0;1;1;2;0;1;0;0;1;0;0;0;6;3;3;6;4;4;4;4;1;3;4;3;3;3;3;4;3;3;2;3;3;2;2;3;3;3;2;2;3;3;4;2;2;2;2;3;3;3;3;3;3;3;3;3;3;3;3;3;3;3;3;3;3;-1;-1;6;6;5;6;3;3;342.37066907
722;2024Q2;ES705A3;ES705;1;1;37;1;1;1;10;2;6;2;2;1;-1;-1;-1;-1;-1;-1;-1;-1;-1;1;0;0;0;1;0;0;1;1;0;0;0;0;0;0;0;1;4;6;-1;4;4;3;2;6;2;1;1;4;2;5;5;3;5;3;5;1;4;3;4;4;1;1;1;4;4;4;5;4;5;5;1;2;3;4;2;1;4;4;2;1;3;2;3;1;1;1;2;1;3;4;1;6;1;6;3;1;455.82743437
723;2024Q2;ES705A3;ES705;6;2;28;1;1;5;10;1;6;2;2;1;-1;-1;-1;-1;-1;-1;-1;-1;-1;1;0;0;0;1;0;0;1;1;0;0;0;0;0;0;0;1;3;5;1;4;4;3;2;6;4;4;2;4;3;4;4;2;5;1;5;2;2;2;2;2;3;3;2;2;2;2;4;4;5;5;2;1;5;3;3;1;4;4;4;3;3;1;1;3;3;1;2;2;-1;-1;1;6;4;6;4;1;101.70388753
724;2024Q2;ES705A3;ES705;6;2;59;1;1;1;3;1;6;2;5;6;-1;-1;-1;64;1;9;-1;-1;-1;2;0;0;0;0;2;0;2;2;0;0;0;0;0;0;0;4;4;4;6;3;3;-9;3;1;4;3;3;4;4;-9;3;4;-9;3;4;-9;4;4;4;3;3;1;2;3;4;4;2;3;4;4;2;2;3;3;3;3;4;2;1;3;3;3;3;3;3;3;3;3;-1;-1;6;6;5;6;1;3;1123.885222
725;2024Q2;ES705A3;ES705;6;2;50;1;1;1;5;15;-1;-1;-1;6;-1;-1;-1;51;1;5;-1;-1;-1;4;0;0;2;0;2;0;4;3;0;0;0;1;0;0;0;2;3;2;5;5;5;3;3;1;5;5;-9;5;5;-9;5;5;5;5;5;5;5;5;5;5;5;3;3;4;4;5;4;5;5;5;3;3;5;4;4;2;4;5;3;3;3;3;3;3;3;3;2;1;3;2;6;6;5;6;3;2;2828.0878497
726;2024Q2;ES705A3;ES705;6;2;50;3;1;5;6;10;-1;-1;-1;6;-1;-1;-1;50;1;8;-1;-1;-1;2;0;0;0;0;2;0;2;1;0;1;0;0;0;0;0;4;4;4;5;5;5;5;3;1;5;5;5;5;4;3;5;5;5;5;5;4;3;3;5;5;5;3;3;5;4;5;3;3;5;3;3;5;4;3;4;3;4;3;4;3;3;3;3;3;4;4;2;2;-1;-1;6;6;5;6;2;1;137.42060784
727;2024Q2;ES705A3;ES705;6;2;35;1;1;1;7;1;6;2;9;1;-1;-1;-1;-1;-1;-1;-1;-1;-1;2;0;1;0;2;0;0;3;1;1;0;0;0;0;0;0;8;3;2;6;4;5;3;5;1;5;4;4;4;5;4;2;2;2;4;4;5;2;2;4;4;4;5;5;4;4;4;3;2;4;4;4;4;2;2;2;2;3;3;3;4;4;3;3;3;3;3;1;1;5;4;1;6;1;6;2;3;666.50041898
728;2024Q2;ES705A3;ES705;6;2;41;1;1;1;3;1;6;1;9;6;-1;-1;-1;52;1;5;-1;-1;-1;3;0;2;1;1;1;0;5;2;0;0;1;0;0;0;0;2;5;2;4;2;2;2;2;6;3;4;-9;4;4;3;4;4;3;3;3;3;2;2;3;3;3;3;4;4;4;4;2;2;2;2;-9;3;3;3;-7;3;3;1;1;1;1;1;1;1;2;1;1;3;-1;-1;6;6;1;6;5;1;999.75062847
729;2024Q2;ES705A3;ES705;1;1;63;1;1;1;3;10;-1;-1;-1;1;-1;1;7;-1;-1;-1;-1;-1;-1;1;0;0;0;0;1;0;1;0;0;0;1;0;0;0;0;1;1;2;5;3;2;1;1;6;4;4;3;5;5;4;2;4;2;4;3;4;2;3;3;4;4;4;4;4;4;4;2;2;4;3;4;4;5;5;4;4;4;5;5;4;5;4;5;4;5;4;3;2;-1;-1;-9;-9;1;6;4;3;68.710303922
730;2024Q2;ES705A3;ES705;1;1;71;1;1;1;5;12;-1;-1;-1;1;-1;1;7;-1;-1;-1;-1;-1;-1;2;0;0;0;1;0;1;2;1;0;0;0;1;0;0;0;6;4;4;5;4;4;4;1;6;4;4;3;4;4;4;4;4;4;4;3;4;4;3;4;4;4;3;4;3;4;4;4;3;3;4;4;4;4;4;4;4;4;4;3;3;4;3;3;4;4;4;2;3;-1;-1;6;6;5;6;1;3;3846.8977077
731;2024Q2;ES705A3;ES705;1;1;54;1;1;1;8;2;6;2;3;6;-1;-1;-1;53;1;2;-1;-1;-1;2;0;0;0;0;2;0;2;2;0;0;0;0;0;0;0;4;7;6;1;5;5;5;1;6;4;4;1;4;3;4;5;3;5;4;5;2;5;3;3;2;2;1;2;2;1;3;3;5;5;5;2;1;4;3;3;1;3;1;1;-7;-7;1;-7;1;2;1;1;1;3;3;1;6;1;6;5;1;742.16371312
732;2024Q2;ES705A3;ES705;6;2;50;1;1;1;6;1;1;2;5;1;-1;-1;-1;-1;-1;-1;-1;-1;-1;3;0;0;2;0;1;0;3;1;0;0;0;0;2;0;0;6;3;2;5;5;4;4;4;6;4;4;2;4;4;4;4;4;4;4;4;4;2;2;4;4;4;4;4;4;4;4;2;2;2;2;2;4;3;4;4;4;4;4;4;4;4;4;4;4;4;4;1;1;3;4;1;6;1;6;3;3;513.5560036
733;2024Q2;ES705A3;ES705;1;1;36;1;1;1;5;1;1;2;5;6;-1;-1;-1;67;8;-1;1;1;9;2;0;0;0;1;0;1;2;1;0;0;0;1;0;0;0;6;5;5;6;3;3;2;2;6;4;4;4;4;4;4;3;4;3;4;2;3;2;2;4;4;3;4;3;4;4;4;3;2;4;2;3;2;3;3;4;3;4;3;3;3;4;3;3;3;4;4;3;2;-1;-1;6;6;1;6;-3;2;911.65486875
734;2024Q2;ES705A3;ES705;6;2;68;1;1;1;5;15;-1;-1;-1;1;6;-1;-1;-1;-1;-1;-1;-1;-1;1;0;0;0;0;0;1;1;0;0;0;0;1;0;0;0;1;3;5;-1;4;4;4;4;6;4;4;4;4;4;2;4;4;4;4;3;4;3;2;4;4;4;3;4;4;5;5;2;2;4;4;4;2;4;4;4;3;5;3;4;5;5;-3;-3;-3;3;4;3;2;-1;-1;1;1;5;6;-3;-9;5085.8672796
735;2024Q2;ES705A3;ES705;6;2;19;1;1;1;6;13;-1;-1;-1;6;-1;-1;-1;59;1;-9;-1;-1;-1;3;0;0;2;0;2;0;4;2;0;0;0;0;2;0;0;2;3;2;-1;5;4;3;1;6;2;3;-9;3;2;3;4;3;3;1;5;5;5;5;4;3;3;-9;-9;-9;-9;-9;1;3;4;4;4;2;4;-7;4;4;4;5;3;5;5;4;4;4;5;5;2;-9;-1;-1;-9;6;1;6;1;-9;1912.6215463
736;2024Q2;ES705A2;ES705;1;1;19;1;1;1;5;10;-1;-1;-1;6;-1;-1;-1;49;1;-9;-1;-1;-1;4;0;0;1;2;1;1;5;3;0;2;0;0;0;0;0;8;-9;-9;-1;5;3;2;4;6;5;5;5;4;5;3;3;5;3;5;1;4;2;4;5;5;5;5;5;5;5;5;1;4;1;4;3;3;4;5;-3;1;4;3;5;4;-7;5;2;1;4;1;2;-9;-1;-1;6;6;1;6;3;1;397.12296804
737;2024Q2;ES705A2;ES705;1;1;65;1;1;1;6;12;-1;-1;-1;1;-1;1;7;-1;-1;-1;-1;-1;-1;3;0;0;1;1;0;1;3;0;0;0;2;1;0;0;0;7;2;2;5;3;4;4;2;6;3;3;2;3;3;4;4;3;4;2;2;2;4;4;2;2;2;1;4;2;2;2;3;4;4;4;3;2;3;3;2;2;3;3;3;3;3;2;2;1;3;2;2;1;5;2;6;6;1;6;1;1;1172.6287034
738;2024Q2;ES705A2;ES705;6;2;45;1;1;1;10;2;6;2;2;1;-1;-1;-1;-1;-1;-1;-1;-1;-1;1;0;0;1;0;1;0;2;1;0;0;0;0;1;0;0;6;4;4;1;5;5;3;3;6;5;5;4;5;5;5;4;5;4;4;4;4;2;2;5;4;4;5;5;5;5;5;3;4;4;4;4;4;4;3;5;4;4;3;3;3;3;3;3;4;4;4;1;3;-1;-1;6;6;1;1;4;3;115.36883195
739;2024Q2;ES705A2;ES705;1;1;45;1;1;1;10;1;6;2;2;1;-1;-1;-1;-1;-1;-1;-1;-1;-1;2;0;0;0;1;1;0;2;1;1;0;0;0;0;0;0;4;7;6;-1;2;2;1;1;6;2;1;1;2;2;5;5;4;5;1;4;3;2;2;3;2;1;1;4;1;4;2;1;4;5;4;3;2;3;2;1;2;4;4;3;-7;4;1;1;3;1;1;2;1;3;3;6;6;1;6;1;-9;644.29672195
740;2024Q2;ES705A2;ES705;6;2;45;1;1;1;5;1;6;1;5;1;-1;-1;-1;-1;-1;-1;-1;-1;-1;1;0;0;0;0;1;0;1;1;0;0;0;0;0;0;0;1;2;4;5;3;3;3;2;6;5;4;3;3;3;4;3;4;3;4;3;4;3;3;4;4;3;3;3;3;3;4;3;3;3;3;3;3;4;4;4;4;4;4;3;4;4;4;4;4;4;4;3;2;-1;-1;6;6;1;6;1;-9;115.36883195
741;2024Q2;ES705A2;ES705;1;1;49;1;1;1;10;2;6;2;2;1;-1;-1;-1;-1;-1;-1;-1;-1;-1;2;0;1;0;0;2;0;3;2;0;0;0;0;0;0;0;2;7;5;1;5;5;1;1;6;4;4;5;4;3;5;5;3;5;3;4;2;3;1;3;4;1;2;4;2;2;3;4;5;5;5;2;1;5;4;2;2;3;1;2;-3;5;2;2;1;4;2;1;1;3;3;1;6;5;6;2;1;644.29672195
742;2024Q2;ES705A2;ES705;6;2;27;1;1;1;7;1;1;1;4;1;-1;-1;-1;-1;-1;-1;-1;-1;-1;2;0;0;0;2;0;0;2;1;1;0;0;0;0;0;0;4;7;6;3;4;4;4;2;1;3;2;1;4;1;5;2;2;5;1;4;2;4;4;2;4;2;2;2;2;2;4;4;4;4;4;2;2;2;2;2;2;2;3;3;3;2;2;3;2;2;2;1;1;5;3;6;6;3;1;3;1;554.08540082
743;2024Q2;ES705A2;ES705;6;2;40;1;1;5;7;10;-1;-1;-1;6;-1;-1;-1;62;2;5;-1;-1;-1;4;0;1;0;2;2;0;5;1;2;0;1;0;0;0;0;3;4;2;3;5;5;1;1;6;3;2;3;4;2;4;5;4;5;4;5;2;2;1;5;3;3;3;4;4;5;5;4;4;5;5;2;2;5;4;3;2;4;4;4;3;4;2;2;2;3;2;1;1;3;4;1;6;5;6;2;1;145.05986717
744;2024Q2;ES705A2;ES705;6;2;63;1;1;1;5;10;-1;-1;-1;1;-1;1;9;-1;-1;-1;-1;-1;-1;2;0;0;0;0;1;1;2;0;0;0;1;1;0;0;0;4;3;3;6;2;2;2;3;6;3;4;4;3;4;4;4;4;4;4;4;4;3;4;4;4;4;4;4;4;4;4;3;3;2;3;3;3;3;2;2;2;2;1;3;3;3;2;2;1;3;3;2;1;5;1;1;6;1;6;3;1;72.529933587
745;2024Q2;ES705A2;ES705;6;2;30;1;1;1;6;10;-1;-1;-1;6;-1;-1;-1;63;5;-1;-1;1;9;5;0;0;0;3;2;0;5;0;0;2;1;2;0;0;0;7;5;2;6;5;5;1;1;1;3;4;1;5;4;5;5;4;5;2;4;3;2;2;4;3;3;2;3;3;4;4;4;4;4;4;3;2;3;2;5;4;4;5;3;3;5;2;2;2;2;2;3;3;-1;-1;1;6;5;6;1;1;181.32483397
746;2024Q2;ES705A2;ES705;1;1;59;1;1;1;5;10;-1;-1;-1;1;-1;1;3;-1;-1;-1;-1;-1;-1;1;0;0;0;0;1;0;1;0;0;1;0;0;0;0;0;1;2;3;4;4;4;3;2;6;1;1;1;2;2;5;5;2;4;1;4;1;2;4;2;2;3;1;2;2;2;2;4;5;5;5;1;1;2;2;2;2;4;2;2;2;2;3;1;2;1;1;3;1;1;4;6;6;1;6;5;1;124.25789994
747;2024Q2;ES705A2;ES705;6;2;35;1;1;1;5;10;-1;-1;-1;1;-1;1;9;-1;-1;-1;-1;-1;-1;2;0;1;0;2;0;0;3;0;0;2;0;0;0;0;0;2;2;1;6;2;1;2;2;6;4;4;4;4;4;4;2;4;2;4;5;4;2;2;4;4;4;4;4;2;4;4;2;4;2;2;4;4;4;4;4;4;4;4;3;3;4;4;2;3;3;3;3;3;-1;-1;6;1;1;6;1;1;72.529933587
748;2024Q2;ES705A2;ES705;1;1;64;1;1;1;8;7;-1;-1;7;1;-1;-1;-1;-1;-1;-1;-1;-1;-1;2;0;0;0;0;2;0;2;1;1;0;0;0;0;0;0;4;4;4;4;4;4;4;3;1;2;4;1;2;4;4;5;2;5;1;5;1;4;4;4;2;4;2;4;2;2;4;4;5;5;5;4;4;4;2;3;4;4;4;4;2;4;2;2;1;3;3;1;1;3;4;1;1;5;6;4;1;452.95738532
749;2024Q2;ES705A2;ES705;6;2;47;1;1;1;7;10;-1;-1;-1;6;-1;-1;-1;51;2;3;-1;-1;-1;2;0;1;0;0;2;0;3;0;1;0;1;0;0;0;0;2;2;1;3;4;4;3;3;6;4;4;4;4;4;4;5;5;5;3;4;3;3;3;3;3;3;5;5;4;4;4;3;3;3;3;3;3;3;3;3;3;3;3;3;3;3;3;3;3;3;3;1;1;2;2;1;1;5;6;3;1;72.529933587
750;2024Q2;ES705A2;ES705;6;2;44;1;1;5;9;1;6;2;2;1;-1;-1;-1;-1;-1;-1;-1;-1;-1;1;0;0;0;1;0;0;1;1;0;0;0;0;0;0;0;1;5;6;1;5;5;3;1;6;5;5;3;4;4;4;4;4;4;2;2;2;2;2;3;4;2;2;2;4;3;4;2;2;2;2;3;2;4;4;4;4;5;4;3;4;4;3;4;4;4;4;2;-9;-1;-1;6;-9;5;6;1;3;462.93246321
751;2024Q2;ES705A2;ES705;6;2;58;1;1;1;11;1;1;2;3;1;-1;-1;-1;-1;-1;-1;-1;-1;-1;2;0;0;0;0;2;0;2;2;0;0;0;0;0;0;0;4;7;6;3;5;5;3;1;6;4;3;4;5;5;2;2;4;2;4;5;3;2;1;2;3;3;2;5;3;3;4;2;2;3;2;2;5;1;1;1;1;1;1;1;1;1;1;1;1;1;1;2;3;-1;-1;6;6;5;6;-3;-9;150.12154179
752;2024Q2;ES705A2;ES705;6;2;23;2;1;3;10;4;6;2;3;6;-1;-1;-1;54;1;5;-1;-1;-1;3;0;1;1;1;1;0;4;3;0;0;0;0;0;0;0;2;7;4;3;5;5;3;3;6;5;4;-9;4;4;4;5;4;4;3;4;4;4;4;4;4;4;4;4;4;4;4;3;5;4;3;3;3;-3;-3;-3;-3;-3;3;4;4;4;4;4;4;4;4;1;3;-1;-1;6;6;3;6;3;1;831.12810122
753;2024Q2;ES705A2;ES705;1;1;71;1;1;1;5;12;-1;-1;-1;1;-1;1;8;-1;-1;-1;-1;-1;-1;2;0;0;0;0;0;2;2;0;0;0;0;2;0;0;0;4;4;4;5;4;3;4;1;6;2;3;2;4;4;2;2;4;4;4;2;4;2;2;4;4;4;4;4;4;4;4;2;1;2;2;2;2;3;3;3;3;3;3;3;3;3;2;2;3;3;3;2;2;-1;-1;6;6;5;6;1;-9;781.75246891
754;2024Q2;ES705A2;ES705;1;1;35;1;1;1;5;7;-1;-1;8;1;-1;-1;-1;-1;-1;-1;-1;-1;-1;2;1;1;0;2;0;0;4;0;1;0;1;0;0;0;0;2;4;2;-1;4;4;2;1;1;3;4;4;4;4;4;5;4;5;2;4;2;2;4;4;2;4;3;2;2;4;4;3;4;4;4;2;2;1;3;1;1;3;2;1;3;2;2;1;1;1;1;2;2;-1;-1;6;6;5;6;3;1;626.73726407
755;2024Q2;ES705A2;ES705;1;1;37;1;1;1;8;5;-1;-1;5;1;-1;-1;-1;-1;-1;-1;-1;-1;-1;1;0;0;0;1;0;0;1;0;1;0;0;0;0;0;0;1;2;4;3;5;5;2;1;6;4;5;5;4;4;3;2;5;1;4;2;4;2;3;5;5;5;5;5;5;5;5;1;3;2;2;3;4;3;3;3;3;3;3;3;3;3;3;3;3;3;3;2;3;-1;-1;6;6;1;6;2;2;313.36863203
756;2024Q2;ES705A2;ES705;1;1;66;1;1;1;5;12;-1;-1;-1;1;-1;1;5;-1;-1;-1;-1;-1;-1;4;0;1;0;2;0;2;5;1;1;0;0;1;0;1;0;2;3;2;5;4;4;3;1;6;5;5;5;5;5;5;4;5;4;5;2;5;2;1;5;5;5;5;5;5;5;5;1;1;4;4;4;4;5;5;5;5;5;5;5;4;4;4;4;3;4;4;3;2;-1;-1;6;6;1;6;1;3;1563.5049378
757;2024Q2;ES705A2;ES705;6;2;57;1;1;1;5;10;-1;-1;-1;6;-1;-1;-1;80;5;-1;-1;2;-9;3;0;0;0;0;2;1;3;1;0;1;0;1;0;0;0;5;3;2;-1;3;3;3;3;6;4;4;4;4;4;2;2;4;2;4;2;4;2;2;4;4;4;4;4;4;4;4;2;2;4;2;2;-9;4;4;4;4;4;4;4;-3;-3;-3;-3;-3;-3;-3;3;3;-1;-1;6;6;1;6;-3;-9;108.79490038
758;2024Q2;ES705A2;ES705;6;2;76;1;1;1;3;16;-1;-1;-1;1;6;-1;-1;-1;-1;-1;-1;-1;-1;4;0;1;0;1;2;1;5;2;0;0;1;1;0;0;0;7;3;1;-1;3;2;2;2;6;4;4;4;4;4;4;4;4;4;4;4;4;3;2;4;4;4;4;4;4;4;4;4;4;4;4;4;4;5;5;5;5;4;4;4;4;4;4;4;3;4;4;2;1;3;4;1;6;1;6;1;3;3229.6287056
759;2024Q2;ES705A2;ES705;6;2;49;1;1;1;8;10;-1;-1;-1;1;-1;1;4;-1;-1;-1;-1;-1;-1;1;0;2;0;0;1;0;3;0;0;1;0;0;0;0;0;6;2;2;3;4;4;3;1;6;4;4;4;4;4;5;4;2;3;3;3;2;3;2;4;3;4;4;4;4;4;4;5;4;3;4;2;2;3;4;3;2;4;2;1;2;4;-3;-3;3;3;3;2;1;5;1;6;6;1;6;1;3;36.264966793
760;2024Q2;ES705A2;ES705;1;1;56;1;1;1;10;2;6;2;5;1;-1;-1;-1;-1;-1;-1;-1;-1;-1;2;0;1;0;0;2;0;3;1;0;0;0;0;0;1;0;2;3;2;5;5;5;1;1;6;2;2;1;2;2;5;5;1;5;1;5;1;2;2;1;1;1;1;1;1;1;1;5;5;5;5;1;1;1;1;1;1;1;1;1;1;1;1;1;1;1;1;3;-9;-1;-1;6;6;5;6;1;1;452.95738532
761;2024Q2;ES705A2;ES705;6;2;60;1;1;1;7;10;-1;-1;-1;1;-1;1;5;-1;-1;-1;-1;-1;-1;3;0;1;0;1;1;1;4;0;0;1;0;2;0;0;0;3;4;2;5;3;3;2;3;6;4;4;2;4;4;4;4;4;4;4;2;4;4;2;4;4;4;4;2;2;4;4;2;2;4;2;4;2;3;3;3;3;2;4;3;2;3;2;2;2;3;3;1;1;3;4;6;6;5;6;1;1;108.79490038
762;2024Q2;ES705A2;ES705;1;1;36;1;1;1;10;2;6;2;2;1;-1;-1;-1;-1;-1;-1;-1;-1;-1;2;1;0;0;2;0;0;3;2;0;0;0;0;0;0;0;2;7;5;2;4;4;2;2;6;5;4;4;5;4;4;4;4;4;4;2;2;4;2;3;4;3;2;4;3;4;4;2;4;3;4;2;2;4;3;4;3;3;3;3;3;3;3;3;3;3;3;2;2;-1;-1;6;6;1;6;2;1;626.73726407
763;2024Q2;ES708A0;ES708;6;2;59;2;1;5;5;10;-1;-1;-1;1;-1;1;9;-1;-1;-1;-1;-1;-1;1;0;0;0;0;1;0;1;0;0;1;0;0;0;0;0;1;2;4;6;4;3;3;2;6;2;2;2;4;4;4;5;2;5;1;4;2;3;4;-9;-9;2;4;4;3;4;4;5;4;4;4;3;1;-3;4;2;1;2;4;2;5;4;-3;3;1;2;1;3;2;-1;-1;1;6;5;6;5;1;56.410250082
764;2024Q2;ES708A0;ES708;1;1;60;3;1;5;9;7;-1;-1;3;1;-1;-1;-1;-1;-1;-1;-1;-1;-1;3;0;0;1;0;2;0;3;1;1;0;1;0;0;0;0;2;7;6;2;4;4;3;3;1;5;5;4;5;5;4;4;3;4;4;2;4;2;2;4;4;4;4;4;4;4;4;4;4;4;4;2;2;4;3;3;3;5;5;5;4;4;5;5;3;3;3;1;3;-1;-1;6;6;5;6;4;1;754.48769207
765;2024Q2;ES708A0;ES708;1;1;46;1;1;1;5;2;6;2;4;6;-1;-1;-1;42;1;2;-1;-1;-1;3;0;2;0;1;1;1;5;2;0;1;0;0;0;0;0;3;7;4;1;4;4;3;3;6;5;5;4;5;5;2;3;5;4;4;4;5;3;2;4;5;5;5;5;5;5;5;3;3;3;3;3;3;4;4;5;5;4;-3;4;4;5;4;4;3;4;4;1;2;-1;-1;1;1;1;6;2;3;1055.7552644
766;2024Q2;ES708A0;ES708;6;2;64;3;2;3;6;12;-1;-1;-1;1;-1;1;5;-1;-1;-1;-1;-1;-1;2;0;0;0;0;2;0;2;1;0;0;0;1;0;0;0;4;4;4;5;5;5;5;4;1;3;3;3;4;4;3;5;4;4;3;3;3;4;4;3;3;3;3;3;3;3;4;3;3;5;4;3;3;4;4;4;3;3;3;3;3;4;3;3;2;3;3;3;-9;-1;-1;1;6;3;6;3;1;3483.0060721
767;2024Q2;ES708A0;ES708;6;3;60;1;1;1;6;7;-1;-1;2;6;-1;-1;-1;62;1;2;-1;-1;-1;2;0;0;0;0;2;0;2;1;1;0;0;0;0;0;0;4;6;5;-1;4;5;5;2;6;4;4;4;4;4;4;5;2;4;2;4;2;5;1;3;2;3;3;4;4;2;2;4;4;5;5;2;3;3;3;3;3;4;4;3;3;3;1;1;1;3;3;2;1;1;2;1;6;4;6;4;1;112.82050016
768;2024Q2;ES708A0;ES708;6;2;44;2;1;5;5;7;-1;-1;3;1;-1;-1;-1;-1;-1;-1;-1;-1;-1;2;0;0;0;2;0;0;2;0;1;1;0;0;0;0;0;4;6;5;3;5;4;3;2;6;3;2;3;4;2;4;5;2;2;3;4;2;5;2;4;2;2;2;4;2;4;4;5;2;5;5;2;2;1;2;1;1;3;3;1;1;1;2;1;2;1;1;2;1;5;4;1;6;5;6;2;2;2574.2014949
769;2024Q2;ES708A0;ES708;1;1;24;1;1;1;5;1;6;2;-9;6;-1;-1;-1;55;1;-9;-1;-1;-1;3;0;1;1;0;2;0;4;3;0;0;0;0;0;0;0;2;5;3;-1;4;3;3;-9;1;-9;-9;-9;-9;-9;-9;-9;-9;-9;-9;-9;-9;-9;-9;-9;-9;-9;-9;-9;-9;-9;-9;-9;-9;-9;-9;-9;-9;-7;-7;-7;-7;-7;-7;-7;-7;-7;-7;-7;-7;-7;-7;1;1;2;-9;-9;-9;4;-9;-7;-9;852.92124366
770;2024Q2;ES708A0;ES708;1;1;20;1;1;1;8;13;-1;-1;-1;6;-1;-1;-1;60;1;5;-1;-1;-1;2;0;0;1;0;1;0;2;1;0;0;0;0;1;0;0;4;3;3;5;5;3;3;2;6;4;4;4;4;4;4;5;4;5;1;4;2;5;2;4;2;2;4;2;4;4;4;5;4;4;5;4;4;3;4;3;4;4;3;4;4;4;4;3;4;3;3;2;1;1;4;1;6;1;6;2;3;3695.9683304
771;2024Q2;ES708A0;ES708;1;1;25;1;1;1;7;1;6;1;7;6;-1;-1;-1;58;2;-9;-1;-1;-1;3;0;0;0;1;2;0;3;1;2;0;0;0;0;0;0;8;4;3;-1;2;2;1;1;6;2;1;2;2;3;5;5;3;4;1;5;1;2;4;3;2;2;1;1;2;1;3;5;5;4;5;2;1;2;2;2;1;2;2;1;2;2;2;2;2;2;2;3;1;1;4;1;6;1;6;2;1;852.92124366
772;2024Q2;ES708A0;ES708;1;1;58;3;2;5;3;7;-1;-1;7;1;-1;-1;-1;-1;-1;-1;-1;-1;-1;2;0;0;0;0;2;0;2;0;1;0;1;0;0;0;0;4;3;3;4;3;3;3;3;6;4;5;4;5;4;2;4;5;4;4;3;5;4;-9;4;4;4;5;5;5;4;5;4;2;4;2;2;4;2;3;2;2;3;2;2;2;3;1;2;2;2;2;2;1;5;1;1;1;5;6;2;1;1313.3861091
773;2024Q2;ES708A0;ES708;6;2;52;1;1;1;7;10;-1;-1;-1;1;-1;1;4;-1;-1;-1;-1;-1;-1;2;0;0;1;0;1;0;2;0;0;1;0;0;1;0;0;6;2;2;3;5;5;4;2;6;4;2;3;4;2;4;4;3;4;3;4;2;4;3;3;3;2;2;3;2;3;3;4;3;4;4;2;3;4;3;2;3;4;4;3;4;3;3;3;2;2;3;1;2;-1;-1;6;6;5;6;4;1;112.82050016
774;2024Q2;ES708A0;ES708;1;1;48;1;1;1;8;1;1;2;7;1;-1;-1;-1;-1;-1;-1;-1;-1;-1;3;0;0;1;1;2;0;4;1;0;0;1;0;1;1;0;2;3;2;4;4;5;4;3;6;4;3;4;4;3;4;4;2;2;2;4;4;5;4;4;4;4;4;4;4;4;4;4;4;4;4;3;3;3;3;3;3;3;3;3;3;3;3;3;3;3;3;2;1;5;2;1;6;1;6;-3;1;1055.7552644
775;2024Q2;ES708A0;ES708;1;1;34;1;1;1;7;11;-1;-1;-1;6;-1;-1;-1;57;1;4;-1;-1;-1;5;0;0;0;3;2;0;5;3;0;0;2;0;0;0;0;3;6;3;3;5;5;4;1;6;4;4;2;4;4;5;4;5;3;2;1;3;3;2;4;3;3;3;4;2;4;5;1;3;5;3;3;1;3;4;4;3;4;3;4;-7;4;2;3;3;4;3;3;3;-1;-1;6;6;1;6;-3;-9;777.51105732
776;2024Q2;ES708A0;ES708;1;1;61;1;1;1;3;10;-1;-1;-1;1;-1;1;7;-1;-1;-1;-1;-1;-1;1;0;0;0;0;1;0;1;0;0;1;0;0;0;0;0;1;2;4;5;5;5;3;3;6;4;4;4;4;4;2;4;4;4;4;2;4;2;2;4;4;4;5;4;4;4;4;2;2;4;4;2;4;4;3;3;4;3;3;3;4;3;3;4;3;3;4;2;2;-1;-1;6;6;1;6;2;1;122.6910276
777;2024Q2;ES708A0;ES708;6;2;55;3;1;5;6;2;6;2;4;1;-1;-1;-1;-1;-1;-1;-1;-1;-1;3;0;0;0;1;2;0;3;3;0;0;0;0;0;0;0;2;7;6;3;5;5;5;4;1;1;1;1;1;1;5;5;1;5;5;5;1;5;3;1;1;1;1;1;1;1;1;5;5;5;5;3;1;4;3;2;4;4;4;2;2;4;2;4;2;2;3;1;1;5;4;1;6;5;6;4;2;169.23075025
778;2024Q2;ES705A1;ES705;6;2;53;1;1;1;6;10;-1;-1;-1;6;-1;-1;-1;75;7;-1;6;-1;-1;4;1;0;1;1;1;1;5;2;0;1;0;0;0;1;0;7;4;2;-1;5;5;3;2;6;4;1;2;4;4;4;3;5;2;4;2;2;2;2;4;4;4;4;5;4;4;4;2;5;2;3;3;2;2;2;2;4;5;2;3;3;3;1;2;2;3;1;3;2;-1;-1;6;6;5;6;1;1;971.40748987
779;2024Q2;ES705A1;ES705;1;1;48;3;1;5;8;7;-1;-1;7;1;-1;-1;-1;-1;-1;-1;-1;-1;-1;3;0;2;0;2;1;0;5;1;1;0;0;1;0;0;0;2;6;3;5;4;4;2;3;1;4;4;4;4;5;2;4;4;2;4;2;2;2;2;2;4;2;4;4;4;4;4;2;4;2;2;2;4;4;5;4;4;5;5;4;5;4;4;5;2;4;4;1;3;-1;-1;6;6;4;6;1;1;2816.6142716
780;2024Q2;ES705A1;ES705;6;2;80;1;1;1;3;12;-1;-1;-1;1;-1;2;5;-1;-1;-1;-1;-1;-1;1;0;0;0;0;0;1;1;0;0;0;0;1;0;0;0;1;3;5;3;5;5;3;3;6;5;4;3;4;4;4;3;4;3;4;3;4;2;2;2;4;4;3;3;4;4;4;2;3;3;2;4;3;3;3;3;2;3;3;3;3;3;2;2;2;3;2;1;1;4;1;1;-9;1;6;3;1;2266.2617374
781;2024Q2;ES705A1;ES705;6;2;60;2;1;4;6;1;6;1;5;1;-1;-1;-1;-1;-1;-1;-1;-1;-1;1;0;0;1;0;1;0;2;1;0;0;0;0;1;0;0;6;3;3;5;5;5;1;1;6;4;2;4;4;4;5;5;2;5;1;5;2;5;5;2;2;2;2;2;2;2;4;4;5;5;5;2;2;1;1;1;1;1;1;1;1;1;1;1;1;1;1;3;1;5;1;1;1;4;6;4;1;523.60415626
782;2024Q2;ES705A1;ES705;6;2;44;2;1;5;6;13;-1;-1;-1;-9;-1;-1;-1;-1;-1;-1;-1;-1;-1;2;0;1;0;1;1;0;3;0;0;0;1;0;1;0;0;2;2;2;-1;4;4;2;1;6;3;2;2;4;-9;4;3;3;3;2;2;2;-9;-9;-9;-9;3;-9;-9;2;2;2;2;4;2;2;-9;2;-7;-7;-7;-7;-7;-3;-3;-3;-3;-3;-3;-3;-3;-3;2;-9;-1;-1;-9;-9;4;6;-3;-9;3227.5994199
783;2024Q2;ES705A1;ES705;1;1;26;1;1;1;8;1;1;2;3;-9;-1;-1;-1;-1;-1;-1;-1;-1;-1;3;0;0;2;1;1;0;4;1;0;0;0;0;0;1;2;6;3;2;-1;4;4;3;2;6;1;3;2;4;4;4;4;2;5;2;4;3;3;5;3;3;2;3;3;3;4;4;4;5;4;3;2;2;4;3;4;3;3;3;4;-3;-3;-3;-3;1;3;1;2;2;-1;-1;6;6;5;6;-3;1;1504.3015734
784;2024Q2;ES705A1;ES705;6;2;56;3;3;3;10;1;6;1;5;1;-1;-1;-1;-1;-1;-1;-1;-1;-1;3;0;0;0;0;3;0;3;1;0;1;1;0;0;0;0;8;3;2;5;5;3;4;3;6;4;4;4;4;4;4;2;2;2;4;4;2;4;2;4;4;4;4;4;4;4;4;2;2;4;2;4;4;5;4;4;4;5;5;3;5;5;5;3;5;5;3;2;2;-1;-1;6;6;3;6;-3;3;5393.5311309
785;2024Q2;ES705A1;ES705;6;2;38;1;1;1;5;10;-1;-1;-1;1;-1;1;7;-1;-1;-1;-1;-1;-1;1;0;1;0;1;0;0;2;0;0;1;0;0;0;0;0;6;1;1;4;3;3;3;2;6;4;4;3;4;4;4;4;4;2;4;4;2;2;2;4;4;4;2;2;2;4;4;4;4;4;4;2;2;4;4;3;2;4;3;4;4;3;3;3;3;4;3;3;1;5;3;6;6;4;6;3;1;160.17888455
786;2024Q2;ES705A1;ES705;1;1;74;2;1;5;5;12;-1;-1;-1;1;-1;1;7;-1;-1;-1;-1;-1;-1;2;0;0;0;0;0;2;2;0;0;0;0;1;0;1;0;8;2;2;4;5;5;5;5;6;4;3;3;3;3;3;3;3;3;3;3;3;4;3;3;3;3;2;2;3;3;3;3;3;3;3;3;3;3;3;3;3;-7;3;-7;3;3;-7;-7;-7;-7;-7;3;-9;-1;-1;6;6;5;-9;-7;-9;2961.92281
787;2024Q2;ES705A1;ES705;1;1;47;1;1;1;5;1;6;2;7;1;-1;-1;-1;-1;-1;-1;-1;-1;-1;3;0;2;1;0;2;0;5;3;0;0;0;0;0;0;0;2;6;3;4;4;5;-9;2;6;5;4;-9;4;4;4;4;4;4;4;4;4;4;4;4;4;3;4;4;4;4;4;2;4;4;4;4;4;4;5;5;5;5;5;5;4;4;4;4;4;4;4;3;3;-1;-1;6;6;5;6;4;1;2816.6142716
788;2024Q2;ES705A1;ES705;1;1;19;1;1;1;6;13;-1;-1;-1;6;-1;-1;-1;62;1;2;-1;-1;-1;4;0;0;2;0;2;0;4;2;0;0;0;0;2;0;0;2;7;4;1;4;3;2;1;6;5;4;4;5;4;2;4;5;3;3;3;-9;2;5;5;5;4;3;4;5;4;5;4;3;4;3;2;2;3;4;-7;4;4;4;5;5;3;3;4;2;3;1;2;3;-1;-1;6;6;1;6;2;-9;4575.8203289
789;2024Q2;ES705A1;ES705;1;1;69;1;1;1;10;12;-1;-1;-1;1;-1;1;1;-1;-1;-1;-1;-1;-1;2;0;0;0;0;0;2;2;0;0;0;0;2;0;0;0;4;7;6;1;5;5;3;4;6;5;3;2;4;2;4;4;4;4;2;2;2;2;2;4;4;4;2;2;2;4;4;2;4;4;4;4;2;3;4;3;3;3;2;2;2;3;3;3;3;3;3;2;2;-1;-1;6;6;1;6;5;1;2961.92281
790;2024Q2;ES705A1;ES705;1;1;49;1;1;1;5;10;-1;-1;-1;6;-1;-1;-1;50;1;3;-1;-1;-1;2;0;2;0;0;2;0;4;1;0;1;0;0;0;0;0;2;4;2;3;4;4;3;1;6;4;4;-9;4;4;5;4;4;-9;4;2;4;4;2;4;4;2;4;4;4;4;4;2;2;2;2;4;4;4;3;3;3;3;4;4;-3;4;4;3;3;3;3;2;3;-1;-1;6;6;5;6;-3;1;1013.4222863
791;2024Q2;ES705A1;ES705;1;1;44;1;1;1;10;7;-1;-1;2;1;-1;-1;-1;-1;-1;-1;-1;-1;-1;1;0;0;0;1;0;0;1;0;1;0;0;0;0;0;0;1;3;5;1;4;4;-9;4;6;5;4;3;5;3;5;5;4;5;3;4;2;2;3;4;3;4;4;4;4;5;5;2;3;2;2;3;3;-3;-3;-3;-3;-3;-3;-3;-3;-3;-3;-3;-3;-3;-3;1;2;-1;-1;6;6;1;6;-3;-9;993.37328198
792;2024Q2;ES705A1;ES705;6;2;43;1;1;1;8;1;6;1;5;1;-1;-1;-1;-1;-1;-1;-1;-1;-1;2;0;0;0;1;1;0;2;1;0;0;0;1;0;0;0;8;3;3;4;5;5;4;1;6;3;2;2;2;2;2;4;4;5;2;4;2;5;5;4;1;1;1;1;1;4;4;5;5;5;5;1;1;1;1;2;3;5;2;3;4;3;1;1;1;3;1;2;1;2;4;1;6;1;6;4;1;992.14424496
793;2024Q2;ES705A1;ES705;6;2;32;1;1;1;6;10;-1;-1;-1;1;-1;1;5;-1;-1;-1;-1;-1;-1;1;0;2;0;1;0;0;3;0;0;1;0;0;0;0;0;6;1;1;5;4;4;4;4;6;4;4;4;4;3;4;2;4;3;3;3;3;2;2;4;2;3;2;3;3;3;4;2;2;3;2;3;3;4;4;4;4;5;4;3;3;3;2;2;2;3;4;2;2;-1;-1;6;6;4;6;1;1;184.77104624
794;2024Q2;ES705A1;ES705;1;1;33;1;1;1;10;1;6;2;3;6;-1;-1;-1;63;3;-1;-1;2;4;2;0;0;0;1;1;0;2;1;0;0;1;0;0;0;0;6;7;6;3;5;5;3;4;1;4;3;3;4;2;4;5;4;5;3;3;3;4;2;5;2;3;3;3;3;4;5;5;5;5;4;2;2;2;2;3;3;4;3;2;3;3;2;2;2;3;2;1;3;-1;-1;6;6;1;1;3;1;1002.8677156
795;2024Q2;ES705A1;ES705;6;2;39;1;1;1;7;13;-1;-1;-1;6;-1;-1;-1;42;2;-9;-1;-1;-1;2;0;1;0;2;0;0;3;0;1;0;0;0;1;0;0;2;3;2;-1;5;5;3;1;6;4;4;4;4;2;4;5;2;5;3;5;3;5;5;3;3;2;2;3;3;4;4;5;5;5;5;3;2;3;4;4;1;3;3;1;2;1;1;1;1;1;1;2;1;1;2;1;6;4;6;4;1;3227.5994199
796;2024Q2;ES705A1;ES705;1;1;54;1;1;1;7;1;6;2;3;1;-1;-1;-1;-1;-1;-1;-1;-1;-1;3;0;0;0;0;2;1;3;2;0;0;0;1;0;0;0;6;7;5;3;5;5;3;3;1;5;5;4;5;4;3;5;4;4;4;5;4;2;2;5;4;3;2;2;2;4;4;2;2;2;3;2;2;3;3;2;2;4;2;3;3;2;2;2;1;2;2;2;1;3;3;1;1;4;6;4;1;2816.6142716
797;2024Q2;ES705A1;ES705;6;2;43;1;1;1;6;10;-1;-1;-1;6;-1;-1;-1;46;1;3;-1;-1;-1;2;0;1;0;1;1;0;3;1;0;0;1;0;0;0;0;2;5;3;2;4;4;3;4;1;5;5;5;5;5;4;4;5;2;4;2;4;2;2;2;2;4;4;4;4;4;4;1;2;3;2;3;4;4;4;4;4;4;4;4;4;4;4;4;4;4;4;2;3;-1;-1;6;6;1;6;-3;1;320.35776909
798;2024Q2;ES705A1;ES705;6;2;42;1;1;1;9;2;6;2;2;1;-1;-1;-1;-1;-1;-1;-1;-1;-1;2;0;2;0;2;0;0;4;1;0;1;0;0;0;0;0;2;6;3;2;3;3;2;1;6;4;4;3;4;4;4;3;4;3;3;2;3;4;4;3;2;3;4;4;3;3;4;4;4;4;4;3;2;4;3;4;3;4;3;3;4;4;3;3;3;4;4;2;3;-1;-1;6;6;5;6;2;1;992.14424496
799;2024Q2;ES705A1;ES705;6;2;51;1;1;1;5;10;-1;-1;-1;6;-1;-1;-1;50;1;9;-1;-1;-1;4;0;0;0;2;2;0;4;2;0;1;0;0;1;0;0;2;3;2;6;1;2;1;2;6;2;2;2;2;4;2;1;2;2;2;2;2;4;4;2;4;2;4;4;4;4;4;4;4;4;4;4;2;1;1;1;1;1;1;1;1;1;1;1;1;1;1;2;1;5;4;6;6;5;6;5;1;971.40748987
800;2024Q2;ES705A1;ES705;1;1;75;2;1;5;5;12;-1;-1;-1;1;-1;1;7;-1;-1;-1;-1;-1;-1;4;0;0;0;0;0;4;4;0;0;1;1;2;0;0;0;8;3;2;4;4;4;2;4;6;4;4;2;4;4;2;4;2;2;4;4;4;4;4;4;4;4;4;4;4;4;4;4;2;4;4;4;4;3;3;3;2;3;3;3;3;3;2;3;3;3;3;3;3;-1;-1;6;6;5;6;-3;1;5923.84562
801;2024Q2;ES705A1;ES705;1;1;42;1;1;1;5;1;1;2;8;1;-1;-1;-1;-1;-1;-1;-1;-1;-1;2;0;2;1;2;0;0;5;2;0;0;0;0;1;0;0;2;5;2;5;4;5;2;2;1;4;4;2;4;4;4;5;4;4;2;4;4;2;3;4;3;3;4;4;3;4;4;2;3;4;4;3;4;3;4;3;3;4;4;4;-7;3;2;3;-7;-7;2;1;2;-1;-1;6;6;1;6;-3;2;1986.746564
802;2024Q2;ES705A1;ES705;6;2;30;1;1;1;5;2;6;2;9;1;-1;-1;-1;-1;-1;-1;-1;-1;-1;2;0;1;0;2;0;0;3;2;0;0;0;0;0;0;0;7;3;2;6;2;3;2;3;6;3;4;3;3;3;3;4;4;4;4;1;4;2;2;2;4;2;3;3;3;3;4;5;5;5;5;2;2;3;1;3;4;3;1;2;3;4;3;4;1;3;3;3;1;5;3;1;6;1;6;1;2;1327.7894499
803;2024Q2;ES705A1;ES705;6;2;34;1;1;1;8;1;6;2;5;6;-1;-1;-1;62;9;-1;-9;-1;-1;2;0;1;0;1;1;0;3;1;0;0;0;0;0;0;1;8;2;2;-1;4;4;-9;-9;6;2;2;2;4;3;5;5;-9;5;1;5;1;-9;5;2;-9;1;1;1;4;3;4;4;5;5;5;-9;1;4;1;1;1;4;2;-3;1;-3;-3;1;1;-3;-3;1;1;5;4;6;6;1;6;4;1;1327.7894499
804;2024Q2;ES705A1;ES705;1;1;25;1;1;1;8;10;-1;-1;-1;6;-1;-1;-1;70;5;-1;-1;1;3;4;0;0;0;2;0;2;4;0;0;0;2;1;0;1;0;2;3;2;-1;4;4;3;2;6;2;3;3;3;4;5;3;4;3;3;2;3;3;3;3;2;3;2;2;3;3;4;3;5;3;4;3;2;3;4;3;3;4;3;4;3;3;3;3;3;3;3;1;2;-1;-1;6;6;1;6;-3;3;640.71553819
805;2024Q2;ES705A1;ES705;6;2;78;1;1;1;5;12;-1;-1;-1;1;-1;1;4;-1;-1;-1;-1;-1;-1;2;0;0;1;0;0;1;2;0;0;0;1;1;0;0;0;8;4;4;3;4;3;1;2;6;4;3;4;3;4;2;2;4;4;4;4;4;4;4;5;4;4;5;5;4;2;4;2;4;4;4;4;4;4;4;4;4;4;2;2;3;3;3;4;2;2;4;3;3;-1;-1;6;6;5;6;1;1;4532.5234748
806;2024Q2;ES705A1;ES705;6;2;31;1;1;1;6;1;6;2;4;6;-1;-1;-1;68;5;-1;-1;1;9;3;0;0;0;1;1;1;3;1;0;1;0;1;0;0;0;2;6;4;6;4;4;4;3;6;4;4;2;2;4;4;2;2;4;2;4;2;1;2;2;2;4;2;2;2;4;4;4;4;4;4;2;1;4;4;3;4;3;2;1;4;4;4;4;1;3;4;2;3;-1;-1;6;6;5;6;2;1;1991.6841749
807;2024Q2;ES705A1;ES705;6;2;41;1;1;1;8;1;6;1;5;6;-1;-1;-1;41;2;7;-1;-1;-1;2;0;0;0;2;0;0;2;1;1;0;0;0;0;0;0;4;7;6;4;2;4;2;1;6;4;4;2;4;4;4;4;4;5;1;3;3;3;3;4;4;3;3;3;3;4;4;3;4;4;5;3;3;3;3;3;1;3;3;1;3;2;1;1;1;3;1;2;2;-1;-1;6;6;1;6;1;1;992.14424496
808;2024Q2;ES705A1;ES705;6;2;51;1;1;1;7;10;-1;-1;-1;1;-1;1;9;-1;-1;-1;-1;-1;-1;1;0;0;0;0;1;0;1;0;0;1;0;0;0;0;0;1;1;2;6;2;2;2;1;6;4;4;2;2;2;2;2;2;2;4;2;4;4;2;2;2;2;4;4;4;4;2;2;2;2;2;2;2;4;4;4;3;4;4;3;4;3;4;3;4;4;4;3;1;5;3;6;6;5;6;1;1;242.85187247
809;2024Q2;ES705A1;ES705;6;2;65;3;1;1;9;2;6;2;5;1;-1;-1;-1;-1;-1;-1;-1;-1;-1;2;0;0;0;0;1;1;2;2;0;0;0;0;0;0;0;4;6;5;5;4;4;3;3;6;4;4;2;3;2;2;4;4;4;5;2;4;1;2;4;4;4;2;2;2;4;4;2;2;2;4;4;4;2;3;3;3;4;3;4;3;2;2;3;4;4;3;2;3;-1;-1;6;6;5;6;1;3;2297.0682998
810;2024Q2;ES705A1;ES705;1;1;34;1;1;5;9;2;6;2;3;1;-1;-1;-1;-1;-1;-1;-1;-1;-1;1;0;0;0;1;0;0;1;1;0;0;0;0;0;0;0;1;3;5;3;5;5;4;4;1;5;3;1;4;2;5;5;4;5;3;5;2;-9;5;3;2;3;2;3;4;4;5;5;5;5;5;2;2;4;3;3;3;3;4;-3;1;2;1;1;1;3;1;1;1;3;2;6;6;5;6;-3;1;501.4338578
811;2024Q2;ES705A1;ES705;6;2;45;1;1;1;7;10;-1;-1;-1;6;-1;-1;-1;51;1;9;-1;-1;-1;2;1;0;0;0;2;0;3;1;0;1;0;0;0;0;0;2;3;2;6;5;5;3;5;6;5;5;5;5;5;1;1;5;2;5;4;3;1;2;1;5;4;5;4;5;5;5;3;3;3;3;3;4;4;5;4;4;4;4;3;-3;5;-3;-3;5;-3;3;1;2;-1;-1;1;6;5;6;3;2;485.70374493
812;2024Q2;ES705A1;ES705;1;1;39;1;1;1;5;1;6;2;9;1;-1;-1;-1;-1;-1;-1;-1;-1;-1;3;0;0;0;1;0;2;3;1;0;0;0;2;0;0;0;8;5;4;6;5;5;3;4;6;5;5;4;5;5;3;4;5;4;5;3;4;3;1;5;5;4;5;5;5;5;5;3;3;3;3;3;5;4;4;3;3;4;3;2;3;4;2;2;2;4;4;2;3;-1;-1;6;6;1;6;2;2;2980.1198459
813;2024Q2;ES705A1;ES705;1;1;23;1;1;1;9;10;-1;-1;-1;6;-1;-1;-1;52;1;7;-1;-1;-1;4;0;0;2;0;2;0;4;1;0;0;2;0;1;0;0;2;3;2;4;3;3;3;1;6;3;4;3;4;4;4;3;4;4;3;3;3;3;2;3;2;3;3;3;4;3;4;4;3;3;4;2;3;4;3;3;3;3;4;2;3;2;3;3;2;3;3;2;2;-1;-1;6;6;1;6;-3;1;640.71553819
814;2024Q2;ES705A1;ES705;6;2;44;2;1;5;7;1;6;2;9;6;-1;-1;-1;47;1;9;-1;-1;-1;2;0;2;0;1;1;0;4;2;0;0;0;0;0;0;0;2;4;2;6;5;5;3;5;1;3;4;3;4;4;3;5;2;3;3;4;2;2;2;2;2;2;2;2;3;3;3;4;5;5;3;2;2;-7;-7;-3;-7;-7;1;1;-3;-3;-3;-3;2;-7;1;1;1;3;4;1;6;5;6;3;1;992.14424496
815;2024Q2;ES705A1;ES705;1;1;22;1;1;1;6;13;-1;-1;-1;6;-1;-1;-1;55;3;-1;-1;1;5;3;0;0;2;0;1;0;3;0;0;0;1;0;2;0;0;6;1;1;5;5;4;3;2;6;4;4;4;5;5;2;4;4;4;4;2;4;2;4;5;5;4;5;4;4;5;5;2;4;4;3;2;4;3;3;3;3;4;2;3;2;4;3;3;3;3;2;2;1;2;2;1;6;1;6;1;1;3431.8652467
816;2024Q2;ES705A1;ES705;6;2;45;1;1;1;8;10;-1;-1;-1;1;-1;1;8;-1;-1;-1;-1;-1;-1;1;0;0;0;0;1;0;1;0;0;0;1;0;0;0;0;1;1;2;5;4;4;4;2;6;2;4;4;2;4;2;5;2;5;2;5;2;4;5;1;1;1;1;1;1;1;4;5;5;5;5;1;1;1;1;2;2;2;2;2;2;2;2;2;1;2;2;3;1;2;4;1;1;3;6;-3;2;242.85187247
817;2024Q2;ES705A1;ES705;6;2;51;3;1;5;6;10;-1;-1;-1;6;-1;-1;-1;43;1;4;-1;-1;-1;3;0;1;1;1;1;0;4;2;0;0;1;0;0;0;0;3;3;2;3;5;5;5;5;6;4;1;1;4;4;5;5;3;5;1;3;1;5;4;4;1;3;1;1;4;4;4;5;5;5;5;2;5;1;-3;-3;-3;-3;2;1;1;1;1;1;1;-3;-3;1;1;5;1;6;6;3;6;3;-9;728.5556174
818;2024Q2;ES705A1;ES705;1;1;32;1;1;1;5;1;6;2;9;1;-1;-1;-1;-1;-1;-1;-1;-1;-1;2;0;1;0;2;0;0;3;2;0;0;0;0;0;0;0;2;5;4;6;2;2;2;2;6;2;4;2;2;4;2;4;2;2;4;4;2;2;2;2;4;2;4;4;2;2;4;4;2;2;2;2;2;1;2;2;4;4;4;2;4;4;4;2;4;4;4;2;3;-1;-1;6;6;1;6;1;2;1002.8677156
819;2024Q2;ES705A1;ES705;6;2;20;1;1;1;6;13;-1;-1;-1;6;-1;-1;-1;54;1;5;-1;-1;-1;2;0;0;1;0;1;0;2;1;0;0;0;0;1;0;0;6;2;2;5;3;4;2;3;6;2;4;2;4;4;3;4;4;2;3;5;3;4;4;3;3;2;2;2;4;5;5;4;4;5;3;2;2;4;4;4;3;4;3;4;3;4;4;3;3;3;3;2;1;3;-9;6;6;1;6;3;1;3563.2446249
820;2024Q2;ES705A1;ES705;6;2;58;3;2;4;6;10;-1;-1;-1;1;-1;2;3;-1;-1;-1;-1;-1;-1;1;0;0;0;0;1;0;1;0;0;0;1;0;0;0;0;1;1;1;3;5;5;3;1;6;4;4;2;4;4;5;5;5;5;2;5;2;2;4;4;4;2;2;3;2;4;5;5;4;4;4;2;2;3;3;3;1;4;3;5;3;1;2;-7;2;3;3;2;3;-1;-1;6;6;4;6;3;2;1318.7200316
821;2024Q2;ES705A1;ES705;1;1;50;1;1;1;10;1;1;2;4;1;-1;-1;-1;-1;-1;-1;-1;-1;-1;2;0;1;0;0;2;0;3;1;0;0;1;0;0;0;0;2;4;3;3;3;3;3;3;6;5;5;4;5;5;3;3;5;3;4;-9;4;5;4;4;4;5;5;5;5;5;5;4;4;4;4;3;3;4;4;4;4;4;3;4;4;4;-7;-7;-7;4;4;1;1;5;4;1;6;5;6;2;2;1877.7428477
822;2024Q2;ES705A1;ES705;6;2;72;1;1;1;4;12;-1;-1;-1;1;-1;1;9;-1;-1;-1;-1;-1;-1;2;0;0;0;0;0;2;2;0;0;0;0;2;0;0;0;6;3;3;6;4;4;3;2;6;4;5;3;4;4;4;3;4;2;4;-9;2;3;3;3;2;3;3;3;4;4;4;4;4;4;4;4;4;-3;3;3;3;-3;1;-3;-3;3;2;3;4;3;3;3;-9;-1;-1;6;6;5;6;1;-9;4532.5234748
823;2024Q2;ES705A1;ES705;6;2;43;1;1;1;9;1;6;2;5;6;-1;-1;-1;44;1;6;-1;-1;-1;2;0;1;0;2;0;0;3;2;0;0;0;0;0;0;0;2;5;3;5;4;4;3;3;6;4;4;4;4;4;2;2;2;4;2;2;2;2;2;2;2;4;4;4;2;4;4;2;2;2;4;2;4;3;3;3;3;4;4;3;3;3;3;3;3;3;3;2;3;-1;-1;6;6;1;6;1;1;992.14424496
824;2024Q2;ES705A1;ES705;6;2;46;1;1;1;9;1;6;2;5;1;-1;-1;-1;-1;-1;-1;-1;-1;-1;1;0;0;0;0;1;0;1;1;0;0;0;0;0;0;0;1;3;5;3;5;5;3;4;1;5;4;4;4;4;5;5;-9;4;2;4;2;2;2;4;3;3;4;4;4;4;3;4;4;2;4;2;2;4;4;4;1;4;2;3;3;3;2;3;2;3;2;2;1;3;2;1;1;1;6;5;1;721.97555118
825;2024Q2;ES705A1;ES705;1;1;42;3;1;5;10;2;1;2;2;1;-1;-1;-1;-1;-1;-1;-1;-1;-1;1;0;0;0;1;0;0;1;1;0;0;0;0;0;0;0;1;5;6;1;5;5;3;4;6;4;4;3;5;5;5;5;4;4;4;5;4;3;2;4;2;4;2;2;4;4;5;2;5;4;4;1;1;5;3;3;2;5;5;5;-3;4;-3;-3;2;2;3;1;2;-1;-1;1;-9;4;1;4;1;993.37328198
826;2024Q2;ES705A1;ES705;1;1;39;2;1;5;9;1;6;1;2;1;-1;-1;-1;-1;-1;-1;-1;-1;-1;1;0;0;0;1;0;0;1;1;0;0;0;0;0;0;0;1;6;6;1;5;5;4;2;6;4;3;3;4;4;5;5;4;5;3;4;3;4;4;3;4;3;3;3;3;4;3;4;4;5;5;2;2;4;4;-3;1;3;3;4;-3;-3;1;-3;1;2;2;1;1;1;3;1;6;4;6;5;1;993.37328198
827;2024Q2;ES705A1;ES705;6;2;42;3;1;5;4;1;6;2;9;1;-1;-1;-1;-1;-1;-1;-1;-1;-1;2;0;3;0;2;0;0;5;2;0;0;0;0;0;0;0;2;5;2;6;2;2;2;4;1;5;5;5;5;5;4;5;5;5;3;5;1;1;1;1;1;2;5;5;5;5;5;1;1;1;2;3;3;-3;3;3;3;3;3;3;3;3;3;3;2;3;3;3;2;-1;-1;6;6;3;6;-3;-9;992.14424496
828;2024Q2;ES705A2;ES705;6;2;48;1;1;1;5;1;6;2;7;1;-1;-1;-1;-1;-1;-1;-1;-1;-1;2;0;0;1;0;1;0;2;1;0;0;0;0;1;0;0;6;3;3;5;5;5;4;4;6;2;2;2;4;4;4;4;2;4;2;4;2;4;4;3;2;4;2;2;2;4;2;4;4;4;4;2;2;4;4;2;1;2;2;1;4;2;1;1;1;2;1;3;1;5;3;1;1;5;6;4;1;230.7376639
829;2024Q2;ES705A2;ES705;1;1;37;1;1;1;8;1;1;2;3;1;-1;-1;-1;-1;-1;-1;-1;-1;-1;2;0;3;0;2;0;0;5;2;0;0;0;0;0;0;0;2;6;3;3;4;4;2;4;1;3;4;3;4;4;4;4;4;4;1;4;2;2;2;4;4;2;4;4;4;4;4;4;2;4;4;4;3;3;3;3;3;4;3;4;3;3;3;3;2;3;3;2;3;-1;-1;6;6;1;1;4;1;626.73726407
830;2024Q2;ES705A2;ES705;1;1;57;3;1;5;10;2;1;2;2;1;-1;-1;-1;-1;-1;-1;-1;-1;-1;1;0;0;0;0;1;0;1;1;0;0;0;0;0;0;0;1;6;6;2;4;4;4;2;6;5;5;5;5;5;5;4;4;3;4;3;5;1;1;4;4;5;4;4;4;4;4;1;1;1;1;3;3;1;2;1;1;3;1;2;2;3;3;4;3;3;4;1;3;-1;-1;6;6;5;6;2;1;226.47869266
831;2024Q2;ES705A2;ES705;6;2;70;1;1;1;4;14;-1;-1;-1;6;-1;-1;-1;72;5;-1;-1;2;6;2;0;0;0;0;0;2;2;0;0;0;0;1;0;1;0;4;2;2;5;2;2;1;2;6;4;4;4;4;4;4;4;2;4;4;4;4;4;4;4;4;4;4;4;4;4;4;4;2;2;2;2;2;2;2;2;2;4;2;2;4;4;4;2;4;3;4;1;1;5;1;6;1;1;6;2;3;1614.8143528
832;2024Q2;ES705A2;ES705;1;1;33;2;1;1;9;1;1;2;4;1;-1;-1;-1;-1;-1;-1;-1;-1;-1;1;0;0;0;1;0;0;1;1;0;0;0;0;0;0;0;1;4;6;3;5;5;5;1;6;3;2;2;3;2;5;5;4;5;2;5;2;3;4;3;2;2;2;4;2;3;4;4;4;4;4;3;2;3;3;3;3;3;3;4;2;3;2;3;2;3;2;2;1;3;3;1;6;1;6;2;1;201.50153474
833;2024Q2;ES705A2;ES705;1;1;66;1;1;5;9;12;-1;-1;-1;1;-1;2;5;-1;-1;-1;-1;-1;-1;1;0;0;0;0;0;1;1;0;0;0;0;1;0;0;0;1;3;5;3;5;5;4;1;6;1;2;2;1;2;4;4;2;4;3;2;2;2;3;2;4;2;2;2;2;4;4;5;5;5;4;4;2;3;3;2;3;4;3;4;3;2;1;1;1;3;3;2;1;4;3;1;6;4;6;4;1;390.87623446
834;2024Q2;ES705A2;ES705;6;2;42;1;1;1;7;1;6;1;5;6;-1;-1;-1;74;1;5;-1;-1;-1;2;0;1;0;1;0;1;3;2;0;0;0;0;0;0;0;2;4;3;5;3;3;3;3;6;3;4;3;4;3;3;3;3;3;3;3;3;4;4;3;3;3;4;3;3;4;4;3;3;3;3;3;3;3;3;3;3;3;3;3;3;3;3;3;3;3;3;3;2;-1;-1;6;6;1;6;4;-9;925.86492643
835;2024Q2;ES705A2;ES705;1;1;61;1;1;1;7;10;-1;-1;-1;1;-1;1;5;-1;-1;-1;-1;-1;-1;3;0;0;1;0;2;0;3;0;0;1;0;0;1;1;0;2;1;1;5;3;3;2;3;6;5;5;1;3;4;3;1;5;3;5;3;4;4;5;4;3;4;5;5;4;4;4;3;3;3;3;3;4;4;4;5;4;3;3;3;4;3;1;1;2;3;3;2;1;5;4;1;1;1;6;2;1;372.77369981
836;2024Q2;ES705A2;ES705;1;1;50;1;1;1;6;1;6;1;2;6;-1;-1;-1;48;1;5;-1;-1;-1;3;0;0;1;0;2;0;3;2;0;0;0;0;1;0;0;2;4;3;5;4;4;4;1;6;5;5;5;5;5;5;3;4;3;4;4;4;4;4;4;4;4;4;4;4;4;4;4;3;4;4;3;3;3;3;3;3;3;3;3;3;4;3;3;3;3;4;2;2;-1;-1;6;6;1;6;3;3;966.44508293
837;2024Q2;ES705A2;ES705;6;2;49;1;1;1;10;1;1;2;1;6;-1;-1;-1;54;1;2;-1;-1;-1;2;0;1;0;0;2;0;3;2;0;0;0;0;0;0;0;2;7;6;1;5;5;3;2;6;4;2;3;4;4;4;4;4;3;2;2;2;2;2;4;4;2;2;4;2;2;2;2;4;4;4;2;4;4;3;4;3;4;3;4;-7;3;3;3;2;4;1;2;2;-1;-1;1;6;5;6;3;1;230.7376639
838;2024Q2;ES705A2;ES705;1;1;58;1;1;1;10;2;1;1;2;1;-1;-1;-1;-1;-1;-1;-1;-1;-1;3;0;0;0;2;1;0;3;3;0;0;0;0;0;0;0;7;7;6;1;5;5;3;2;6;5;4;3;5;5;4;4;2;4;4;3;2;2;3;5;4;2;2;4;4;4;4;3;4;4;3;2;2;4;3;4;3;4;3;3;3;4;2;3;2;3;3;2;2;-1;-1;6;6;1;6;2;1;679.43607798
839;2024Q2;ES705A2;ES705;6;2;27;1;1;1;9;1;6;2;5;6;-1;-1;-1;30;1;3;-1;-1;-1;2;0;0;0;2;0;0;2;2;0;0;0;0;0;0;0;4;4;4;3;5;5;4;2;6;4;2;4;4;2;4;4;3;4;2;5;4;2;2;4;3;4;2;3;4;3;4;4;4;3;4;3;2;4;3;3;3;4;3;3;3;3;2;3;2;3;2;2;2;-1;-1;1;6;1;6;4;1;554.08540082
840;2024Q2;ES705A2;ES705;6;2;45;1;1;1;8;1;6;1;5;6;-1;-1;-1;47;1;7;-1;-1;-1;2;0;0;0;0;2;0;2;2;0;0;0;0;0;0;0;4;6;5;5;5;5;4;3;1;3;3;2;4;4;3;5;4;2;4;2;4;1;4;4;4;3;3;3;4;4;5;3;4;4;4;4;4;3;3;2;2;3;3;2;1;2;2;2;1;3;1;2;1;5;3;1;1;5;6;1;1;230.7376639
841;2024Q2;ES705A2;ES705;6;2;27;1;1;1;9;1;6;2;2;1;-1;-1;-1;-1;-1;-1;-1;-1;-1;1;0;0;0;1;0;0;1;1;0;0;0;0;0;0;0;1;3;5;1;4;3;4;2;6;2;5;4;4;4;2;5;4;5;4;5;2;5;2;4;2;4;4;2;4;4;2;2;4;4;4;4;2;4;2;3;3;3;1;3;4;2;2;3;3;3;3;1;1;1;4;6;6;1;6;4;1;277.04270041
842;2024Q2;ES705A2;ES705;6;2;80;1;1;1;3;2;6;2;9;1;-1;-1;-1;-1;-1;-1;-1;-1;-1;1;0;0;0;0;0;1;1;1;0;0;0;0;0;0;0;1;2;4;6;4;4;3;3;6;4;4;-9;-9;-9;-9;5;-9;-9;3;-9;4;-9;-9;-9;4;4;4;4;4;4;4;-9;-9;-9;-9;-9;4;4;4;4;4;4;4;4;-3;4;4;4;-7;-3;-3;2;1;2;4;1;1;1;6;2;1;446.01526235
843;2024Q2;ES705A2;ES705;1;1;58;1;1;1;3;2;6;2;9;1;-1;-1;-1;-1;-1;-1;-1;-1;-1;3;0;0;0;2;1;0;3;1;0;0;2;0;0;0;0;6;3;2;6;4;3;3;2;6;4;4;4;4;-9;-9;-9;4;-9;-9;-9;-9;1;4;4;4;3;4;4;4;4;4;4;4;4;-9;-9;4;-3;-3;3;-3;-3;-3;3;3;2;-3;3;3;3;3;3;3;-1;-1;6;6;1;6;1;-9;679.43607798
844;2024Q2;ES708A0;ES708;6;2;53;1;1;1;5;1;6;2;5;1;-1;-1;-1;-1;-1;-1;-1;-1;-1;1;0;0;0;0;1;0;1;1;0;0;0;0;0;0;0;1;2;4;5;5;5;5;5;6;2;2;2;2;2;4;4;4;2;2;2;2;2;2;2;2;2;2;2;2;2;2;2;2;2;2;2;2;2;2;2;2;2;2;2;2;2;2;2;2;2;2;2;3;-1;-1;6;6;5;6;4;1;235.78647956
845;2024Q2;ES708A0;ES708;1;1;79;1;1;1;6;12;-1;-1;-1;1;-1;1;5;-1;-1;-1;-1;-1;-1;2;0;0;0;0;0;2;2;0;0;0;0;1;0;1;0;4;3;3;3;4;5;5;4;1;4;5;4;4;4;4;4;4;4;4;4;4;4;3;4;4;4;3;1;3;4;4;4;4;4;4;3;3;3;3;3;4;4;4;4;4;3;3;3;4;4;4;2;3;-1;-1;6;6;5;1;3;3;2869.5962983
846;2024Q2;ES708A0;ES708;6;2;45;1;1;5;10;10;-1;-1;-1;1;-1;1;-9;-1;-1;-1;-1;-1;-1;1;0;1;1;0;1;0;3;0;0;0;1;0;1;0;0;6;2;1;-1;5;5;5;5;6;5;5;5;5;5;2;2;4;2;5;5;5;1;2;5;5;5;5;5;5;5;5;2;2;2;2;5;5;3;3;1;1;2;2;3;2;3;3;3;2;2;2;2;3;-1;-1;6;6;5;6;3;2;56.410250082
847;2024Q2;ES708A0;ES708;1;1;60;1;1;1;5;1;6;2;7;1;-1;-1;-1;-1;-1;-1;-1;-1;-1;1;0;0;0;0;1;0;1;1;0;0;0;0;0;0;0;1;3;5;4;5;5;5;3;1;4;4;4;4;4;5;4;2;2;4;2;4;2;2;4;4;4;2;4;2;4;4;2;2;2;2;2;2;4;3;4;2;3;4;4;4;3;4;3;2;4;4;2;3;-1;-1;6;6;5;6;5;1;251.49589736
848;2024Q2;ES708A0;ES708;6;2;55;1;1;1;9;5;-1;-1;2;1;-1;-1;-1;-1;-1;-1;-1;-1;-1;2;0;1;1;0;2;0;4;0;2;0;0;0;1;0;0;2;7;6;1;5;4;4;4;6;4;4;4;4;4;4;4;3;3;4;4;4;4;4;4;3;3;3;3;3;4;4;3;3;3;3;3;3;4;4;4;4;4;4;4;4;4;4;4;4;4;4;2;2;-1;-1;-9;-9;1;1;2;-9;112.82050016
849;2024Q2;ES708A0;ES708;6;2;70;1;1;1;5;12;-1;-1;-1;1;-1;1;5;-1;-1;-1;-1;-1;-1;2;0;0;0;0;0;2;2;0;0;0;0;2;0;0;0;4;6;6;5;3;2;3;3;6;4;4;2;2;4;2;2;2;2;4;2;4;4;4;4;2;4;4;4;4;4;2;4;4;4;4;4;4;4;4;4;4;4;4;4;3;4;1;1;1;3;3;1;1;5;1;1;6;5;6;4;1;7233.905107
850;2024Q2;ES708A0;ES708;1;1;46;2;1;5;6;10;-1;-1;-1;1;-1;1;6;-1;-1;-1;-1;-1;-1;1;0;0;0;0;1;0;1;0;0;1;0;0;0;0;0;1;1;2;5;1;1;1;1;6;4;4;4;4;4;4;4;4;4;4;4;4;4;4;4;4;4;4;4;4;4;4;4;4;4;4;4;4;1;1;1;1;1;1;1;1;1;1;1;1;1;1;2;3;-1;-1;6;6;4;6;-3;3;223.11355171
851;2024Q2;ES708A0;ES708;1;1;54;1;1;1;5;1;6;2;7;1;-1;-1;-1;-1;-1;-1;-1;-1;-1;3;0;0;2;0;1;0;3;2;0;0;0;0;0;1;0;7;4;3;5;4;4;4;4;6;4;4;2;4;4;4;4;2;4;4;4;2;4;2;4;4;4;2;2;2;2;4;2;2;2;2;2;2;3;4;4;4;4;4;4;-3;-3;-3;-3;3;3;-3;1;1;1;3;1;6;5;6;4;1;1055.7552644
852;2024Q2;ES708A0;ES708;1;1;44;1;1;1;6;10;-1;-1;-1;6;-1;-1;-1;74;5;-1;-1;1;2;2;0;0;0;1;0;1;2;0;0;1;0;1;0;0;0;6;6;6;2;3;1;3;3;1;4;3;2;4;4;4;4;3;2;2;4;4;4;1;4;2;4;4;4;4;4;4;4;2;4;4;2;4;4;4;4;4;4;4;3;4;4;4;4;4;4;4;2;1;2;1;6;6;5;1;4;3;794.41419043
853;2024Q2;ES708A0;ES708;6;2;58;1;1;1;4;1;6;2;9;6;-1;-1;-1;56;1;9;-1;-1;-1;2;0;0;0;0;2;0;2;2;0;0;0;0;0;0;0;4;4;4;6;4;4;3;3;1;4;4;2;4;4;5;5;4;5;2;4;4;5;2;2;2;4;3;4;2;4;4;2;2;4;2;4;4;3;4;3;4;4;4;3;4;3;4;4;4;4;2;2;3;-1;-1;6;6;1;1;3;3;112.82050016
854;2024Q2;ES708A0;ES708;1;1;53;3;1;5;6;1;1;1;8;1;-1;-1;-1;-1;-1;-1;-1;-1;-1;2;0;2;0;1;1;0;4;1;0;0;1;0;0;0;0;2;3;2;5;5;4;4;4;1;4;4;4;4;4;5;5;4;4;4;2;4;2;2;4;5;5;4;5;5;4;4;2;2;2;2;4;4;4;4;4;4;5;4;4;4;4;5;5;4;5;4;1;2;-1;-1;6;6;5;6;2;1;703.83684294
855;2024Q2;ES708A0;ES708;1;1;54;3;3;5;6;7;-1;-1;7;1;-1;-1;-1;-1;-1;-1;-1;-1;-1;2;0;0;0;0;2;0;2;1;1;0;0;0;0;0;0;4;6;6;5;-9;-9;-9;3;1;3;4;-9;-9;4;-9;5;4;4;-9;4;1;4;1;-9;4;4;-9;4;4;5;5;4;-9;-9;-9;2;2;3;4;3;3;5;5;5;4;4;-3;5;5;4;4;1;1;1;3;1;6;5;6;1;1;1514.2311573
856;2024Q2;ES708A0;ES708;1;1;33;1;1;1;5;1;1;2;1;1;-1;-1;-1;-1;-1;-1;-1;-1;-1;2;0;1;0;2;0;0;3;2;0;0;0;0;0;0;0;2;6;5;1;5;5;5;5;1;4;2;2;4;4;4;5;2;2;4;2;4;2;4;4;4;4;4;2;2;2;4;4;4;4;4;2;2;5;2;3;2;3;2;3;3;2;1;1;1;2;3;2;1;1;3;1;6;5;6;3;1;568.61416244
857;2024Q2;ES708A0;ES708;1;1;53;3;2;3;6;1;6;2;3;1;-1;-1;-1;-1;-1;-1;-1;-1;-1;1;0;0;0;0;1;0;1;1;0;0;0;0;0;0;0;1;4;6;3;5;5;5;1;1;5;3;3;3;4;4;4;3;2;2;4;2;4;4;3;2;4;3;2;4;2;2;5;2;4;4;2;2;3;3;3;2;4;2;4;4;3;-3;4;4;3;3;1;1;3;3;1;1;3;1;5;3;757.11557864
858;2024Q2;ES704A0;ES704;6;2;40;3;2;5;10;7;-1;-1;2;1;-1;-1;-1;-1;-1;-1;-1;-1;-1;2;0;1;0;1;1;0;3;1;1;0;0;0;0;0;0;2;6;5;2;5;5;3;3;1;1;1;4;2;4;4;5;5;5;5;5;1;2;5;1;4;3;1;1;3;1;1;3;5;5;5;3;1;2;3;1;1;3;1;3;3;4;3;3;1;1;3;2;1;1;4;1;1;5;6;5;1;421.8502609
859;2024Q2;ES704A0;ES704;1;1;54;1;1;1;3;1;6;2;5;1;-1;-1;-1;-1;-1;-1;-1;-1;-1;1;0;0;0;0;1;0;1;1;0;0;0;0;0;0;0;1;3;5;5;3;3;2;3;1;4;4;4;4;4;4;5;1;4;4;4;3;4;-9;4;4;4;4;4;4;4;4;2;2;4;2;4;4;5;4;4;4;4;4;4;4;4;4;4;2;4;4;2;1;3;4;1;1;1;6;2;2;136.65877063
860;2024Q2;ES704A0;ES704;6;2;58;1;1;1;3;10;-1;-1;-1;1;-1;1;9;-1;-1;-1;-1;-1;-1;4;0;0;0;2;2;0;4;1;0;1;1;0;1;0;0;8;2;1;6;4;4;4;4;6;4;4;4;4;5;5;4;4;2;4;4;2;2;4;4;4;2;4;2;2;4;4;2;4;4;4;2;1;1;3;3;2;4;2;2;2;3;3;4;4;4;4;3;3;-1;-1;6;6;1;6;4;3;174.43102876
861;2024Q2;ES704A0;ES704;1;1;48;3;2;5;5;1;1;2;3;1;-1;-1;-1;-1;-1;-1;-1;-1;-1;1;0;0;0;0;1;0;1;1;0;0;0;0;0;0;0;1;4;6;2;2;3;3;3;6;4;4;4;4;4;4;4;4;5;3;3;2;2;3;4;4;4;4;4;4;4;4;2;3;4;4;4;2;4;3;4;3;3;3;3;3;5;3;3;3;3;3;1;2;-1;-1;6;6;5;6;2;1;905.0020786
862;2024Q2;ES704A0;ES704;6;2;60;3;1;5;7;1;1;2;5;1;-1;-1;-1;-1;-1;-1;-1;-1;-1;1;0;0;0;0;1;0;1;1;0;0;0;0;0;0;0;1;3;5;6;5;5;3;5;1;5;4;2;4;5;5;5;5;4;2;4;2;4;2;4;1;2;2;4;2;4;4;2;2;5;5;2;4;3;2;2;2;3;4;4;3;2;1;2;2;2;3;2;2;-1;-1;1;6;5;6;4;1;82.174039031
863;2024Q2;ES704A0;ES704;6;2;42;1;1;1;4;1;6;2;5;6;-1;-1;-1;38;1;6;-1;-1;-1;3;0;1;1;2;0;0;4;3;0;0;0;0;0;0;0;2;6;4;5;2;3;2;3;6;4;5;4;4;4;4;1;4;5;4;4;5;5;5;1;1;1;2;2;2;2;4;1;2;4;2;4;4;1;1;3;3;3;3;1;1;3;3;3;1;3;3;2;3;-1;-1;6;6;5;6;4;1;329.89971901
864;2024Q2;ES704A0;ES704;6;2;65;1;1;1;5;1;6;2;8;1;-1;-1;-1;-1;-1;-1;-1;-1;-1;1;0;0;0;0;0;1;1;1;0;0;0;0;0;0;0;1;2;4;5;3;4;2;3;1;4;5;4;4;4;4;4;4;4;4;4;4;2;2;4;4;4;4;4;4;4;5;3;2;5;4;3;2;3;3;3;3;3;3;3;3;3;2;1;3;3;3;2;2;-1;-1;6;6;5;6;4;3;383.78987528
865;2024Q2;ES704A0;ES704;6;2;48;3;2;4;6;7;-1;-1;5;6;-1;-1;-1;56;2;-9;-1;-1;-1;2;0;0;0;0;2;0;2;0;2;0;0;0;0;0;0;4;5;5;-1;5;5;5;4;1;5;5;4;5;4;2;4;4;2;4;4;5;2;1;3;2;4;2;3;3;4;4;4;3;3;2;3;3;4;3;3;1;4;3;3;3;3;4;4;4;4;4;2;3;-1;-1;6;6;4;6;2;3;450.81961282
866;2024Q2;ES704A0;ES704;6;2;37;1;1;1;10;1;1;2;3;6;-1;-1;-1;36;1;3;-1;-1;-1;2;0;2;0;2;0;0;4;2;0;0;0;0;0;0;0;2;6;4;2;4;5;3;5;1;4;4;3;4;4;2;4;4;3;4;3;3;2;2;4;4;3;4;4;3;3;4;2;2;2;2;3;4;4;3;3;3;4;3;3;4;3;4;4;2;3;3;2;2;-1;-1;6;6;1;6;3;1;219.93314601
867;2024Q2;ES704A0;ES704;6;2;46;1;1;1;5;16;-1;-1;-1;1;1;1;9;-1;-1;-1;-1;-1;-1;1;0;0;0;0;1;0;1;0;0;0;0;1;0;0;0;1;2;3;6;5;5;5;2;1;5;5;5;5;5;1;1;5;1;5;3;3;3;1;4;5;4;1;5;3;4;4;3;2;2;2;3;4;1;-3;-3;-3;-3;-3;4;-3;2;1;1;1;1;-3;2;3;-1;-1;6;6;1;1;2;3;484.18149579
868;2024Q2;ES704A0;ES704;1;1;39;1;1;1;7;1;6;2;6;1;-1;-1;-1;-1;-1;-1;-1;-1;-1;2;0;1;0;2;0;0;3;2;0;0;0;0;0;0;0;2;6;4;5;4;5;3;2;1;4;4;4;5;4;4;5;4;5;4;4;1;4;3;3;1;1;1;2;3;4;4;5;5;3;3;4;4;3;4;3;3;4;3;2;2;4;2;2;2;2;2;2;1;4;4;1;6;1;6;4;1;573.759917
869;2024Q2;ES704A0;ES704;6;2;56;3;1;5;7;10;-1;-1;-1;6;-1;-1;-1;60;8;-1;1;1;8;3;0;1;0;1;2;0;4;1;0;0;1;1;0;0;0;3;5;3;5;3;3;1;1;1;5;5;5;5;5;5;5;5;5;5;5;5;4;4;4;4;5;5;5;5;5;5;4;5;4;4;4;5;5;4;5;5;4;4;4;4;4;4;4;3;4;3;1;3;-1;-1;6;6;5;6;4;1;130.82327157
870;2024Q2;ES704A0;ES704;6;2;31;3;1;5;7;1;6;2;9;6;-1;-1;-1;32;1;7;-1;-1;-1;3;0;1;0;3;0;0;4;3;0;0;0;0;0;0;0;5;7;4;4;4;5;3;4;1;4;4;3;4;4;3;4;4;3;4;4;4;3;3;4;3;3;4;4;4;4;4;3;3;3;3;3;3;3;3;3;2;2;2;2;3;3;3;3;1;3;3;2;3;-1;-1;6;6;5;6;5;1;866.41051796
871;2024Q2;ES704A0;ES704;6;2;45;1;1;1;7;2;6;2;4;1;-1;-1;-1;-1;-1;-1;-1;-1;-1;1;0;1;0;0;1;0;2;1;0;0;0;0;0;0;0;6;4;4;3;-9;-9;-9;-9;6;-9;-9;-9;-9;-9;-9;-9;-9;-9;-9;-9;-9;-9;-9;-9;-9;-9;-9;-9;-9;-9;-9;-9;-9;-9;-9;-9;-9;-7;-7;-7;-7;-7;-7;-7;-7;-7;-7;-7;-7;-7;-7;2;-9;-1;-1;6;6;2;6;3;1;124.45124897
872;2024Q2;ES704A0;ES704;6;2;63;1;1;1;3;10;-1;-1;-1;6;-1;-1;-1;66;5;-1;-1;1;8;2;0;0;0;0;1;1;2;0;0;1;0;1;0;0;0;4;3;3;-1;5;5;3;2;6;4;4;3;4;4;4;4;2;4;2;3;3;3;2;2;3;3;2;4;2;3;4;2;4;5;4;3;4;3;3;3;3;3;3;2;4;3;2;1;2;2;3;1;1;3;1;1;6;1;6;4;1;87.215514379
873;2024Q2;ES704A0;ES704;1;1;67;1;1;5;6;12;-1;-1;-1;1;-1;1;5;-1;-1;-1;-1;-1;-1;1;0;0;0;0;0;1;1;0;0;0;0;1;0;0;0;1;3;5;3;5;5;4;1;6;5;5;3;5;5;3;3;5;4;4;2;3;2;2;3;3;3;2;2;2;4;4;2;3;2;3;3;3;4;3;2;2;3;3;3;-3;2;2;2;2;2;2;2;3;-1;-1;6;6;5;6;5;1;162.22492621
874;2024Q2;ES704A0;ES704;6;2;54;3;1;5;6;1;6;2;9;1;-1;-1;-1;-1;-1;-1;-1;-1;-1;3;0;0;1;0;1;1;3;1;0;0;0;1;1;0;0;2;6;4;6;2;3;3;3;1;4;5;4;4;5;5;5;4;5;4;4;4;4;4;4;5;4;4;5;4;5;5;4;4;5;5;5;5;3;3;3;5;4;4;4;2;2;1;4;1;4;4;2;2;-1;-1;6;6;5;6;1;1;373.3537469
875;2024Q2;ES704A0;ES704;6;2;31;1;1;1;10;2;6;2;2;1;-1;-1;-1;-1;-1;-1;-1;-1;-1;2;1;0;0;2;0;0;3;1;0;0;1;0;0;0;0;2;4;3;1;5;5;3;1;6;4;4;4;2;4;3;5;5;4;4;1;3;4;1;4;4;2;4;4;4;4;4;2;4;4;2;4;2;3;4;4;4;3;3;3;2;5;3;3;1;3;3;2;1;1;2;6;6;1;6;3;3;577.60701197
876;2024Q2;ES704A0;ES704;6;2;35;1;1;1;10;1;1;2;2;6;-1;-1;-1;43;1;4;-1;-1;-1;2;1;2;0;2;0;0;5;2;0;0;0;0;0;0;0;2;6;3;3;5;5;5;3;6;1;1;5;1;1;5;5;1;5;1;5;1;5;3;1;1;1;1;1;1;1;3;5;5;5;4;2;2;1;3;2;1;2;3;4;3;2;3;3;2;2;2;3;1;3;1;6;6;4;6;5;1;219.93314601
877;2024Q2;ES705A2;ES705;6;2;44;1;1;1;5;1;6;1;9;1;-1;-1;-1;-1;-1;-1;-1;-1;-1;1;0;2;0;1;0;0;3;1;0;0;0;0;0;0;0;6;3;2;6;4;3;3;2;6;4;2;2;4;4;3;4;4;2;3;2;2;2;2;4;4;4;2;3;4;4;4;2;2;2;2;3;4;4;3;4;3;3;3;4;4;4;-7;-7;4;4;3;2;3;-1;-1;6;6;5;6;4;2;380.94499808
878;2024Q2;ES705A2;ES705;6;2;47;1;1;1;7;10;-1;-1;-1;6;-1;-1;-1;22;1;2;-1;-1;-1;2;0;2;1;0;1;0;4;1;0;1;0;0;0;0;0;6;4;2;2;4;4;2;2;6;2;2;2;4;2;5;5;2;2;2;2;2;4;4;2;1;2;1;2;3;4;4;2;4;4;5;4;2;2;2;3;3;3;4;3;2;3;2;2;2;3;3;2;2;-1;-1;-9;6;1;6;3;1;59.684549273
879;2024Q2;ES705A2;ES705;1;1;38;3;1;5;5;10;-1;-1;-1;6;-1;-1;-1;34;1;9;-1;-1;-1;2;1;0;0;2;0;0;3;1;0;1;0;0;0;0;0;2;4;3;6;4;4;2;4;1;3;4;3;4;4;4;4;4;5;3;4;3;3;4;3;4;3;3;3;3;4;4;4;3;3;3;3;2;1;3;1;3;3;4;3;3;3;2;3;1;2;1;1;2;-1;-1;1;6;5;6;4;1;347.50517464
880;2024Q2;ES705A2;ES705;6;2;54;1;1;1;5;10;-1;-1;-1;6;-1;-1;-1;54;1;8;-1;-1;-1;3;0;0;1;0;2;0;3;1;0;0;1;0;1;0;0;2;4;3;5;4;3;2;4;1;4;5;5;5;5;4;4;4;4;4;2;2;4;2;2;2;4;4;2;4;4;4;2;2;4;2;2;2;3;3;2;3;3;2;3;2;2;3;3;3;3;3;2;3;-1;-1;6;6;5;6;3;2;89.526823909
881;2024Q2;ES705A2;ES705;6;2;22;1;1;1;8;13;-1;-1;-1;6;-1;-1;-1;54;-9;-1;-1;-1;-1;2;0;0;1;0;1;0;2;0;0;0;0;0;1;0;1;6;2;2;-1;-9;-9;-9;-9;6;4;4;-9;-9;-9;3;3;4;3;3;-9;-9;3;3;3;-9;3;3;3;3;4;4;3;3;3;3;3;3;4;-3;4;4;4;4;4;-3;4;-3;-3;3;-3;-3;2;-9;-1;-1;-9;-9;5;6;3;3;1050.7298247
882;2024Q2;ES705A2;ES705;6;2;70;1;1;1;5;14;-1;-1;-1;1;1;1;6;-1;-1;-1;-1;-1;-1;1;0;0;0;0;0;1;1;0;0;0;0;0;0;1;0;1;2;3;5;4;4;4;1;6;3;4;3;4;4;2;4;3;4;4;3;4;4;2;3;3;3;2;2;3;4;4;3;4;3;3;4;2;3;2;3;3;3;2;2;-3;4;-3;-3;2;2;3;2;2;-1;-1;6;6;5;6;3;1;664.41165763
883;2024Q2;ES705A2;ES705;6;2;37;1;1;1;9;1;6;1;-9;1;-1;-1;-1;-1;-1;-1;-1;-1;-1;2;0;0;0;1;1;0;2;2;0;0;0;0;0;0;0;4;5;5;-1;3;2;1;1;6;1;1;2;4;1;5;5;2;5;2;5;2;2;4;3;2;3;2;4;3;4;4;5;5;5;5;1;2;4;2;4;1;2;1;1;3;3;1;1;1;3;1;1;1;5;2;6;6;4;6;4;1;761.88999615
884;2024Q2;ES705A2;ES705;1;1;41;1;1;1;5;10;-1;-1;-1;6;-1;-1;-1;71;5;-1;-1;1;9;3;0;0;0;1;0;2;3;0;0;1;0;2;0;0;0;8;3;2;6;4;4;3;3;6;4;4;4;4;4;4;2;4;4;4;2;4;2;2;4;4;4;4;4;4;4;4;2;2;2;2;2;4;4;4;4;4;4;5;4;5;4;4;4;3;3;4;3;2;-1;-1;6;6;1;6;-3;2;521.25776196
885;2024Q2;ES705A2;ES705;6;2;43;1;1;1;5;10;-1;-1;-1;6;-1;-1;-1;40;3;-1;-1;1;9;2;0;1;0;2;0;0;3;0;0;1;1;0;0;0;0;2;2;2;6;3;3;3;1;6;3;3;3;3;3;2;4;3;3;3;2;3;2;2;4;3;3;2;2;2;3;3;3;3;3;3;3;4;3;3;3;3;3;3;3;3;3;3;3;2;3;3;3;2;-1;-1;1;6;1;6;3;1;59.684549273
886;2024Q2;ES705A2;ES705;6;2;49;1;1;1;3;14;-1;-1;-1;6;-1;-1;-1;51;3;-1;-1;1;9;3;0;0;0;1;2;0;3;0;0;1;0;1;0;1;0;2;2;2;6;5;-9;4;-9;6;4;2;2;4;4;5;5;2;5;2;4;2;4;3;3;3;3;2;2;4;3;4;4;5;5;5;3;2;4;4;4;1;2;1;2;2;3;1;1;1;1;1;3;-9;-1;-1;1;1;1;6;3;1;1176.9726854
887;2024Q2;ES705A2;ES705;6;2;43;3;3;3;8;10;-1;-1;-1;6;-1;-1;-1;47;2;8;-1;-1;-1;3;0;1;1;1;1;0;4;1;1;0;1;0;0;0;0;2;4;2;-1;5;4;3;2;6;3;4;4;4;4;3;3;4;4;4;3;4;3;3;4;4;4;4;3;4;4;4;4;3;4;3;3;4;3;4;4;3;3;3;3;4;4;3;2;4;4;3;3;2;-1;-1;6;6;3;6;1;3;469.5222801
888;2024Q2;ES705A2;ES705;6;2;38;1;1;1;7;2;1;2;6;1;-1;-1;-1;-1;-1;-1;-1;-1;-1;2;0;0;0;1;0;1;2;1;0;0;0;1;0;0;0;6;4;4;5;4;5;4;1;6;4;5;5;5;4;4;5;5;4;4;4;3;3;4;4;4;4;5;5;4;5;5;3;3;4;4;4;3;3;4;3;4;3;4;4;4;4;4;4;3;4;4;2;3;-1;-1;6;6;1;6;2;2;761.88999615
889;2024Q2;ES705A2;ES705;6;2;28;1;1;1;5;10;-1;-1;-1;6;-1;-1;-1;36;1;9;-1;-1;-1;2;1;1;0;2;0;0;4;1;0;1;0;0;0;0;0;2;4;2;6;4;4;2;2;1;4;4;3;3;4;4;4;4;3;4;3;3;3;2;4;4;4;4;4;4;4;4;2;2;4;4;2;2;4;4;4;4;4;4;4;4;4;4;4;3;4;4;2;2;-1;-1;6;6;5;6;3;1;59.684549273
890;2024Q2;ES705A2;ES705;6;2;45;2;2;4;6;10;-1;-1;-1;1;-1;1;8;-1;-1;-1;-1;-1;-1;2;0;1;0;0;2;0;3;0;0;0;2;0;0;0;0;2;1;1;-1;4;3;3;2;6;5;5;3;-9;4;3;4;3;4;3;3;3;3;3;3;3;3;4;4;4;4;4;3;2;3;3;3;3;4;4;4;4;4;4;4;4;4;4;4;4;4;4;2;3;-1;-1;6;6;2;6;-3;3;59.684549273
891;2024Q2;ES705A2;ES705;6;2;40;1;1;1;9;10;-1;-1;-1;6;-1;-1;-1;50;1;2;-1;-1;-1;2;1;2;0;1;1;0;5;1;0;0;1;0;0;0;0;2;6;3;1;5;5;3;2;6;2;4;2;4;1;5;5;2;3;3;3;2;2;2;2;1;1;1;1;3;2;2;1;5;5;5;1;1;3;2;4;1;4;4;4;3;4;2;2;2;4;1;1;1;3;1;1;1;5;6;2;3;59.684549273
892;2024Q2;ES705A2;ES705;1;1;25;1;1;1;5;1;6;2;8;1;-1;-1;-1;-1;-1;-1;-1;-1;-1;3;0;0;0;1;2;0;3;2;0;1;0;0;0;0;0;2;5;4;-1;4;4;3;2;6;5;3;4;4;4;2;5;3;5;4;4;3;2;2;4;4;4;2;2;2;5;4;2;4;2;2;2;2;5;4;4;4;4;3;3;3;3;3;3;2;2;3;2;1;5;2;1;1;1;6;3;1;497.44406277
893;2024Q2;ES705A2;ES705;6;2;52;1;1;1;5;1;1;2;9;1;-1;-1;-1;-1;-1;-1;-1;-1;-1;4;0;0;2;0;2;0;4;3;0;0;0;0;1;0;0;2;6;4;6;4;4;1;1;6;4;4;4;5;4;3;5;5;2;3;4;2;4;4;3;4;3;2;2;4;4;4;3;4;3;4;4;3;4;4;3;3;3;3;3;3;4;4;4;3;3;3;2;3;-1;-1;6;6;1;6;3;3;379.74592803
894;2024Q2;ES705A2;ES705;1;1;60;1;1;1;8;12;-1;-1;-1;1;-1;1;9;-1;-1;-1;-1;-1;-1;3;0;0;0;0;3;0;3;2;0;0;0;1;0;0;0;8;6;4;6;5;5;3;2;6;4;4;4;4;4;4;5;4;4;4;2;4;5;2;4;4;4;2;2;4;4;4;5;5;5;5;2;2;5;4;4;4;4;4;2;2;4;4;4;2;2;2;2;1;3;2;1;6;1;6;3;1;1306.1723373
895;2024Q2;ES705A2;ES705;6;2;57;1;1;1;3;1;1;1;9;1;-1;-1;-1;-1;-1;-1;-1;-1;-1;2;0;0;0;0;2;0;2;1;0;0;0;1;0;0;0;4;3;3;6;3;3;2;1;6;3;4;3;4;4;4;3;3;2;4;2;4;2;2;4;2;4;3;3;2;3;4;2;2;3;3;3;2;4;4;4;4;4;4;4;4;4;4;4;4;4;4;2;1;1;-9;1;1;1;6;2;3;123.53432734
896;2024Q2;ES705A2;ES705;6;2;62;1;1;1;5;12;-1;-1;-1;1;-1;1;4;-1;-1;-1;-1;-1;-1;1;0;0;0;0;1;0;1;0;0;0;0;1;0;0;0;1;4;6;3;4;3;3;2;6;4;4;4;4;4;2;2;4;2;4;2;4;2;2;4;4;4;4;4;3;4;4;2;4;2;2;4;4;4;4;4;4;3;4;4;-3;4;-3;-3;4;4;-3;2;3;-1;-1;1;1;5;6;1;-9;359.15491013
897;2024Q2;ES705A2;ES705;1;1;64;1;1;1;7;15;-1;-1;-1;6;-1;-1;-1;55;8;-1;1;1;9;2;0;0;0;0;2;0;2;0;0;0;0;2;0;0;0;8;2;2;6;5;5;2;2;6;4;4;4;4;4;2;2;2;2;4;2;4;2;1;4;5;4;4;4;2;5;5;2;2;2;2;4;4;5;4;3;4;4;4;4;2;3;-3;-3;2;-3;3;2;3;-1;-1;6;6;5;6;1;1;870.78155818
898;2024Q2;ES705A2;ES705;1;1;30;1;1;1;9;10;-1;-1;-1;1;-1;1;2;-1;-1;-1;-1;-1;-1;1;0;0;0;1;0;0;1;0;0;0;1;0;0;0;0;1;1;1;1;5;5;2;2;6;5;1;4;5;5;3;5;3;5;3;5;5;5;3;3;5;4;5;3;5;4;5;3;1;3;3;4;3;2;4;3;5;2;1;3;4;1;2;2;3;3;3;2;3;-1;-1;6;6;3;6;-3;1;81.697666678
899;2024Q2;ES705A2;ES705;6;2;29;1;1;1;7;1;1;2;8;1;-1;-1;-1;-1;-1;-1;-1;-1;-1;2;0;0;0;2;0;0;2;2;0;0;0;0;0;0;0;4;4;4;5;3;5;4;4;6;2;2;5;2;2;4;4;4;5;5;5;2;4;4;3;2;2;4;4;2;4;4;3;4;4;4;4;2;1;2;3;2;3;3;2;3;3;1;1;1;3;1;3;1;2;4;1;6;5;6;4;1;455.95433183
900;2024Q2;ES705A2;ES705;1;1;74;1;1;1;6;12;-1;-1;-1;1;-1;1;7;-1;-1;-1;-1;-1;-1;4;0;0;0;2;0;2;4;0;0;0;2;2;0;0;0;2;1;1;5;3;2;2;2;6;4;4;4;4;4;4;4;4;4;4;4;4;4;3;4;4;4;4;4;4;4;4;4;4;4;4;4;4;4;4;4;4;4;4;4;4;4;4;4;2;4;4;2;3;-1;-1;6;1;5;6;-3;2;1286.6010333
901;2024Q2;ES705A2;ES705;6;2;62;1;1;1;9;2;6;2;2;1;-1;-1;-1;-1;-1;-1;-1;-1;-1;4;0;0;0;2;2;0;4;3;1;0;0;0;0;0;0;2;7;6;2;5;5;3;4;1;5;5;4;5;5;3;2;4;2;4;2;2;2;2;4;2;4;2;4;5;5;5;2;4;2;3;4;4;3;3;4;3;4;4;3;3;3;3;3;3;3;3;2;3;-1;-1;6;6;1;6;1;1;247.06865469
902;2024Q2;ES705A2;ES705;6;2;60;3;3;2;6;1;6;1;5;6;-1;-1;-1;80;5;-1;-1;2;6;2;0;0;0;0;1;1;2;1;0;0;0;1;0;0;0;9;4;4;5;4;4;4;2;6;4;5;2;4;4;3;5;5;5;4;4;2;4;5;4;4;4;4;4;4;4;4;2;4;2;4;4;4;4;4;4;4;4;4;4;4;4;4;4;4;4;4;2;3;-1;-1;6;6;2;6;1;1;1963.6454922
903;2024Q2;ES705A2;ES705;6;2;77;1;1;1;3;16;-1;-1;-1;1;6;-1;-1;-1;-1;-1;-1;-1;-1;1;0;0;0;0;0;1;1;0;0;0;0;1;0;0;0;1;2;4;-1;4;4;3;2;6;4;4;4;4;4;4;4;4;2;4;4;4;2;2;3;4;4;4;2;2;4;4;2;4;2;2;4;4;4;4;5;4;4;4;4;4;4;3;4;3;4;4;2;2;-1;-1;6;6;1;6;1;1;664.41165763
904;2024Q2;ES705A2;ES705;1;1;46;1;1;1;4;1;6;1;7;1;-1;-1;-1;-1;-1;-1;-1;-1;-1;2;0;0;1;1;1;0;3;1;1;0;0;0;1;0;0;2;4;3;5;4;4;4;4;6;4;4;4;5;5;4;4;4;4;4;3;4;2;4;2;4;4;4;4;4;4;4;4;2;2;4;4;4;4;4;4;4;4;4;4;4;4;4;4;3;4;4;2;1;5;4;6;1;1;6;3;3;530.18881372
905;2024Q2;ES705A2;ES705;1;1;21;1;1;1;8;1;6;2;7;6;-1;-1;-1;58;1;8;-1;-1;-1;4;0;0;2;0;2;0;4;3;0;0;0;0;1;0;0;2;6;3;-1;4;4;2;2;6;3;2;3;4;2;4;4;2;4;2;4;2;2;4;2;2;2;2;2;2;4;4;4;4;4;4;2;2;3;4;3;2;3;3;4;3;3;3;2;1;2;1;2;3;-1;-1;6;6;1;6;4;1;663.25875036
906;2024Q2;ES705A2;ES705;6;2;79;1;1;1;9;12;-1;-1;-1;1;-1;1;2;-1;-1;-1;-1;-1;-1;1;0;0;0;0;0;1;1;0;0;0;0;1;0;0;0;1;5;6;2;5;5;4;2;6;5;5;5;5;5;5;5;4;5;4;4;4;3;2;4;4;4;3;4;4;4;4;3;3;3;3;3;3;4;3;4;3;4;3;3;3;3;3;3;2;3;3;3;2;-1;-1;1;6;5;6;4;1;664.41165763
907;2024Q2;ES705A2;ES705;6;2;39;1;1;1;10;2;6;2;2;1;-1;-1;-1;-1;-1;-1;-1;-1;-1;1;0;1;0;1;0;0;2;1;0;0;0;0;0;0;0;6;5;5;1;5;5;3;2;6;2;2;1;4;2;5;5;2;5;1;5;2;4;4;2;2;2;1;2;2;4;4;5;5;5;5;2;1;2;1;4;1;2;1;4;1;2;1;1;2;2;2;1;1;5;4;1;6;5;6;4;1;380.94499808
908;2024Q2;ES705A2;ES705;1;1;61;1;1;1;9;10;-1;-1;-1;1;-1;1;1;-1;-1;-1;-1;-1;-1;1;0;0;0;0;1;0;1;0;0;0;1;0;0;0;0;1;1;2;-1;5;5;1;2;6;1;2;2;5;4;5;5;4;2;2;4;2;2;5;4;2;4;2;2;4;4;4;4;4;4;4;2;2;5;1;2;1;2;1;2;1;1;2;1;1;2;5;2;3;-1;-1;6;6;5;6;5;1;102.25125523
909;2024Q2;ES705A2;ES705;6;2;47;1;1;1;8;1;6;1;3;1;-1;-1;-1;-1;-1;-1;-1;-1;-1;1;0;1;0;0;1;0;2;1;0;0;0;0;0;0;0;6;2;2;3;3;3;3;2;1;3;4;3;4;3;3;3;3;3;4;4;4;3;3;3;4;3;3;3;2;4;5;3;3;4;3;2;3;3;3;2;3;3;2;3;3;3;3;3;3;3;3;2;1;5;4;6;6;1;6;3;1;94.936482009
910;2024Q2;ES705A2;ES705;6;2;50;2;1;5;7;1;6;2;5;1;-1;-1;-1;-1;-1;-1;-1;-1;-1;1;0;0;0;0;1;0;1;1;0;0;0;0;0;0;0;1;3;5;3;4;4;4;4;1;4;4;4;4;4;4;4;4;3;4;4;4;3;2;4;4;4;4;4;4;4;4;3;3;2;2;3;3;5;4;5;5;5;5;4;4;4;3;3;-3;4;4;2;2;-1;-1;6;6;3;6;-3;3;94.936482009
911;2024Q2;ES705A2;ES705;6;2;30;1;1;1;9;1;1;1;3;6;-1;-1;-1;38;1;5;-1;-1;-1;2;1;0;0;2;0;0;3;2;0;0;0;0;0;0;0;2;5;3;5;5;4;3;3;6;4;4;4;4;4;3;4;4;4;4;2;3;3;2;4;4;4;2;4;2;4;4;2;3;3;3;4;4;3;4;4;4;4;4;4;3;3;4;4;3;3;4;2;3;-1;-1;6;6;1;6;3;1;455.95433183
912;2024Q2;ES705A2;ES705;6;2;51;3;1;5;10;1;6;1;9;6;-1;-1;-1;56;1;6;-1;-1;-1;2;0;0;0;0;2;0;2;2;0;0;0;0;0;0;0;4;4;4;5;4;3;3;2;6;3;4;3;4;4;3;3;4;2;4;2;4;2;2;4;4;4;4;4;4;4;4;2;2;2;2;3;4;4;4;4;4;4;4;4;4;4;4;4;4;4;4;3;1;2;4;1;1;5;6;4;1;189.87296402
913;2024Q2;ES705A2;ES705;6;2;33;1;1;1;4;10;-1;-1;-1;6;-1;-1;-1;66;5;-1;-1;1;4;3;0;1;1;1;0;1;4;0;0;1;1;1;0;0;0;8;2;1;3;3;3;4;2;6;4;4;4;4;4;2;4;4;4;4;5;4;5;4;2;2;2;2;4;2;4;4;4;4;4;4;2;2;4;3;2;4;4;4;5;4;4;5;5;5;5;5;1;1;2;2;6;6;5;6;4;3;89.526823909
914;2024Q2;ES705A2;ES705;6;2;33;1;1;1;5;10;-1;-1;-1;6;-1;-1;-1;40;3;-1;-1;1;9;4;1;1;0;3;0;1;6;0;0;1;1;2;0;0;0;8;2;1;6;2;2;2;2;6;2;2;2;2;2;2;2;2;2;2;2;2;2;2;2;4;4;2;2;2;2;4;2;2;2;2;4;4;3;3;5;3;4;3;3;3;4;4;4;3;3;4;2;1;1;4;6;1;3;6;3;1;119.36909855
915;2024Q2;ES705A2;ES705;6;2;53;1;1;1;6;1;6;1;4;1;-1;-1;-1;-1;-1;-1;-1;-1;-1;3;0;0;2;0;2;0;4;2;0;0;0;0;2;0;0;2;6;3;3;4;4;3;2;1;3;4;3;4;4;4;4;4;4;2;4;2;4;3;4;4;4;3;4;4;4;4;4;4;3;3;4;3;3;3;3;2;4;3;3;3;4;3;3;2;3;2;1;1;5;2;1;6;5;6;4;1;284.80944603
916;2024Q2;ES705A2;ES705;6;2;49;1;1;5;8;7;-1;-1;2;1;-1;-1;-1;-1;-1;-1;-1;-1;-1;2;0;0;1;0;1;0;2;0;1;0;0;0;1;0;0;6;4;4;-1;5;5;3;2;6;2;3;4;4;2;4;4;4;4;2;4;3;2;2;4;3;2;2;3;3;4;2;4;5;4;4;2;2;3;3;5;5;4;4;4;1;5;4;4;3;2;1;3;1;3;1;1;6;5;6;4;1;189.87296402
917;2024Q2;ES705A2;ES705;1;1;66;1;1;1;3;12;-1;-1;-1;1;-1;1;9;-1;-1;-1;-1;-1;-1;1;0;0;0;0;0;1;1;0;0;0;0;1;0;0;0;1;2;4;6;1;1;1;1;6;1;1;1;1;1;5;5;1;5;1;5;1;5;5;1;1;1;1;1;1;1;1;5;5;5;5;1;1;1;-7;1;1;4;1;3;1;-7;1;1;1;1;1;1;1;1;3;6;6;1;6;4;1;321.65025833
918;2024Q2;ES705A2;ES705;1;1;42;1;1;1;6;1;6;1;5;1;-1;-1;-1;-1;-1;-1;-1;-1;-1;2;0;2;0;2;0;0;4;2;0;0;0;0;0;0;0;2;6;3;5;5;5;3;2;6;4;4;2;4;4;3;4;3;4;2;3;3;3;3;4;4;4;3;2;4;4;5;3;3;3;3;3;2;4;4;4;3;4;3;2;4;3;2;2;1;3;3;1;1;5;1;1;6;5;6;3;1;515.73921646
919;2024Q2;ES705A2;ES705;1;1;64;1;1;1;7;7;-1;-1;3;1;-1;-1;-1;-1;-1;-1;-1;-1;-1;3;0;0;1;0;2;0;3;0;2;0;0;0;1;0;0;2;-9;-9;4;-9;-9;-9;-9;-9;-9;-9;-9;-9;-9;-9;-9;-9;-9;-9;-9;-9;-9;-9;-9;-9;-9;-9;-9;-9;-9;-9;-9;-9;-9;-9;-9;-9;-7;-7;-7;-7;-7;-7;-7;-7;-7;-7;-7;-7;-7;-7;2;3;-1;-1;-9;6;2;6;-3;-9;559.10482843
920;2024Q2;ES705A2;ES705;6;2;38;2;1;5;7;1;6;2;9;1;-1;-1;-1;-1;-1;-1;-1;-1;-1;2;0;1;0;1;1;0;3;2;0;0;0;0;0;0;0;2;5;4;6;4;4;3;1;6;4;3;3;4;3;4;4;4;4;2;4;3;4;4;4;2;4;4;3;2;4;4;4;4;4;4;2;2;4;4;4;3;3;2;3;3;3;3;3;3;3;3;2;2;-1;-1;1;6;5;6;3;1;761.88999615
921;2024Q2;ES705A2;ES705;6;2;31;1;1;1;9;1;6;2;5;1;-1;-1;-1;-1;-1;-1;-1;-1;-1;2;1;1;0;2;0;0;4;1;1;0;0;0;0;0;0;2;3;2;5;4;4;3;2;6;4;4;2;3;4;4;5;4;3;3;4;3;3;4;4;4;4;4;4;4;4;4;4;3;4;4;3;3;3;3;3;3;3;3;3;3;3;3;3;3;3;3;2;3;-1;-1;6;6;1;6;3;1;455.95433183
922;2024Q2;ES705A2;ES705;6;2;46;1;1;1;7;10;-1;-1;-1;6;-1;-1;-1;70;5;-1;-1;1;6;3;0;0;0;1;1;1;3;0;0;0;2;1;0;0;0;6;2;2;5;3;3;2;3;1;4;4;3;4;4;3;4;4;4;2;4;4;2;4;4;3;4;4;4;3;4;4;4;2;2;2;4;4;3;3;3;3;4;3;4;3;3;3;3;3;3;4;2;1;5;2;1;1;5;6;1;3;89.526823909
923;2024Q2;ES705A2;ES705;6;2;56;1;1;1;5;10;-1;-1;-1;6;-1;-1;-1;59;3;-1;-1;1;6;4;0;0;0;2;2;0;4;2;0;1;1;0;0;0;0;2;5;3;5;4;4;3;2;6;5;4;4;5;4;-9;-9;4;-9;3;-9;-9;-9;-9;-9;4;3;4;4;-9;4;4;4;-9;3;3;-9;-9;4;4;3;-3;-3;4;-3;-3;-3;-3;-3;-3;-3;-3;3;3;-1;-1;6;6;5;6;3;-9;119.36909855
924;2024Q2;ES705A2;ES705;1;1;24;1;1;1;7;1;6;2;5;6;-1;-1;-1;54;1;7;-1;-1;-1;3;0;0;1;0;2;0;3;2;0;0;1;0;0;0;0;2;5;4;5;4;4;3;3;6;3;4;4;4;4;4;2;4;2;4;2;4;2;2;2;4;4;4;4;4;4;4;4;3;4;2;4;4;4;4;4;4;4;4;5;4;2;2;3;4;4;4;1;3;-1;-1;6;6;1;6;2;1;497.44406277
925;2024Q2;ES705A2;ES705;1;1;64;2;1;5;6;10;-1;-1;-1;1;-1;1;7;-1;-1;-1;-1;-1;-1;1;0;0;0;0;1;0;1;0;0;1;0;0;0;0;0;1;1;2;4;5;5;3;1;6;2;5;4;5;4;3;5;4;5;5;5;4;4;1;5;5;4;4;5;4;4;4;2;2;5;5;2;3;3;4;4;2;3;3;2;-3;4;2;2;2;-3;3;3;3;-1;-1;6;6;5;6;3;1;102.25125523
926;2024Q2;ES705A2;ES705;1;1;20;1;1;1;6;1;6;2;9;6;-1;-1;-1;54;1;6;-1;-1;-1;3;0;0;1;0;2;0;3;2;0;0;1;0;0;0;0;2;5;4;5;5;5;3;2;6;3;4;4;2;2;5;5;2;4;2;4;2;3;3;1;1;4;1;1;4;1;4;5;5;3;5;1;4;2;2;3;1;5;4;1;4;1;1;1;1;1;1;1;1;1;3;6;6;1;6;5;1;497.44406277
927;2024Q2;ES705A2;ES705;6;2;50;1;1;1;4;1;6;1;9;1;-1;-1;-1;-1;-1;-1;-1;-1;-1;3;0;0;0;2;1;0;3;3;0;0;0;0;0;0;0;6;3;2;6;4;3;3;2;6;3;3;3;3;4;3;4;3;4;4;2;4;3;2;3;3;4;3;3;2;4;4;4;2;3;3;3;3;4;4;4;4;4;4;4;3;4;4;4;4;3;3;3;2;-1;-1;6;6;1;6;-3;3;284.80944603
928;2024Q2;ES705A2;ES705;1;1;21;1;1;1;5;11;-1;-1;-1;6;-1;-1;-1;50;3;-1;-1;1;5;5;0;0;2;1;2;0;5;3;0;2;0;0;0;0;0;7;7;4;5;4;4;3;2;6;4;3;3;3;4;4;2;4;2;4;2;4;2;2;2;2;2;4;4;4;2;4;2;2;3;1;4;4;4;4;4;3;4;3;3;3;2;4;4;4;4;4;1;1;5;4;6;6;1;6;1;3;408.48833339
929;2024Q2;ES705A2;ES705;1;1;43;1;1;1;9;7;-1;-1;1;1;-1;-1;-1;-1;-1;-1;-1;-1;-1;3;0;0;1;2;0;0;3;1;1;0;0;0;1;0;0;5;6;5;1;5;5;4;4;1;4;3;2;4;2;4;2;3;2;-9;-9;-9;2;3;3;4;3;3;-9;4;3;4;2;4;3;4;2;2;1;3;3;1;-7;-7;2;2;1;1;1;5;3;1;2;3;-1;-1;6;6;5;6;3;3;773.6088247
930;2024Q2;ES705A2;ES705;6;2;48;1;1;1;7;1;6;1;5;1;-1;-1;-1;-1;-1;-1;-1;-1;-1;3;0;0;2;0;1;0;3;2;0;0;1;0;0;0;0;6;5;3;5;5;4;3;2;6;5;5;4;5;5;4;5;5;4;5;4;5;2;2;4;5;5;5;5;5;5;5;2;2;4;2;4;5;5;5;5;5;5;5;4;4;4;4;4;4;4;4;2;3;-1;-1;6;6;1;6;1;3;284.80944603
931;2024Q2;ES705A2;ES705;1;1;76;1;1;1;3;12;-1;-1;-1;1;-1;1;5;-1;-1;-1;-1;-1;-1;2;0;0;0;0;0;2;2;0;0;0;0;2;0;0;0;8;3;3;5;4;4;4;2;6;4;4;3;4;4;4;2;5;2;4;2;4;2;2;4;4;4;4;4;4;4;4;2;2;2;2;4;4;3;4;4;4;4;4;4;-3;4;-3;-3;3;3;3;2;3;-1;-1;6;6;1;6;2;3;643.30051666
932;2024Q2;ES705A2;ES705;6;2;66;1;1;1;3;7;-1;-1;6;1;-1;-1;-1;-1;-1;-1;-1;-1;-1;3;0;0;0;0;0;3;3;0;3;0;0;0;0;0;0;8;6;4;5;3;3;2;1;6;4;4;4;4;4;4;2;4;4;4;2;2;2;2;4;4;4;4;4;4;4;4;2;2;2;2;4;4;4;4;4;4;4;4;4;4;4;4;4;4;4;4;2;3;-1;-1;6;6;1;6;3;3;1101.0717335
933;2024Q2;ES705A2;ES705;6;2;37;1;1;1;8;1;6;1;5;6;-1;-1;-1;39;2;8;-1;-1;-1;2;0;2;0;2;0;0;4;1;1;0;0;0;0;0;0;2;5;3;5;5;5;4;4;1;5;5;5;5;5;3;5;4;4;5;5;5;2;2;3;4;4;5;5;5;5;5;2;3;3;3;3;3;3;3;3;3;4;4;4;4;3;-3;-3;2;4;3;2;3;-1;-1;6;6;1;6;1;1;761.88999615
934;2024Q2;ES705A2;ES705;6;2;58;1;1;1;5;2;6;2;9;1;-1;-1;-1;-1;-1;-1;-1;-1;-1;1;0;0;0;0;1;0;1;1;0;0;0;0;0;0;0;1;2;4;6;4;4;3;1;6;4;4;4;4;4;4;4;4;4;2;4;2;3;2;4;3;2;2;2;2;4;4;2;2;4;4;4;4;3;3;3;4;4;4;4;3;3;-3;-3;2;3;3;1;1;5;2;6;6;3;6;3;1;61.767163671
935;2024Q2;ES705A2;ES705;6;2;70;1;1;1;5;14;-1;-1;-1;6;-1;-1;-1;77;5;-1;-1;1;5;2;0;0;0;0;0;2;2;0;0;0;0;1;0;1;0;4;2;2;5;4;4;3;1;6;5;5;4;5;5;4;2;4;2;3;2;4;2;3;3;4;4;4;4;4;4;4;2;2;2;2;4;4;4;4;4;4;4;2;3;-3;3;3;3;-3;4;3;2;3;-1;-1;6;6;5;6;1;-9;1328.8233153
936;2024Q2;ES705A2;ES705;1;1;57;1;1;1;4;10;-1;-1;-1;1;-1;1;8;-1;-1;-1;-1;-1;-1;1;0;0;0;0;1;0;1;0;0;1;0;0;0;0;0;1;2;3;-1;3;3;1;2;6;4;3;4;4;4;4;4;4;4;4;5;4;5;5;5;5;5;5;5;5;5;5;5;5;5;5;5;5;3;3;1;4;3;1;3;3;4;1;3;4;4;3;3;1;5;4;1;1;1;6;4;1;102.25125523
937;2024Q2;ES705A2;ES705;6;2;50;1;1;1;8;2;6;2;6;6;-1;-1;-1;49;1;6;-1;-1;-1;2;0;0;0;0;2;0;2;2;0;0;0;0;0;0;0;4;5;5;5;5;5;5;1;6;3;4;4;5;5;2;4;5;2;2;3;2;5;2;3;4;5;5;2;5;5;5;2;2;2;2;4;4;4;4;4;4;5;4;3;-3;4;3;4;2;4;3;2;2;-1;-1;6;6;1;6;1;1;189.87296402
938;2024Q2;ES708A0;ES708;6;2;51;2;1;5;9;1;6;2;3;1;-1;-1;-1;-1;-1;-1;-1;-1;-1;2;0;3;0;0;2;0;5;1;1;0;0;0;0;0;0;2;5;2;2;5;5;5;5;1;4;4;2;4;3;4;5;2;4;2;5;2;4;3;4;2;3;2;4;2;4;4;5;5;4;4;3;3;5;4;4;3;5;4;4;4;3;3;2;3;3;2;3;2;-1;-1;-9;6;5;1;5;1;253.27160551
939;2024Q2;ES708A0;ES708;6;2;46;3;1;5;5;1;6;2;9;1;-1;-1;-1;-1;-1;-1;-1;-1;-1;3;0;1;0;1;2;0;4;3;0;0;0;0;0;0;0;2;7;4;6;4;3;4;3;6;5;5;1;3;5;3;5;3;5;4;5;5;4;3;5;4;4;4;3;4;5;5;3;5;3;5;4;4;4;4;3;5;5;4;2;4;4;3;3;2;2;4;2;2;-1;-1;1;6;5;6;5;1;379.90740827
940;2024Q2;ES708A0;ES708;1;1;67;2;1;5;6;12;-1;-1;-1;1;-1;1;5;-1;-1;-1;-1;-1;-1;1;0;0;0;0;0;1;1;0;0;0;0;1;0;0;0;1;2;3;5;5;5;5;1;6;4;2;4;4;1;2;5;2;5;3;5;1;5;3;3;2;4;3;3;4;3;3;5;5;5;5;1;1;3;3;2;2;2;4;4;3;2;1;1;1;3;2;2;1;3;4;1;6;5;6;5;1;770.59895782
941;2024Q2;ES708A0;ES708;6;2;58;3;1;5;7;1;6;2;9;6;-1;-1;-1;58;1;7;-1;-1;-1;2;0;0;0;0;2;0;2;2;0;0;0;0;0;0;0;4;6;5;4;5;4;4;2;1;1;4;1;3;1;4;5;2;5;3;4;2;5;5;1;2;2;2;2;2;3;5;5;5;5;5;2;5;3;3;3;3;3;4;4;4;4;3;3;1;2;3;2;1;1;4;6;6;5;6;4;1;60.593442985
942;2024Q2;ES708A0;ES708;6;2;54;3;1;5;3;1;6;2;9;1;-1;-1;-1;-1;-1;-1;-1;-1;-1;3;0;0;1;1;2;0;4;3;0;0;0;0;1;0;0;3;5;3;6;4;4;4;3;6;4;4;4;5;4;4;2;4;4;4;4;2;2;2;4;4;4;4;4;2;4;4;2;4;2;2;4;4;5;3;3;4;4;4;4;4;4;3;4;2;4;4;3;1;3;4;1;6;5;6;4;1;379.90740827
943;2024Q2;ES708A0;ES708;1;1;40;3;1;5;5;1;1;2;5;1;-1;-1;-1;-1;-1;-1;-1;-1;-1;2;1;0;0;2;0;0;3;1;0;0;0;0;0;0;1;2;4;3;5;3;4;5;4;6;4;4;4;4;4;4;2;2;5;5;4;4;2;4;4;4;4;4;4;4;4;4;2;2;2;2;4;4;4;4;4;4;4;4;4;4;5;5;4;4;5;4;1;1;2;4;1;1;5;6;4;2;565.019229
944;2024Q2;ES708A0;ES708;6;2;34;1;1;1;3;1;1;1;5;6;-1;-1;-1;63;1;6;-1;-1;-1;4;0;0;0;2;2;0;4;3;0;1;0;0;0;0;0;2;6;3;5;4;5;5;2;1;5;4;5;5;5;5;5;5;5;5;5;2;5;5;2;4;2;2;2;2;4;5;4;4;4;2;2;2;4;4;5;3;4;5;1;3;3;3;3;1;3;5;1;1;1;4;1;1;1;6;1;1;1382.5460228
945;2024Q2;ES708A0;ES708;6;2;42;3;3;5;5;1;6;2;5;6;-1;-1;-1;59;1;5;-1;-1;-1;2;0;0;0;1;1;0;2;2;0;0;0;0;0;0;0;4;3;3;5;4;4;4;4;1;2;3;5;3;3;5;5;1;5;1;5;1;5;5;3;3;2;2;2;3;3;3;4;5;5;5;1;2;3;3;3;3;3;3;3;3;3;3;3;1;1;1;1;1;5;4;1;1;5;6;5;1;2509.711712
946;2024Q2;ES708A0;ES708;1;1;50;3;1;5;5;1;1;1;6;1;-1;-1;-1;-1;-1;-1;-1;-1;-1;4;0;0;2;1;1;0;4;2;0;0;0;0;2;0;0;2;6;3;5;5;4;4;3;1;4;4;5;4;4;4;4;4;4;4;4;4;4;4;4;4;4;4;4;4;4;4;4;4;4;4;4;4;3;4;4;4;3;4;4;4;4;3;2;2;4;4;3;3;-1;-1;6;6;5;6;5;1;756.03099705
947;2024Q2;ES708A0;ES708;1;1;45;3;1;5;9;1;1;1;5;1;-1;-1;-1;-1;-1;-1;-1;-1;-1;2;0;2;0;1;1;0;4;2;0;0;0;0;0;0;0;2;5;3;5;5;5;5;5;1;5;5;4;5;5;2;5;5;5;4;5;4;4;5;4;4;5;4;5;5;5;5;4;5;5;5;4;5;5;3;5;4;5;3;5;3;5;5;5;1;3;3;3;1;5;1;1;6;5;6;5;1;378.01549853
948;2024Q2;ES709A3;ES709;6;2;46;2;1;5;8;2;6;2;3;6;-1;-1;-1;50;1;7;-1;-1;-1;2;0;0;0;0;2;0;2;2;0;0;0;0;0;0;0;4;4;4;5;4;4;2;1;6;4;4;4;3;5;3;4;5;5;4;4;2;2;4;4;4;2;4;4;3;3;1;4;4;4;4;4;4;4;4;4;4;3;3;4;4;3;4;4;4;3;3;2;2;-1;-1;1;6;5;6;4;1;692.47246907
949;2024Q2;ES709A3;ES709;6;2;29;3;1;5;7;1;6;2;5;1;-1;-1;-1;-1;-1;-1;-1;-1;-1;4;0;0;0;2;2;0;4;2;0;0;1;0;1;0;0;2;6;4;5;4;4;3;3;6;4;4;4;4;4;3;5;3;3;4;3;3;1;4;3;4;3;3;3;3;3;4;5;2;2;4;3;3;3;4;3;4;4;4;4;4;4;4;3;3;3;3;1;1;2;-9;6;6;5;6;4;1;1348.0564515
950;2024Q2;ES709A3;ES709;6;2;50;3;1;5;9;1;6;2;9;1;-1;-1;-1;-1;-1;-1;-1;-1;-1;2;0;0;1;0;1;0;2;2;0;0;0;0;0;0;0;6;5;5;6;4;4;4;2;1;3;3;3;4;4;2;1;2;3;1;1;2;4;1;2;2;2;1;1;2;2;2;1;1;1;4;2;2;3;3;4;1;1;4;3;3;4;2;2;2;2;2;1;1;5;4;1;1;5;6;4;1;692.47246907
951;2024Q2;ES709A3;ES709;1;1;77;3;1;5;6;12;-1;-1;-1;1;-1;1;8;-1;-1;-1;-1;-1;-1;2;0;0;0;0;0;2;2;0;0;0;0;1;0;1;0;4;3;3;5;3;1;4;2;6;5;5;5;5;5;2;2;4;4;5;4;4;4;2;2;5;4;4;4;4;5;4;4;4;4;4;4;1;3;5;4;3;3;4;3;4;4;4;4;3;4;4;3;1;5;2;1;1;5;6;3;1;3525.5406545
952;2024Q2;ES709A3;ES709;6;2;47;3;3;5;6;1;6;1;9;1;-1;-1;-1;-1;-1;-1;-1;-1;-1;1;0;1;0;0;1;0;2;1;0;0;0;0;0;0;0;6;2;2;6;5;5;3;4;6;4;4;4;5;5;4;5;4;2;4;4;4;1;4;4;4;5;4;5;4;4;4;4;3;3;3;3;3;4;4;3;3;3;3;4;4;4;2;3;3;4;4;2;3;-1;-1;6;6;4;6;2;3;765.58335709
953;2024Q2;ES709A3;ES709;6;2;39;1;1;1;8;1;1;1;5;6;-1;-1;-1;62;1;9;-1;-1;-1;2;0;2;0;1;1;0;4;2;0;0;0;0;0;0;0;8;4;2;6;5;4;5;5;1;5;4;3;5;4;2;2;4;2;4;2;2;2;2;4;3;3;4;4;4;4;5;2;2;3;3;4;4;2;3;3;2;2;1;1;3;3;1;1;1;2;3;1;3;-1;-1;6;6;1;6;4;1;927.2693813
954;2024Q2;ES709A3;ES709;6;2;43;1;1;1;7;10;-1;-1;-1;6;-1;-1;-1;48;1;6;-1;-1;-1;2;0;1;0;1;1;0;3;1;0;0;1;0;0;0;0;2;3;2;5;5;3;2;2;6;4;4;4;5;4;4;4;4;4;5;5;5;4;5;4;5;5;5;5;5;5;5;3;2;3;2;3;3;4;4;4;4;5;4;3;3;4;4;4;5;4;4;2;3;-1;-1;6;6;1;6;3;2;571.95003374
955;2024Q2;ES709A3;ES709;6;2;41;3;2;5;7;10;-1;-1;-1;6;-1;-1;-1;43;2;7;-1;-1;-1;2;0;1;0;2;0;0;3;0;1;0;1;0;0;0;0;2;3;2;5;4;4;4;4;6;2;2;4;4;2;4;5;4;4;1;4;4;5;4;4;2;4;2;2;5;4;4;5;5;5;5;2;1;2;4;3;2;3;5;3;3;3;-3;-3;1;3;4;2;3;-1;-1;6;6;5;6;4;1;1410.6442788
956;2024Q2;ES709A3;ES709;6;2;59;3;2;5;5;1;6;2;9;1;-1;-1;-1;-1;-1;-1;-1;-1;-1;2;0;0;0;1;1;0;2;2;0;0;0;0;0;0;0;8;4;4;6;5;5;5;4;1;2;1;1;1;2;5;5;3;5;1;5;2;3;5;2;4;2;1;2;4;2;4;5;5;5;5;1;1;-7;4;1;1;1;3;4;1;3;1;1;1;1;1;3;1;1;4;1;1;5;6;5;1;1473.2135729
957;2024Q2;ES709A3;ES709;6;2;30;1;1;1;5;1;1;1;5;6;-1;-1;-1;36;1;5;-1;-1;-1;2;0;0;0;2;0;0;2;2;0;0;0;0;0;0;0;4;6;5;5;4;4;4;2;1;2;4;4;4;4;4;5;2;5;4;5;3;4;2;2;4;3;2;2;2;3;2;5;4;4;4;2;1;3;-3;3;-3;4;5;3;4;3;3;3;2;2;3;2;2;-1;-1;6;6;1;6;5;1;674.02822576
958;2024Q2;ES709A3;ES709;1;1;32;3;1;5;8;7;-1;-1;5;1;-1;-1;-1;-1;-1;-1;-1;-1;-1;2;1;1;0;2;0;0;4;0;2;0;0;0;0;0;0;2;5;3;3;5;5;5;4;1;3;3;3;4;4;4;5;3;4;3;5;2;1;3;3;5;4;5;5;5;5;5;4;2;2;4;3;3;4;5;5;3;4;4;4;3;4;3;3;5;4;4;2;2;-1;-1;6;6;5;6;5;1;994.38984445
959;2024Q2;ES709A3;ES709;6;2;51;3;1;5;6;1;6;1;9;1;-1;-1;-1;-1;-1;-1;-1;-1;-1;2;0;0;0;0;2;0;2;1;0;0;0;1;0;0;0;4;4;4;6;5;5;5;3;6;4;4;2;4;4;2;4;4;2;4;2;4;2;2;4;4;4;4;4;4;4;4;2;2;2;2;4;4;3;4;4;4;4;4;5;4;4;4;4;3;4;4;2;3;-1;-1;1;6;5;6;-3;1;692.47246907
960;2024Q2;ES709A3;ES709;1;1;26;1;1;5;8;1;6;2;4;1;-1;-1;-1;-1;-1;-1;-1;-1;-1;3;0;0;0;1;2;0;3;2;0;0;0;1;0;0;0;2;5;4;3;5;5;5;3;1;1;2;1;4;4;4;5;2;5;2;4;2;1;4;1;2;4;2;2;2;4;4;5;5;5;5;2;2;3;4;2;4;4;4;2;1;4;4;1;1;3;3;1;1;3;4;1;6;5;6;5;1;1491.5847667
961;2024Q2;ES709A3;ES709;6;2;78;2;1;4;5;12;-1;-1;-1;1;-1;1;2;-1;-1;-1;-1;-1;-1;1;0;0;0;0;0;1;1;0;0;0;0;1;0;0;0;1;3;5;2;4;4;4;3;1;4;4;3;4;4;4;1;4;4;3;4;4;4;2;4;4;4;4;4;4;4;4;4;3;3;3;3;3;4;4;4;4;4;4;4;-7;3;4;4;3;3;4;2;2;-1;-1;1;6;4;6;-3;1;964.40542327
962;2024Q2;ES709A3;ES709;1;1;66;2;1;5;6;1;6;2;5;1;-1;-1;-1;-1;-1;-1;-1;-1;-1;1;0;0;0;0;0;1;1;1;0;0;0;0;0;0;0;1;3;5;5;5;4;5;4;1;5;4;4;4;4;2;4;2;4;4;4;4;4;2;4;4;4;2;4;4;4;4;4;2;4;4;2;2;3;3;4;3;3;3;2;2;2;2;2;2;2;2;2;1;5;1;1;6;5;6;2;1;268.81766583
963;2024Q2;ES709A3;ES709;1;1;53;3;2;5;6;1;1;2;8;1;-1;-1;-1;-1;-1;-1;-1;-1;-1;2;0;0;1;1;1;0;3;2;0;0;0;0;1;0;0;7;5;4;5;5;5;4;3;6;3;5;4;5;5;5;1;4;4;3;3;4;2;1;4;4;4;4;4;4;4;4;5;2;2;3;3;4;3;4;2;4;4;4;4;4;4;3;4;4;4;4;3;3;-1;-1;6;6;5;6;2;1;2901.1695285
964;2024Q2;ES709A3;ES709;1;1;18;3;1;5;6;2;6;2;5;6;-1;-1;-1;50;1;5;-1;-1;-1;2;0;0;2;0;2;0;4;2;0;1;0;0;1;0;0;2;6;3;5;5;4;3;3;1;5;2;4;5;4;5;5;2;5;2;5;4;5;5;1;3;2;1;2;4;4;5;5;5;5;5;2;1;4;4;4;2;4;1;2;-3;-3;4;4;-3;4;4;1;2;-1;-1;6;6;4;6;3;-9;994.38984445
965;2024Q2;ES709A3;ES709;1;1;58;2;1;5;8;1;1;2;3;1;-1;-1;-1;-1;-1;-1;-1;-1;-1;1;0;0;0;0;1;0;1;1;0;0;0;0;0;0;0;1;4;6;2;5;5;5;5;1;2;5;3;5;3;5;4;4;5;2;2;1;2;3;3;1;4;3;3;3;2;2;4;5;3;5;2;1;4;2;4;1;4;4;4;3;2;1;2;2;3;3;2;3;-1;-1;6;6;5;6;4;1;154.44959452
966;2024Q2;ES709A3;ES709;6;2;22;1;1;1;9;13;-1;-1;-1;6;-1;-1;-1;50;1;-9;-1;-1;-1;3;0;1;1;0;2;0;4;2;0;0;0;0;1;0;0;2;-9;-9;-1;4;4;4;4;6;2;2;3;3;1;4;4;3;4;1;4;3;3;4;3;2;3;1;1;2;3;4;5;5;3;4;2;1;3;2;3;2;3;2;2;2;3;3;2;2;3;2;1;1;1;4;-9;6;1;1;5;1;2562.086368
967;2024Q2;ES709A3;ES709;6;2;61;1;1;1;3;10;-1;-1;-1;1;-1;1;4;-1;-1;-1;-1;-1;-1;1;0;0;0;0;1;0;1;0;0;1;0;0;0;0;0;1;1;2;3;2;2;2;1;6;2;2;2;2;2;5;4;2;4;2;3;2;3;3;3;2;2;2;2;2;3;3;5;4;5;5;1;1;2;2;2;2;2;1;1;-3;3;1;1;2;2;3;3;1;1;4;6;6;5;6;4;1;139.59999013
968;2024Q2;ES709A3;ES709;1;1;26;1;1;1;8;1;6;2;3;6;-1;-1;-1;57;1;4;-1;-1;-1;3;0;0;0;1;1;1;3;2;0;0;0;1;0;0;0;2;3;2;3;4;5;5;2;6;4;3;2;4;4;4;4;3;4;3;2;3;3;4;4;3;3;3;3;2;5;5;4;4;4;4;4;3;4;4;4;3;4;3;3;3;3;3;3;3;3;3;1;2;-1;-1;6;6;5;6;4;1;1491.5847667
969;2024Q2;ES709A3;ES709;1;1;23;1;1;1;8;10;-1;-1;-1;1;-1;1;3;-1;-1;-1;-1;-1;-1;3;1;0;2;1;0;0;4;2;0;1;0;0;0;0;0;3;3;2;3;4;4;4;3;1;4;4;4;4;4;4;4;4;4;4;4;4;4;4;4;4;4;4;4;4;4;4;4;4;4;4;4;4;4;4;4;4;4;3;4;4;4;4;4;4;4;4;2;3;-1;-1;6;6;1;6;3;3;388.01676202
970;2024Q2;ES709A3;ES709;1;1;58;2;1;5;8;15;-1;-1;-1;1;1;1;3;-1;-1;-1;-1;-1;-1;1;0;0;0;0;1;0;1;0;0;0;0;1;0;0;0;1;3;5;2;5;5;5;1;6;4;4;4;4;4;4;4;4;4;4;4;4;2;2;4;2;4;4;4;4;4;4;4;4;4;4;2;4;4;1;4;2;4;4;4;4;4;3;5;2;4;1;3;2;-1;-1;1;1;5;6;4;3;1648.4022559
971;2024Q2;ES709A3;ES709;1;1;45;3;2;5;5;1;6;1;9;1;-1;-1;-1;-1;-1;-1;-1;-1;-1;2;0;2;0;0;2;0;4;1;0;1;0;0;0;0;0;2;4;2;6;5;5;5;4;1;2;2;4;4;4;4;4;4;4;2;4;4;4;4;4;4;4;4;4;4;4;4;4;4;4;4;2;2;3;3;4;2;3;3;3;3;3;3;3;2;2;2;3;1;1;3;6;6;5;6;5;1;2901.1695285
972;2024Q2;ES709A3;ES709;1;1;64;1;1;1;5;12;-1;-1;-1;1;-1;1;7;-1;-1;-1;-1;-1;-1;2;0;0;0;0;2;0;2;1;0;0;0;1;0;0;0;4;4;4;4;3;4;4;1;6;2;2;4;4;2;4;4;4;4;4;4;2;4;4;4;4;4;4;4;4;4;4;4;4;4;4;4;4;2;2;3;3;3;2;2;3;3;2;2;2;3;2;2;2;-1;-1;6;1;5;6;4;1;3296.8045119
973;2024Q2;ES709A3;ES709;6;2;39;3;1;5;10;1;6;2;2;1;-1;-1;-1;-1;-1;-1;-1;-1;-1;1;0;0;0;1;0;0;1;1;0;0;0;0;0;0;0;1;4;6;-1;3;3;3;2;6;4;1;1;2;3;5;5;2;5;1;5;2;5;4;2;2;4;1;1;1;4;4;5;5;5;5;1;1;4;5;1;1;1;1;1;3;3;3;3;1;1;1;1;1;3;3;1;1;5;6;5;1;463.63469065
974;2024Q2;ES709A3;ES709;6;2;47;2;1;5;9;1;6;2;4;1;-1;-1;-1;-1;-1;-1;-1;-1;-1;1;0;1;0;0;1;0;2;1;0;0;0;0;0;0;0;6;3;3;3;5;5;4;5;1;3;2;3;4;3;4;5;4;5;2;4;4;5;4;5;3;3;2;3;4;3;4;5;5;5;5;2;3;3;2;3;2;3;3;3;3;4;4;3;2;3;3;2;2;-1;-1;6;6;5;6;4;1;346.23623453
975;2024Q2;ES709A3;ES709;6;2;36;3;1;5;8;1;6;1;3;1;-1;-1;-1;-1;-1;-1;-1;-1;-1;3;0;0;0;2;1;0;3;2;0;1;0;0;0;0;0;6;6;4;3;5;5;5;3;6;2;3;4;2;2;3;5;4;5;2;5;2;4;4;4;4;2;4;4;4;4;4;5;5;5;5;1;2;1;1;3;1;3;1;3;3;3;3;1;1;3;1;1;1;3;2;1;6;4;6;4;1;1390.9040719
976;2024Q2;ES709A3;ES709;6;2;66;2;1;5;5;14;-1;-1;-1;1;6;-1;-1;-1;-1;-1;-1;-1;-1;1;0;0;0;0;0;1;1;0;0;0;0;0;0;1;0;1;2;4;-1;4;4;3;2;6;4;4;4;4;5;4;1;4;1;4;4;5;1;1;4;5;5;4;4;4;2;4;1;2;1;1;4;4;4;4;4;4;4;2;2;4;4;4;4;2;4;4;2;2;-1;-1;1;1;5;6;1;2;964.40542327
977;2024Q2;ES709A3;ES709;1;1;37;3;1;5;8;1;6;2;4;6;-1;-1;-1;60;1;8;-1;-1;-1;3;0;0;0;1;2;0;3;3;0;0;0;0;0;0;0;2;7;5;5;5;5;4;4;1;4;4;4;4;4;4;4;3;4;4;3;4;3;2;4;4;4;4;4;5;5;4;4;2;3;4;4;4;4;4;4;4;5;4;4;4;4;4;4;4;3;4;1;1;3;1;1;1;5;6;3;3;855.58360649
978;2024Q2;ES709A3;ES709;1;1;65;2;1;5;6;12;-1;-1;-1;1;-1;1;5;-1;-1;-1;-1;-1;-1;2;0;0;0;0;1;1;2;0;0;0;0;2;0;0;0;8;3;3;5;3;4;4;3;6;4;4;3;4;4;4;4;4;2;4;2;4;4;2;4;4;4;4;4;2;4;4;4;4;2;4;4;4;4;3;4;4;4;4;4;3;4;3;3;4;4;4;2;2;-1;-1;1;6;5;6;-3;3;3525.5406545
979;2024Q2;ES709A3;ES709;6;2;45;2;1;5;10;2;6;2;4;6;-1;-1;-1;44;1;2;-1;-1;-1;2;0;2;0;1;1;0;4;2;0;0;0;0;0;0;0;2;7;4;2;5;5;5;1;6;1;2;1;2;2;5;5;2;5;1;4;2;5;3;4;4;4;2;2;4;4;5;5;5;5;5;1;1;4;4;4;1;3;2;1;2;3;1;2;2;3;1;2;1;2;2;1;6;5;6;4;1;692.47246907
980;2024Q2;ES709A3;ES709;6;2;55;1;1;1;6;10;-1;-1;-1;6;-1;-1;-1;55;1;5;-1;-1;-1;2;0;0;0;0;2;0;2;1;0;0;1;0;0;0;0;4;3;3;5;5;5;5;5;1;4;4;4;4;4;4;4;3;5;3;4;4;4;2;4;4;3;4;3;3;4;4;2;2;2;4;3;3;3;3;-3;3;-3;3;3;3;4;-3;3;2;2;3;2;2;-1;-1;6;6;5;6;3;1;279.19998026
981;2024Q2;ES709A3;ES709;6;2;35;2;1;5;6;2;1;2;0;1;-1;-1;-1;-1;-1;-1;-1;-1;-1;3;0;0;0;2;0;1;3;2;0;1;0;0;0;0;0;6;6;5;-1;5;5;5;4;1;4;2;3;5;1;5;5;4;4;1;4;2;2;4;2;4;2;2;4;2;4;2;5;4;4;4;1;2;5;-3;3;1;3;5;2;-3;3;-3;-3;1;-3;1;1;-9;-1;-1;6;6;5;6;3;1;1390.9040719
982;2024Q2;ES709A3;ES709;1;1;57;2;1;5;5;15;-1;-1;-1;1;1;1;9;-1;-1;-1;-1;-1;-1;3;0;0;1;0;2;0;3;1;0;0;0;1;1;0;0;2;6;5;6;5;5;5;3;1;3;3;4;2;4;5;5;3;5;1;4;2;3;2;2;4;4;2;2;2;2;2;2;2;2;2;2;2;3;3;3;1;3;3;1;2;1;1;1;1;3;3;2;2;-1;-1;6;6;5;6;5;1;4945.2067678
983;2024Q2;ES709A3;ES709;1;1;43;2;1;5;5;1;6;2;7;1;-1;-1;-1;-1;-1;-1;-1;-1;-1;1;0;0;0;1;0;0;1;1;0;0;0;0;0;0;0;1;3;5;4;5;5;5;5;1;3;5;4;5;3;3;2;4;2;4;4;3;2;3;3;4;3;3;4;2;2;4;3;3;3;4;1;5;1;1;3;2;3;3;3;-3;1;1;1;-3;2;4;2;3;-1;-1;6;6;5;6;3;3;285.1945355
984;2024Q2;ES709A3;ES709;6;2;48;1;1;1;5;1;1;1;5;1;-1;-1;-1;-1;-1;-1;-1;-1;-1;4;0;0;1;1;2;0;4;2;0;0;1;1;0;0;0;2;6;3;6;5;5;5;4;1;2;1;1;2;2;5;5;2;5;1;5;2;5;5;1;1;1;1;1;5;5;5;5;5;5;5;1;1;5;5;4;2;2;4;2;1;2;1;2;1;1;2;3;1;1;4;1;6;1;6;4;1;1384.9449381
985;2024Q2;ES709A3;ES709;6;2;48;1;1;1;5;1;6;2;5;1;-1;-1;-1;-1;-1;-1;-1;-1;-1;2;0;2;0;0;2;0;4;2;0;0;0;0;0;0;0;2;4;2;5;5;4;5;4;1;5;4;4;4;2;4;5;1;1;1;4;2;2;1;4;4;4;4;1;4;4;5;2;2;4;3;1;2;3;3;4;2;2;3;1;2;2;2;1;2;3;1;3;3;-1;-1;6;6;5;6;5;1;692.47246907
986;2024Q2;ES709A3;ES709;6;2;36;2;1;5;10;1;1;2;4;1;-1;-1;-1;-1;-1;-1;-1;-1;-1;2;0;0;1;1;1;0;3;1;1;0;0;0;1;0;0;2;4;3;3;5;5;5;4;1;5;5;5;5;5;-9;3;5;2;5;1;4;2;2;4;3;4;5;5;5;5;5;1;1;1;1;1;5;1;1;4;3;4;3;4;1;1;2;2;3;3;3;1;2;-1;-1;6;6;5;-9;-3;-9;927.2693813
987;2024Q2;ES709A3;ES709;6;2;46;1;1;1;10;2;1;2;2;1;-1;-1;-1;-1;-1;-1;-1;-1;-1;2;1;0;0;0;2;0;3;2;0;0;0;0;0;0;0;2;7;6;1;5;5;5;2;6;4;2;2;4;4;4;5;3;5;2;5;4;5;4;4;3;4;2;3;4;4;4;5;5;5;5;5;2;4;4;5;1;4;2;4;2;4;2;2;1;2;1;1;1;3;4;1;6;1;1;5;1;692.47246907
988;2024Q2;ES709A3;ES709;1;1;42;1;1;1;5;2;6;2;6;1;-1;-1;-1;-1;-1;-1;-1;-1;-1;2;1;1;0;2;0;0;4;2;0;0;0;0;0;0;0;2;5;3;5;5;3;4;2;1;3;4;4;5;5;3;4;2;4;3;4;4;2;2;5;5;5;5;4;4;4;4;4;5;4;5;4;5;3;3;3;3;2;3;1;3;2;2;3;3;3;2;2;2;-1;-1;6;6;1;6;5;1;570.38907099
989;2024Q2;ES709A3;ES709;1;1;52;3;3;5;8;10;-1;-1;-1;1;-1;1;7;-1;-1;-1;-1;-1;-1;1;0;0;0;0;1;0;1;0;0;0;1;0;0;0;0;1;1;2;5;4;4;4;4;6;4;4;4;4;4;4;4;4;4;4;4;4;4;4;4;4;4;4;4;4;4;2;4;4;4;4;4;4;4;5;4;4;4;3;4;4;5;5;4;3;4;4;2;2;-1;-1;6;6;5;6;-3;3;1082.7287627
990;2024Q2;ES706A0;ES706;1;1;57;1;1;1;8;8;-1;-1;5;6;-1;-1;-1;53;2;5;-1;-1;-1;3;3;0;1;0;2;0;6;0;2;1;0;0;0;0;0;2;3;1;3;5;5;3;4;1;4;4;3;4;4;3;5;3;5;3;4;3;3;3;2;2;3;2;2;3;4;4;4;3;5;5;2;3;4;3;4;3;3;3;3;4;4;4;3;2;3;2;2;2;-1;-1;6;6;4;6;3;1;287.45211207
991;2024Q2;ES706A0;ES706;1;1;47;1;1;1;5;1;6;2;7;1;-1;-1;-1;-1;-1;-1;-1;-1;-1;2;0;0;0;0;2;0;2;1;0;0;0;1;0;0;0;8;4;4;5;4;3;2;2;6;3;4;3;4;4;2;4;4;4;2;2;1;2;1;2;4;2;4;4;2;4;4;2;2;4;4;4;4;3;3;3;3;3;3;3;3;3;3;3;3;3;3;2;1;5;2;1;1;1;6;2;1;256.15211784
992;2024Q2;ES706A0;ES706;6;2;37;1;1;1;5;1;6;2;9;6;-1;-1;-1;47;1;1;-1;-1;-1;2;0;1;0;1;1;0;3;2;0;0;0;0;0;0;0;2;5;4;1;4;4;3;1;6;4;4;4;4;4;3;5;3;5;2;4;2;3;2;4;3;2;2;2;3;4;4;4;2;4;4;3;2;3;3;3;4;3;3;1;3;4;2;3;2;3;3;2;2;-1;-1;6;6;1;6;4;1;95.681515791
993;2024Q2;ES706A0;ES706;1;1;28;1;1;1;7;1;1;1;3;1;-1;-1;-1;-1;-1;-1;-1;-1;-1;2;0;2;0;2;0;0;4;1;0;1;0;0;0;0;0;8;5;3;2;4;5;2;2;6;4;4;3;4;3;3;3;3;3;3;3;3;3;3;3;3;3;3;3;3;3;3;3;3;3;3;3;3;3;3;4;4;4;3;5;3;3;4;4;3;4;4;2;3;-1;-1;6;6;1;6;4;1;210.19615317
994;2024Q2;ES706A0;ES706;6;2;54;1;1;1;4;10;-1;-1;-1;1;-1;1;9;-1;-1;-1;-1;-1;-1;1;0;0;0;0;1;0;1;0;0;1;0;0;0;0;0;1;1;2;6;4;4;3;2;6;3;3;3;4;4;4;4;3;4;4;2;4;2;2;4;4;4;4;4;2;4;4;2;2;2;2;4;4;4;4;4;4;4;4;4;3;4;3;3;3;3;3;2;2;-1;-1;6;6;1;6;5;1;12.087662231
995;2024Q2;ES706A0;ES706;1;1;66;1;1;1;5;12;-1;-1;-1;1;-1;1;9;-1;-1;-1;-1;-1;-1;2;0;0;0;0;0;2;2;0;0;0;0;2;0;0;0;4;2;2;6;4;4;3;1;1;5;5;-9;4;3;4;5;4;5;4;5;2;5;5;3;4;-9;1;1;1;5;5;5;5;5;5;-9;1;-7;-7;3;4;4;4;4;-7;4;1;-7;5;-7;-7;3;1;5;4;1;6;1;1;5;1;248.26583085
996;2024Q2;ES706A0;ES706;1;1;43;1;1;1;8;10;-1;-1;-1;6;-1;-1;-1;80;7;-1;6;-1;-1;3;0;0;0;1;1;1;3;1;0;1;0;0;0;1;0;8;5;3;-1;5;3;3;2;1;4;1;5;4;4;4;5;4;4;2;5;2;5;5;5;3;4;2;2;4;4;4;2;5;5;5;2;4;3;5;4;4;4;5;5;4;4;4;4;1;4;2;2;1;5;4;6;6;5;6;5;1;64.865025381
997;2024Q2;ES706A0;ES706;1;1;55;1;1;1;7;2;1;2;3;1;-1;-1;-1;-1;-1;-1;-1;-1;-1;2;0;0;0;0;2;0;2;2;0;0;0;0;0;0;0;4;5;5;4;5;4;2;4;6;4;4;4;4;4;4;2;4;2;4;2;4;4;2;4;4;4;4;4;4;4;4;2;2;4;4;4;4;4;4;4;4;4;4;3;4;4;4;4;3;4;3;2;2;-1;-1;6;6;1;6;3;1;191.63474138
998;2024Q2;ES706A0;ES706;6;2;20;1;1;1;8;11;-1;-1;-1;6;-1;-1;-1;47;1;5;-1;-1;-1;3;0;3;1;0;2;0;6;2;0;0;1;0;0;0;0;2;6;2;5;4;4;5;2;6;3;3;3;3;2;2;4;2;4;4;3;4;4;4;3;3;2;4;3;4;4;4;3;2;3;3;4;4;3;3;3;3;3;2;2;3;4;3;3;2;3;3;1;2;-1;-1;1;6;1;6;1;1;228.25451963
999;2024Q2;ES706A0;ES706;1;1;65;1;1;1;6;10;-1;-1;-1;6;-1;-1;-1;80;5;-1;-1;1;8;2;0;0;0;0;0;2;2;0;0;1;0;1;0;0;0;6;3;3;5;5;4;2;2;6;4;4;4;4;4;2;4;4;2;2;2;4;2;4;4;4;4;4;4;4;4;4;2;2;4;2;4;4;5;4;4;4;4;5;4;-3;-3;-3;4;4;-3;-3;2;2;-1;-1;6;6;5;6;2;1;24.175324461
1000;2024Q2;ES706A0;ES706;6;2;77;1;1;1;4;12;-1;-1;-1;1;-1;1;9;-1;-1;-1;-1;-1;-1;1;0;0;0;0;0;1;1;0;0;0;0;1;0;0;0;1;2;3;6;3;4;4;2;6;4;4;4;4;4;4;4;4;2;2;5;4;4;2;4;4;4;2;4;4;4;4;2;2;4;4;4;4;3;2;3;4;4;3;3;1;4;3;2;-3;3;4;2;1;4;1;1;6;1;1;1;1;167.43421858
1001;2024Q2;ES706A0;ES706;6;2;45;1;1;1;5;1;6;2;9;1;-1;-1;-1;-1;-1;-1;-1;-1;-1;4;0;0;0;1;1;2;4;3;0;0;0;1;0;0;0;2;7;4;6;4;4;4;4;1;3;3;-9;3;3;2;4;3;3;3;2;3;2;3;4;3;4;2;2;3;3;4;4;2;3;3;3;3;3;3;4;3;3;3;3;-3;4;3;3;3;3;3;2;2;-1;-1;1;1;5;6;4;-9;137.09648258
1002;2024Q2;ES706A0;ES706;1;1;73;1;1;5;3;12;-1;-1;-1;1;-1;2;9;-1;-1;-1;-1;-1;-1;2;0;0;1;0;0;1;2;0;0;0;0;1;1;0;0;6;2;2;6;3;3;2;2;6;4;4;4;2;4;4;4;2;4;2;4;4;4;2;4;4;4;2;2;4;4;2;4;4;4;4;4;4;3;3;4;2;4;4;2;4;4;4;4;4;4;3;2;1;3;1;1;1;5;6;2;1;248.26583085
1003;2024Q2;ES706A0;ES706;6;2;72;1;1;1;3;12;-1;-1;-1;1;-1;1;9;-1;-1;-1;-1;-1;-1;2;0;0;0;1;0;1;2;1;0;0;0;1;0;0;0;6;6;5;6;5;4;2;3;1;5;5;4;5;5;2;3;4;1;4;2;4;1;1;4;5;5;5;5;4;5;5;1;2;3;1;4;4;5;5;5;5;5;5;4;-3;3;5;5;4;4;3;2;1;5;1;1;6;1;1;4;-9;334.86843716
1004;2024Q2;ES706A0;ES706;6;2;42;1;1;1;7;2;6;2;5;6;-1;-1;-1;39;2;7;-1;-1;-1;2;0;2;0;2;0;0;4;1;1;0;0;0;0;0;0;2;3;2;4;4;5;4;3;6;4;4;3;4;4;4;4;3;4;2;2;3;2;2;3;4;4;4;4;2;4;4;2;2;3;3;4;4;4;3;4;4;3;4;3;-3;4;3;3;-3;3;3;2;2;-1;-1;6;6;1;6;4;-9;95.681515791
1005;2024Q2;ES706A0;ES706;1;1;66;1;1;1;3;12;-1;-1;-1;1;-1;1;7;-1;-1;-1;-1;-1;-1;1;0;0;0;0;0;1;1;0;0;0;0;1;0;0;0;1;3;5;5;3;3;3;3;6;4;5;5;5;5;5;5;5;5;5;5;5;5;5;5;5;5;5;5;5;5;5;5;5;5;5;5;5;3;-3;3;3;3;3;3;3;3;3;3;3;3;3;3;3;-1;-1;6;6;1;6;3;3;124.13291543
1006;2024Q2;ES706A0;ES706;1;1;80;1;1;1;5;12;-1;-1;-1;1;-1;1;6;-1;-1;-1;-1;-1;-1;2;0;0;0;0;0;2;2;0;0;0;0;2;0;0;0;4;3;3;5;3;1;3;3;6;4;5;4;4;4;4;4;4;-9;4;-9;4;4;2;4;4;3;4;4;4;4;4;4;4;-9;4;4;4;3;3;3;3;3;4;4;3;3;4;4;4;4;3;3;1;5;2;1;6;1;6;2;3;248.26583085
1007;2024Q2;ES706A0;ES706;1;1;69;1;1;1;4;12;-1;-1;-1;1;-1;1;6;-1;-1;-1;-1;-1;-1;4;0;0;1;1;1;1;4;2;0;0;0;1;1;0;0;2;5;3;5;4;3;2;3;6;4;4;4;4;4;2;4;4;4;4;4;4;4;4;4;4;4;4;4;4;4;4;2;2;2;2;4;5;4;4;4;4;4;4;4;4;4;4;4;3;4;4;2;1;3;3;6;6;5;6;3;1;496.5316617
1008;2024Q2;ES706A0;ES706;1;1;32;1;1;1;8;1;1;1;8;6;-1;-1;-1;67;5;-1;-1;1;8;3;0;0;0;1;1;1;3;1;0;0;0;2;0;0;0;8;7;5;5;5;5;4;3;6;3;3;2;2;3;4;5;2;5;1;5;2;3;3;2;1;2;2;2;3;4;4;5;5;5;4;3;1;3;3;2;1;3;2;3;-7;3;-7;-7;1;2;1;2;1;5;4;1;6;1;6;4;1;315.29422975
1009;2024Q2;ES706A0;ES706;6;2;58;3;1;5;5;1;6;1;5;6;-1;-1;-1;61;1;9;-1;-1;-1;3;0;0;1;0;2;0;3;2;0;0;0;0;1;0;0;2;5;4;6;5;4;2;2;6;3;3;3;4;4;4;4;3;4;3;3;3;3;3;3;4;3;3;4;3;3;4;4;3;3;3;3;3;4;4;4;4;3;3;3;3;3;3;3;2;3;3;3;2;-1;-1;6;6;5;6;5;1;90.124831319
1010;2024Q2;ES709A3;ES709;6;2;55;3;1;5;6;2;6;1;5;6;-1;-1;-1;59;1;7;-1;-1;-1;3;0;0;1;0;2;0;3;2;0;0;0;0;1;0;0;2;4;3;5;4;4;4;3;6;4;4;4;4;4;2;4;2;4;4;4;2;4;2;4;4;4;2;2;2;4;4;4;4;4;2;4;2;4;4;4;4;4;4;4;4;4;4;4;4;4;4;2;3;-1;-1;6;6;5;6;4;3;902.0421965
1011;2024Q2;ES709A3;ES709;1;1;25;1;1;1;8;1;6;1;3;6;-1;-1;-1;51;1;3;-1;-1;-1;4;0;0;0;2;2;0;4;3;0;1;0;0;0;0;0;2;7;5;3;3;4;2;3;1;4;2;2;4;3;4;5;4;4;2;4;4;3;4;4;3;2;2;3;4;3;4;5;4;4;3;3;4;4;3;4;3;3;2;3;3;4;2;3;2;3;2;2;2;-1;-1;1;6;5;6;2;1;1884.8526964
1012;2024Q2;ES709A3;ES709;6;2;46;1;1;1;5;2;6;2;9;1;-1;-1;-1;-1;-1;-1;-1;-1;-1;2;0;0;0;1;1;0;2;1;0;1;0;0;0;0;0;6;3;3;6;3;3;3;3;6;5;5;5;5;5;5;5;5;5;5;5;5;5;5;5;5;5;5;5;5;5;5;3;3;3;3;3;3;4;5;5;4;5;4;5;4;4;4;4;5;4;4;2;2;-1;-1;6;6;1;6;3;1;656.28616775
1013;2024Q2;ES709A3;ES709;6;2;39;1;1;5;10;2;1;1;5;1;-1;-1;-1;-1;-1;-1;-1;-1;-1;1;0;0;0;1;0;0;1;1;0;0;0;0;0;0;0;1;3;5;5;5;5;1;1;6;2;2;1;2;1;5;4;1;4;1;1;2;5;2;3;1;1;1;1;2;4;4;5;5;5;5;1;1;5;5;1;1;1;1;2;2;3;1;1;2;1;2;1;1;3;2;1;6;3;6;3;1;439.40668828
1014;2024Q2;ES709A3;ES709;1;1;46;1;1;1;8;2;1;1;7;1;-1;-1;-1;-1;-1;-1;-1;-1;-1;2;1;1;0;0;2;0;4;2;0;0;0;0;0;0;0;8;3;2;4;3;4;2;2;6;5;2;2;3;3;5;5;-9;4;1;5;3;3;4;1;1;3;4;3;3;4;3;5;5;5;5;1;1;3;3;4;4;4;3;3;3;3;3;4;3;2;3;1;1;3;3;6;6;5;6;2;-9;333.06849404
1015;2024Q2;ES709A3;ES709;6;2;41;3;1;5;10;1;6;1;5;1;-1;-1;-1;-1;-1;-1;-1;-1;-1;1;0;1;0;1;0;0;2;1;0;0;0;0;0;0;0;6;3;3;5;4;4;2;2;6;4;4;3;4;4;4;4;4;4;3;4;4;4;2;4;4;4;4;4;4;4;4;2;4;4;4;2;2;4;4;4;3;3;3;3;4;4;3;3;2;3;3;3;2;-1;-1;6;6;5;6;4;1;439.40668828
1016;2024Q2;ES709A3;ES709;1;1;34;1;1;1;6;5;-1;-1;1;1;-1;-1;-1;-1;-1;-1;-1;-1;-1;2;0;0;0;2;0;0;2;1;1;0;0;0;0;0;0;4;7;6;2;5;5;2;2;1;4;2;2;4;4;4;4;3;4;2;3;2;3;4;3;3;3;3;3;3;3;3;3;3;3;3;3;3;-7;-7;-7;-7;-7;-7;-7;-7;-7;-7;-7;-7;-7;-7;1;1;1;4;1;6;3;6;4;1;942.42634821
1017;2024Q2;ES709A3;ES709;1;1;62;1;1;1;6;10;-1;-1;-1;1;-1;1;7;-1;-1;-1;-1;-1;-1;1;0;1;0;0;1;0;2;0;0;1;0;0;0;0;0;6;1;1;4;3;3;2;2;6;3;5;4;5;4;1;1;1;1;4;1;1;1;1;4;1;1;2;2;4;1;1;2;4;1;4;4;4;3;3;3;3;3;3;3;3;3;3;3;3;3;3;3;1;1;4;6;6;1;6;1;3;108.88342978
1018;2024Q2;ES709A3;ES709;6;2;46;1;1;1;10;2;6;2;5;1;-1;-1;-1;-1;-1;-1;-1;-1;-1;2;0;1;0;0;2;0;3;2;0;0;0;0;0;0;0;2;7;5;3;4;5;3;3;6;3;5;5;5;5;3;5;3;5;4;4;3;4;4;3;4;3;3;3;4;3;3;4;3;3;4;3;3;4;4;4;3;3;3;4;3;3;-3;-3;3;-3;3;2;2;-1;-1;6;6;1;6;3;1;656.28616775
1019;2024Q2;ES709A3;ES709;6;2;80;1;1;1;3;7;-1;-1;7;1;-1;-1;-1;-1;-1;-1;-1;-1;-1;1;0;0;0;0;0;1;1;0;1;0;0;0;0;0;0;1;2;4;4;3;3;3;3;6;4;4;4;4;4;4;2;4;4;4;2;4;2;4;2;4;4;2;2;4;4;4;4;4;4;4;4;4;4;3;4;4;3;4;3;3;4;4;3;3;4;4;1;3;-1;-1;6;1;5;6;3;3;424.01159878
1020;2024Q2;ES709A3;ES709;6;2;35;3;3;4;9;10;-1;-1;-1;1;-1;1;2;-1;-1;-1;-1;-1;-1;1;0;0;1;1;0;0;2;0;0;0;1;0;1;0;0;6;1;1;2;4;4;2;2;6;2;4;5;5;4;4;1;4;5;4;5;5;5;5;5;4;4;4;4;4;4;4;5;5;5;5;5;5;3;3;3;3;4;4;3;3;3;3;3;2;3;3;1;1;2;4;6;6;3;6;3;1;668.46435719
1021;2024Q2;ES709A3;ES709;1;1;61;1;1;1;5;10;-1;-1;-1;1;-1;1;7;-1;-1;-1;-1;-1;-1;1;0;0;0;0;1;0;1;0;0;0;1;0;0;0;0;1;1;1;5;3;3;1;2;6;4;2;2;4;2;4;4;2;4;4;4;2;4;4;4;2;2;2;2;2;4;4;4;4;4;4;2;2;2;5;2;2;2;2;2;2;2;3;2;2;2;2;3;2;-1;-1;6;6;5;6;3;1;108.88342978
1022;2024Q2;ES709A3;ES709;6;2;33;1;1;1;7;1;6;2;5;1;-1;-1;-1;-1;-1;-1;-1;-1;-1;2;0;2;0;2;0;0;4;2;0;0;0;0;0;0;0;2;4;2;5;3;4;2;2;6;5;5;5;4;4;2;4;3;5;1;5;3;5;5;1;3;4;4;5;5;5;5;3;3;4;4;2;2;4;4;4;3;5;3;2;3;5;3;3;4;5;5;3;2;-1;-1;1;6;1;6;4;1;638.80575907
1023;2024Q2;ES709A3;ES709;1;1;51;3;2;5;6;1;1;2;4;1;-1;-1;-1;-1;-1;-1;-1;-1;-1;3;0;0;1;0;2;0;3;2;0;0;0;0;1;0;0;2;7;5;3;4;4;2;1;6;2;1;2;2;2;4;4;4;4;1;4;2;4;2;2;1;2;2;1;2;4;4;5;4;5;4;2;2;1;2;2;1;2;1;1;3;3;1;2;1;2;1;1;1;3;4;1;6;5;6;5;1;4124.3461298
1024;2024Q2;ES709A3;ES709;6;2;56;3;2;5;10;2;6;2;3;6;-1;-1;-1;57;2;3;-1;-1;-1;2;0;1;0;0;2;0;3;1;1;0;0;0;0;0;0;2;4;3;2;5;5;5;1;6;2;2;5;3;2;5;5;3;5;1;5;2;5;5;3;2;1;1;1;3;3;3;5;5;5;5;1;1;2;2;1;1;1;1;1;1;2;1;1;1;1;1;1;1;5;2;1;6;5;6;4;1;1473.2135729
1025;2024Q2;ES709A3;ES709;6;2;44;1;1;1;10;1;6;1;3;6;-1;-1;-1;44;1;8;-1;-1;-1;2;0;2;0;2;0;0;4;2;0;0;0;0;0;0;0;2;5;3;5;4;4;4;3;1;3;4;4;4;4;4;5;4;4;4;3;4;2;3;3;4;4;3;4;3;4;4;3;3;4;4;2;2;3;4;4;3;4;4;3;3;3;3;3;3;4;3;2;2;-1;-1;6;1;1;6;4;1;927.2693813
1026;2024Q2;ES709A3;ES709;1;1;34;1;1;1;5;1;6;1;9;1;-1;-1;-1;-1;-1;-1;-1;-1;-1;3;0;1;0;2;1;0;4;1;0;1;1;0;0;0;0;3;4;2;6;3;3;3;3;1;5;5;5;5;4;4;4;2;2;5;2;4;1;2;5;4;4;4;4;4;4;4;4;1;4;1;4;4;5;5;5;5;5;5;5;5;5;5;5;5;5;5;3;3;-1;-1;6;6;4;6;4;3;1491.5847667
1027;2024Q2;ES709A3;ES709;6;2;26;1;1;1;6;13;-1;-1;-1;6;-1;-1;-1;65;1;2;-1;-1;-1;3;0;0;0;1;1;1;3;1;0;0;1;0;1;0;0;2;5;4;1;4;3;4;1;6;1;1;1;2;1;5;5;4;5;2;3;1;3;4;2;2;2;1;1;1;1;1;4;5;5;5;3;2;5;5;2;2;2;2;3;1;3;2;2;2;2;2;1;1;5;3;1;6;1;6;4;1;2562.086368
1028;2024Q2;ES709A3;ES709;6;2;29;1;1;1;9;1;6;1;4;6;-1;-1;-1;32;1;5;-1;-1;-1;5;0;0;0;3;2;0;5;3;1;0;0;0;0;1;0;5;7;4;5;5;5;5;5;1;5;5;5;5;5;1;1;-9;1;5;1;5;1;1;5;5;5;5;5;5;5;5;1;1;1;1;5;5;5;5;5;5;5;5;5;5;5;5;5;5;5;5;2;2;-1;-1;1;6;1;6;-3;1;1685.0705644
1029;2024Q2;ES709A3;ES709;1;1;65;1;1;1;2;12;-1;-1;-1;1;-1;1;6;-1;-1;-1;-1;-1;-1;2;0;0;0;0;1;1;2;0;0;0;0;2;0;0;0;4;5;5;5;1;3;3;2;6;2;4;4;4;4;4;2;1;4;4;4;4;1;4;4;4;4;4;4;4;4;4;4;4;4;4;4;4;3;3;3;3;3;3;2;3;3;3;3;3;3;3;2;1;5;2;1;1;5;6;2;3;3525.5406545
1030;2024Q2;ES709A3;ES709;1;1;48;1;1;1;8;10;-1;-1;-1;6;-1;-1;-1;80;5;-1;-1;1;9;3;0;0;0;0;2;1;3;1;0;0;1;1;0;0;0;6;4;3;6;3;3;2;3;6;3;4;3;4;4;3;3;2;3;2;4;2;4;4;2;3;3;2;2;2;4;4;4;3;3;3;2;2;3;2;3;3;3;3;3;3;4;3;2;1;3;2;2;1;5;3;1;1;1;6;-3;1;344.66113031
1031;2024Q2;ES709A3;ES709;6;2;51;1;1;1;8;15;-1;-1;-1;1;1;1;9;-1;-1;-1;-1;-1;-1;2;0;0;2;0;1;0;3;0;0;0;0;1;2;0;0;6;4;3;6;5;5;5;3;6;3;3;3;3;3;3;5;4;5;3;4;3;5;3;4;4;3;3;3;5;5;4;3;3;3;4;3;3;3;3;3;2;2;2;2;3;2;2;3;2;3;3;2;1;1;4;6;6;5;6;-3;2;1726.5018219
1032;2024Q2;ES709A3;ES709;6;2;28;1;1;1;5;1;6;2;5;6;-1;-1;-1;28;1;8;-1;-1;-1;2;0;0;0;2;0;0;2;2;0;0;0;0;0;0;0;9;4;4;5;5;5;5;5;1;5;5;5;4;-9;5;5;2;5;4;5;2;5;5;2;5;5;1;2;4;3;3;5;-9;5;5;1;1;2;2;2;2;2;2;2;3;1;1;1;1;1;1;1;1;1;4;1;1;5;6;1;1;674.02822576
1033;2024Q2;ES709A3;ES709;6;2;42;3;2;3;10;1;6;2;2;6;-1;-1;-1;44;1;2;-1;-1;-1;2;0;0;0;2;0;0;2;2;0;0;0;0;0;0;0;4;5;5;2;3;3;3;3;6;4;4;4;4;4;3;3;4;4;4;3;4;4;4;4;4;4;4;2;4;4;4;5;5;4;5;2;4;4;3;3;4;4;2;2;3;4;2;4;4;4;4;1;2;-1;-1;1;6;3;6;3;3;1765.9636264
1034;2024Q2;ES709A3;ES709;1;1;59;1;1;1;3;10;-1;-1;-1;6;-1;-1;-1;79;5;-1;-1;1;9;2;0;0;0;0;1;1;2;0;0;1;0;1;0;0;0;6;2;2;6;4;4;4;3;6;2;4;4;4;4;5;2;4;1;5;4;4;4;4;4;4;5;5;5;5;5;5;1;4;5;2;5;5;3;3;3;3;3;2;2;3;3;3;2;2;3;3;3;3;-1;-1;6;6;5;6;1;3;229.77408687
1035;2024Q2;ES709A3;ES709;1;1;65;2;1;5;8;12;-1;-1;-1;1;-1;1;5;-1;-1;-1;-1;-1;-1;1;0;0;0;0;0;1;1;0;0;0;0;1;0;0;0;1;3;5;5;2;1;1;1;6;3;3;3;3;3;3;2;3;5;3;3;3;5;5;3;3;3;3;3;3;3;3;3;3;2;2;4;4;1;1;1;1;1;1;1;1;1;1;1;1;1;1;2;1;5;4;1;6;5;6;2;1;1762.7703273
1036;2024Q2;ES709A3;ES709;1;1;60;1;1;1;8;1;6;2;9;1;-1;-1;-1;-1;-1;-1;-1;-1;-1;2;0;0;0;0;2;0;2;2;0;0;0;0;0;0;0;8;5;5;6;4;3;3;3;1;4;4;4;4;4;2;4;4;4;4;4;4;2;4;4;4;4;4;4;4;4;4;2;2;4;4;4;2;4;4;4;3;4;4;3;4;4;3;3;3;3;3;3;2;-1;-1;6;6;5;6;3;1;308.89918903
1037;2024Q2;ES709A3;ES709;6;2;63;2;1;5;5;10;-1;-1;-1;6;-1;-1;-1;66;5;-1;-1;1;5;3;0;0;0;1;1;1;3;0;0;1;0;1;1;0;0;2;3;2;5;4;5;4;3;6;5;5;5;5;5;5;5;5;5;5;5;5;5;1;5;1;5;4;2;4;4;4;4;2;5;2;5;5;4;5;4;5;5;5;3;4;4;3;3;2;4;4;1;1;3;4;6;6;5;6;3;2;418.79997039
1038;2024Q2;ES709A3;ES709;6;2;80;3;2;5;10;12;-1;-1;-1;1;-1;1;2;-1;-1;-1;-1;-1;-1;1;0;0;0;0;0;1;1;0;0;0;0;1;0;0;0;1;4;6;2;5;5;5;2;6;4;4;2;4;2;4;5;4;5;4;4;2;5;4;4;5;4;2;4;4;4;4;3;2;2;4;4;2;3;4;4;4;3;4;4;3;4;3;3;3;4;4;3;2;-1;-1;1;6;5;6;3;3;1383.7525458
1039;2024Q2;ES709A3;ES709;1;1;48;1;1;1;6;1;6;2;7;6;-1;-1;-1;48;1;2;-1;-1;-1;2;0;1;1;0;2;0;4;2;0;0;0;0;1;0;0;2;6;3;1;5;5;5;3;1;2;2;1;4;4;4;5;2;5;1;5;1;5;5;2;1;1;2;2;2;4;4;5;4;5;5;4;2;1;1;4;2;4;4;3;3;1;1;5;1;3;3;2;1;1;1;1;1;1;6;5;1;351.43322192
1040;2024Q2;ES709A3;ES709;6;2;62;1;1;1;8;10;-1;-1;-1;1;-1;1;3;-1;-1;-1;-1;-1;-1;3;0;0;0;1;2;0;3;0;0;1;1;1;0;0;0;7;3;2;3;5;5;5;3;1;4;4;4;4;4;4;5;2;4;4;4;2;4;4;4;2;2;2;4;2;4;4;4;4;4;4;4;2;2;2;2;2;3;4;4;3;3;2;2;2;2;2;2;2;-1;-1;6;6;5;6;5;1;418.79997039
1041;2024Q2;ES709A3;ES709;1;1;27;3;2;5;5;10;-1;-1;-1;6;-1;-1;-1;54;1;5;-1;-1;-1;4;0;0;1;1;2;0;4;2;0;0;1;0;1;0;0;2;2;1;5;4;4;4;4;6;4;4;3;4;4;4;4;4;4;4;2;4;2;2;2;4;4;4;4;4;4;4;4;4;4;2;2;2;3;3;3;3;3;4;4;4;4;4;4;4;4;4;1;3;-1;-1;6;6;4;6;1;3;5616.8282958
1042;2024Q2;ES709A3;ES709;1;1;50;3;3;5;10;2;1;2;-9;-9;-1;-1;-1;-1;-1;-1;-1;-1;-1;3;0;2;1;1;1;0;5;1;0;0;0;1;1;0;0;2;5;2;-1;5;5;4;5;6;4;5;4;4;5;4;2;5;5;4;5;5;4;5;2;5;5;4;5;5;1;2;4;3;4;3;3;3;3;3;2;2;2;3;3;3;3;1;3;1;2;1;3;1;1;2;1;6;5;6;4;3;4351.7542927
1043;2024Q2;ES709A3;ES709;1;1;29;1;1;1;6;1;6;1;3;6;-1;-1;-1;69;5;-1;-1;1;5;2;0;0;0;1;0;1;2;1;0;0;0;1;0;0;0;8;4;4;5;3;3;3;3;6;3;1;5;3;2;4;5;2;5;2;5;2;4;4;3;2;2;1;2;2;2;2;5;4;4;4;2;2;3;3;3;2;2;2;2;1;2;1;2;1;1;1;3;1;5;3;1;1;1;6;1;1;994.38984445
1044;2024Q2;ES709A3;ES709;6;2;61;2;1;5;7;10;-1;-1;-1;6;-1;-1;-1;62;3;-1;-1;1;-9;2;0;0;0;0;2;0;2;0;0;2;0;0;0;0;0;4;3;3;-1;5;5;5;4;6;4;2;2;4;4;4;5;2;5;4;5;2;5;5;2;2;2;2;2;3;3;3;5;5;5;5;2;2;4;4;3;3;3;3;3;3;3;3;3;3;3;3;1;1;3;1;1;6;5;6;3;3;279.19998026
1045;2024Q2;ES709A3;ES709;6;2;64;2;1;5;6;1;6;2;5;1;-1;-1;-1;-1;-1;-1;-1;-1;-1;2;0;0;0;0;2;0;2;1;1;0;0;0;0;0;0;4;5;5;5;4;4;4;4;1;3;3;4;4;4;4;3;3;3;3;3;3;3;3;3;3;3;3;3;3;3;4;2;3;3;3;3;3;3;3;3;3;3;3;3;3;3;3;3;3;3;3;2;2;-1;-1;1;-9;5;6;3;-9;634.51932781
1046;2024Q2;ES709A3;ES709;1;1;38;3;1;3;6;1;6;2;5;6;-1;-1;-1;63;1;9;-1;-1;-1;2;0;0;0;1;1;0;2;2;0;0;0;0;0;0;0;6;2;2;6;5;5;5;5;1;4;4;2;4;4;2;4;4;2;4;3;3;2;4;3;2;2;3;3;3;3;4;5;3;4;4;4;3;3;2;3;4;4;3;3;3;4;3;3;4;3;3;2;2;-1;-1;6;6;3;6;-3;1;570.38907099
1047;2024Q2;ES709A3;ES709;6;2;21;3;2;5;5;8;-1;-1;5;6;-1;-1;-1;42;2;4;-1;-1;-1;4;0;0;2;1;1;0;4;0;4;0;0;0;0;0;0;2;3;2;3;5;5;5;5;1;3;2;4;4;3;4;5;3;4;2;5;3;4;4;2;3;3;1;2;1;3;4;5;3;3;3;2;2;3;3;3;3;3;3;4;3;4;3;3;2;3;2;2;2;-1;-1;1;6;5;1;5;1;3025.4449417
1048;2024Q2;ES709A3;ES709;1;1;53;1;1;1;5;1;6;1;5;1;-1;-1;-1;-1;-1;-1;-1;-1;-1;2;0;0;0;0;2;0;2;2;0;0;0;0;0;0;0;4;6;6;5;5;5;5;5;1;5;5;5;5;5;3;4;4;4;5;3;4;2;3;3;5;5;5;5;3;4;5;3;3;2;2;-9;4;5;5;5;4;4;3;3;-7;3;-7;-7;3;-7;-7;2;-9;-1;-1;1;1;5;6;2;1;351.43322192
1049;2024Q2;ES709A3;ES709;6;2;61;3;1;5;7;15;-1;-1;-1;6;-1;-1;-1;73;5;-1;-1;1;4;3;0;0;1;0;1;1;3;0;0;1;0;2;0;0;0;2;3;2;3;4;4;4;2;6;4;4;4;5;5;2;5;4;4;5;4;5;5;5;1;1;5;5;5;5;4;5;5;4;4;4;3;3;3;4;4;5;3;4;3;3;3;2;3;1;1;3;2;1;2;4;1;6;5;6;-3;1;2502.823021
1050;2024Q2;ES709A3;ES709;6;2;52;3;1;5;8;1;6;2;9;1;-1;-1;-1;-1;-1;-1;-1;-1;-1;2;0;0;0;0;2;0;2;2;0;0;0;0;0;0;0;4;5;5;6;5;4;4;5;1;2;2;4;4;4;4;5;4;5;4;5;4;3;5;4;4;2;2;4;2;4;4;4;4;4;4;4;2;5;5;4;5;5;5;5;5;5;5;5;3;3;3;1;1;1;4;1;6;5;6;4;1;692.47246907
1051;2024Q2;ES709A3;ES709;6;2;54;3;1;5;8;1;1;2;1;1;-1;-1;-1;-1;-1;-1;-1;-1;-1;3;0;0;2;0;2;0;4;3;0;0;0;0;1;0;0;2;6;3;1;5;5;5;4;1;5;4;4;4;4;2;2;4;2;4;4;2;2;2;3;2;4;3;2;4;4;4;4;4;-9;3;3;2;4;5;4;4;5;3;3;3;3;1;4;1;3;3;1;1;4;-9;1;6;5;6;3;1;1038.7087036
1052;2024Q2;ES709A3;ES709;1;1;51;1;1;5;5;1;6;2;5;1;-1;-1;-1;-1;-1;-1;-1;-1;-1;2;0;0;0;1;1;0;2;1;0;0;1;0;0;0;0;4;3;3;5;5;4;4;4;1;4;4;4;4;4;4;5;5;2;2;5;2;2;4;2;2;4;2;2;4;4;4;5;4;3;5;2;2;3;3;3;4;4;3;4;1;3;2;2;2;2;1;2;1;3;1;1;1;5;6;4;1;351.43322192
1053;2024Q2;ES709A3;ES709;1;1;24;1;1;1;5;1;6;2;5;6;-1;-1;-1;46;1;8;-1;-1;-1;3;0;0;2;0;2;0;4;3;0;0;0;0;1;0;0;2;5;3;5;2;2;2;2;6;1;1;1;3;1;3;5;1;5;1;5;1;5;5;1;1;1;1;1;3;1;4;5;5;5;5;1;1;1;1;1;1;-3;1;1;1;1;1;1;1;1;1;1;1;5;-9;1;6;1;6;-3;1;1491.5847667
1054;2024Q2;ES709A3;ES709;1;1;49;3;1;5;5;1;6;2;9;1;-1;-1;-1;-1;-1;-1;-1;-1;-1;2;0;0;0;0;2;0;2;1;0;0;0;0;0;1;0;4;3;3;6;4;4;4;4;1;4;4;4;4;4;4;5;4;4;4;2;4;4;2;4;4;4;4;4;4;4;4;4;2;4;2;4;4;4;4;4;4;4;3;3;4;4;4;4;4;4;4;2;3;-1;-1;6;6;5;6;1;1;351.43322192
1055;2024Q2;ES709A3;ES709;6;2;69;3;1;5;3;1;6;2;9;1;-1;-1;-1;-1;-1;-1;-1;-1;-1;1;0;0;0;0;0;1;1;1;0;0;0;0;0;0;0;1;2;4;6;5;2;2;1;6;3;4;3;3;4;4;4;4;4;3;4;3;4;4;3;4;4;3;4;4;4;4;4;4;4;4;4;2;3;3;3;2;1;2;3;-7;3;3;3;2;3;3;3;1;1;4;1;6;5;6;3;1;447.39074683
1056;2024Q2;ES709A3;ES709;1;1;50;3;2;5;6;1;6;1;3;6;-1;-1;-1;48;2;2;-1;-1;-1;2;0;1;0;0;2;0;3;1;1;0;0;0;0;0;0;2;6;4;1;4;4;4;4;1;4;4;4;4;4;4;5;4;4;4;4;4;2;2;4;4;4;4;2;2;4;4;4;4;4;4;2;2;4;3;4;2;3;4;4;3;3;3;3;2;4;3;2;3;-1;-1;6;6;5;6;4;1;2901.1695285
1057;2024Q2;ES709A3;ES709;6;2;19;1;1;1;6;13;-1;-1;-1;6;-1;-1;-1;57;1;5;-1;-1;-1;2;0;0;1;0;1;0;2;1;0;0;0;0;1;0;0;6;6;5;6;3;4;5;5;1;5;1;4;4;4;5;5;1;4;1;4;2;2;4;3;1;4;1;3;2;4;5;5;4;2;2;3;3;4;4;4;3;4;2;3;3;3;3;3;1;3;4;2;2;-1;-1;6;6;1;6;3;1;1708.0575786
1058;2024Q2;ES709A3;ES709;1;1;42;1;1;1;5;15;-1;-1;-1;6;-1;-1;-1;49;1;2;-1;-1;-1;4;0;0;0;1;1;2;4;1;0;0;0;3;0;0;0;2;3;2;1;3;3;3;3;6;3;4;3;3;3;3;5;1;5;1;5;5;5;5;5;5;1;5;5;1;5;5;5;5;5;5;1;1;3;3;3;1;1;1;4;3;3;3;3;1;3;3;3;2;-1;-1;6;6;5;6;-3;1;7116.5887877
1059;2024Q2;ES709A3;ES709;6;2;47;3;1;5;4;2;6;1;9;1;-1;-1;-1;-1;-1;-1;-1;-1;-1;1;0;0;0;0;1;0;1;1;0;0;0;0;0;0;0;1;1;1;6;-9;-9;-9;-9;-9;-9;-9;-9;-9;-9;-9;-9;-9;-9;-9;-9;-9;-9;-9;-9;-9;-9;-9;-9;-9;-9;-9;-9;-9;-9;-9;-9;-9;-3;-3;-3;-3;-3;-3;-3;-3;-3;-3;-3;-3;-3;-3;2;-9;-1;-1;-9;-9;2;-9;-7;-9;346.23623453
1060;2024Q2;ES709A3;ES709;1;1;63;1;1;1;5;1;6;1;9;1;-1;-1;-1;-1;-1;-1;-1;-1;-1;3;0;0;0;1;2;0;3;1;0;0;1;1;0;0;0;2;3;2;6;2;2;2;2;6;2;4;2;2;2;4;2;2;1;2;2;2;2;2;2;2;2;1;2;2;2;2;2;2;2;2;2;2;2;2;2;2;2;2;2;2;2;2;2;2;2;2;3;1;5;3;6;6;1;6;1;1;463.34878355
1061;2024Q2;ES709A3;ES709;1;1;55;3;1;4;10;1;6;2;9;1;-1;-1;-1;-1;-1;-1;-1;-1;-1;4;0;1;1;0;2;1;5;2;0;0;0;0;1;0;1;3;5;2;6;5;4;5;3;1;5;5;4;5;4;2;4;5;4;5;4;4;2;2;2;4;4;4;2;4;4;5;5;4;4;4;4;2;5;4;5;4;4;3;4;5;4;4;4;4;4;4;3;2;-1;-1;1;1;4;6;2;3;617.79837806
1062;2024Q2;ES709A3;ES709;6;2;30;1;1;1;4;10;-1;-1;-1;1;-1;1;9;-1;-1;-1;-1;-1;-1;1;1;0;0;1;0;0;2;0;0;1;0;0;0;0;0;6;2;2;6;4;4;4;3;1;2;2;4;2;4;4;5;5;5;1;5;2;5;5;1;1;1;2;1;4;4;4;5;5;4;5;1;1;2;2;2;2;4;2;4;4;4;4;3;3;4;4;3;2;-1;-1;6;6;1;6;4;1;159.3544391
1063;2024Q2;ES709A3;ES709;6;2;53;3;3;5;10;1;6;2;9;1;-1;-1;-1;-1;-1;-1;-1;-1;-1;1;0;0;0;0;1;0;1;1;0;0;0;0;0;0;0;1;3;5;6;5;5;4;4;1;2;2;2;2;4;2;1;1;1;1;2;2;2;4;2;2;4;2;2;3;4;4;4;4;4;4;1;1;3;3;3;2;3;1;2;2;2;2;2;1;2;2;1;2;-1;-1;6;6;5;6;5;1;765.58335709
1064;2024Q2;ES709A3;ES709;1;1;36;3;3;5;6;1;1;2;5;1;-1;-1;-1;-1;-1;-1;-1;-1;-1;2;0;0;0;1;1;0;2;2;0;0;0;0;0;0;0;9;6;5;5;5;5;2;5;1;4;4;4;4;2;4;3;4;3;2;4;2;1;2;3;4;2;2;2;2;4;5;5;4;4;4;2;3;3;3;4;3;3;4;4;4;3;2;2;2;3;3;1;1;1;3;6;6;3;6;1;1;3120.1253776
1065;2024Q2;ES709A3;ES709;6;2;32;1;1;1;5;10;-1;-1;-1;1;-1;1;3;-1;-1;-1;-1;-1;-1;3;0;0;0;1;1;1;3;0;0;1;0;1;0;1;0;2;2;2;2;4;3;3;3;6;4;4;4;4;4;4;2;4;2;2;2;4;2;2;2;4;4;4;4;4;4;5;2;2;4;2;4;4;4;3;4;3;4;4;3;4;5;5;3;4;5;4;3;2;-1;-1;6;6;1;6;2;2;478.06331731
1066;2024Q2;ES709A3;ES709;1;1;52;1;1;1;4;1;6;2;9;1;-1;-1;-1;-1;-1;-1;-1;-1;-1;3;0;0;0;0;1;2;3;1;0;0;0;2;0;0;0;2;3;2;6;5;3;3;2;1;4;4;3;4;4;4;3;4;2;4;4;4;3;2;4;4;4;4;4;4;4;4;4;3;4;4;2;2;3;3;3;5;4;4;3;3;4;3;4;3;4;3;2;3;-1;-1;6;6;1;6;-3;1;527.14983289
1067;2024Q2;ES709A3;ES709;1;1;48;1;1;1;3;1;6;2;9;1;-1;-1;-1;-1;-1;-1;-1;-1;-1;2;0;1;0;0;2;0;3;1;0;0;1;0;0;0;0;2;3;2;6;4;4;4;4;1;4;4;4;4;4;3;3;4;3;4;3;4;3;3;2;4;4;4;3;4;4;4;3;4;3;3;3;3;3;3;3;3;4;3;3;3;3;2;2;2;3;3;3;3;-1;-1;6;6;1;6;-3;-9;351.43322192
1068;2024Q2;ES709A3;ES709;6;2;21;1;1;1;8;10;-1;-1;-1;6;-1;-1;-1;53;8;-1;1;1;9;4;0;0;2;1;1;0;4;2;0;0;1;1;0;0;0;6;6;3;6;-9;-9;-9;-9;1;3;3;3;3;3;3;3;3;3;3;3;3;3;3;3;3;3;3;3;3;3;3;3;3;3;3;3;3;-3;-3;-3;-3;-3;-3;-3;-3;-3;-3;-3;-3;-3;-3;2;1;2;3;-9;6;1;6;-3;-9;637.41775642
1069;2024Q2;ES709A3;ES709;6;2;40;3;1;4;9;1;6;2;5;1;-1;-1;-1;-1;-1;-1;-1;-1;-1;5;0;1;1;2;0;2;6;2;1;0;0;0;0;2;0;3;6;3;5;4;4;3;3;6;3;3;3;3;3;3;4;3;4;3;3;3;3;3;3;4;4;3;3;3;3;3;3;3;3;3;3;3;3;3;3;3;3;3;3;3;3;3;3;3;3;3;2;2;-1;-1;1;6;4;6;1;2;2318.1734532
1070;2024Q2;ES709A3;ES709;6;2;30;1;1;1;5;5;-1;-1;5;1;-1;-1;-1;-1;-1;-1;-1;-1;-1;3;0;2;0;2;1;0;5;1;1;0;0;1;0;0;0;3;5;2;5;-9;-9;-9;2;6;2;3;-9;3;2;-9;-9;3;3;2;5;2;-9;4;3;2;2;2;-9;-9;-9;-9;4;4;4;4;-9;-9;3;-3;-3;3;3;2;2;-3;-3;-3;3;2;3;3;2;2;-1;-1;6;6;1;6;-3;1;1011.0423386
1071;2024Q2;ES709A3;ES709;6;2;24;3;2;5;7;1;6;2;-9;6;-1;-1;-1;59;1;5;-1;-1;-1;3;0;0;1;0;2;0;3;3;0;0;0;0;0;0;0;2;7;5;5;4;4;3;4;1;3;2;4;3;3;3;3;3;3;3;3;3;3;3;3;3;3;3;3;3;3;3;3;3;3;3;3;3;-3;3;-3;3;-3;2;2;2;2;2;2;1;-3;2;1;1;1;4;1;6;4;6;1;1;2269.0837063
1072;2024Q2;ES709A3;ES709;1;1;47;1;1;1;7;1;1;2;7;1;-1;-1;-1;-1;-1;-1;-1;-1;-1;2;0;2;0;1;1;0;4;2;0;0;0;0;0;0;0;2;5;3;4;5;5;5;5;1;-9;-9;-9;4;5;2;4;2;4;2;4;2;4;4;4;2;4;2;2;4;4;4;4;4;4;4;2;3;3;2;1;2;2;2;3;3;3;2;2;2;3;3;2;2;-1;-1;6;6;5;6;4;1;351.43322192
1073;2024Q2;ES707A0;ES707;1;1;46;1;1;1;5;1;6;2;8;1;-1;-1;-1;-1;-1;-1;-1;-1;-1;2;0;2;0;1;1;0;4;2;0;0;0;0;0;0;0;2;5;3;5;4;4;2;1;6;4;4;4;4;4;4;3;3;2;4;2;4;2;2;4;4;4;4;4;2;4;4;4;2;2;2;4;4;4;4;4;3;4;3;4;3;3;3;3;1;3;3;2;3;-1;-1;6;6;5;6;3;1;240.98965847
1074;2024Q2;ES707A0;ES707;6;2;53;1;1;1;5;11;-1;-1;-1;1;-1;-1;-1;-1;-1;-1;-1;-1;-1;1;0;0;0;0;1;0;1;0;0;0;1;0;0;0;0;1;1;1;-1;2;3;2;2;6;3;4;3;3;3;4;4;3;4;2;4;4;4;2;4;4;4;4;4;3;4;4;4;4;3;3;4;4;3;3;3;5;5;1;1;3;1;3;3;3;3;3;2;1;5;1;1;6;1;6;1;2;26.30213619
1075;2024Q2;ES707A0;ES707;6;2;30;1;1;1;9;2;6;2;2;1;-1;-1;-1;-1;-1;-1;-1;-1;-1;1;0;0;0;1;0;0;1;1;0;0;0;0;0;0;0;1;5;6;1;5;4;4;2;6;5;5;4;4;5;3;5;5;5;3;5;4;2;4;3;4;4;2;2;4;4;4;5;5;5;5;2;2;4;3;3;2;3;3;2;3;3;1;3;1;3;2;2;1;5;4;1;6;1;6;5;1;151.93800248
1076;2024Q2;ES707A0;ES707;6;2;64;1;1;1;9;10;-1;-1;-1;1;-1;1;2;-1;-1;-1;-1;-1;-1;2;0;0;0;0;2;0;2;1;0;1;0;0;0;0;0;8;6;5;1;3;3;3;2;6;4;4;4;4;4;4;4;3;4;4;3;4;3;2;3;3;4;4;3;3;4;4;2;4;3;3;2;3;3;3;3;3;3;4;3;3;3;3;3;2;3;3;2;2;-1;-1;6;6;1;6;3;1;52.60427238
1077;2024Q2;ES707A0;ES707;1;1;24;1;1;1;6;1;6;2;7;1;-1;-1;-1;-1;-1;-1;-1;-1;-1;2;0;0;1;1;0;0;2;2;0;0;0;0;0;0;0;9;3;3;4;4;3;3;3;1;4;4;3;4;4;4;4;3;4;2;2;4;2;2;4;4;4;4;2;2;4;4;2;2;2;2;2;4;3;4;4;4;4;3;3;3;4;3;3;1;3;3;1;1;2;3;6;6;5;6;3;1;173.84019374
1078;2024Q2;ES707A0;ES707;6;2;33;3;1;4;7;1;6;2;5;1;-1;-1;-1;-1;-1;-1;-1;-1;-1;1;0;1;1;1;0;0;3;1;0;0;0;0;1;0;0;6;3;2;5;4;4;4;1;6;4;4;3;4;3;3;4;3;4;4;4;2;4;3;3;4;2;2;4;2;4;4;4;3;3;3;4;3;4;3;3;4;3;3;4;3;4;2;2;3;4;4;2;2;-1;-1;1;6;4;6;2;1;151.93800248
1079;2024Q2;ES707A0;ES707;6;2;38;1;1;1;8;2;1;2;2;1;-1;-1;-1;-1;-1;-1;-1;-1;-1;1;0;0;0;1;0;0;1;1;0;0;0;0;0;0;0;1;3;5;2;5;3;2;2;1;4;4;3;4;4;5;5;4;4;4;5;4;3;3;3;4;4;3;4;3;4;4;3;4;5;4;3;4;3;3;3;3;3;3;3;2;4;2;2;1;2;2;3;2;-1;-1;6;1;1;6;4;1;95.153041935
1080;2024Q2;ES707A0;ES707;1;1;55;1;1;1;9;7;-1;-1;5;1;-1;-1;-1;-1;-1;-1;-1;-1;-1;2;0;0;0;0;2;0;2;1;1;0;0;0;0;0;0;4;6;5;3;5;4;2;5;1;4;4;4;4;4;4;2;4;2;4;4;4;2;2;4;4;4;4;4;4;4;4;4;2;2;4;4;4;2;4;2;3;2;3;3;4;2;2;2;1;2;1;2;3;-1;-1;6;6;1;1;3;1;238.17614173
1081;2024Q2;ES707A0;ES707;1;1;34;1;1;1;3;7;-1;-1;9;1;-1;-1;-1;-1;-1;-1;-1;-1;-1;2;1;1;0;2;0;0;4;1;1;0;0;0;0;0;0;2;4;2;6;4;3;1;3;6;4;4;4;5;5;4;3;4;3;1;1;2;2;2;2;3;2;1;3;3;1;4;4;2;4;3;3;4;3;4;3;3;2;2;2;3;2;3;3;2;2;2;2;3;-1;-1;6;6;5;6;4;2;173.84019374
1082;2024Q2;ES707A0;ES707;1;1;23;1;1;1;6;13;-1;-1;-1;6;-1;-1;-1;60;8;-1;1;1;4;2;0;0;1;0;1;0;2;0;0;0;0;1;1;0;0;6;3;3;3;4;4;2;1;6;5;3;3;4;2;4;5;4;3;2;2;1;2;3;4;1;5;3;3;4;2;4;4;4;1;3;3;3;4;4;4;2;5;4;4;4;2;2;5;2;4;4;1;3;-1;-1;6;6;5;6;2;3;1306.8478223
1083;2024Q2;ES707A0;ES707;6;2;53;1;1;1;10;2;6;2;2;1;-1;-1;-1;-1;-1;-1;-1;-1;-1;2;0;0;0;0;1;1;2;1;0;0;0;1;0;0;0;8;-9;-9;-1;5;5;-9;-9;6;1;1;1;1;1;5;5;1;5;1;5;1;5;5;1;1;1;1;1;1;1;1;5;5;5;5;1;1;-7;1;1;1;1;1;1;1;1;1;1;1;1;1;2;2;-1;-1;6;6;5;6;-3;-9;170.97218846
1084;2024Q2;ES707A0;ES707;6;2;51;3;1;4;9;1;6;1;5;1;-1;-1;-1;-1;-1;-1;-1;-1;-1;2;0;0;1;0;1;0;2;1;0;0;0;0;1;0;0;6;2;2;4;4;5;4;2;6;3;3;3;3;3;4;4;3;3;3;3;3;3;4;2;3;3;4;3;3;4;4;3;4;4;4;3;3;4;4;4;3;4;3;3;-3;5;4;-3;-3;-3;-3;1;1;5;4;1;6;4;6;-3;2;170.97218846
1085;2024Q2;ES707A0;ES707;1;1;54;3;1;3;6;2;6;1;9;1;-1;-1;-1;-1;-1;-1;-1;-1;-1;4;0;1;1;1;2;0;5;3;0;0;0;0;0;1;0;3;2;1;6;3;3;3;3;6;4;4;4;4;4;4;4;4;2;4;4;4;2;2;4;4;4;4;4;4;4;4;3;2;4;4;3;4;4;4;4;5;4;4;5;3;4;4;4;3;3;4;2;2;-1;-1;6;6;3;6;1;2;481.97931695
1086;2024Q2;ES707A0;ES707;1;1;36;1;1;1;10;7;-1;-1;2;6;-1;-1;-1;59;1;3;-1;-1;-1;2;0;0;0;1;1;0;2;1;1;0;0;0;0;0;0;6;7;6;3;4;3;2;2;6;2;2;4;3;2;4;5;4;5;2;5;2;4;4;4;4;3;2;4;4;5;5;5;5;5;5;2;2;4;4;2;1;2;3;3;3;4;3;1;3;3;3;2;1;3;4;1;6;5;6;3;1;217.67029189
1087;2024Q2;ES707A0;ES707;6;2;40;1;1;1;9;2;6;1;2;1;-1;-1;-1;-1;-1;-1;-1;-1;-1;2;0;0;0;1;1;0;2;2;0;0;0;0;0;0;0;4;4;4;2;3;2;2;3;6;3;3;3;4;4;4;4;4;2;2;4;4;2;4;4;4;4;4;4;4;4;4;2;4;4;4;4;2;3;3;3;3;3;3;3;3;3;3;3;1;1;3;3;1;3;4;1;1;3;6;3;1;190.30608387
1088;2024Q2;ES707A0;ES707;6;2;59;1;1;5;6;2;6;1;4;1;-1;-1;-1;-1;-1;-1;-1;-1;-1;1;0;0;0;0;1;0;1;1;0;0;0;0;0;0;0;1;3;5;3;5;2;1;1;6;3;5;-9;4;4;5;3;5;3;4;2;3;2;2;5;5;4;5;5;5;3;3;1;3;1;2;4;5;3;5;3;3;-7;3;-3;-3;-3;-3;-3;-7;-3;-3;2;3;-1;-1;6;6;5;6;-3;1;74.519172077
1089;2024Q2;ES707A0;ES707;1;1;54;3;3;5;6;1;6;2;7;1;-1;-1;-1;-1;-1;-1;-1;-1;-1;1;0;0;0;0;1;0;1;1;0;0;0;0;0;0;0;1;3;5;5;3;3;4;2;6;4;4;4;4;4;4;4;4;2;4;4;4;2;2;4;4;4;4;4;4;4;4;2;2;2;2;4;4;4;3;3;3;3;4;4;4;4;4;4;4;4;4;2;1;2;4;1;6;4;6;-3;2;471.46041296
1090;2024Q2;ES707A0;ES707;1;1;40;1;1;1;5;1;1;2;-9;-9;-1;-1;-1;-1;-1;-1;-1;-1;-1;2;1;1;0;2;0;0;4;1;1;0;0;0;0;0;0;2;3;2;-1;4;3;2;1;6;3;3;3;4;4;2;4;4;3;2;2;3;2;2;4;4;4;4;4;4;4;4;4;2;4;2;2;4;3;3;3;3;4;4;4;4;4;4;4;4;4;3;3;2;-1;-1;6;6;1;6;-3;2;217.67029189
1091;2024Q2;ES707A0;ES707;6;2;44;1;1;1;8;2;6;1;5;1;-1;-1;-1;-1;-1;-1;-1;-1;-1;1;0;2;0;1;0;0;3;1;0;0;0;0;0;0;0;6;2;1;5;3;2;2;2;6;3;4;3;4;4;3;4;2;3;3;2;3;2;3;4;4;3;4;3;3;4;4;3;3;4;3;2;3;3;2;3;3;4;4;4;3;3;4;4;4;4;4;2;1;5;4;1;6;5;6;-3;2;95.153041935
1092;2024Q2;ES707A0;ES707;6;2;51;1;1;1;5;1;6;2;5;1;-1;-1;-1;-1;-1;-1;-1;-1;-1;2;0;0;1;0;1;0;2;1;0;0;0;0;1;0;0;6;3;3;5;3;3;2;2;6;4;4;4;4;4;2;4;4;2;2;4;4;4;2;2;2;4;2;4;2;4;4;4;2;2;2;2;2;3;3;4;4;4;4;4;3;3;4;4;4;3;3;2;3;-1;-1;6;6;5;6;-3;3;170.97218846
1093;2024Q2;ES707A0;ES707;6;2;45;2;1;5;9;5;-1;-1;5;1;-1;-1;-1;-1;-1;-1;-1;-1;-1;2;0;2;0;1;1;0;4;0;2;0;0;0;0;0;0;2;4;2;3;3;4;4;3;6;4;4;4;4;4;5;5;1;5;4;5;5;3;2;3;4;4;4;4;4;2;2;4;4;4;4;4;4;1;1;1;1;1;1;1;1;1;1;1;1;1;1;3;3;-1;-1;6;6;5;6;3;1;170.97218846
1094;2024Q2;ES707A0;ES707;1;1;65;1;1;1;5;12;-1;-1;-1;1;-1;2;5;-1;-1;-1;-1;-1;-1;2;0;0;0;0;1;1;2;0;0;0;1;1;0;0;0;4;2;2;3;5;4;3;2;6;4;4;-9;4;4;5;4;4;4;4;2;3;2;2;4;2;3;2;4;3;4;4;4;2;3;3;4;3;3;2;4;3;4;3;3;3;2;-3;3;1;-3;-3;2;-9;-1;-1;1;1;5;6;1;1;494.21545361
1095;2024Q2;ES707A0;ES707;1;1;31;1;1;1;7;5;-1;-1;5;1;-1;-1;-1;-1;-1;-1;-1;-1;-1;1;0;0;0;1;0;0;1;0;1;0;0;0;0;0;0;1;5;6;3;3;2;3;3;1;4;3;4;4;4;4;5;4;4;3;4;4;4;4;4;4;4;3;3;3;4;4;4;5;4;4;4;3;3;3;3;3;3;3;3;3;3;3;3;3;3;3;1;1;2;4;1;1;1;6;4;1;86.92009687
1096;2024Q2;ES707A0;ES707;6;2;43;1;1;1;4;1;1;2;5;1;-1;-1;-1;-1;-1;-1;-1;-1;-1;1;0;1;0;1;0;0;2;1;0;0;0;0;0;0;0;6;3;3;4;-9;4;4;-9;6;4;5;4;4;4;4;-9;3;-9;-9;3;3;4;3;4;4;4;3;4;4;4;4;2;3;3;2;4;4;4;4;4;3;5;5;4;-3;-3;-3;-3;3;-3;-3;2;2;-1;-1;6;6;3;6;4;1;95.153041935
1097;2024Q2;ES707A0;ES707;6;2;51;1;1;1;8;7;-1;-1;1;6;-1;-1;-1;52;1;5;-1;-1;-1;2;0;0;0;0;2;0;2;1;1;0;0;0;0;0;0;4;5;5;3;5;3;3;3;6;3;3;4;4;3;5;5;2;5;2;5;2;5;2;2;2;2;4;2;2;4;4;5;5;5;5;2;2;2;3;4;2;4;2;2;1;1;2;1;1;2;1;2;1;5;3;1;6;5;1;2;1;170.97218846
1098;2024Q2;ES707A0;ES707;6;2;38;1;1;1;7;2;1;2;4;1;-1;-1;-1;-1;-1;-1;-1;-1;-1;1;0;0;0;1;0;0;1;1;0;0;0;0;0;0;0;1;1;2;3;4;4;4;1;6;3;5;2;4;2;4;3;5;4;4;4;2;4;3;4;4;4;4;2;3;4;4;5;4;4;3;4;4;5;5;5;5;5;1;3;5;5;3;5;5;-3;5;3;1;1;3;6;6;5;6;3;1;95.153041935
1099;2024Q2;ES707A0;ES707;1;1;21;3;1;4;8;10;-1;-1;-1;6;-1;-1;-1;54;2;4;-1;-1;-1;5;0;0;1;0;2;2;5;0;1;0;2;2;0;0;0;2;5;2;3;5;5;1;4;1;4;4;4;4;4;2;2;4;2;4;2;3;1;1;4;4;4;4;4;4;4;4;2;2;2;2;2;2;5;5;5;5;5;5;5;5;5;5;5;5;5;5;2;3;-1;-1;1;6;4;6;3;3;133.65827495
1100;2024Q2;ES707A0;ES707;6;2;23;1;1;1;5;1;6;2;4;1;-1;-1;-1;-1;-1;-1;-1;-1;-1;3;0;1;1;0;0;2;4;1;0;0;0;2;0;0;0;7;5;3;3;5;5;4;2;6;1;2;1;2;1;4;5;2;5;1;5;1;3;4;2;1;1;2;2;2;4;4;5;5;5;5;1;2;1;1;1;1;3;1;2;1;1;2;3;1;2;1;1;1;1;4;1;1;5;6;5;1;455.81400743
1101;2024Q2;ES707A0;ES707;6;2;48;1;1;1;6;2;6;1;5;6;-1;-1;-1;49;2;-9;-1;-1;-1;2;0;2;1;0;2;0;5;1;1;0;0;0;1;0;0;2;-9;-9;-1;4;4;3;2;6;4;-9;3;4;4;4;4;4;4;2;2;2;3;3;4;3;2;3;4;4;4;4;3;4;4;4;3;3;1;2;2;2;2;2;2;2;2;2;2;3;3;3;1;1;3;2;1;1;1;6;3;1;170.97218846
1102;2024Q2;ES707A0;ES707;1;1;76;1;1;1;3;12;-1;-1;-1;1;-1;1;7;-1;-1;-1;-1;-1;-1;1;0;0;0;0;0;1;1;0;0;0;0;1;0;0;0;1;3;5;4;5;4;3;1;6;2;3;4;5;5;4;4;2;4;4;4;3;3;4;4;4;5;4;2;4;4;5;4;4;2;3;4;4;5;5;5;5;5;3;5;4;5;5;5;4;5;5;2;2;-1;-1;6;6;5;6;3;1;247.1077268
1103;2024Q2;ES707A0;ES707;6;2;28;1;1;1;10;1;1;1;3;1;-1;-1;-1;-1;-1;-1;-1;-1;-1;1;0;0;0;1;0;0;1;1;0;0;0;0;0;0;0;1;4;6;3;5;5;3;1;6;4;4;4;5;4;4;5;4;3;3;2;4;3;3;4;4;2;4;4;3;5;5;5;4;4;4;3;3;3;3;4;3;4;4;3;3;4;4;3;3;4;3;1;2;-1;-1;1;6;2;6;3;1;151.93800248
1104;2024Q2;ES707A0;ES707;6;2;30;2;1;3;10;1;6;2;2;6;-1;-1;-1;33;1;3;-1;-1;-1;2;0;0;0;2;0;0;2;2;0;0;0;0;0;0;0;4;6;6;3;4;4;3;1;6;2;2;3;2;2;4;4;2;3;2;5;3;3;4;3;4;3;3;4;2;4;4;5;5;4;4;2;2;4;4;4;3;4;3;4;3;4;4;4;-3;4;-3;2;2;-1;-1;1;1;3;6;4;-9;303.87600495
1105;2024Q2;ES707A0;ES707;1;1;26;1;1;1;5;10;-1;-1;-1;6;-1;-1;-1;59;1;7;-1;-1;-1;4;0;0;1;2;2;0;5;1;0;0;3;0;0;1;0;3;3;1;4;5;5;3;1;6;4;4;4;5;5;3;5;5;5;4;4;2;2;2;2;4;2;4;4;4;4;4;4;4;2;3;4;4;4;2;4;4;2;2;4;-3;4;4;-3;4;-3;-3;1;1;1;4;1;6;5;6;3;1;106.92661996
1106;2024Q2;ES707A0;ES707;6;2;53;3;3;5;5;10;-1;-1;-1;6;-1;-1;-1;50;2;6;-1;-1;-1;3;0;0;1;0;2;0;3;0;1;0;1;0;1;0;0;8;3;2;5;5;2;3;3;1;5;4;4;4;4;4;4;4;4;2;2;4;2;2;4;4;4;4;4;4;4;4;4;2;4;2;4;4;4;5;5;5;5;5;4;4;5;3;3;2;2;5;3;2;-1;-1;1;1;5;1;3;1;575.89451962
1107;2024Q2;ES707A0;ES707;6;2;62;1;1;1;5;7;-1;-1;6;1;-1;-1;-1;-1;-1;-1;-1;-1;-1;3;1;0;0;1;2;0;4;1;1;0;0;1;0;0;0;3;5;3;5;3;3;3;3;6;4;4;4;4;4;4;4;4;4;4;4;4;4;4;4;2;2;4;4;4;4;4;4;4;4;4;2;2;3;3;3;3;3;3;3;3;3;3;3;3;3;3;3;1;5;3;6;6;1;6;3;1;223.55751623
1108;2024Q2;ES707A0;ES707;6;2;50;1;1;1;6;1;6;2;5;1;-1;-1;-1;-1;-1;-1;-1;-1;-1;4;0;1;2;0;2;0;5;1;0;0;3;0;0;0;0;2;4;2;5;5;4;4;2;6;4;4;4;4;3;3;4;4;5;4;2;4;4;4;3;4;5;4;2;3;4;4;4;4;2;3;4;4;5;5;-3;-3;5;-3;5;5;2;3;5;5;5;-3;2;2;-1;-1;6;6;1;6;-3;3;341.94437692
1109;2024Q2;ES707A0;ES707;1;1;24;3;1;4;8;8;-1;-1;-9;6;-1;-1;-1;59;2;-9;-1;-1;-1;4;0;0;1;0;2;1;4;0;3;0;0;0;0;1;0;7;3;2;-1;3;4;-9;5;6;5;4;3;5;5;3;3;4;3;3;2;3;2;3;4;4;4;4;4;5;4;5;3;2;2;1;4;4;-3;2;3;4;3;2;3;4;3;3;3;4;4;2;3;2;-1;-1;-9;6;4;6;2;3;347.68038748
1110;2024Q2;ES707A0;ES707;6;2;59;1;1;1;5;10;-1;-1;-1;6;-1;-1;-1;59;1;7;-1;-1;-1;2;0;0;2;0;2;0;4;3;0;0;1;0;0;0;0;2;6;4;5;3;4;2;3;6;4;4;2;4;5;4;5;4;5;2;5;4;4;4;2;2;4;2;4;2;2;4;5;2;5;2;4;3;3;2;3;4;3;3;2;3;4;3;4;3;4;2;1;1;5;3;1;1;5;6;3;1;52.60427238
1111;2024Q2;ES707A0;ES707;6;2;55;1;1;1;5;1;6;1;9;1;-1;-1;-1;-1;-1;-1;-1;-1;-1;2;0;0;0;0;1;1;2;1;0;0;0;1;0;0;0;6;4;4;6;5;5;4;2;6;4;3;4;4;4;2;4;3;4;4;4;2;4;4;3;4;4;4;4;3;4;4;4;4;4;3;4;4;5;5;5;5;5;3;4;4;5;5;5;5;3;5;2;2;-1;-1;6;6;5;6;3;3;149.03834415
1112;2024Q2;ES707A0;ES707;1;1;65;1;1;1;3;10;-1;-1;-1;1;-1;1;7;-1;-1;-1;-1;-1;-1;1;0;0;0;0;0;1;1;0;0;1;0;0;0;0;0;1;3;5;5;5;4;3;2;6;5;4;4;4;4;4;3;2;4;4;4;4;2;3;4;4;4;4;2;4;4;4;4;4;4;2;3;4;4;4;4;4;3;5;5;4;3;4;4;4;4;3;2;1;4;1;1;6;5;6;3;3;26.30213619
1113;2024Q2;ES707A0;ES707;6;2;59;1;1;1;5;10;-1;-1;-1;6;-1;-1;-1;60;1;7;-1;-1;-1;2;0;0;0;0;2;0;2;1;0;0;1;0;0;0;0;4;3;3;5;3;2;1;1;6;4;4;4;4;2;1;1;4;2;3;2;4;5;3;2;3;1;1;3;2;4;4;3;4;2;2;4;4;4;4;3;4;2;2;2;3;2;4;3;2;1;3;3;1;1;1;1;6;1;6;2;3;52.60427238
1114;2024Q2;ES707A0;ES707;1;1;39;1;1;1;5;5;-1;-1;1;1;-1;-1;-1;-1;-1;-1;-1;-1;-1;2;0;1;0;2;0;0;3;1;1;0;0;0;0;0;0;2;5;4;2;3;3;3;3;6;4;4;4;4;4;2;4;4;4;2;4;2;4;4;2;2;2;2;2;2;4;4;4;2;4;2;4;2;2;2;2;2;4;2;2;2;2;2;2;2;2;2;3;1;3;3;1;6;1;6;5;1;217.67029189
1115;2024Q2;ES707A0;ES707;1;1;35;1;1;1;8;10;-1;-1;-1;6;-1;-1;-1;33;3;-1;-1;1;9;2;0;1;0;2;0;0;3;0;0;2;0;0;0;0;0;2;2;1;6;4;3;2;2;6;4;3;3;5;5;2;5;5;5;4;3;2;2;3;3;3;2;4;3;2;4;4;4;4;4;3;4;5;4;3;4;4;3;4;3;3;4;4;3;2;4;3;3;3;-1;-1;6;6;4;6;1;1;97.293408129
1116;2024Q2;ES707A0;ES707;1;1;57;1;1;1;7;2;6;2;5;1;-1;-1;-1;-1;-1;-1;-1;-1;-1;1;0;0;0;0;1;0;1;1;0;0;0;0;0;0;0;1;2;4;5;4;4;3;1;6;5;5;4;4;4;3;4;5;4;5;5;3;5;4;5;5;5;4;2;4;3;4;4;4;2;4;3;4;4;3;3;5;4;5;4;3;-3;4;4;2;-3;4;2;3;-1;-1;6;6;1;6;3;1;119.08807087
1117;2024Q2;ES707A0;ES707;6;2;77;1;1;1;5;12;-1;-1;-1;1;-1;1;5;-1;-1;-1;-1;-1;-1;1;0;0;0;0;0;1;1;0;0;0;0;1;0;0;0;1;2;4;6;4;2;2;3;6;3;4;2;3;4;2;2;2;5;2;3;2;4;2;4;2;3;1;2;2;3;2;3;3;2;2;1;1;3;1;2;3;3;1;1;3;3;-7;4;1;3;2;2;2;-1;-1;-9;6;1;6;2;1;568.17120766
1118;2024Q2;ES707A0;ES707;6;2;71;3;1;5;5;14;-1;-1;-1;6;-1;-1;-1;70;5;-1;-1;1;5;2;0;0;0;0;0;2;2;0;0;0;0;1;0;1;0;4;2;2;5;4;4;2;1;6;5;3;2;5;5;4;4;5;5;5;5;3;3;4;4;4;3;4;3;4;2;4;4;3;4;3;2;3;4;4;2;3;3;4;3;4;4;3;3;4;5;2;2;3;-1;-1;6;6;5;6;-3;3;1136.3424153
1119;2024Q2;ES707A0;ES707;6;2;39;1;1;1;5;1;1;1;4;6;-1;-1;-1;37;1;5;-1;-1;-1;3;0;1;1;3;0;0;5;3;0;0;0;1;0;0;0;2;6;3;4;4;4;2;1;6;4;2;4;-9;4;1;4;4;4;4;4;2;4;3;4;4;4;4;2;3;4;4;4;4;2;1;4;4;4;4;3;3;4;3;4;4;4;4;4;4;5;-3;1;3;-1;-1;6;6;5;6;4;3;285.4591258
1120;2024Q2;ES707A0;ES707;1;1;63;1;1;1;10;7;-1;-1;2;6;-1;-1;-1;60;1;2;-1;-1;-1;2;0;0;0;0;2;0;2;1;1;0;0;0;0;0;0;4;7;6;2;4;3;2;1;6;4;4;3;4;4;4;4;4;3;4;4;3;2;2;3;4;3;3;3;4;4;4;2;2;4;4;2;3;3;3;3;4;3;4;4;3;3;3;3;2;3;3;2;2;-1;-1;-9;6;5;6;-7;1;238.17614173
1121;2024Q2;ES707A0;ES707;6;2;53;1;1;1;9;2;6;2;2;1;-1;-1;-1;-1;-1;-1;-1;-1;-1;1;0;0;1;0;1;0;2;1;0;0;0;1;0;0;0;6;4;4;2;5;5;5;2;6;4;2;4;4;4;4;2;4;4;4;4;2;2;4;4;4;4;4;2;2;4;4;4;4;4;2;4;4;4;4;4;3;4;5;4;4;4;5;3;4;4;4;2;2;-1;-1;6;6;1;6;2;3;85.486094229
1122;2024Q2;ES707A0;ES707;6;2;39;1;1;1;7;10;-1;-1;-1;6;-1;-1;-1;39;1;6;-1;-1;-1;2;0;0;1;2;0;0;3;1;0;1;0;0;1;0;0;2;4;3;5;2;3;2;2;6;3;3;3;3;3;4;3;3;3;3;4;3;2;3;3;3;3;3;4;3;3;3;4;3;3;3;3;3;3;3;3;4;4;4;3;3;3;3;3;3;4;3;1;1;3;3;1;6;1;6;1;1;61.442545432
1123;2024Q2;ES709A3;ES709;6;2;58;1;1;1;9;2;6;2;2;1;-1;-1;-1;-1;-1;-1;-1;-1;-1;1;0;0;0;0;1;0;1;1;0;0;0;0;0;0;0;1;5;6;2;5;5;3;3;6;2;2;2;2;2;5;5;2;5;3;4;2;5;2;2;2;2;3;2;3;3;3;-9;5;5;5;2;2;1;1;1;1;1;1;1;1;4;1;1;1;1;1;1;1;1;4;6;6;1;6;5;1;311.33775317
1124;2024Q2;ES709A3;ES709;6;2;62;1;1;1;5;15;-1;-1;-1;1;1;1;9;-1;-1;-1;-1;-1;-1;1;0;0;0;0;1;0;1;0;0;0;0;1;0;0;0;1;2;4;6;3;3;3;2;6;3;4;2;4;4;3;4;3;3;4;2;2;4;4;2;2;2;2;2;2;3;3;2;2;4;4;4;4;3;3;3;3;3;3;3;3;3;3;3;3;3;3;1;2;-1;-1;6;1;1;6;1;1;818.70192841
1125;2024Q2;ES709A3;ES709;6;2;35;1;1;1;5;10;-1;-1;-1;1;-1;1;9;-1;-1;-1;-1;-1;-1;1;0;1;0;1;0;0;2;0;0;1;0;0;0;0;0;6;2;2;6;5;4;4;4;1;5;4;4;5;4;4;3;4;3;3;2;4;2;2;3;3;2;3;3;3;3;4;2;3;3;3;4;4;4;4;4;3;4;2;2;3;4;3;3;2;2;3;2;2;-1;-1;6;6;1;6;1;1;280.63705962
1126;2024Q2;ES709A3;ES709;6;2;33;1;1;1;8;10;-1;-1;-1;6;-1;-1;-1;66;5;-1;-1;1;7;3;0;0;0;1;0;2;3;0;0;0;1;1;0;1;0;2;2;2;5;5;5;3;1;6;3;2;1;4;3;5;5;3;5;1;5;2;3;3;3;4;3;2;2;3;4;4;5;5;4;4;3;2;4;3;3;1;4;3;1;2;4;3;2;1;2;1;2;3;-1;-1;6;6;1;6;4;3;469.13987505
1127;2024Q2;ES709A3;ES709;6;1;21;1;1;1;5;1;6;1;5;6;-1;-1;-1;57;3;-1;-1;-9;-1;2;0;0;1;0;1;0;2;1;0;1;0;0;0;0;0;6;2;2;-1;5;3;3;3;1;2;2;5;2;4;4;4;4;4;4;2;4;4;3;4;3;4;4;4;2;3;4;4;3;3;5;3;3;3;4;3;4;4;2;4;4;4;4;4;3;3;4;3;2;-1;-1;-9;1;1;6;1;1;661.44693844
1128;2024Q2;ES709A3;ES709;6;2;33;1;1;1;10;2;6;2;2;1;-1;-1;-1;-1;-1;-1;-1;-1;-1;2;0;0;0;1;1;0;2;2;0;0;0;0;0;0;0;8;5;5;1;5;5;4;2;6;4;4;3;4;3;5;5;2;5;3;4;3;3;3;3;4;3;2;3;3;4;4;3;4;4;4;2;2;4;2;4;1;4;3;4;1;4;1;1;1;3;1;1;1;5;2;1;6;1;6;5;1;661.44693844
1129;2024Q2;ES709A3;ES709;1;1;25;1;1;1;8;2;1;2;3;6;-1;-1;-1;55;1;4;-1;-1;-1;3;0;0;0;1;2;0;3;2;0;0;0;1;0;0;0;2;7;5;3;3;3;2;1;6;3;3;3;3;3;4;4;3;4;2;3;3;2;4;3;3;3;2;3;3;3;4;3;4;4;3;3;2;3;3;3;3;4;4;3;3;4;3;3;1;3;3;2;1;1;2;1;6;5;6;-3;1;1463.7431188
1130;2024Q2;ES709A3;ES709;1;1;27;1;1;1;6;1;6;2;8;6;-1;-1;-1;65;5;-1;-1;1;-9;4;0;0;0;2;1;1;4;2;0;0;0;1;0;1;0;2;7;4;-1;5;5;3;1;6;3;4;4;4;4;4;5;4;5;3;4;3;4;3;3;4;3;3;4;4;4;4;4;4;3;4;3;3;3;3;2;2;2;1;3;3;3;3;3;2;2;3;1;1;1;4;6;6;5;6;4;1;1951.6574917
1131;2024Q2;ES709A3;ES709;6;2;59;3;1;5;10;10;-1;-1;-1;1;-1;1;4;-1;-1;-1;-1;-1;-1;2;0;0;1;0;1;0;2;0;0;0;1;0;1;0;0;6;2;2;3;5;5;4;2;6;4;5;2;4;4;2;2;4;2;3;2;3;2;4;4;5;3;2;4;4;4;5;2;2;2;3;3;3;3;4;3;3;5;4;4;3;3;3;3;1;3;3;2;1;5;3;1;6;5;6;-3;2;273.9884846
1132;2024Q2;ES709A3;ES709;1;1;33;1;1;1;7;1;6;2;7;1;-1;-1;-1;-1;-1;-1;-1;-1;-1;1;0;0;0;1;0;0;1;1;0;0;0;0;0;0;0;1;5;6;4;2;2;3;2;6;2;2;-9;4;3;4;4;4;5;3;4;4;3;5;3;4;3;4;4;4;4;4;4;5;4;5;1;4;4;4;4;3;3;3;2;3;3;2;2;2;3;3;1;1;5;4;6;6;1;6;4;1;487.91437293
1133;2024Q2;ES709A3;ES709;6;2;59;1;1;1;8;2;1;1;4;1;-1;-1;-1;-1;-1;-1;-1;-1;-1;2;0;0;0;0;1;1;2;1;0;1;0;0;0;0;0;6;6;5;3;5;4;3;1;6;4;4;4;4;4;5;5;4;2;2;4;2;5;4;2;2;2;1;1;1;1;1;5;5;5;5;1;1;4;5;3;2;2;2;1;-3;3;3;2;1;2;1;2;1;3;2;6;6;1;6;3;1;622.67550634
1134;2024Q2;ES709A3;ES709;6;2;70;1;1;1;3;14;-1;-1;-1;6;-1;-1;-1;70;5;-1;-1;1;7;3;0;0;0;1;0;2;3;1;0;0;0;1;0;1;0;2;4;3;5;3;2;3;3;6;4;4;4;4;4;4;4;4;4;4;3;4;4;4;2;4;4;4;4;4;4;4;3;3;4;3;4;3;3;3;3;3;3;4;3;3;5;3;3;3;3;3;3;1;4;2;1;6;5;6;2;3;2839.2120252
1135;2024Q2;ES709A3;ES709;1;1;25;1;1;5;8;1;1;2;2;6;-1;-1;-1;67;2;3;-1;-1;-1;3;0;0;0;1;1;1;3;2;1;0;0;0;0;0;0;2;7;5;3;4;4;2;1;6;4;4;4;4;5;3;4;4;4;4;4;3;4;3;4;4;3;2;3;4;5;5;4;4;4;4;2;4;4;3;4;3;2;3;5;-3;3;-3;3;3;2;3;1;1;1;2;1;6;5;6;3;-9;1463.7431188
1136;2024Q2;ES709A3;ES709;6;2;61;1;1;1;6;10;-1;-1;-1;1;-1;1;9;-1;-1;-1;-1;-1;-1;1;0;0;0;0;1;0;1;0;0;0;1;0;0;0;0;1;1;1;6;4;3;2;1;6;3;4;3;3;4;4;5;3;4;4;3;4;4;4;4;4;4;2;4;3;4;4;2;2;2;2;2;4;4;4;4;3;3;5;4;3;3;4;4;1;3;4;3;1;5;4;6;6;1;6;4;1;136.9942423
1137;2024Q2;ES709A3;ES709;1;1;80;1;1;1;4;12;-1;-1;-1;1;-1;1;7;-1;-1;-1;-1;-1;-1;2;0;0;0;0;0;2;2;0;0;1;0;1;0;0;0;9;4;4;5;4;3;3;1;6;2;4;4;5;3;2;3;4;4;4;4;2;2;4;2;2;1;4;4;2;2;4;5;5;5;5;2;2;3;4;2;2;2;2;2;2;3;3;3;1;1;2;2;3;-1;-1;6;6;1;6;1;1;3459.7335588
1138;2024Q2;ES709A3;ES709;6;2;32;1;1;1;7;1;6;2;5;6;-1;-1;-1;42;2;7;-1;-1;-1;2;1;0;0;2;0;0;3;1;1;0;0;0;0;0;0;2;6;4;4;2;2;3;2;6;3;4;4;4;4;4;2;4;4;4;4;4;2;2;2;4;4;4;4;4;4;4;2;4;4;4;4;2;3;3;3;3;3;3;3;3;3;3;3;3;3;3;2;3;-1;-1;6;1;1;1;3;1;661.44693844
1139;2024Q2;ES709A3;ES709;6;2;54;3;3;5;5;10;-1;-1;-1;6;-1;-1;-1;80;5;-1;-1;2;5;3;0;0;1;0;1;1;3;0;0;1;1;1;0;0;0;2;3;2;3;3;3;3;2;6;4;4;4;4;4;4;4;4;4;4;2;2;3;2;4;4;3;4;4;4;4;4;2;2;3;3;4;3;3;3;3;3;4;4;4;3;4;2;2;1;2;4;2;2;-1;-1;6;6;5;6;-3;1;1730.8488228
1140;2024Q2;ES709A3;ES709;6;2;47;3;2;2;10;14;-1;-1;-1;1;6;-1;-1;-1;-1;-1;-1;-1;-1;2;0;2;1;0;2;0;5;0;0;0;0;0;1;1;1;2;3;1;-1;5;5;4;3;6;5;5;-9;5;5;-9;2;5;2;5;-9;-9;2;2;5;5;5;-9;-9;5;5;5;-9;2;2;2;-9;-9;4;4;5;5;5;5;5;-3;4;-3;-3;-3;-3;-3;2;3;-1;-1;6;6;2;6;-3;-9;2517.3145874
1141;2024Q2;ES709A3;ES709;1;1;23;1;1;1;9;2;6;2;3;6;-1;-1;-1;58;8;-1;1;1;5;2;0;0;1;0;1;0;2;1;0;0;0;1;0;0;0;6;4;4;5;5;5;5;3;6;4;2;3;4;4;4;4;4;3;2;4;4;2;5;3;2;3;2;4;4;4;4;5;5;5;5;2;2;3;1;3;1;4;1;1;3;2;1;1;2;1;2;2;2;-1;-1;6;6;1;6;3;2;975.82874586
1142;2024Q2;ES709A3;ES709;1;1;62;1;1;1;10;2;6;2;2;1;-1;-1;-1;-1;-1;-1;-1;-1;-1;4;0;0;2;0;2;0;4;2;1;0;0;0;1;0;0;2;7;5;1;5;5;3;2;1;4;2;2;4;4;4;4;2;4;4;4;2;2;2;4;4;4;2;4;4;4;4;4;4;4;4;2;4;3;3;3;2;3;3;4;3;3;3;3;3;3;2;2;2;-1;-1;1;6;1;1;4;3;606.26666677
1143;2024Q2;ES709A3;ES709;1;1;48;1;1;1;5;10;-1;-1;-1;6;-1;-1;-1;52;1;9;-1;-1;-1;3;0;0;1;0;2;0;3;2;0;0;1;0;0;0;0;2;2;2;6;2;3;3;3;1;4;4;4;5;5;2;5;4;2;2;3;2;1;3;4;5;3;3;3;3;5;2;1;5;5;5;3;1;3;3;4;4;4;4;3;3;4;5;5;3;3;4;3;1;5;4;1;6;4;6;-3;3;338.22774882
1144;2024Q2;ES709A3;ES709;6;2;42;1;1;1;9;10;-1;-1;-1;1;-1;1;3;-1;-1;-1;-1;-1;-1;1;2;0;0;1;0;0;3;0;0;1;0;0;0;0;0;6;3;2;2;2;2;1;1;6;2;2;2;2;3;2;5;1;5;1;2;1;3;2;2;1;1;1;1;1;2;3;2;2;2;4;1;1;2;2;2;1;3;1;2;2;2;1;1;1;2;1;1;3;-1;-1;6;6;5;6;5;1;280.63705962
1145;2024Q2;ES709A3;ES709;6;2;62;3;1;5;3;10;-1;-1;-1;6;-1;-1;-1;80;9;-1;6;-1;-1;3;0;0;0;0;2;1;3;0;0;1;2;0;0;0;0;5;3;2;-1;5;4;2;2;6;5;4;5;4;4;4;4;4;4;4;4;2;4;4;4;4;2;2;2;2;2;4;4;4;4;4;2;2;3;3;3;3;3;3;3;-3;3;2;3;3;3;3;3;1;3;4;6;6;5;6;1;1;410.9827269
1146;2024Q2;ES709A3;ES709;1;1;56;1;1;1;5;7;-1;-1;7;1;-1;-1;-1;-1;-1;-1;-1;-1;-1;1;0;0;0;0;1;0;1;0;1;0;0;0;0;0;0;1;3;5;5;5;5;4;1;6;2;2;2;4;4;2;3;4;4;4;4;2;-9;2;4;4;4;1;1;1;4;5;4;2;5;4;4;4;-3;-3;-3;-3;4;4;5;-3;-3;-3;-3;-3;-3;-3;2;3;-1;-1;6;6;1;6;3;3;151.56666669
1147;2024Q2;ES709A3;ES709;1;1;54;1;1;1;5;2;6;2;7;1;-1;-1;-1;-1;-1;-1;-1;-1;-1;4;0;0;1;1;2;0;4;1;0;0;3;0;0;0;0;2;3;2;5;5;5;4;1;6;3;1;1;4;1;4;5;1;5;1;5;1;5;5;1;1;1;1;1;2;1;2;5;5;5;5;1;1;4;4;1;1;1;1;1;1;-7;1;1;1;1;1;1;1;2;4;6;6;1;6;2;1;689.74686763
1148;2024Q2;ES709A3;ES709;6;2;71;1;1;1;3;14;-1;-1;-1;6;-1;-1;-1;70;5;-1;-1;1;8;2;0;0;0;0;0;2;2;0;0;0;0;1;0;1;0;4;3;3;-1;5;4;3;2;6;4;4;4;4;4;2;4;4;2;4;2;4;2;2;4;4;4;4;4;4;4;4;2;-9;2;2;4;4;4;3;4;4;4;4;4;3;5;4;4;3;4;4;2;3;-1;-1;6;6;1;6;1;1;1892.8080168
1149;2024Q2;ES709A3;ES709;6;2;69;1;1;1;2;12;-1;-1;-1;1;-1;1;9;-1;-1;-1;-1;-1;-1;1;0;0;0;0;0;1;1;0;0;0;0;1;0;0;0;1;7;6;6;4;4;4;4;1;4;4;4;5;5;4;2;4;4;4;3;3;3;2;5;5;4;3;4;4;4;4;2;2;2;2;4;4;4;3;3;3;4;4;4;4;4;3;3;5;5;4;1;-9;-1;-1;6;6;1;1;3;3;946.40400839
1150;2024Q2;ES709A3;ES709;1;1;44;2;1;5;9;7;-1;-1;1;1;-1;-1;-1;-1;-1;-1;-1;-1;-1;1;0;2;0;1;0;0;3;0;1;0;0;0;0;0;0;6;5;3;2;5;5;5;5;1;5;5;5;5;5;1;1;5;1;5;1;5;1;1;5;5;5;4;5;5;5;5;4;1;1;1;1;4;3;4;4;4;4;4;4;4;4;4;4;1;4;1;2;3;-1;-1;6;6;5;6;4;2;279.87114657
1151;2024Q2;ES709A3;ES709;6;2;27;1;1;1;5;10;-1;-1;-1;6;-1;-1;-1;62;3;-1;-1;1;5;2;0;0;0;1;1;0;2;0;0;2;0;0;0;0;0;6;3;3;5;3;3;4;1;6;3;2;2;4;2;4;4;2;4;2;4;2;4;2;2;2;2;2;2;2;2;4;4;4;4;4;2;2;3;4;1;1;3;1;3;3;4;2;3;1;3;2;2;2;-1;-1;1;6;5;6;2;1;312.7599167
1152;2024Q2;ES709A3;ES709;6;2;41;1;1;1;8;1;6;1;5;6;-1;-1;-1;67;5;-1;-1;1;9;3;0;0;0;1;1;1;3;1;0;0;1;1;0;0;0;2;5;4;6;4;4;2;2;6;4;4;2;4;4;2;2;4;2;4;2;4;2;2;4;4;4;4;4;4;4;4;2;2;2;2;2;4;3;2;3;4;4;2;2;3;3;3;3;2;3;3;1;3;-1;-1;1;1;5;6;3;1;1364.9417115
1153;2024Q2;ES703A0;ES703;6;2;31;3;3;4;6;2;6;2;5;1;-1;-1;-1;-1;-1;-1;-1;-1;-1;4;0;0;1;2;1;0;4;2;0;0;1;0;0;1;0;2;5;3;5;4;4;4;3;1;4;4;4;4;4;4;4;4;4;2;2;4;2;2;2;4;4;2;2;2;4;4;4;2;2;2;2;2;3;4;4;4;4;5;5;5;3;3;3;2;4;4;2;2;-1;-1;6;6;4;6;5;-9;512.25224175
1154;2024Q2;ES703A0;ES703;6;2;35;3;1;5;5;1;6;2;5;6;-1;-1;-1;44;1;8;-1;-1;-1;2;1;0;0;2;0;0;3;2;0;0;0;0;0;0;0;2;4;3;-1;4;4;4;4;6;4;2;4;3;4;2;4;4;4;4;4;3;4;4;4;4;4;2;2;2;4;4;4;4;4;4;2;2;4;4;3;4;4;3;3;3;3;3;4;1;3;3;2;1;5;2;6;6;3;6;5;1;71.060023952
1155;2024Q2;ES703A0;ES703;6;2;48;2;1;5;10;10;-1;-1;-1;1;-1;1;2;-1;-1;-1;-1;-1;-1;1;0;0;0;0;1;0;1;0;0;1;0;0;0;0;0;1;2;4;-1;4;3;3;1;6;4;3;2;4;3;5;5;2;5;2;5;3;4;4;4;3;3;2;2;3;4;4;4;4;5;5;3;2;4;3;3;3;3;3;4;2;2;2;2;1;3;1;3;1;1;2;1;-9;4;6;4;-9;4.3536175266
1156;2024Q2;ES703A0;ES703;6;2;48;3;1;5;8;2;6;2;5;6;-1;-1;-1;49;1;5;-1;-1;-1;3;0;0;2;0;2;0;4;2;0;0;0;0;2;0;0;2;7;4;3;4;4;3;2;6;4;4;4;4;4;3;3;3;3;4;4;3;4;2;2;3;3;2;2;3;4;4;2;2;4;4;3;3;3;3;3;3;3;3;3;3;3;3;2;3;3;3;3;2;-1;-1;1;1;5;6;4;3;33.362432404
1157;2024Q2;ES703A0;ES703;1;1;58;1;1;1;8;10;-1;-1;-1;1;-1;1;9;-1;-1;-1;-1;-1;-1;1;0;0;0;0;1;0;1;0;0;0;1;0;0;0;0;1;2;3;6;4;3;2;1;6;4;3;3;4;4;2;4;3;3;4;2;4;2;2;4;4;4;4;3;4;4;4;2;2;3;3;4;4;4;3;4;3;3;4;3;3;4;3;3;2;3;3;3;3;-1;-1;6;6;5;6;3;1;4.3536175266
1158;2024Q2;ES703A0;ES703;6;2;61;3;1;5;5;10;-1;-1;-1;6;-1;-1;-1;65;5;-1;-1;1;8;2;0;0;0;0;1;1;2;0;0;1;0;1;0;0;0;4;4;4;5;3;3;3;2;6;4;4;3;4;3;2;2;3;2;4;2;4;2;2;3;4;4;4;4;3;4;4;4;4;4;4;4;4;3;3;3;3;4;4;4;3;4;4;4;4;3;3;2;2;-1;-1;6;6;5;6;2;3;8.7072350532
1159;2024Q2;ES703A0;ES703;6;2;54;1;1;1;5;2;6;2;5;1;-1;-1;-1;-1;-1;-1;-1;-1;-1;2;0;0;0;1;1;0;2;1;0;0;1;0;0;0;0;6;3;3;5;4;3;3;1;6;4;4;3;4;4;4;2;4;2;4;3;4;2;2;4;4;4;2;2;3;4;4;2;2;2;2;3;3;3;3;3;4;4;5;4;3;3;3;3;3;3;4;2;1;1;3;1;6;5;6;5;3;22.241621603
1160;2024Q2;ES703A0;ES703;1;1;33;2;1;2;6;1;6;1;5;6;-1;-1;-1;33;1;2;-1;-1;-1;2;0;0;0;2;0;0;2;2;0;0;0;0;0;0;0;4;5;5;2;5;5;5;3;1;3;4;4;4;5;3;5;5;4;3;3;3;2;3;5;4;4;4;4;5;5;5;5;5;5;5;4;3;4;5;4;4;4;4;4;4;4;4;4;3;3;3;2;2;-1;-1;6;6;2;6;4;1;69.184354921
1161;2024Q2;ES703A0;ES703;1;1;50;1;1;5;10;2;1;2;1;6;-1;-1;-1;45;2;2;-1;-1;-1;2;0;1;1;0;2;0;4;1;1;0;0;0;1;0;0;2;7;4;1;4;3;2;1;6;4;4;3;5;3;-9;4;2;4;3;2;3;2;2;4;3;3;3;3;3;3;2;2;3;4;4;3;3;4;4;4;4;4;4;3;3;4;3;3;2;2;4;2;2;-1;-1;1;1;5;6;5;1;50.31507044
1162;2024Q2;ES703A0;ES703;6;2;54;3;1;5;8;2;6;1;3;1;-1;-1;-1;-1;-1;-1;-1;-1;-1;2;0;0;0;0;1;1;2;1;0;0;0;1;0;0;0;6;4;4;3;4;4;5;4;6;4;4;4;4;4;4;4;4;3;4;2;2;4;2;3;3;3;3;1;2;4;3;4;4;4;4;2;3;4;4;4;4;5;5;5;4;5;4;4;4;4;3;1;3;-1;-1;6;6;5;6;4;1;22.241621603
1163;2024Q2;ES703A0;ES703;6;2;40;1;1;1;4;10;-1;-1;-1;6;-1;-1;-1;42;2;6;-1;-1;-1;2;0;2;0;2;0;0;4;0;1;1;0;0;0;0;0;2;3;2;5;2;2;2;3;6;4;4;4;4;4;5;4;5;2;4;4;4;2;2;2;4;4;2;4;4;4;4;2;2;2;4;2;2;4;4;4;4;4;4;4;4;4;1;2;1;2;3;2;1;4;3;1;6;5;6;3;1;8.7072350532
1164;2024Q2;ES703A0;ES703;1;1;39;1;1;5;8;7;-1;-1;2;1;-1;-1;-1;-1;-1;-1;-1;-1;-1;2;0;0;0;2;0;0;2;1;1;0;0;0;0;0;0;4;6;5;2;4;3;3;1;1;4;4;4;4;4;4;5;2;4;2;4;2;3;2;3;4;4;2;4;2;3;3;4;3;4;5;2;1;3;4;4;2;3;2;2;1;2;3;1;1;2;1;1;1;5;4;1;6;5;1;5;1;64.731438866
1165;2024Q2;ES703A0;ES703;6;2;21;3;3;4;8;1;6;1;5;6;-1;-1;-1;40;2;5;-1;-1;-1;3;0;1;1;1;1;0;4;2;1;0;0;0;0;0;0;2;7;4;3;4;4;4;3;1;-9;-9;-9;4;3;4;4;4;4;2;4;3;4;3;3;4;4;2;2;2;4;4;4;4;4;4;3;3;5;4;4;4;5;4;4;4;4;3;3;3;4;4;2;2;-1;-1;6;6;4;6;4;1;384.18918131
1166;2024Q2;ES703A0;ES703;6;2;53;1;1;1;4;14;-1;-1;-1;6;-1;-1;-1;75;5;-1;-1;1;8;2;0;1;0;0;1;1;3;0;0;0;0;1;0;1;0;2;2;2;5;3;2;2;2;6;4;4;3;4;3;2;2;3;2;4;3;4;4;2;4;4;4;4;4;3;4;4;2;2;4;4;4;4;3;3;3;4;4;4;3;3;4;3;3;2;2;3;2;1;2;4;1;1;5;6;3;1;274.30112801
1167;2024Q2;ES703A0;ES703;6;2;23;1;1;1;8;7;-1;-1;5;1;-1;-1;-1;-1;-1;-1;-1;-1;-1;1;1;0;1;0;0;0;2;0;1;0;0;0;0;0;0;6;1;1;3;4;4;4;2;6;4;4;3;4;4;3;3;4;3;3;3;3;3;2;3;3;4;3;3;4;4;4;4;2;3;3;3;3;4;4;4;4;4;3;2;3;4;3;3;3;3;3;2;2;-1;-1;6;6;4;6;4;3;6.1757823679
1168;2024Q2;ES703A0;ES703;6;2;45;1;1;1;6;7;-1;-1;3;1;-1;-1;-1;-1;-1;-1;-1;-1;-1;1;0;0;0;0;1;0;1;0;1;0;0;0;0;0;0;1;2;4;3;2;2;2;2;1;3;2;3;3;3;3;4;3;2;2;2;2;4;3;3;3;2;1;3;2;3;4;2;4;4;4;4;2;3;2;3;3;3;2;3;3;3;3;3;2;3;2;1;2;-1;-1;1;-9;5;6;5;1;11.120810801
1169;2024Q2;ES703A0;ES703;6;2;58;1;1;1;7;14;-1;-1;-1;6;-1;-1;-1;56;1;6;-1;-1;-1;2;0;0;0;0;2;0;2;1;0;0;0;0;0;1;0;4;3;3;5;3;3;3;2;6;3;3;3;4;4;4;4;4;4;4;4;3;3;3;2;4;4;2;4;4;4;4;2;4;4;4;2;2;3;3;3;3;3;3;3;3;3;3;3;3;3;3;3;3;-1;-1;6;6;5;6;2;1;206.47990246
1170;2024Q2;ES703A0;ES703;1;1;52;1;1;5;8;2;6;2;5;1;-1;-1;-1;-1;-1;-1;-1;-1;-1;1;0;0;0;0;1;0;1;1;0;0;0;0;0;0;0;1;3;5;5;4;3;3;2;6;3;4;2;3;2;4;4;4;2;3;4;2;2;2;3;2;2;4;3;2;4;4;4;2;4;3;2;2;3;2;2;3;3;2;2;2;3;2;3;2;2;2;1;3;-1;-1;1;1;5;6;4;1;25.15753522
1171;2024Q2;ES703A0;ES703;1;1;51;2;1;5;5;7;-1;-1;5;1;-1;-1;-1;-1;-1;-1;-1;-1;-1;2;0;1;1;1;1;0;4;0;1;0;1;0;1;0;0;2;4;2;3;3;2;2;3;6;4;5;2;4;4;2;4;5;4;4;4;4;2;2;4;4;4;4;4;4;4;4;4;3;4;4;4;3;3;4;4;4;4;4;4;4;4;4;4;4;3;3;3;2;-1;-1;6;6;5;6;4;2;50.31507044
1172;2024Q2;ES703A0;ES703;6;2;39;3;1;5;4;10;-1;-1;-1;6;-1;-1;-1;42;2;7;-1;-1;-1;2;0;3;0;2;0;0;5;0;1;1;0;0;0;0;0;2;1;1;5;2;2;2;1;6;4;3;3;4;4;2;2;4;2;4;2;4;2;2;4;4;4;4;4;4;4;4;2;2;3;3;4;4;4;4;4;4;4;4;3;3;4;3;3;2;3;3;2;2;-1;-1;6;6;5;6;5;1;8.7072350532
1173;2024Q2;ES703A0;ES703;6;2;26;1;1;1;9;2;1;1;2;6;-1;-1;-1;44;1;5;-1;-1;-1;3;0;2;0;3;0;0;5;3;0;0;0;0;0;0;0;2;7;4;5;5;5;4;-9;6;5;4;-9;4;4;-9;4;5;-9;3;-9;-9;2;2;3;-9;4;1;-9;-9;5;5;2;2;3;2;3;3;5;5;-3;5;5;4;4;-3;5;-3;-3;-3;5;-3;2;2;-1;-1;-9;6;1;6;4;1;18.527347104
1174;2024Q2;ES703A0;ES703;6;2;26;3;1;5;5;10;-1;-1;-1;6;-1;-1;-1;65;8;-1;1;1;9;2;0;0;0;1;0;1;2;0;0;0;1;1;0;0;0;6;1;1;6;4;4;4;4;1;3;3;4;4;4;4;5;4;2;1;4;4;5;4;2;2;2;4;2;1;2;4;4;4;4;4;2;2;2;3;3;1;3;2;2;3;3;3;3;3;3;3;2;3;-1;-1;6;6;5;6;5;1;8.7072350532
1175;2024Q2;ES703A0;ES703;6;2;48;3;1;5;6;1;6;1;5;6;-1;-1;-1;48;1;9;-1;-1;-1;3;0;0;1;0;2;0;3;2;0;0;1;0;0;0;0;2;5;4;6;3;3;3;2;6;4;4;4;5;4;4;1;4;4;4;4;5;3;2;3;4;4;4;4;4;4;4;2;2;2;4;2;4;3;3;4;4;4;3;4;4;4;3;4;3;3;4;3;3;-1;-1;6;6;5;6;5;1;33.362432404
1176;2024Q2;ES703A0;ES703;1;1;21;1;1;5;8;13;-1;-1;-1;6;-1;-1;-1;41;1;5;-1;-1;-1;4;0;0;2;1;1;0;4;2;0;0;0;1;1;0;0;2;7;4;5;4;4;3;2;1;4;3;2;4;4;4;4;4;2;4;4;4;2;4;4;2;2;4;4;2;4;4;5;5;4;4;2;2;3;3;4;2;4;2;2;3;3;2;3;2;5;2;1;1;2;2;1;6;5;6;5;2;245.18769356
1177;2024Q2;ES703A0;ES703;1;1;31;3;1;5;7;2;1;2;3;1;-1;-1;-1;-1;-1;-1;-1;-1;-1;3;0;0;0;1;2;0;3;2;0;0;0;0;0;1;0;2;6;4;4;4;5;4;2;6;3;4;4;4;4;3;4;4;3;3;3;3;2;3;4;4;3;3;4;4;4;4;3;2;4;4;3;4;3;4;3;2;3;3;3;3;3;3;3;5;3;3;3;2;-1;-1;6;6;5;6;4;1;103.77653238
1178;2024Q2;ES709A3;ES709;6;2;68;1;1;1;4;14;-1;-1;-1;6;-1;-1;-1;70;5;-1;-1;1;8;2;0;0;0;0;0;2;2;0;0;0;0;1;0;1;0;4;2;2;5;4;4;3;3;6;4;4;4;4;4;4;4;4;4;5;4;4;2;4;4;4;4;4;4;4;4;5;4;4;4;4;3;4;4;4;4;4;4;4;4;4;4;4;4;4;4;4;3;2;-1;-1;6;1;1;6;1;1;1928.8108465
1179;2024Q2;ES709A3;ES709;6;2;55;2;1;5;6;10;-1;-1;-1;1;-1;1;5;-1;-1;-1;-1;-1;-1;1;0;0;0;0;1;0;1;0;0;1;0;0;0;0;0;1;2;3;5;5;5;5;2;-9;2;2;2;3;3;1;4;-9;3;3;5;4;5;5;3;3;2;3;3;2;4;3;3;3;4;5;3;4;3;-7;2;3;3;3;3;2;3;2;2;1;3;3;2;-9;-1;-1;-9;6;5;6;3;1;139.59999013
1180;2024Q2;ES709A3;ES709;1;1;58;1;1;1;6;12;-1;-1;-1;1;-1;1;1;-1;-1;-1;-1;-1;-1;3;0;0;1;0;2;0;3;1;0;0;0;1;1;0;0;2;5;4;1;5;5;3;3;1;3;2;3;4;3;4;5;3;5;2;5;2;5;3;3;2;3;2;3;4;3;3;5;5;5;5;2;2;3;4;4;1;3;2;3;-7;2;1;2;2;2;1;2;1;3;-9;1;1;1;6;3;1;4945.2067678
1181;2024Q2;ES709A3;ES709;6;2;37;1;1;1;9;2;6;2;2;1;-1;-1;-1;-1;-1;-1;-1;-1;-1;2;0;0;0;1;0;1;2;1;0;0;0;1;0;0;0;8;7;6;1;5;5;3;2;6;4;4;3;4;4;4;5;1;5;2;4;3;5;4;2;3;3;1;1;2;3;2;5;5;5;5;1;2;4;5;3;1;3;4;4;3;4;2;2;3;3;2;1;1;3;3;6;6;5;6;4;-9;927.2693813
1182;2024Q2;ES709A3;ES709;6;2;25;1;1;1;5;2;6;2;4;1;-1;-1;-1;-1;-1;-1;-1;-1;-1;3;0;0;1;2;0;0;3;2;0;0;1;0;0;0;0;5;4;3;3;4;5;2;3;6;5;5;5;5;5;5;5;5;5;5;5;5;5;5;5;5;5;5;5;5;5;5;5;5;5;5;5;5;1;1;1;1;1;1;1;1;1;1;1;1;1;1;1;1;2;4;6;6;3;1;4;3;1011.0423386
1183;2024Q2;ES709A3;ES709;6;2;80;1;1;1;4;12;-1;-1;-1;1;-1;1;9;-1;-1;-1;-1;-1;-1;2;0;0;0;0;0;2;2;0;0;0;0;2;0;0;0;4;2;2;6;3;3;2;3;6;4;4;4;4;4;4;4;4;4;4;4;4;2;4;4;4;4;4;4;2;4;4;2;2;2;2;2;5;3;3;3;3;4;3;3;4;3;3;-3;3;-3;4;3;2;-1;-1;6;6;1;6;3;2;1928.8108465
1184;2024Q2;ES709A3;ES709;6;2;46;1;1;1;5;1;6;2;9;1;-1;-1;-1;-1;-1;-1;-1;-1;-1;3;0;1;1;0;2;0;4;2;0;0;1;0;0;0;0;6;5;3;6;5;5;4;5;1;5;5;5;5;-9;4;5;4;2;4;-9;-9;2;-9;4;4;4;4;4;4;5;4;5;4;4;4;2;1;5;5;4;3;4;2;1;-3;2;3;-3;-3;-3;2;2;3;-1;-1;6;6;1;6;3;1;1038.7087036
1185;2024Q2;ES709A3;ES709;6;2;56;1;1;1;5;10;-1;-1;-1;6;-1;-1;-1;54;2;8;-1;-1;-1;4;0;0;2;0;2;0;4;0;1;1;2;0;0;0;0;2;5;3;5;4;5;4;5;1;5;5;4;5;5;4;3;5;3;4;4;3;1;1;5;5;5;5;5;5;5;5;5;3;4;4;4;4;5;4;4;4;4;4;4;4;3;3;3;3;4;4;1;2;-1;-1;-9;6;1;6;3;1;558.39996052
1186;2024Q2;ES709A3;ES709;1;1;74;1;1;1;2;12;-1;-1;-1;1;-1;1;7;-1;-1;-1;-1;-1;-1;1;0;0;0;0;0;1;1;0;0;0;0;1;0;0;0;1;2;3;5;2;3;2;2;6;4;4;4;4;5;5;5;5;5;1;2;5;2;2;5;4;2;4;4;4;4;5;4;2;2;4;1;5;3;3;3;5;3;5;3;5;5;5;5;3;5;5;3;2;-1;-1;6;1;5;6;3;2;1762.7703273
1187;2024Q2;ES709A3;ES709;1;1;35;1;1;1;5;1;6;1;9;6;-1;-1;-1;56;1;5;-1;-1;-1;4;0;0;1;1;2;0;4;3;0;0;0;0;0;0;1;6;7;4;5;3;3;2;3;1;2;2;3;4;2;2;4;2;4;2;4;2;4;3;3;2;2;2;2;2;2;4;4;4;4;4;4;2;2;2;4;4;4;4;4;4;4;4;4;2;4;4;2;1;5;4;1;1;1;6;-3;1;1140.778142
1188;2024Q2;ES709A3;ES709;6;2;31;2;1;5;8;1;6;2;9;6;-1;-1;-1;45;1;9;-1;-1;-1;3;0;1;1;1;1;0;4;2;0;1;0;0;0;0;0;7;4;2;6;3;3;3;3;1;2;2;2;2;4;2;3;4;2;2;1;1;1;1;1;1;1;1;4;4;4;4;1;1;4;4;4;1;3;3;3;3;5;3;1;3;3;3;1;1;3;3;2;3;-1;-1;6;6;5;6;5;1;1011.0423386
1189;2024Q2;ES709A3;ES709;6;2;53;2;1;5;6;1;6;2;5;1;-1;-1;-1;-1;-1;-1;-1;-1;-1;1;0;0;0;0;1;0;1;1;0;0;0;0;0;0;0;1;3;5;5;5;5;4;4;1;2;4;4;5;4;4;5;4;5;4;3;4;3;3;4;4;4;4;2;2;4;4;5;5;5;5;3;3;4;2;4;4;4;4;3;3;3;3;4;1;3;3;2;3;-1;-1;6;6;5;6;3;1;346.23623453
1190;2024Q2;ES709A3;ES709;6;2;45;2;1;5;9;2;6;2;4;1;-1;-1;-1;-1;-1;-1;-1;-1;-1;2;0;1;0;0;2;0;3;2;0;0;0;0;0;0;0;2;5;4;3;5;5;5;3;1;5;4;4;4;4;5;5;3;5;5;4;1;5;3;3;1;2;2;2;4;4;4;5;5;5;5;1;1;5;2;3;1;1;1;1;1;-7;1;-7;1;4;1;2;2;-1;-1;1;6;5;6;2;1;692.47246907
1191;2024Q2;ES709A3;ES709;1;1;50;2;1;5;7;10;-1;-1;-1;1;-1;1;7;-1;-1;-1;-1;-1;-1;3;0;2;0;0;2;1;5;0;0;2;0;0;0;0;1;3;4;2;4;4;4;4;1;6;1;4;4;2;4;4;5;2;5;1;5;5;5;5;5;5;4;1;4;1;1;1;5;5;5;5;2;1;4;4;1;1;1;1;2;1;1;1;1;1;3;1;1;1;2;-9;6;6;5;6;4;1;344.66113031
1192;2024Q2;ES709A3;ES709;6;2;67;3;1;5;5;14;-1;-1;-1;6;-1;-1;-1;74;5;-1;-1;1;7;4;0;0;0;1;1;2;4;0;0;0;2;1;0;1;0;2;3;2;4;3;3;3;2;6;5;4;2;5;5;4;2;1;2;4;2;5;4;4;2;4;5;5;4;4;2;5;1;1;5;2;4;2;4;4;4;4;5;5;4;4;4;4;4;1;4;5;2;1;3;4;1;6;5;6;4;1;3857.6216931
1193;2024Q2;ES709A3;ES709;1;1;36;3;1;5;5;1;1;2;5;1;-1;-1;-1;-1;-1;-1;-1;-1;-1;2;0;2;0;2;0;0;4;1;0;1;0;0;0;0;0;2;5;3;6;5;5;3;4;1;5;5;4;4;5;4;5;5;5;4;4;4;5;5;4;5;5;4;5;5;5;5;5;5;5;5;5;1;4;4;4;4;4;4;4;4;5;2;2;2;2;2;3;2;-1;-1;6;6;5;6;2;2;570.38907099
1194;2024Q2;ES709A3;ES709;6;2;43;3;1;4;10;1;6;2;9;1;-1;-1;-1;-1;-1;-1;-1;-1;-1;2;0;0;1;1;1;0;3;2;0;0;0;0;1;0;0;7;5;3;6;5;5;5;5;1;5;5;4;5;5;2;5;5;4;4;4;4;2;1;2;3;3;4;4;4;5;5;3;3;2;2;4;3;4;4;4;3;3;4;5;4;3;3;3;3;4;4;3;2;-1;-1;6;6;4;6;1;1;927.2693813
1195;2024Q2;ES709A3;ES709;6;2;60;1;1;1;4;15;-1;-1;-1;6;-1;-1;-1;63;1;7;-1;-1;-1;2;0;0;0;0;2;0;2;1;0;0;0;1;0;0;0;4;4;4;4;3;3;2;4;1;3;2;2;3;3;4;4;2;4;2;4;2;4;4;2;2;4;2;2;4;4;4;4;4;4;4;2;2;4;3;4;2;4;3;2;3;4;2;2;2;3;3;2;1;5;2;1;1;5;6;3;1;1668.5486807
1196;2024Q2;ES709A3;ES709;6;2;44;3;1;5;10;1;1;2;4;6;-1;-1;-1;48;1;3;-1;-1;-1;2;0;2;0;1;1;0;4;2;0;0;0;0;0;0;0;2;5;3;3;5;5;4;4;1;5;5;5;5;5;4;2;5;1;4;2;5;2;2;4;5;5;5;5;5;5;5;1;2;2;2;4;4;3;4;4;3;2;3;3;3;3;4;4;4;4;3;1;3;-1;-1;6;6;5;6;1;2;927.2693813
1197;2024Q2;ES709A3;ES709;1;1;47;3;3;5;7;7;-1;-1;3;1;-1;-1;-1;-1;-1;-1;-1;-1;-1;3;0;0;1;1;1;0;3;1;2;0;0;0;0;0;0;2;7;6;3;5;5;5;1;1;5;5;5;5;5;3;2;2;3;4;3;4;3;3;4;5;4;5;5;5;4;4;3;3;3;3;4;4;4;4;4;4;4;3;4;-3;-3;-3;-3;-3;-3;3;2;1;3;3;1;-9;4;1;-3;3;4351.7542927
1198;2024Q2;ES709A3;ES709;6;2;62;3;2;5;6;1;6;2;5;6;-1;-1;-1;43;1;5;-1;-1;-1;2;0;0;0;1;1;0;2;2;0;0;0;0;0;0;0;6;4;4;5;4;4;3;2;6;4;4;4;4;4;2;4;4;4;4;4;2;2;2;4;4;4;4;3;3;4;4;3;2;4;4;3;3;4;3;4;4;4;3;3;3;4;3;3;2;2;4;2;1;2;4;6;6;5;6;1;1;1473.2135729
1199;2024Q2;ES709A3;ES709;6;2;29;3;3;3;10;1;6;1;5;1;-1;-1;-1;-1;-1;-1;-1;-1;-1;4;0;0;3;1;0;0;4;4;0;0;0;0;0;0;0;8;2;1;5;5;4;3;2;6;3;4;4;4;4;4;4;4;4;5;4;4;4;4;4;5;4;4;4;4;4;4;4;4;4;4;4;4;4;4;4;4;4;4;3;4;4;4;4;4;4;4;2;1;2;1;6;6;3;6;-3;3;3025.4449417
1200;2024Q2;ES709A3;ES709;1;1;51;1;1;1;5;1;6;1;8;1;-1;-1;-1;-1;-1;-1;-1;-1;-1;1;0;0;0;0;1;0;1;1;0;0;0;0;0;0;0;1;3;5;5;4;3;2;1;6;4;4;2;2;4;4;5;2;5;1;5;1;5;5;2;2;2;2;2;3;4;4;5;5;5;5;2;2;3;3;3;3;3;3;2;2;2;2;2;1;2;3;3;1;1;4;6;6;5;6;-3;1;175.71661096
1201;2024Q2;ES709A3;ES709;6;2;62;3;3;5;3;14;-1;-1;-1;6;-1;-1;-1;38;1;-9;-1;-1;-1;4;1;1;0;2;1;1;6;2;0;0;0;1;0;1;0;8;4;2;-1;4;3;3;3;1;3;4;4;4;4;4;5;4;4;4;5;-9;2;5;4;-9;4;4;4;2;4;4;5;-9;2;4;-9;2;4;4;4;4;4;4;4;-7;3;3;3;1;1;3;2;2;-1;-1;1;1;4;6;3;1;5014.4858516
1202;2024Q2;ES709A3;ES709;6;2;57;1;1;1;4;10;-1;-1;-1;1;-1;1;9;-1;-1;-1;-1;-1;-1;2;0;0;1;0;1;0;2;0;0;1;1;0;0;0;0;6;1;1;6;3;3;3;2;6;2;4;2;4;4;4;4;4;4;4;2;4;4;4;2;4;4;2;4;4;4;4;5;5;5;5;2;1;4;3;2;2;3;2;2;3;3;3;3;2;3;3;3;1;5;4;1;1;1;6;3;1;279.19998026
1203;2024Q2;ES709A3;ES709;6;2;43;3;3;3;8;1;6;2;9;1;-1;-1;-1;-1;-1;-1;-1;-1;-1;5;0;1;2;3;0;1;7;3;0;0;0;0;2;0;1;8;6;2;6;-9;-9;-9;1;1;4;4;-9;4;4;-9;-9;-9;-9;-9;-9;-9;-9;-9;-9;-9;-9;4;-9;4;4;4;-9;-9;-9;-9;-9;-9;4;4;-7;-7;-3;-7;-3;-3;5;-3;-3;-3;-3;-3;3;2;-1;-1;-9;-9;3;6;-3;-9;4414.909066
1204;2024Q2;ES709A3;ES709;1;1;51;3;1;5;7;5;-1;-1;7;1;-1;-1;-1;-1;-1;-1;-1;-1;-1;2;0;1;0;1;1;0;3;1;1;0;0;0;0;0;0;2;7;5;4;4;5;3;4;1;4;4;4;4;4;3;4;3;3;4;2;4;3;2;4;3;3;4;4;4;4;4;2;2;2;2;3;3;3;3;3;3;-3;4;3;-3;-3;3;3;2;-3;-3;1;1;1;3;1;6;5;6;-3;1;351.43322192
1205;2024Q2;ES709A3;ES709;6;2;26;3;1;5;5;1;1;1;5;1;-1;-1;-1;-1;-1;-1;-1;-1;-1;2;0;0;0;1;1;0;2;1;0;1;0;0;0;0;0;6;4;4;4;4;4;3;2;6;3;3;3;3;2;3;4;4;4;4;3;2;2;2;4;2;4;4;4;4;4;4;4;4;2;4;3;2;3;4;2;3;3;5;2;3;4;3;3;2;3;3;2;2;-1;-1;6;6;5;6;4;1;674.02822576
1206;2024Q2;ES709A3;ES709;1;1;41;2;1;1;5;7;-1;-1;6;1;-1;-1;-1;-1;-1;-1;-1;-1;-1;2;0;2;0;2;0;0;4;0;2;0;0;0;0;0;0;2;5;3;5;3;3;3;3;6;4;4;4;4;4;2;2;4;2;4;2;4;2;4;4;4;4;2;4;4;4;2;4;2;4;4;2;2;3;3;3;3;3;3;3;4;3;3;2;1;3;3;1;2;-1;-1;6;6;5;6;1;1;570.38907099
1207;2024Q2;ES709A3;ES709;6;2;55;3;1;5;6;10;-1;-1;-1;6;-1;-1;-1;58;1;8;-1;-1;-1;4;0;0;1;1;2;0;4;2;0;0;1;0;1;0;0;2;5;3;5;4;4;2;3;6;4;4;3;4;4;2;2;3;2;4;2;4;3;2;3;4;4;3;2;3;4;4;2;2;3;3;3;3;4;3;3;4;4;4;3;3;4;3;3;2;3;4;2;2;-1;-1;1;6;5;6;1;1;558.39996052
1208;2024Q2;ES709A3;ES709;1;1;75;3;3;2;10;1;6;1;4;1;-1;-1;-1;-1;-1;-1;-1;-1;-1;1;0;0;0;0;0;1;1;1;0;0;0;0;0;0;0;1;3;5;3;4;4;4;3;6;4;4;4;4;4;2;4;4;4;4;4;4;3;2;4;4;4;4;4;4;4;4;4;3;3;3;4;3;4;4;4;4;3;4;4;-7;4;-7;-7;-3;4;-3;2;-9;-1;-1;6;6;2;6;-3;-9;1543.6858191
1209;2024Q2;ES709A3;ES709;1;1;50;3;1;5;5;1;6;2;7;1;-1;-1;-1;-1;-1;-1;-1;-1;-1;3;0;0;0;0;2;1;3;2;0;0;0;1;0;0;0;8;6;4;5;4;4;4;2;1;4;4;4;4;4;2;4;4;4;4;4;4;2;4;4;4;4;4;4;4;4;4;4;2;4;2;4;4;4;4;4;4;4;4;4;4;4;4;4;4;4;4;1;3;-1;-1;6;6;5;6;1;2;527.14983289
1210;2024Q2;ES709A3;ES709;6;2;56;3;1;5;6;1;6;2;9;1;-1;-1;-1;-1;-1;-1;-1;-1;-1;3;0;0;1;0;2;0;3;2;0;1;0;0;0;0;0;8;6;4;6;4;4;4;4;1;5;5;4;4;4;4;4;4;4;4;4;4;2;4;4;4;4;4;4;4;2;4;4;2;4;2;2;4;4;4;4;4;4;4;4;4;4;4;4;4;4;4;1;1;5;1;1;1;5;6;1;1;951.77899172
1211;2024Q2;ES709A3;ES709;1;1;44;1;1;1;5;15;-1;-1;-1;1;1;1;9;-1;-1;-1;-1;-1;-1;2;0;2;0;2;0;0;4;1;0;0;0;1;0;0;0;2;5;3;6;5;4;3;3;1;2;4;2;5;4;2;2;4;2;5;1;4;4;2;4;4;4;4;4;4;4;4;2;4;2;2;2;4;4;3;3;3;3;3;2;3;3;3;3;4;4;4;2;3;-1;-1;6;6;5;1;3;3;3558.2943938
1212;2024Q2;ES709A3;ES709;1;1;39;3;2;4;3;7;-1;-1;7;6;-1;-1;-1;41;2;5;-1;-1;-1;2;0;1;0;2;0;0;3;0;2;0;0;0;0;0;0;2;7;5;4;4;4;3;2;6;4;3;3;-9;3;4;5;3;5;2;5;-9;2;2;4;2;2;3;4;3;4;4;5;4;4;4;1;3;3;3;3;2;3;3;2;2;3;-3;-3;1;3;1;2;2;-1;-1;6;6;4;6;5;1;3120.1253776
1213;2024Q2;ES709A2;ES709;1;1;53;1;1;1;5;1;6;2;7;1;-1;-1;-1;-1;-1;-1;-1;-1;-1;1;0;0;0;0;1;0;1;1;0;0;0;0;0;0;0;1;3;5;4;5;4;2;2;6;4;4;-9;4;4;4;4;2;2;4;4;2;4;4;2;2;2;4;4;4;4;4;4;4;4;4;2;2;3;3;3;3;3;2;2;3;4;2;2;4;3;3;3;1;1;3;1;1;5;6;3;3;892.36968596
1214;2024Q2;ES709A2;ES709;6;2;24;1;1;1;7;2;6;1;5;1;-1;-1;-1;-1;-1;-1;-1;-1;-1;1;0;0;1;0;0;0;1;1;0;0;0;0;0;0;0;1;3;5;4;4;4;3;2;6;3;4;4;5;4;3;5;5;5;5;5;5;5;5;3;3;4;2;4;4;3;4;4;4;4;4;1;1;3;3;3;3;3;3;2;3;3;3;3;2;3;1;1;1;2;3;6;6;1;6;3;1;321.7462997
1215;2024Q2;ES709A2;ES709;6;2;49;1;1;1;6;7;-1;-1;5;1;-1;-1;-1;-1;-1;-1;-1;-1;-1;2;0;1;0;0;1;1;3;0;1;0;0;1;0;0;0;7;4;3;3;2;2;1;1;6;5;5;2;3;4;2;5;2;5;1;5;4;4;3;1;1;2;1;2;2;2;2;1;2;4;2;2;3;1;2;1;1;1;1;1;3;3;2;2;1;1;1;2;1;5;1;1;1;1;6;5;1;681.02387166
1216;2024Q2;ES709A2;ES709;1;1;65;1;1;1;4;12;-1;-1;-1;1;-1;1;7;-1;-1;-1;-1;-1;-1;1;0;0;0;0;0;1;1;0;0;0;0;1;0;0;0;1;3;5;5;3;3;3;3;6;4;4;4;4;4;4;4;4;4;4;4;4;4;4;4;4;4;5;4;5;4;4;4;4;4;5;4;4;3;3;3;4;3;3;3;3;3;3;3;3;3;4;3;1;1;2;1;6;1;6;2;1;2087.1324764
1217;2024Q2;ES709A2;ES709;6;2;39;1;1;1;7;2;1;2;5;1;-1;-1;-1;-1;-1;-1;-1;-1;-1;1;0;1;0;1;0;0;2;1;0;0;0;0;0;0;0;6;3;3;5;5;5;2;2;6;1;5;4;4;4;2;5;4;4;4;2;4;1;2;2;4;5;3;3;4;4;4;4;4;2;2;4;2;5;5;5;4;4;4;5;4;4;4;4;4;4;4;1;1;1;1;1;6;1;6;4;3;550.67337026
1218;2024Q2;ES709A2;ES709;6;2;46;1;1;1;7;3;6;2;4;6;-1;-1;-1;48;1;7;-1;-1;-1;2;0;1;0;0;2;0;3;2;0;0;0;0;0;0;0;2;3;2;5;5;5;2;3;6;1;1;2;1;2;5;5;1;4;1;4;2;4;4;4;2;2;2;4;2;4;4;5;5;5;5;2;4;1;2;1;2;3;3;4;1;2;1;2;1;2;1;1;1;3;4;1;6;5;6;3;2;681.02387166
1219;2024Q2;ES709A2;ES709;1;1;67;1;1;1;5;12;-1;-1;-1;1;-1;1;7;-1;-1;-1;-1;-1;-1;4;0;0;0;2;1;1;4;2;0;0;0;1;0;1;0;2;2;1;4;3;3;1;2;6;1;4;4;4;4;2;2;4;1;4;1;4;2;2;4;2;5;2;5;5;2;4;2;2;2;2;4;4;2;2;1;1;3;1;1;2;2;1;1;3;3;3;3;3;-1;-1;6;6;5;6;2;2;8348.5299055
1220;2024Q2;ES709A2;ES709;6;2;68;1;1;1;5;12;-1;-1;-1;6;-1;-1;-1;73;5;-1;-1;1;5;2;0;0;0;0;0;2;2;0;0;0;0;2;0;0;0;4;4;4;6;3;3;2;2;6;4;5;5;4;4;4;4;5;5;5;5;1;2;2;4;4;4;2;3;4;4;2;4;2;4;2;2;4;4;4;4;4;4;3;4;-3;4;4;4;4;4;4;1;1;4;3;1;6;1;6;3;3;2784.0743257
1221;2024Q2;ES709A2;ES709;6;2;76;1;1;1;4;14;-1;-1;-1;6;-1;-1;-1;77;5;-1;-1;1;7;2;0;0;0;0;0;2;2;0;0;0;0;1;0;1;0;4;4;4;4;5;5;2;1;6;4;4;2;5;4;4;5;2;4;2;4;2;2;3;4;4;2;1;4;4;5;5;5;4;4;4;3;2;5;4;3;1;4;3;5;4;4;2;2;2;2;2;1;1;3;3;6;6;5;6;3;2;2784.0743257
1222;2024Q2;ES709A3;ES709;6;2;40;1;1;1;10;1;1;2;3;1;-1;-1;-1;-1;-1;-1;-1;-1;-1;2;0;1;0;2;0;0;3;2;0;0;0;0;0;0;0;2;6;5;3;4;4;3;2;6;4;2;2;4;4;5;5;2;4;2;5;2;2;2;2;4;4;4;4;4;4;4;5;5;5;5;1;3;4;4;4;2;4;3;3;2;2;3;3;2;2;1;1;1;3;4;1;6;1;6;5;1;909.96114098
1223;2024Q2;ES709A3;ES709;6;2;45;2;1;5;5;1;6;2;9;1;-1;-1;-1;-1;-1;-1;-1;-1;-1;2;0;1;0;0;2;0;3;2;0;0;0;0;0;0;0;2;5;3;6;3;3;2;3;1;4;4;3;4;4;3;5;4;5;1;4;4;3;3;3;4;4;4;4;3;3;4;3;2;4;3;3;4;3;3;3;4;4;3;3;2;3;3;3;2;3;3;1;1;1;4;1;1;5;6;4;1;679.54690488
1224;2024Q2;ES709A3;ES709;6;2;42;1;1;1;7;10;-1;-1;-1;1;-1;1;5;-1;-1;-1;-1;-1;-1;1;0;1;0;1;0;0;2;0;0;1;0;0;0;0;0;6;1;1;5;3;2;2;1;6;4;4;-9;4;4;2;4;2;4;2;4;4;4;4;4;2;4;2;2;2;2;2;4;4;4;5;3;2;3;3;3;3;3;3;2;3;3;2;3;1;3;3;2;1;2;4;6;6;1;6;4;1;280.63705962
1225;2024Q2;ES709A3;ES709;1;1;64;1;1;1;3;10;-1;-1;-1;1;-1;1;9;-1;-1;-1;-1;-1;-1;1;0;0;0;0;1;0;1;0;0;1;0;0;0;0;0;1;1;2;6;2;2;2;2;6;4;5;4;4;4;4;4;4;5;4;4;5;4;5;4;4;5;4;5;4;4;5;2;2;4;4;4;4;4;3;5;4;4;3;4;4;4;3;3;3;4;4;3;3;-1;-1;6;6;1;6;4;1;112.74258294
1226;2024Q2;ES709A3;ES709;1;1;27;1;1;1;6;1;6;2;7;6;-1;-1;-1;49;8;-1;1;1;5;3;0;0;0;1;2;0;3;1;0;0;0;2;0;0;0;2;7;5;5;2;2;2;2;6;2;4;2;4;4;2;4;4;5;5;5;5;4;4;2;4;2;2;2;2;2;2;4;4;4;4;4;2;2;1;3;1;1;3;2;2;2;2;1;1;2;1;2;3;-1;-1;6;6;1;6;5;1;1463.7431188
1227;2024Q2;ES709A3;ES709;1;1;60;1;2;3;8;1;6;2;7;6;-1;-1;-1;49;1;7;-1;-1;-1;2;0;2;0;0;2;0;4;2;0;0;0;0;0;0;0;2;5;3;4;3;3;3;3;6;4;4;4;4;4;3;5;4;4;3;4;3;4;3;3;4;4;4;4;3;3;3;4;3;3;3;4;2;4;3;3;3;4;4;4;4;4;4;3;2;3;4;3;2;-1;-1;6;6;3;6;-3;1;2805.2767294
1228;2024Q2;ES709A3;ES709;6;2;47;1;1;1;7;1;6;1;5;6;-1;-1;-1;58;2;8;-1;-1;-1;3;0;0;1;0;2;0;3;2;1;0;0;0;0;0;0;2;6;4;5;4;4;3;3;1;4;4;4;4;2;5;4;4;4;4;4;2;2;4;4;2;2;4;4;4;4;4;4;4;4;4;3;3;5;3;3;3;3;3;1;2;5;3;3;2;1;3;1;1;5;1;6;6;5;6;5;1;1019.3203573
1229;2024Q2;ES709A3;ES709;1;1;23;2;1;1;8;1;1;2;4;6;-1;-1;-1;58;1;-9;-1;-1;-1;2;0;0;1;0;1;0;2;2;0;0;0;0;0;0;0;6;4;4;-1;2;2;3;2;1;4;4;4;-9;-9;-9;-9;-9;-9;-9;-9;-9;-9;-9;-9;-9;-9;-9;-9;-9;-9;-9;-9;-9;-9;-9;-9;-9;3;3;3;3;3;3;3;3;3;3;3;-3;3;3;2;1;4;4;6;1;2;-9;-7;-9;975.82874586
1230;2024Q2;ES709A3;ES709;1;1;35;3;3;4;6;1;6;2;9;1;-1;-1;-1;-1;-1;-1;-1;-1;-1;1;0;0;0;1;0;0;1;1;0;0;0;0;0;0;0;1;2;4;6;4;5;4;3;6;4;4;4;5;4;2;5;4;5;1;5;4;4;1;4;4;4;2;2;4;4;4;5;4;4;4;4;4;3;4;3;4;3;4;4;3;3;4;3;2;3;3;2;2;-1;-1;6;6;4;6;4;1;1530.9428446
1231;2024Q2;ES709A3;ES709;1;1;38;1;1;1;5;1;1;1;6;1;-1;-1;-1;-1;-1;-1;-1;-1;-1;3;0;1;0;2;1;0;4;2;0;0;0;1;0;0;0;3;7;5;5;3;4;3;3;1;2;1;1;5;1;2;4;1;4;1;4;1;5;2;2;1;3;1;1;1;3;3;5;5;5;5;2;2;1;3;2;1;4;2;3;3;4;3;2;1;2;3;2;2;-1;-1;6;6;1;6;3;1;839.6134397
1232;2024Q2;ES709A3;ES709;6;2;51;1;1;1;10;1;6;1;2;1;-1;-1;-1;-1;-1;-1;-1;-1;-1;1;0;1;0;0;1;0;2;1;0;0;0;0;0;0;0;6;4;4;1;5;5;5;4;1;4;2;2;4;3;4;5;3;5;2;3;3;5;3;3;2;2;3;2;2;3;4;3;4;4;5;2;2;4;5;3;2;2;1;2;2;3;2;2;3;3;3;1;1;3;3;1;6;5;6;5;-9;339.77345244
1233;2024Q2;ES709A3;ES709;6;2;47;3;2;5;6;12;-1;-1;-1;1;-1;1;9;-1;-1;-1;-1;-1;-1;1;0;0;0;0;1;0;1;0;0;0;0;1;0;0;0;1;3;5;6;5;5;4;-9;6;-9;4;-9;4;4;4;4;4;4;4;4;2;4;-9;-9;5;5;-9;-9;4;4;4;3;-9;3;3;4;-9;4;-7;4;4;-7;4;5;4;-7;-7;-7;-7;-7;-7;2;3;-1;-1;6;6;5;6;1;1;1258.6572937
1234;2024Q2;ES709A3;ES709;1;1;65;1;1;1;5;12;-1;-1;-1;1;-1;1;7;-1;-1;-1;-1;-1;-1;1;0;0;0;0;0;1;1;0;0;0;0;1;0;0;0;1;3;5;4;1;2;2;2;6;2;2;2;2;2;2;2;2;2;2;2;2;2;2;2;2;2;2;2;2;2;2;2;2;2;2;2;2;2;3;3;3;2;2;2;2;2;2;2;2;2;2;2;1;5;1;1;6;1;6;2;2;1729.8667794
1235;2024Q2;ES709A3;ES709;1;1;68;1;1;5;5;12;-1;-1;-1;1;-1;1;7;-1;-1;-1;-1;-1;-1;2;0;0;0;0;0;2;2;0;0;0;0;2;0;0;0;4;2;2;4;5;4;3;3;6;5;5;5;5;5;1;4;4;4;4;1;4;2;1;5;4;4;5;5;5;5;5;1;1;1;1;2;4;4;4;4;5;5;5;5;5;5;4;5;5;5;5;1;3;-1;-1;6;6;5;6;3;2;3459.7335588
1236;2024Q2;ES709A3;ES709;1;1;27;1;1;1;4;10;-1;-1;-1;6;-1;-1;-1;57;5;-1;-1;1;5;4;0;0;0;2;2;0;4;2;0;0;1;1;0;0;0;2;4;2;3;5;5;2;3;6;4;4;3;4;4;4;5;4;3;4;4;4;3;4;4;4;3;2;2;3;4;4;4;4;3;3;2;2;4;4;4;3;4;4;4;3;4;4;4;2;3;2;1;3;-1;-1;6;6;1;6;5;1;507.69881635
1237;2024Q2;ES709A3;ES709;1;1;39;1;1;1;8;1;1;1;3;1;-1;-1;-1;-1;-1;-1;-1;-1;-1;2;0;1;0;2;0;0;3;2;0;0;0;0;0;0;0;2;7;5;3;5;5;2;2;1;4;5;3;5;5;3;2;4;3;4;2;3;1;1;5;4;4;4;4;5;5;5;3;3;4;4;4;3;4;4;3;3;4;4;3;3;1;1;1;3;2;3;1;2;-1;-1;-9;6;5;1;2;3;559.74229313
1238;2024Q2;ES709A3;ES709;1;1;50;1;1;5;8;1;6;1;2;6;-1;-1;-1;36;2;2;-1;-1;-1;2;1;1;0;1;1;0;4;1;1;0;0;0;0;0;0;8;5;3;-1;3;3;3;3;6;3;3;3;3;3;3;3;3;3;3;3;3;3;3;3;3;3;3;3;3;3;3;3;3;3;3;3;3;3;3;3;3;3;3;3;3;3;3;3;3;3;3;2;1;2;1;1;1;5;6;3;1;344.87343381
1239;2024Q2;ES709A3;ES709;6;2;45;1;1;1;8;1;6;2;9;1;-1;-1;-1;-1;-1;-1;-1;-1;-1;1;0;1;0;0;1;0;2;1;0;0;0;0;0;0;0;6;2;2;6;5;5;4;4;6;5;5;3;5;5;5;4;3;4;5;4;5;3;2;4;4;4;3;4;3;5;5;3;5;4;5;3;1;4;4;4;4;4;4;4;4;4;4;5;4;4;3;3;-9;-1;-1;6;6;1;6;4;3;339.77345244
1240;2024Q2;ES709A3;ES709;6;2;43;1;1;1;8;2;1;2;3;1;-1;-1;-1;-1;-1;-1;-1;-1;-1;1;0;0;0;1;0;0;1;1;0;0;0;0;0;0;0;1;3;5;2;3;3;1;1;6;4;2;1;4;2;5;5;1;5;2;5;1;4;1;1;1;4;2;1;4;4;4;5;5;5;5;1;1;4;1;1;1;1;1;1;1;1;1;1;1;1;1;1;1;3;4;6;6;1;6;2;1;454.98057049
1241;2024Q2;ES709A3;ES709;6;2;59;3;1;4;6;10;-1;-1;-1;1;-1;1;9;-1;-1;-1;-1;-1;-1;1;0;0;0;0;1;0;1;0;0;0;1;0;0;0;0;1;1;2;6;5;5;3;2;6;2;2;2;3;2;4;5;1;5;1;5;2;5;5;2;1;1;1;1;2;2;1;5;5;5;5;1;1;2;2;2;2;3;3;3;1;1;1;2;1;1;2;3;1;3;2;6;6;4;6;-3;1;136.9942423
1242;2024Q2;ES709A3;ES709;6;2;26;1;1;1;6;1;6;2;4;6;-1;-1;-1;57;1;4;-1;-1;-1;3;0;0;0;1;2;0;3;2;0;1;0;0;0;0;0;2;5;3;3;5;5;3;3;1;4;2;1;2;1;5;5;2;5;2;4;1;4;5;3;1;3;3;2;2;4;4;4;5;5;5;1;1;1;3;3;1;3;3;3;3;3;3;3;1;2;3;1;2;-1;-1;6;6;1;6;-3;1;992.17040766
1243;2024Q2;ES709A3;ES709;6;2;68;1;1;1;2;12;-1;-1;-1;6;-1;-1;-1;74;8;-1;1;1;9;4;0;0;2;1;0;2;5;1;0;0;0;2;2;0;0;3;4;2;6;3;2;3;3;6;4;5;4;5;5;4;5;4;5;4;4;2;5;-9;2;4;4;4;4;4;4;4;4;4;5;4;4;4;4;3;4;4;4;4;3;4;4;4;4;4;4;4;3;3;-1;-1;6;6;5;6;1;1;3785.6160336
1244;2024Q2;ES709A3;ES709;6;2;42;1;1;1;5;12;-1;-1;-1;1;-1;1;5;-1;-1;-1;-1;-1;-1;1;0;1;0;1;0;0;2;0;0;0;0;1;0;0;0;6;2;2;5;3;2;2;1;6;3;4;2;4;4;2;4;2;5;2;4;2;5;5;2;2;1;2;2;2;2;2;5;5;5;5;1;1;3;2;2;2;2;2;2;2;2;2;2;2;2;2;3;1;5;3;6;6;4;6;1;1;962.34474573
1245;2024Q2;ES709A3;ES709;1;1;42;3;1;5;8;1;1;2;5;1;-1;-1;-1;-1;-1;-1;-1;-1;-1;1;0;0;0;1;0;0;1;1;0;0;0;0;0;0;0;1;3;5;5;3;3;3;3;6;4;4;3;4;4;3;3;5;3;3;2;4;4;3;3;4;4;4;4;4;4;4;3;4;3;4;2;4;4;2;3;3;3;3;3;3;3;4;3;3;4;3;1;2;-1;-1;1;6;5;6;3;3;279.87114657
1246;2024Q2;ES709A3;ES709;1;1;55;1;1;1;7;2;6;2;7;1;-1;-1;-1;-1;-1;-1;-1;-1;-1;1;0;0;0;0;1;0;1;1;0;0;0;0;0;0;0;1;3;5;4;5;4;2;3;6;4;4;2;4;4;5;5;2;4;4;4;1;5;4;4;4;2;1;5;5;5;5;1;4;5;5;2;2;5;5;4;2;3;3;1;3;3;3;3;1;3;1;1;1;3;3;1;1;5;6;4;1;151.56666669
1247;2024Q2;ES706A0;ES706;6;2;36;3;1;5;10;2;1;1;4;6;-1;-1;-1;56;2;1;-1;-1;-1;3;0;0;0;1;2;0;3;1;2;0;0;0;0;0;0;2;6;4;2;4;4;2;4;1;2;2;3;4;4;2;4;2;4;3;4;2;2;3;2;2;2;2;2;2;2;4;2;4;4;4;2;2;2;2;2;2;4;4;4;4;2;4;4;2;3;2;1;1;2;1;1;6;5;6;4;1;143.52227369
1248;2024Q2;ES706A0;ES706;6;2;77;1;1;5;5;12;-1;-1;-1;6;-1;-1;-1;80;5;-1;-1;1;8;3;0;0;0;0;1;2;3;0;0;0;1;2;0;0;0;2;3;2;5;3;2;2;2;6;4;4;3;4;4;2;4;3;2;4;4;4;4;4;3;3;4;4;3;4;4;4;4;4;4;4;3;2;3;4;4;4;4;5;4;3;4;3;4;2;4;4;2;2;-1;-1;1;6;5;6;3;1;502.30265574
1249;2024Q2;ES706A0;ES706;6;2;43;1;1;1;6;1;6;1;4;6;-1;-1;-1;45;1;7;-1;-1;-1;2;0;2;0;1;1;0;4;2;0;0;0;0;0;0;0;2;4;2;4;5;4;2;2;6;4;3;4;4;3;4;3;4;4;4;4;3;3;4;4;4;4;4;3;3;4;4;4;2;4;3;4;4;4;4;4;5;5;2;4;-3;4;4;4;4;-3;3;1;1;2;2;6;6;1;6;2;1;95.681515791
1250;2024Q2;ES706A0;ES706;6;2;64;1;1;1;5;14;-1;-1;-1;1;1;1;9;-1;-1;-1;-1;-1;-1;2;0;0;0;0;1;1;2;0;0;0;0;1;0;1;0;4;2;2;6;3;2;2;2;6;4;3;4;2;4;4;1;2;2;3;2;2;2;4;4;1;3;1;3;2;2;3;1;2;2;2;1;2;2;2;3;3;3;2;3;2;3;3;3;2;3;2;1;1;1;2;1;1;1;6;4;3;207.1178678
1251;2024Q2;ES706A0;ES706;1;1;22;1;1;1;5;10;-1;-1;-1;6;-1;-1;-1;70;5;-1;-1;1;5;3;0;0;2;0;0;1;3;0;0;1;1;1;0;0;0;6;2;2;5;4;4;3;1;6;4;4;4;5;5;3;4;5;5;5;5;3;5;4;5;5;5;5;3;5;5;5;4;4;4;3;4;4;4;4;4;3;-3;4;5;4;-3;-3;-3;4;3;4;3;2;-1;-1;6;6;1;6;3;1;41.892077121
1252;2024Q2;ES709A2;ES709;6;2;32;1;1;1;9;7;-1;-1;-9;6;-1;-1;-1;33;2;-9;-1;-1;-1;2;1;0;0;2;0;0;3;0;2;0;0;0;0;0;0;2;-9;-9;-1;3;3;2;1;6;3;2;1;3;2;4;5;3;4;2;5;2;5;3;1;2;3;2;3;3;3;3;4;5;5;5;1;2;-7;-7;-7;1;-3;-7;-7;1;-7;-7;-7;1;2;1;3;1;3;4;1;6;5;6;5;1;550.23018774
1253;2024Q2;ES709A2;ES709;6;2;52;3;1;5;6;10;-1;-1;-1;6;-1;-1;-1;25;1;5;-1;-1;-1;4;1;0;1;1;2;0;5;2;0;2;0;0;0;0;0;5;6;3;5;1;2;2;1;1;3;5;4;4;4;4;4;4;4;4;4;4;4;3;3;3;3;3;3;3;3;4;4;3;3;3;3;3;3;3;3;3;3;3;3;3;3;3;3;2;3;2;3;2;-1;-1;6;6;5;6;-3;1;274.52314183
1254;2024Q2;ES709A2;ES709;6;2;29;1;1;1;9;11;-1;-1;-1;6;-1;-1;-1;57;5;-1;-1;1;-9;3;0;0;1;1;1;0;3;0;0;1;1;1;0;0;0;6;2;2;-1;4;4;3;1;6;2;1;2;3;2;5;5;3;4;2;4;3;3;4;3;3;4;3;4;3;3;4;4;4;5;4;3;3;3;3;3;2;3;3;3;3;3;2;2;2;3;2;3;1;1;2;1;6;5;6;3;1;205.89235638
1255;2024Q2;ES709A2;ES709;1;1;19;3;3;4;5;13;-1;-1;-1;6;-1;-1;-1;47;1;8;-1;-1;-1;6;0;0;3;2;1;0;6;2;0;0;1;0;2;0;1;3;3;1;-1;-9;-9;-9;-9;6;2;1;-9;1;1;2;5;-9;5;1;5;1;-9;5;-9;1;3;2;1;2;1;1;5;5;5;5;1;1;1;1;2;1;-3;4;1;-3;1;-3;-3;-3;-3;1;3;1;3;4;1;6;4;6;-3;1;4364.0959485
1256;2024Q2;ES709A2;ES709;6;2;44;3;1;5;8;1;6;2;4;1;-1;-1;-1;-1;-1;-1;-1;-1;-1;1;0;0;0;1;0;0;1;1;0;0;0;0;0;0;0;1;3;5;3;5;5;5;5;1;4;4;3;4;4;5;5;4;4;2;4;2;4;4;2;3;2;2;4;4;4;4;4;4;4;4;2;2;3;3;3;3;4;3;3;3;3;3;1;1;1;1;2;2;-1;-1;6;6;5;6;5;1;470.86339795
1257;2024Q2;ES709A2;ES709;6;2;41;3;1;5;5;1;6;2;5;1;-1;-1;-1;-1;-1;-1;-1;-1;-1;2;0;1;0;1;1;0;3;1;0;0;1;0;0;0;0;7;3;2;5;5;4;4;4;6;5;4;4;4;5;4;4;5;2;4;2;4;2;4;4;4;4;4;4;4;4;4;2;2;2;2;4;4;4;4;4;4;4;4;4;4;4;4;4;4;4;4;2;2;-1;-1;1;6;5;6;-3;3;941.72679589
1258;2024Q2;ES709A2;ES709;1;1;31;1;1;1;10;2;6;2;2;6;-1;-1;-1;67;5;-1;-1;1;2;3;0;0;0;1;1;1;3;1;0;0;0;2;0;0;0;2;7;5;1;5;5;2;1;6;2;3;2;2;2;5;5;3;5;5;4;3;2;2;4;2;3;3;3;2;4;4;2;2;4;4;2;2;5;5;4;1;4;3;3;3;3;3;3;2;3;3;2;1;5;2;1;6;1;6;3;1;809.25872062
1259;2024Q2;ES709A2;ES709;6;2;68;1;1;1;9;12;-1;-1;-1;1;-1;1;2;-1;-1;-1;-1;-1;-1;2;0;0;0;0;0;2;2;0;0;0;0;2;0;0;0;4;7;6;2;5;4;3;1;6;4;4;4;4;3;4;5;4;4;2;4;2;4;4;4;2;3;2;2;2;4;4;4;4;4;4;2;2;4;3;3;3;3;3;3;-3;4;3;3;3;3;2;2;2;-1;-1;6;6;1;6;3;1;2380.5739808
1260;2024Q2;ES709A2;ES709;6;2;48;1;1;1;9;10;-1;-1;-1;6;-1;-1;-1;78;5;-1;-1;1;8;4;0;1;0;1;1;2;5;1;0;0;1;1;0;1;0;3;3;1;5;4;4;3;3;1;2;4;2;4;4;4;4;4;2;4;4;4;2;2;4;4;4;4;2;2;4;4;2;4;4;2;2;4;4;3;4;4;4;4;4;3;4;3;3;3;3;3;3;2;-1;-1;1;6;1;6;4;1;274.52314183
1261;2024Q2;ES709A2;ES709;6;2;25;3;1;3;6;10;-1;-1;-1;6;-1;-1;-1;59;1;5;-1;-1;-1;4;0;0;0;1;1;2;4;1;0;1;0;2;0;0;0;5;5;3;5;4;4;2;3;6;4;4;2;4;4;2;4;4;2;4;2;4;4;2;4;4;4;4;4;4;4;4;4;2;2;2;4;4;4;4;4;4;4;4;4;4;4;4;3;4;4;4;2;2;-1;-1;1;1;3;6;3;3;274.52314183
1262;2024Q2;ES709A2;ES709;6;2;56;3;1;4;5;1;6;2;9;6;-1;-1;-1;59;1;8;-1;-1;-1;3;0;0;0;0;2;1;3;2;0;0;0;1;0;0;0;5;5;4;5;4;4;3;2;6;3;3;3;4;2;4;4;4;4;3;2;2;4;2;2;2;4;2;4;4;4;4;2;4;4;4;2;2;4;4;4;4;4;4;4;4;4;4;4;4;4;4;2;2;-1;-1;6;6;4;6;4;1;1491.5216612
1263;2024Q2;ES709A2;ES709;6;2;62;3;1;5;10;7;-1;-1;2;1;-1;-1;-1;-1;-1;-1;-1;-1;-1;1;0;0;0;0;1;0;1;0;1;0;0;0;0;0;0;1;5;6;1;2;3;3;3;6;4;4;4;4;4;4;4;4;4;2;2;2;2;2;4;4;2;4;2;4;4;4;2;2;2;2;4;2;3;3;3;3;3;4;4;3;3;3;3;3;4;3;3;1;5;4;1;6;5;6;4;1;497.17388705
1264;2024Q2;ES709A2;ES709;1;1;37;1;1;1;9;1;1;2;2;1;-1;-1;-1;-1;-1;-1;-1;-1;-1;3;0;0;0;2;0;1;3;1;0;0;0;0;0;2;0;5;3;2;1;5;5;5;3;6;4;4;4;4;4;4;4;4;4;4;4;4;3;2;3;4;4;2;3;3;4;4;4;4;4;4;2;3;3;3;4;3;4;3;2;3;3;3;3;2;3;3;2;1;3;2;1;6;1;6;5;1;2252.6296366
1265;2024Q2;ES709A2;ES709;1;1;33;1;1;1;7;1;6;1;9;1;-1;-1;-1;-1;-1;-1;-1;-1;-1;3;0;0;0;2;1;0;3;2;0;0;1;0;0;0;0;5;4;3;6;5;4;4;2;6;5;5;4;5;5;5;5;5;2;2;2;2;2;3;2;5;5;5;5;5;5;5;5;3;5;3;2;5;5;5;5;5;5;4;4;3;5;5;5;2;3;4;1;1;3;4;1;1;1;1;4;1;809.25872062
1266;2024Q2;ES709A2;ES709;6;2;38;3;1;4;9;7;-1;-1;2;1;-1;-1;-1;-1;-1;-1;-1;-1;-1;2;0;1;0;2;0;0;3;1;1;0;0;0;0;0;0;2;5;3;1;4;4;4;3;1;4;4;4;4;4;2;4;4;4;4;2;4;2;2;4;4;4;4;4;2;4;4;2;2;2;2;4;4;3;3;4;4;3;4;4;3;4;3;3;2;3;3;1;3;-1;-1;6;6;4;6;3;1;941.72679589
1267;2024Q2;ES709A2;ES709;6;2;52;1;1;1;10;2;6;2;2;1;-1;-1;-1;-1;-1;-1;-1;-1;-1;3;0;0;1;0;2;0;3;2;0;0;0;0;1;0;0;2;6;5;1;4;4;2;2;6;4;4;3;4;2;2;4;2;2;4;4;2;2;4;4;2;4;2;4;2;4;4;4;2;2;2;4;4;3;3;4;4;4;4;3;3;4;3;3;2;3;3;1;1;5;1;1;1;5;6;-3;1;873.48298904
1268;2024Q2;ES709A2;ES709;1;1;66;1;1;1;3;12;-1;-1;-1;1;-1;-9;-1;-1;-1;-1;-1;-1;-1;1;0;0;0;0;0;1;1;0;0;0;0;1;0;0;0;1;-9;-9;-1;-9;-9;-9;-9;-9;-9;-9;-9;4;4;4;4;4;4;3;3;3;3;3;3;3;3;3;3;3;3;3;4;4;4;4;4;2;-3;-3;-3;-3;-3;-3;-3;-3;-3;-3;-7;-7;-7;-7;2;-9;-1;-1;6;6;1;-9;-7;-9;1784.6410283
1269;2024Q2;ES709A2;ES709;6;2;72;1;1;1;7;14;-1;-1;-1;6;-1;-1;-1;80;8;-1;6;-1;-1;4;0;0;0;0;0;4;4;0;0;0;0;3;0;1;0;8;4;2;-1;2;1;3;2;6;3;4;4;4;4;4;5;2;4;4;4;4;4;4;4;2;4;4;4;4;4;2;2;3;5;2;4;4;3;3;4;3;3;4;3;4;3;4;3;4;3;3;3;2;-1;-1;6;6;1;1;3;2;4761.1479616
1270;2024Q2;ES709A2;ES709;6;2;47;1;1;1;5;15;-1;-1;-1;6;-1;-1;-1;51;2;7;-1;-1;-1;2;0;2;0;0;2;0;4;0;1;0;0;1;0;0;0;2;3;2;4;3;4;4;4;1;4;5;5;5;5;2;4;5;2;5;5;5;2;2;2;5;5;5;5;5;5;5;2;2;2;2;2;5;5;5;5;5;5;5;5;5;5;5;5;5;5;5;2;3;-1;-1;6;6;1;1;4;3;813.86749716
1271;2024Q2;ES709A2;ES709;6;2;71;1;1;4;9;14;-1;-1;-1;6;-1;-1;-1;46;2;2;-1;-1;-1;3;0;2;0;0;2;1;5;0;2;0;0;0;0;1;0;3;4;2;2;4;4;3;3;6;5;5;4;5;4;2;4;5;4;4;4;5;1;2;5;5;5;5;5;5;5;5;4;2;3;2;3;4;5;4;4;3;4;3;3;3;4;4;4;5;4;3;2;3;-1;-1;6;6;4;6;4;3;3570.8609712
1272;2024Q2;ES709A2;ES709;6;2;53;3;1;5;8;10;-1;-1;-1;1;-1;2;2;-1;-1;-1;-1;-1;-1;1;0;0;0;0;1;0;1;0;0;1;0;0;0;0;0;1;2;3;2;5;5;-9;1;6;4;3;-9;4;4;4;5;4;5;3;5;4;-9;3;4;3;3;4;3;4;4;4;4;4;4;4;3;2;-3;5;-3;-3;4;-3;-3;-3;4;-3;-3;1;-3;3;3;1;5;-9;-9;6;3;6;4;1;68.630785459
1273;2024Q2;ES709A2;ES709;6;2;48;1;1;1;7;1;6;2;5;1;-1;-1;-1;-1;-1;-1;-1;-1;-1;3;0;0;1;0;2;0;3;1;0;0;0;1;1;0;0;2;4;3;5;5;4;3;2;6;4;3;2;2;4;5;5;3;5;2;4;2;5;4;2;2;2;1;1;2;4;4;4;5;5;5;1;1;3;4;2;1;2;2;2;3;4;4;2;1;2;2;2;1;5;4;1;1;1;6;4;1;873.48298904
1274;2024Q2;ES709A2;ES709;6;2;46;1;1;5;7;7;-1;-1;3;6;-1;-1;-1;71;8;-1;1;1;8;2;0;0;1;0;1;1;3;0;1;0;0;1;1;0;0;8;3;2;-1;5;2;2;3;6;4;3;2;2;2;4;4;2;4;2;4;2;4;4;2;4;2;4;4;2;4;4;4;4;4;4;4;2;3;4;4;4;4;3;4;3;3;3;4;2;2;3;2;2;-1;-1;6;6;5;6;5;1;582.32199269
1275;2024Q2;ES709A2;ES709;1;1;56;1;1;1;5;10;-1;-1;-1;1;-1;1;7;-1;-1;-1;-1;-1;-1;1;0;0;0;0;1;0;1;0;0;1;0;0;0;0;0;1;1;2;4;4;4;2;-9;6;5;5;4;5;5;5;5;2;2;5;5;2;2;3;4;4;3;1;2;4;5;5;3;4;5;5;2;1;4;4;2;3;4;3;3;2;4;1;2;3;3;1;2;1;3;1;1;6;5;6;3;2;233.64608086
1276;2024Q2;ES709A2;ES709;6;2;59;1;1;1;5;10;-1;-1;-1;6;-1;-1;-1;60;1;9;-1;-1;-1;3;0;0;0;1;2;0;3;2;0;1;0;0;0;0;0;2;6;4;6;4;4;3;3;6;4;3;4;4;4;4;2;4;4;4;2;2;4;4;4;4;4;3;4;4;4;4;4;4;4;4;4;2;3;3;3;3;3;3;3;3;3;3;3;4;4;3;2;1;5;4;6;1;1;6;1;2;371.85451818
1277;2024Q2;ES709A2;ES709;6;2;62;2;1;5;5;10;-1;-1;-1;1;-1;1;8;-1;-1;-1;-1;-1;-1;2;0;0;1;0;1;0;2;1;0;0;1;0;0;0;0;6;2;2;5;3;3;2;2;6;4;4;2;4;2;2;4;4;4;2;2;2;4;4;2;2;2;4;2;2;2;4;2;4;4;4;2;2;4;4;4;4;4;3;3;4;4;4;4;1;3;4;2;3;-1;-1;1;1;5;6;-3;1;247.90301212
1278;2024Q2;ES709A2;ES709;1;1;58;3;1;5;6;15;-1;-1;-1;1;1;1;9;-1;-1;-1;-1;-1;-1;4;0;0;2;0;2;0;4;0;0;0;1;1;2;0;0;2;2;1;6;4;3;3;1;6;3;4;4;4;5;2;4;4;2;4;4;4;4;2;4;4;4;4;4;5;4;4;2;2;4;2;2;4;3;4;4;4;4;4;4;3;3;3;4;3;3;4;3;1;5;4;1;6;5;6;4;1;3248.1107468
1279;2024Q2;ES709A2;ES709;6;2;61;1;1;1;10;12;-1;-1;-1;1;-1;1;2;-1;-1;-1;-1;-1;-1;1;0;0;0;0;1;0;1;0;0;0;0;1;0;0;0;1;5;6;1;4;4;2;1;6;2;2;-9;4;4;4;5;2;4;2;5;4;2;4;2;4;-9;2;2;4;4;4;5;5;4;4;2;4;4;4;4;3;4;3;3;3;3;-3;-3;-3;-3;3;1;1;5;2;1;6;5;6;-3;1;612.94663928
1280;2024Q2;ES709A2;ES709;6;2;45;3;1;5;8;10;-1;-1;-1;6;-1;-1;-1;47;1;9;-1;-1;-1;2;0;1;0;0;2;0;3;1;0;1;0;0;0;0;0;2;4;3;6;5;4;3;5;1;5;5;4;4;4;4;5;4;4;3;4;4;3;2;4;3;4;4;5;4;4;5;3;2;2;2;3;3;4;4;4;4;4;5;2;3;3;3;4;1;3;3;2;2;-1;-1;6;6;5;6;4;1;137.26157092
1281;2024Q2;ES709A1;ES709;1;1;36;1;1;1;10;2;1;2;2;1;-1;-1;-1;-1;-1;-1;-1;-1;-1;2;0;0;0;2;0;0;2;1;0;1;0;0;0;0;0;4;6;5;-1;4;4;4;4;1;3;2;2;4;3;4;5;3;5;2;4;2;3;3;4;2;3;3;2;3;4;4;5;4;4;4;2;2;4;4;3;2;2;3;3;2;3;3;2;1;3;2;1;1;5;2;1;1;5;6;3;1;985.99265136
1282;2024Q2;ES709A1;ES709;1;1;45;3;2;5;6;7;-1;-1;5;1;-1;-1;-1;-1;-1;-1;-1;-1;-1;1;0;0;0;0;1;0;1;0;1;0;0;0;0;0;0;1;3;5;3;4;4;3;1;6;2;4;3;4;4;-9;4;2;2;3;3;2;2;3;2;4;4;2;4;2;4;4;2;3;4;4;2;2;-3;3;2;2;-3;2;4;-3;3;3;3;2;3;3;2;3;-1;-1;6;6;5;6;-3;3;1100.5652839
1283;2024Q2;ES709A1;ES709;1;1;38;1;1;1;10;2;1;2;2;1;-1;-1;-1;-1;-1;-1;-1;-1;-1;2;0;0;0;2;0;0;2;2;0;0;0;0;0;0;0;4;7;6;1;4;4;3;1;6;1;1;1;1;2;5;5;4;5;2;5;2;1;2;1;4;2;3;3;4;2;2;5;5;5;5;2;1;4;4;4;2;4;4;4;2;2;1;1;2;3;3;1;1;5;3;6;6;5;6;1;1;985.99265136
1284;2024Q2;ES709A1;ES709;6;2;25;1;1;1;10;2;1;2;2;1;-1;-1;-1;-1;-1;-1;-1;-1;-1;2;0;0;0;2;0;0;2;2;0;0;0;0;0;0;0;4;7;6;1;5;5;4;1;6;2;4;1;4;1;4;5;4;-9;1;4;-9;2;1;4;1;4;2;4;4;5;5;5;5;5;5;4;2;-3;1;4;2;3;3;3;3;3;3;-3;1;4;1;2;1;3;1;1;6;1;6;4;1;718.63865698
1285;2024Q2;ES709A1;ES709;6;2;40;1;1;1;10;10;-1;-1;-1;6;-1;-1;-1;42;1;4;-1;-1;-1;2;0;2;0;2;0;0;4;1;0;1;0;0;0;0;0;2;4;2;3;5;5;4;2;6;3;4;4;4;4;5;5;5;4;2;4;2;5;4;2;3;4;3;3;4;3;3;4;5;5;5;3;2;3;3;4;2;3;1;2;2;3;3;2;1;2;1;1;1;5;4;1;6;5;6;4;1;247.5852933
1286;2024Q2;ES709A1;ES709;6;2;25;1;1;1;9;2;6;2;2;6;-1;-1;-1;70;5;-1;-1;2;2;4;0;0;0;2;0;2;4;2;0;0;0;2;0;0;0;8;6;3;2;4;4;4;3;-9;3;1;1;2;3;2;5;1;5;3;5;2;5;5;2;1;1;1;1;1;1;3;5;5;5;5;1;1;1;1;1;1;1;1;1;1;1;1;1;1;1;1;1;1;5;4;6;6;1;6;1;1;1437.277314
1287;2024Q2;ES709A1;ES709;1;1;78;1;1;1;4;12;-1;-1;-1;1;-1;2;1;-1;-1;-1;-1;-1;-1;1;0;0;0;0;0;1;1;0;0;0;0;1;0;0;0;1;6;6;1;4;4;4;2;6;2;2;2;2;3;4;5;4;5;1;5;2;5;5;2;2;2;1;2;2;4;4;5;5;5;5;2;2;3;2;2;1;3;1;1;2;2;2;1;1;2;1;2;1;5;3;1;6;1;6;-3;1;3385.0486196
1288;2024Q2;ES709A1;ES709;6;2;61;3;1;5;5;10;-1;-1;-1;1;-1;1;5;-1;-1;-1;-1;-1;-1;1;0;0;0;0;1;0;1;0;0;0;1;0;0;0;0;1;2;4;4;4;4;4;3;6;1;1;5;4;4;1;4;5;4;1;1;5;5;4;2;4;4;4;2;2;1;4;5;5;1;5;4;1;3;4;4;3;4;4;5;3;3;3;3;2;3;3;2;2;-1;-1;6;6;5;6;2;2;123.79264665
1289;2024Q2;ES709A1;ES709;6;2;39;1;1;1;8;1;6;2;3;6;-1;-1;-1;72;5;-1;-1;1;7;3;0;0;0;1;0;2;3;1;0;0;0;2;0;0;0;8;3;2;4;4;5;4;2;6;1;1;1;1;1;4;5;2;5;1;5;2;4;3;3;2;2;2;2;2;4;3;5;5;5;5;2;2;2;2;3;1;3;2;2;2;3;1;1;1;1;1;3;2;-1;-1;6;6;1;6;-3;1;1592.3693946
1290;2024Q2;ES709A1;ES709;1;1;45;1;1;1;6;1;6;1;5;1;-1;-1;-1;-1;-1;-1;-1;-1;-1;1;0;0;0;0;1;0;1;1;0;0;0;0;0;0;0;1;3;5;5;5;5;3;3;1;4;4;4;5;4;4;5;4;2;2;2;1;2;2;3;2;4;1;2;1;2;4;4;5;4;4;2;2;4;4;3;1;2;2;3;3;1;1;1;3;3;2;1;1;5;2;6;6;5;6;3;1;702.39012878
1291;2024Q2;ES709A1;ES709;6;2;42;2;1;5;8;1;6;2;2;6;-1;-1;-1;43;1;7;-1;-1;-1;2;1;1;0;2;0;0;4;2;0;0;0;0;0;0;0;2;6;3;4;4;4;3;1;6;4;3;2;4;4;4;5;4;5;3;4;3;4;4;4;4;4;4;4;3;4;3;4;5;5;5;2;3;4;4;4;3;3;4;4;4;4;4;4;2;4;4;2;3;-1;-1;6;6;5;6;-3;1;1061.5795964
1292;2024Q2;ES709A1;ES709;6;2;28;1;1;1;10;3;1;2;2;1;-1;-1;-1;-1;-1;-1;-1;-1;-1;1;0;0;0;1;0;0;1;1;0;0;0;0;0;0;0;1;5;6;1;4;5;3;1;6;3;4;2;4;2;5;5;2;5;2;5;3;3;3;4;2;3;1;1;2;4;4;5;5;5;5;2;2;2;1;2;1;3;1;3;2;2;2;2;1;1;2;1;1;5;1;1;6;1;6;4;1;359.31932849
1293;2024Q2;ES709A1;ES709;6;2;36;1;1;1;10;10;-1;-1;-1;6;-1;-1;-1;38;1;1;-1;-1;-1;2;0;0;0;2;0;0;2;1;0;0;1;0;0;0;0;4;6;5;1;5;4;2;2;6;3;3;4;3;3;4;4;2;4;2;4;2;2;4;3;3;4;3;4;3;3;4;4;4;4;4;2;2;3;3;3;2;4;3;3;3;3;2;2;1;1;2;1;3;-1;-1;1;6;5;6;5;1;247.5852933
1294;2024Q2;ES709A1;ES709;6;2;53;1;1;1;10;7;-1;-1;2;1;-1;-1;-1;-1;-1;-1;-1;-1;-1;1;0;1;0;0;1;0;2;0;1;0;0;0;0;0;0;6;2;2;1;5;5;3;1;6;2;2;4;4;4;2;5;4;4;2;4;3;4;4;3;2;4;2;2;2;3;4;2;4;4;4;2;2;5;4;3;2;4;4;3;2;-3;-3;-3;2;3;3;2;1;4;3;6;6;5;6;5;1;597.98625268
1295;2024Q2;ES709A1;ES709;6;2;56;3;1;5;10;7;-1;-1;5;1;-1;-1;-1;-1;-1;-1;-1;-1;-1;1;0;0;0;0;1;0;1;0;1;0;0;0;0;0;0;1;2;4;3;4;3;2;3;6;2;2;4;1;3;4;4;2;4;3;2;2;4;4;4;2;4;2;2;2;4;4;4;4;4;4;2;2;3;3;4;4;3;5;3;3;2;1;1;1;3;3;2;1;5;1;1;6;5;6;5;1;794.11888684
1296;2024Q2;ES709A1;ES709;1;1;48;1;1;1;7;10;-1;-1;-1;1;-1;1;7;-1;-1;-1;-1;-1;-1;1;0;0;0;0;1;0;1;0;0;1;0;0;0;0;0;1;2;3;4;5;5;4;3;6;3;2;2;3;4;2;4;2;4;2;4;2;3;3;3;3;4;3;2;3;2;2;4;4;4;4;3;2;3;4;3;3;4;4;3;3;4;3;4;2;3;3;3;2;-1;-1;6;6;5;6;-3;1;212.16009262
1297;2024Q2;ES709A1;ES709;6;2;51;1;1;1;5;7;-1;-1;9;1;-1;-1;-1;-1;-1;-1;-1;-1;-1;2;0;0;1;0;1;0;2;0;1;0;0;0;1;0;0;6;2;2;6;3;2;2;2;6;2;2;2;2;2;4;4;2;4;2;4;2;2;4;2;2;2;2;2;2;4;4;2;4;4;4;2;2;3;3;3;3;3;2;3;3;3;4;4;2;4;3;2;1;1;4;6;6;5;6;1;2;1195.9725054
1298;2024Q2;ES709A1;ES709;1;1;43;3;2;4;8;1;6;2;4;1;-1;-1;-1;-1;-1;-1;-1;-1;-1;2;0;0;0;2;0;0;2;1;0;0;1;0;0;0;0;9;3;3;3;4;4;3;2;6;2;4;2;4;2;4;4;4;4;2;4;2;2;4;2;4;4;2;2;2;2;2;5;5;5;5;2;1;4;4;4;2;4;4;4;4;4;2;2;2;2;2;2;1;3;4;1;6;4;6;4;3;1782.3429616
1299;2024Q2;ES709A1;ES709;6;2;30;1;1;1;9;2;6;2;2;6;-1;-1;-1;53;1;2;-1;-1;-1;3;0;0;0;1;2;0;3;2;1;0;0;0;0;0;0;7;7;5;1;3;3;2;1;6;2;1;1;2;2;5;5;3;3;2;4;2;3;4;3;1;2;1;3;2;2;2;4;5;5;5;2;1;2;2;2;1;3;1;2;2;3;2;2;1;1;1;1;1;3;4;1;6;1;6;4;1;1077.9579855
1300;2024Q2;ES709A1;ES709;6;2;54;1;1;1;8;10;-1;-1;-1;6;-1;-1;-1;56;1;7;-1;-1;-1;3;0;0;1;0;2;0;3;1;0;0;1;0;1;0;0;2;3;2;4;4;4;3;1;1;5;4;5;2;4;5;5;4;5;1;1;5;5;5;1;1;1;1;4;5;1;4;5;5;5;5;5;1;2;2;4;1;3;1;1;1;3;4;4;1;4;2;2;2;-1;-1;6;6;1;6;1;1;371.37793995
1301;2024Q2;ES709A1;ES709;6;2;67;1;1;1;10;12;-1;-1;-1;1;-1;1;3;-1;-1;-1;-1;-1;-1;2;0;0;0;0;0;2;2;0;0;0;0;2;0;0;0;6;4;4;3;5;5;3;3;6;4;4;4;4;4;4;2;4;2;4;4;4;4;2;4;4;4;4;4;4;4;4;2;4;4;4;4;4;4;4;4;4;4;5;4;4;4;-3;4;3;4;3;3;1;5;2;1;1;5;6;3;1;4957.4268541
1302;2024Q2;ES709A1;ES709;6;2;66;1;1;1;10;12;-1;-1;-1;1;-1;1;2;-1;-1;-1;-1;-1;-1;1;0;0;0;0;0;1;1;0;0;0;0;1;0;0;0;1;5;6;1;4;4;3;2;6;4;4;2;4;4;4;4;2;4;2;4;4;-9;4;4;2;2;2;3;2;2;2;5;3;4;4;2;2;2;2;2;2;3;4;2;-3;3;-3;-3;2;2;1;1;1;1;-9;1;6;1;6;3;1;2478.7134271
1303;2024Q2;ES709A1;ES709;6;2;22;1;1;1;10;13;-1;-1;-1;6;-1;-1;-1;63;1;2;-1;-1;-1;4;0;0;1;1;1;1;4;2;0;0;0;1;1;0;0;3;7;6;1;4;4;4;2;6;4;2;1;3;2;4;5;1;5;2;3;2;4;3;4;2;4;2;2;4;4;4;4;4;4;4;2;2;2;3;2;2;3;3;3;2;3;3;3;3;3;3;1;1;3;2;1;6;1;1;4;1;6380.1591744
1304;2024Q2;ES709A1;ES709;1;1;31;1;1;1;10;1;6;2;2;1;-1;-1;-1;-1;-1;-1;-1;-1;-1;2;0;0;0;2;0;0;2;2;0;0;0;0;0;0;0;4;6;6;1;2;2;2;1;6;1;1;1;1;1;1;5;2;5;1;5;1;3;4;2;1;1;1;2;2;3;3;4;5;5;5;2;5;1;1;1;1;1;1;1;1;-3;-3;1;1;1;1;2;1;1;4;1;6;3;6;5;1;838.67878412
1305;2024Q2;ES709A1;ES709;6;2;36;1;1;1;10;2;6;1;4;1;-1;-1;-1;-1;-1;-1;-1;-1;-1;2;0;0;0;2;0;0;2;1;0;1;0;0;0;0;0;4;5;5;3;5;5;4;2;1;4;3;2;4;3;4;5;3;4;2;4;2;5;2;3;3;3;2;3;3;3;3;5;5;4;4;2;2;3;3;3;3;3;3;4;3;4;3;3;1;3;1;1;1;3;3;6;6;1;6;4;1;1061.5795964
1306;2024Q2;ES709A1;ES709;6;2;57;3;3;4;5;10;-1;-1;-1;6;-1;-1;-1;25;1;7;-1;-1;-1;3;0;1;0;1;1;1;4;1;0;1;0;0;0;0;1;3;3;2;4;4;3;2;3;6;4;4;4;4;4;4;2;4;4;4;2;2;3;2;3;3;4;3;5;4;4;4;4;4;4;4;2;2;4;4;4;4;4;4;4;4;4;4;4;4;4;4;2;1;1;1;1;6;4;6;1;3;1066.6728196
1307;2024Q2;ES709A1;ES709;6;2;21;1;1;1;6;13;-1;-1;-1;6;-1;-1;-1;65;5;-1;-1;2;8;3;0;0;1;0;1;1;3;0;1;0;0;1;1;0;0;2;5;3;5;5;5;3;2;6;3;4;4;4;4;4;5;3;4;2;3;3;3;4;4;3;2;3;4;4;4;4;4;4;4;4;2;3;4;4;3;2;3;2;4;4;4;3;3;2;3;3;1;1;5;3;1;6;1;6;2;1;4785.1193808
1308;2024Q2;ES709A1;ES709;1;1;21;3;1;4;5;1;6;2;5;6;-1;-1;-1;48;1;7;-1;-1;-1;3;0;2;1;1;1;0;5;3;0;0;0;0;0;0;0;2;6;3;4;4;4;3;3;6;3;3;3;4;4;4;3;4;3;3;4;3;3;3;4;4;3;4;4;3;4;4;4;3;4;3;4;3;4;4;4;4;5;4;5;4;4;4;4;4;5;4;2;2;-1;-1;1;6;4;1;2;3;1258.0181762
1309;2024Q2;ES709A1;ES709;1;1;40;2;1;4;7;1;1;2;2;1;-1;-1;-1;-1;-1;-1;-1;-1;-1;1;0;1;0;1;0;0;2;1;0;0;0;0;0;0;0;6;4;4;2;5;5;2;1;6;4;1;4;4;2;4;5;4;4;4;5;2;4;5;2;4;2;1;1;4;2;4;2;4;4;4;2;2;5;5;4;1;3;3;1;3;4;3;3;1;3;1;2;2;-1;-1;6;6;4;6;5;1;492.99632568
1310;2024Q2;ES709A1;ES709;6;2;22;1;1;1;8;10;-1;-1;-1;6;-1;-1;-1;58;3;-1;-1;1;5;4;0;0;2;1;1;0;4;1;0;1;1;0;1;0;0;6;5;3;5;4;4;3;2;6;3;4;2;4;5;5;5;2;5;3;5;2;2;4;1;3;2;3;2;4;4;2;4;4;4;4;4;3;3;2;2;2;2;4;1;3;2;2;2;3;3;2;2;1;5;2;6;6;1;6;1;3;495.1705866
1311;2024Q2;ES709A1;ES709;1;1;24;1;1;1;6;1;6;2;9;6;-1;-1;-1;64;1;7;-1;-1;-1;3;0;0;1;0;2;0;3;3;0;0;0;0;0;0;0;2;7;5;4;4;4;2;1;6;5;4;4;4;4;3;4;4;3;3;3;3;2;3;4;4;2;3;4;4;4;4;3;4;2;2;2;3;4;3;4;3;4;3;4;3;3;4;3;3;3;3;3;2;-1;-1;6;6;1;6;2;3;1258.0181762
1312;2024Q2;ES709A1;ES709;6;2;44;1;1;1;5;10;-1;-1;-1;1;-1;1;5;-1;-1;-1;-1;-1;-1;1;0;2;0;1;0;0;3;0;0;0;1;0;0;0;0;6;1;1;5;1;2;2;2;6;3;4;4;4;4;4;4;4;4;4;4;4;4;4;4;4;4;4;4;4;4;4;4;4;4;4;4;4;3;3;4;3;4;4;3;4;4;3;3;4;4;4;3;3;-1;-1;6;6;4;6;1;3;123.79264665
1313;2024Q2;ES709A1;ES709;6;2;42;3;1;3;10;11;-1;-1;-1;6;-1;-1;-1;47;2;2;-1;-1;-1;2;0;0;2;1;1;0;4;0;1;0;1;0;2;0;0;2;2;1;1;5;4;3;2;6;4;5;4;4;5;2;2;4;2;4;4;3;2;2;4;4;4;2;4;3;5;4;3;3;2;2;3;3;3;1;3;3;4;4;4;3;3;5;4;3;3;3;1;3;-1;-1;6;6;3;6;1;2;247.5852933
1314;2024Q2;ES709A1;ES709;6;2;41;1;1;5;5;1;6;2;-9;1;-1;-1;-1;-1;-1;-1;-1;-1;-1;2;0;2;0;2;0;0;4;2;0;0;0;0;0;0;0;2;-9;-9;-1;5;5;4;1;6;4;5;5;5;5;4;5;4;5;2;4;4;5;5;2;2;5;5;2;5;3;4;2;2;2;2;5;5;5;4;4;5;4;4;4;4;3;3;3;3;3;3;1;1;4;1;1;6;5;6;3;3;1061.5795964
1315;2024Q2;ES709A1;ES709;1;1;27;3;3;1;5;1;6;1;5;6;-1;-1;-1;56;1;0;-1;-1;-1;4;0;0;0;2;1;1;4;3;0;0;0;0;0;0;1;5;3;2;-1;3;3;2;1;6;3;2;3;2;3;5;5;2;5;1;5;1;4;4;2;1;1;3;3;2;2;2;5;3;5;4;3;3;3;3;3;3;3;3;3;3;2;3;2;1;3;3;2;1;5;-9;-9;1;3;6;-3;1;3270.0581888
1316;2024Q2;ES709A1;ES709;1;1;34;1;1;1;5;7;-1;-1;5;6;-1;-1;-1;57;5;-1;-1;2;5;2;0;0;0;1;1;0;2;0;1;0;0;1;0;0;0;8;5;5;6;2;2;1;1;6;1;1;2;2;1;5;5;3;5;1;5;1;4;3;3;1;3;1;1;3;1;2;5;5;5;5;2;1;1;3;1;1;3;1;1;3;3;2;1;1;3;1;3;1;1;4;1;6;5;6;4;1;838.67878412
1317;2024Q2;ES709A1;ES709;1;1;44;1;1;1;6;15;-1;-1;-1;1;1;1;5;-1;-1;-1;-1;-1;-1;1;0;0;0;1;0;0;1;0;0;0;0;1;0;0;0;1;2;3;5;5;5;5;5;6;5;5;4;5;5;4;5;5;5;5;4;3;3;5;5;4;5;5;5;5;5;5;3;2;4;5;2;2;3;3;3;3;4;3;1;3;3;3;3;3;3;3;2;3;-1;-1;6;6;1;6;1;1;2913.1441424
1318;2024Q2;ES709A1;ES709;1;1;61;1;1;1;9;2;6;2;3;6;-1;-1;-1;60;1;3;-1;-1;-1;2;0;0;0;0;2;0;2;2;0;0;0;0;0;0;0;4;7;6;3;5;5;4;1;6;3;3;2;3;3;5;5;3;5;3;5;3;3;3;3;3;3;3;3;3;3;3;3;4;4;4;3;3;4;4;4;3;3;3;3;3;3;3;3;2;3;3;1;1;3;2;1;6;5;6;-3;1;1305.0485503
1319;2024Q2;ES709A1;ES709;6;2;50;3;1;5;10;10;-1;-1;-1;1;-1;-9;-1;-1;-1;-1;-1;-1;-1;1;0;2;0;0;1;0;3;0;0;0;1;0;0;0;0;6;2;2;-1;-9;-9;-9;-9;-9;-9;-9;-9;-9;-9;-9;-9;-9;-9;-9;-9;-9;-9;-9;-9;-9;-9;-9;-9;-9;-9;-9;5;5;5;5;-9;-9;-7;-7;-7;-7;-7;-7;-7;-7;-7;-7;-7;-7;-7;-7;1;1;1;-9;-9;-9;5;-9;-7;-9;123.79264665
1320;2024Q2;ES709A1;ES709;1;1;46;1;1;1;5;7;-1;-1;7;1;-1;-1;-1;-1;-1;-1;-1;-1;-1;3;0;0;2;1;1;0;4;0;2;0;0;0;1;0;1;2;6;3;5;3;3;2;1;6;5;5;2;4;2;5;5;2;5;1;5;1;5;5;1;1;1;1;1;1;1;4;5;5;5;5;1;1;-3;4;5;1;2;1;1;2;2;1;1;1;1;2;1;1;4;4;6;6;4;6;-3;1;2107.1703863
1321;2024Q2;ES709A1;ES709;1;1;56;3;1;5;5;1;6;1;-9;1;-1;-1;-1;-1;-1;-1;-1;-1;-1;1;0;0;0;0;1;0;1;1;0;0;0;0;0;0;0;1;3;5;-1;4;4;3;2;6;5;5;5;4;5;4;5;5;4;3;4;3;3;2;4;4;4;4;4;4;4;4;4;4;4;4;2;4;4;4;4;5;5;4;4;3;3;1;1;2;3;3;2;2;-1;-1;-9;6;5;6;-3;-9;652.52427515
1322;2024Q2;ES709A1;ES709;6;2;59;1;1;5;5;10;-1;-1;-1;6;-1;-1;-1;54;1;7;-1;-1;-1;2;0;0;0;0;2;0;2;1;0;0;1;0;0;0;0;4;2;2;5;2;2;2;2;6;3;3;3;3;3;3;4;3;2;3;3;2;3;3;2;3;3;2;2;2;2;4;3;4;4;3;3;2;3;3;3;1;3;3;3;3;-3;3;3;2;3;2;2;3;-1;-1;6;6;5;6;3;1;247.5852933
1323;2024Q2;ES709A1;ES709;1;1;62;3;1;5;8;1;6;1;7;1;-1;-1;-1;-1;-1;-1;-1;-1;-1;3;0;0;0;1;2;0;3;1;0;0;0;2;0;0;0;2;4;3;5;4;4;4;3;6;5;5;3;4;5;5;5;5;5;3;2;3;2;2;5;5;5;3;3;2;5;5;2;2;2;2;5;5;5;4;4;4;5;5;4;4;4;-7;-7;4;4;4;2;2;-1;-1;1;6;5;6;-3;1;1957.5728255
1324;2024Q2;ES709A1;ES709;1;1;59;1;1;1;5;10;-1;-1;-1;1;-1;1;5;-1;-1;-1;-1;-1;-1;2;0;0;1;0;1;0;2;0;0;1;1;0;0;0;0;6;4;4;5;4;4;3;1;6;3;4;3;4;4;4;4;4;4;3;4;4;2;4;4;2;4;3;4;4;4;4;4;4;3;2;4;3;4;3;4;4;4;4;3;4;4;4;4;2;3;3;2;3;-1;-1;6;6;4;6;1;1;324.58847799
1325;2024Q2;ES709A1;ES709;6;2;43;3;1;5;8;10;-1;-1;-1;1;-1;1;5;-1;-1;-1;-1;-1;-1;3;0;0;0;1;1;1;3;1;0;1;0;0;0;1;0;5;4;3;5;3;3;2;2;6;3;3;3;3;3;3;2;4;4;1;2;2;4;4;2;2;2;4;2;2;4;4;3;2;4;2;2;4;2;4;3;4;4;3;3;3;-3;-3;3;4;3;4;2;2;-1;-1;6;6;5;6;1;1;371.37793995
1326;2024Q2;ES709A1;ES709;6;2;63;1;1;1;7;12;-1;-1;-1;1;-1;1;3;-1;-1;-1;-1;-1;-1;3;0;0;0;1;1;1;3;0;0;0;1;1;0;1;0;7;3;2;3;5;5;2;2;6;3;4;2;4;4;4;4;4;4;2;4;2;4;4;4;4;2;4;4;2;4;4;4;4;4;4;4;2;3;3;4;3;2;3;3;-7;2;1;3;1;4;2;2;2;-1;-1;6;6;3;6;-3;1;6089.5180559
1327;2024Q2;ES709A1;ES709;6;2;47;1;1;1;10;2;1;2;2;1;-1;-1;-1;-1;-1;-1;-1;-1;-1;1;0;0;0;0;1;0;1;1;0;0;0;0;0;0;0;1;4;6;1;4;5;3;2;6;4;4;2;4;4;5;5;3;4;3;4;2;2;2;3;2;3;2;2;2;3;4;4;4;3;2;1;1;3;2;2;2;2;3;3;2;1;3;3;2;2;1;2;1;1;4;1;6;5;6;1;1;597.98625268
1328;2024Q2;ES709A1;ES709;1;1;44;3;1;5;6;1;6;1;-9;6;-1;-1;-1;44;1;-9;-1;-1;-1;2;0;2;0;2;0;0;4;2;0;0;0;0;0;0;0;6;3;2;-1;4;4;3;-9;6;1;2;3;2;2;-9;5;-9;-9;-9;5;1;4;1;4;1;1;5;5;3;3;4;3;3;3;3;3;3;-7;-3;-3;-3;-3;-3;-3;-3;-3;-3;-3;-3;-3;-3;1;2;-1;-1;6;6;5;6;-3;-9;985.99265136
1329;2024Q2;ES709A1;ES709;1;1;41;2;1;5;10;1;1;2;2;6;-1;-1;-1;40;1;2;-1;-1;-1;2;0;1;0;2;0;0;3;2;0;0;0;0;0;0;0;2;7;6;2;5;4;3;1;6;4;2;2;4;2;5;5;5;4;2;4;2;2;4;2;4;4;4;4;4;4;4;5;5;5;5;2;2;4;4;4;4;5;5;5;4;5;4;5;1;1;4;2;1;2;3;1;6;5;6;4;1;985.99265136
1330;2024Q2;ES709A1;ES709;6;2;53;1;1;1;3;1;6;2;3;6;-1;-1;-1;47;1;2;-1;-1;-1;2;0;1;0;0;2;0;3;2;0;0;0;0;0;0;0;2;-9;-9;2;4;4;3;4;1;5;5;4;5;5;3;3;4;2;3;3;3;2;2;4;3;5;3;3;3;3;4;2;2;3;3;3;3;4;5;4;3;4;5;5;-3;4;-3;4;-3;4;-3;2;3;-1;-1;6;6;5;6;1;3;1195.9725054
1331;2024Q2;ES709A1;ES709;1;1;41;1;1;1;9;1;1;1;2;1;-1;-1;-1;-1;-1;-1;-1;-1;-1;1;0;0;0;1;0;0;1;1;0;0;0;0;0;0;0;1;6;6;1;4;4;3;2;6;4;4;2;4;4;3;3;4;2;4;2;4;1;1;4;5;4;4;4;4;4;4;2;2;2;2;3;4;3;4;4;3;4;4;3;3;4;3;3;3;4;3;2;3;-1;-1;1;6;4;6;2;1;492.99632568
1332;2024Q2;ES709A1;ES709;1;1;28;1;1;1;8;11;-1;-1;-1;6;-1;-1;-1;62;1;5;-1;-1;-1;4;0;0;0;2;2;0;4;3;0;0;1;0;0;0;0;2;6;3;5;4;4;3;2;1;5;5;4;5;5;2;3;4;3;4;3;2;1;3;4;4;3;2;3;5;4;4;4;4;4;4;2;2;4;4;5;3;3;4;3;3;5;3;4;3;3;4;1;3;-1;-1;6;6;1;6;2;1;495.1705866
1333;2024Q2;ES709A1;ES709;1;1;43;1;1;1;8;2;1;2;3;1;-1;-1;-1;-1;-1;-1;-1;-1;-1;1;0;0;0;1;0;0;1;1;0;0;0;0;0;0;0;1;4;6;3;5;5;4;2;6;5;5;2;5;5;5;5;4;3;3;3;1;4;4;4;3;4;4;2;4;4;4;3;4;3;5;2;1;3;4;3;4;4;4;2;3;3;3;3;1;3;3;3;1;2;4;6;6;5;6;5;1;492.99632568
1334;2024Q2;ES709A1;ES709;6;2;32;1;1;1;6;1;6;2;5;1;-1;-1;-1;-1;-1;-1;-1;-1;-1;1;0;0;0;1;0;0;1;1;0;0;0;0;0;0;0;1;3;5;5;4;4;3;2;6;4;3;2;4;4;5;5;2;5;2;5;2;5;5;2;3;4;2;3;4;3;4;5;5;4;5;1;1;4;4;4;2;3;3;4;4;3;3;4;1;2;2;1;2;-1;-1;6;6;1;6;4;1;359.31932849
1335;2024Q2;ES709A1;ES709;6;2;32;1;1;1;4;1;6;1;9;1;-1;-1;-1;-1;-1;-1;-1;-1;-1;1;0;1;0;1;0;0;2;1;0;0;0;0;0;0;0;6;3;3;6;4;3;2;2;6;4;3;5;3;4;3;5;4;4;3;4;2;2;4;3;3;3;4;3;3;4;4;4;4;4;4;3;3;3;2;4;4;4;3;3;2;2;2;2;1;2;2;1;1;2;3;6;6;3;6;5;1;359.31932849
1336;2024Q2;ES709A1;ES709;6;2;22;1;1;1;5;1;6;2;7;6;-1;-1;-1;53;1;5;-1;-1;-1;2;0;0;1;0;1;0;2;2;0;0;0;0;0;0;0;6;3;3;4;2;3;3;3;6;3;2;3;3;3;3;3;3;3;3;3;3;3;3;3;3;3;2;2;3;3;3;3;3;4;4;3;2;3;3;3;3;3;3;3;3;3;3;3;3;3;3;2;2;-1;-1;6;6;1;6;-3;1;718.63865698
1337;2024Q2;ES709A1;ES709;6;2;72;1;1;1;5;16;-1;-1;-1;1;1;1;9;-1;-1;-1;-1;-1;-1;2;0;0;0;1;0;1;2;0;0;0;1;1;0;0;0;6;2;2;6;4;3;2;2;6;4;3;5;5;3;4;5;5;4;3;4;3;4;5;4;5;3;2;4;3;4;5;5;5;5;5;3;4;3;3;3;3;4;2;2;3;3;3;3;2;3;3;3;1;5;2;1;1;5;6;1;1;4957.4268541
1338;2024Q2;ES709A1;ES709;1;1;31;1;1;1;8;10;-1;-1;-1;6;-1;-1;-1;59;1;-9;-1;-1;-1;3;0;1;0;2;1;0;4;1;0;1;0;0;0;0;1;6;3;2;-1;5;4;3;2;6;5;5;5;5;5;5;5;5;5;5;5;5;5;5;5;5;5;5;5;5;5;5;5;5;5;5;5;5;4;4;4;3;3;3;3;3;3;3;3;3;3;3;3;2;-1;-1;6;6;5;-9;1;-9;371.37793995
1339;2024Q2;ES709A1;ES709;6;2;70;3;1;4;6;10;-1;-1;-1;1;-1;1;5;-1;-1;-1;-1;-1;-1;1;0;0;0;0;0;1;1;0;0;1;0;0;0;0;0;1;2;3;5;3;3;3;2;6;4;4;5;4;4;4;1;4;1;4;2;4;2;2;4;4;4;4;4;4;5;4;4;2;4;2;4;4;4;4;5;4;4;4;4;4;5;4;4;4;5;4;1;2;-1;-1;6;6;4;6;3;1;123.79264665
1340;2024Q2;ES709A1;ES709;1;1;57;1;1;1;3;10;-1;-1;-1;1;-1;1;7;-1;-1;-1;-1;-1;-1;4;0;0;0;0;3;1;4;0;0;2;0;2;0;0;0;8;3;2;5;3;2;2;2;6;2;2;2;2;2;4;1;2;2;4;2;2;2;2;2;2;2;4;2;2;4;4;4;4;5;5;4;2;2;2;2;2;2;2;2;2;2;2;3;2;3;1;2;2;-1;-1;6;6;1;6;1;1;649.17695597
1341;2024Q2;ES709A1;ES709;6;2;63;1;1;5;5;1;6;2;9;1;-1;-1;-1;-1;-1;-1;-1;-1;-1;2;0;0;0;1;1;0;2;1;0;0;0;0;1;0;0;9;3;3;6;5;5;4;1;6;1;1;1;1;1;1;4;3;5;1;4;3;4;4;2;2;2;2;3;2;2;3;4;4;4;5;5;2;1;1;3;2;3;3;3;2;3;3;3;2;3;1;2;1;1;4;-9;6;5;6;3;-9;1588.2377737
1342;2024Q2;ES709A1;ES709;6;2;56;1;1;1;4;2;6;2;9;1;-1;-1;-1;-1;-1;-1;-1;-1;-1;2;0;1;2;0;2;0;5;1;0;0;1;0;2;0;0;2;2;1;6;3;3;2;2;6;4;4;3;4;4;4;4;5;4;4;2;3;4;3;4;3;4;2;2;2;3;3;2;2;2;2;3;3;3;3;3;4;4;2;2;3;3;3;3;3;3;3;3;1;5;1;1;1;1;6;1;3;1588.2377737
1343;2024Q2;ES709A1;ES709;1;1;52;3;1;5;4;10;-1;-1;-1;1;-1;1;5;-1;-1;-1;-1;-1;-1;2;0;0;1;0;1;0;2;0;0;0;1;0;1;0;0;6;1;1;5;5;5;3;1;6;5;4;5;4;4;3;2;4;2;4;2;2;2;1;4;4;4;2;4;4;4;4;2;2;2;2;4;4;4;5;2;3;4;5;4;-3;5;1;2;-3;-3;4;2;2;-1;-1;6;6;5;6;1;-9;424.32018524
1344;2024Q2;ES709A1;ES709;1;1;29;1;1;1;8;10;-1;-1;-1;1;-1;1;3;-1;-1;-1;-1;-1;-1;3;0;0;1;2;0;0;3;1;0;0;2;0;0;0;0;8;3;2;3;5;2;2;1;6;1;1;3;1;1;1;5;3;5;1;5;2;3;4;1;1;1;1;1;3;3;2;5;5;5;5;1;1;1;1;1;2;4;1;3;3;2;1;1;2;1;1;1;1;5;2;1;6;1;6;4;1;371.37793995
1345;2024Q2;ES709A1;ES709;6;2;21;1;1;1;9;11;-1;-1;-1;6;-1;-1;-1;53;1;4;-1;-1;-1;4;0;0;1;1;2;0;4;3;0;0;1;0;0;0;0;2;7;5;3;4;4;3;3;6;2;2;4;3;2;1;5;2;5;2;5;2;5;5;2;4;4;2;2;2;4;4;5;5;5;5;2;2;1;2;2;1;3;1;2;3;3;3;3;1;3;1;1;1;1;3;1;6;1;6;2;1;495.1705866
1346;2024Q2;ES709A1;ES709;1;2;57;1;1;5;5;3;6;2;9;1;-1;-1;-1;-1;-1;-1;-1;-1;-1;1;0;0;0;0;1;0;1;1;0;0;0;0;0;0;0;1;2;4;6;5;5;3;2;6;5;2;3;4;4;3;4;3;3;3;4;4;3;1;4;4;4;2;4;4;3;4;3;4;4;4;2;3;3;3;3;1;3;1;3;4;3;3;3;3;3;1;3;3;-1;-1;6;6;5;6;-3;1;652.52427515
1347;2024Q2;ES709A1;ES709;1;1;41;1;1;1;7;10;-1;-1;-1;1;-1;1;5;-1;-1;-1;-1;-1;-1;1;0;0;0;1;0;0;1;0;0;0;1;0;0;0;0;1;1;1;5;3;3;2;3;6;2;4;3;4;4;4;2;4;4;4;2;2;4;4;4;4;4;4;4;4;4;4;4;2;2;4;4;2;3;4;3;2;3;2;3;3;3;3;3;2;3;2;3;3;-1;-1;6;6;5;6;1;2;123.79264665
1348;2024Q2;ES709A1;ES709;1;1;27;1;1;5;6;1;6;2;4;6;-1;-1;-1;57;1;5;-1;-1;-1;6;0;0;0;4;1;1;6;3;0;0;3;0;0;0;0;2;7;3;5;4;2;2;3;6;4;3;4;4;3;4;5;3;5;3;4;3;3;5;3;4;3;3;3;4;4;4;3;4;4;4;3;2;3;4;3;3;3;3;4;3;3;3;3;1;3;2;1;2;-1;-1;6;6;5;6;-3;1;2516.0363524
1349;2024Q2;ES709A1;ES709;1;1;27;1;1;1;9;11;-1;-1;-1;6;-1;-1;-1;61;3;-1;-1;1;9;2;0;0;0;1;1;0;2;0;0;1;1;0;0;0;0;6;2;2;6;5;5;4;1;6;5;4;4;4;4;3;4;4;3;3;4;3;3;2;3;4;4;4;5;3;4;4;2;3;4;4;3;3;5;5;5;4;4;3;3;4;4;3;3;4;4;4;2;1;1;2;1;6;1;6;1;3;247.5852933
1350;2024Q2;ES709A1;ES709;1;1;25;1;1;1;5;2;6;2;5;6;-1;-1;-1;25;1;3;-1;-1;-1;2;0;0;0;2;0;0;2;2;0;0;0;0;0;0;0;4;6;5;3;4;4;2;2;6;3;2;2;3;4;4;5;3;5;1;5;2;4;4;2;4;3;1;2;2;4;5;5;5;5;5;2;1;5;5;4;2;3;4;4;3;4;3;3;2;3;2;1;1;5;2;1;6;1;6;1;1;838.67878412
1351;2024Q2;ES709A1;ES709;1;1;70;2;1;5;8;12;-1;-1;-1;1;-1;2;1;-1;-1;-1;-1;-1;-1;1;0;0;0;0;0;1;1;0;0;0;0;1;0;0;0;1;2;3;2;4;4;2;1;6;4;4;4;4;4;4;2;2;4;4;4;2;2;2;4;4;4;4;2;4;4;2;2;2;2;4;2;4;3;4;4;4;3;5;4;4;4;4;4;4;4;4;3;1;1;4;1;6;5;6;1;1;3385.0486196
1352;2024Q2;ES709A1;ES709;1;1;49;1;1;1;7;1;6;2;8;1;-1;-1;-1;-1;-1;-1;-1;-1;-1;2;0;1;0;1;1;0;3;1;0;0;1;0;0;0;0;2;4;3;5;5;4;3;4;1;4;4;4;4;4;4;4;4;4;3;4;3;4;4;3;4;4;3;4;4;4;4;4;2;4;4;2;3;4;4;4;3;3;3;3;3;3;3;4;4;3;2;2;2;-1;-1;1;1;1;6;1;1;1404.7802576
1353;2024Q2;ES709A1;ES709;6;2;43;1;1;1;5;1;6;2;5;6;-1;-1;-1;44;1;1;-1;-1;-1;2;0;10;0;2;0;0;12;2;0;0;0;0;0;0;0;2;5;1;1;4;4;2;1;6;2;2;1;4;2;5;5;1;5;1;5;1;5;5;1;1;1;1;1;1;1;1;5;5;5;5;1;1;2;2;1;1;1;1;1;1;2;1;1;1;1;1;2;1;1;4;6;6;1;6;1;1;1061.5795964
1354;2024Q2;ES709A1;ES709;1;1;57;3;1;5;1;15;-1;-1;-1;1;1;1;7;-1;-1;-1;-1;-1;-1;2;0;0;0;0;2;0;2;0;0;0;1;1;0;0;0;8;1;1;5;3;5;4;4;6;4;4;4;4;4;4;4;4;4;4;2;4;4;4;4;4;4;4;4;4;4;4;4;5;4;2;4;4;4;4;4;4;4;4;4;4;5;4;4;4;4;4;3;2;-1;-1;1;1;5;6;1;3;6145.3441837
1355;2024Q2;ES709A1;ES709;6;2;44;3;1;5;6;2;6;2;5;6;-1;-1;-1;45;1;7;-1;-1;-1;5;0;0;0;1;3;1;5;3;0;0;2;0;0;0;0;5;6;3;4;5;5;4;2;1;5;2;5;4;4;2;5;2;5;2;4;2;5;4;4;2;4;2;2;2;4;4;2;2;4;2;2;2;5;3;5;3;3;3;3;3;4;3;3;4;4;2;1;1;4;3;1;6;4;1;5;1;2653.9489911
1356;2024Q2;ES709A1;ES709;6;2;32;1;1;1;10;1;6;2;2;1;-1;-1;-1;-1;-1;-1;-1;-1;-1;1;0;0;0;1;0;0;1;1;0;0;0;0;0;0;0;1;4;6;1;3;3;2;2;6;4;3;4;4;4;4;5;4;3;4;2;2;2;4;2;2;4;3;2;4;4;4;4;4;2;4;2;2;2;2;4;2;4;3;3;4;3;4;4;1;2;2;1;3;-1;-1;6;6;3;6;3;1;359.31932849
1357;2024Q2;ES709A1;ES709;1;1;31;1;1;1;9;1;1;1;4;6;-1;-1;-1;28;1;2;-1;-1;-1;2;0;0;0;2;0;0;2;2;0;0;0;0;0;0;0;4;5;5;1;3;3;4;1;6;3;1;1;3;1;2;5;3;3;2;5;1;2;4;4;2;3;2;2;2;5;5;5;5;5;5;1;3;1;2;2;3;3;3;4;1;4;3;3;1;2;1;2;1;3;3;1;1;1;6;1;1;838.67878412
1358;2024Q2;ES709A1;ES709;1;1;52;1;1;1;5;1;6;2;9;1;-1;-1;-1;-1;-1;-1;-1;-1;-1;4;0;0;2;0;2;0;4;3;0;1;0;0;0;0;0;2;7;5;6;5;5;4;3;1;4;4;4;5;5;4;5;4;4;4;4;4;2;2;4;4;4;4;4;4;4;4;4;4;2;4;4;4;5;5;5;3;4;3;3;3;4;3;1;1;3;3;2;1;3;1;6;6;5;6;1;1;2809.5605151
1359;2024Q2;ES709A1;ES709;1;1;53;2;1;5;5;10;-1;-1;-1;1;-1;1;7;-1;-1;-1;-1;-1;-1;1;0;0;0;0;1;0;1;0;0;0;1;0;0;0;0;1;1;1;4;4;3;3;1;6;4;5;4;4;5;3;3;4;2;4;3;3;2;2;3;3;4;5;5;4;4;4;2;2;2;2;3;3;4;4;4;5;5;5;5;4;3;4;4;4;4;3;2;3;-1;-1;6;6;5;6;1;3;212.16009262
1360;2024Q2;ES709A1;ES709;6;2;71;1;1;5;5;10;-1;-1;-1;1;-1;1;9;-1;-1;-1;-1;-1;-1;2;0;0;0;1;0;1;2;0;0;0;2;0;0;0;0;8;1;1;6;2;2;2;1;6;3;4;3;4;4;2;4;4;4;4;4;4;4;4;2;2;2;2;2;2;4;4;4;4;4;4;2;2;3;3;3;4;4;2;2;5;4;4;3;3;3;2;2;2;-1;-1;6;6;5;6;-3;3;247.5852933
1361;2024Q2;ES709A1;ES709;6;2;53;3;1;5;5;1;6;1;9;1;-1;-1;-1;-1;-1;-1;-1;-1;-1;2;0;0;0;0;1;1;2;1;0;0;0;1;0;0;0;4;2;2;6;4;3;3;1;6;2;2;4;4;4;4;4;4;4;4;4;3;4;4;4;2;3;2;4;4;4;4;4;4;4;4;2;2;-3;3;3;3;4;3;4;-3;4;4;4;-3;3;-3;3;2;-1;-1;6;6;5;6;1;1;1195.9725054
1362;2024Q2;ES709A1;ES709;6;2;55;3;3;4;2;1;6;1;5;6;-1;-1;-1;60;1;5;-1;-1;-1;2;0;1;0;0;2;0;3;2;0;0;0;0;0;0;0;9;3;2;5;2;2;2;2;6;2;4;4;2;4;2;2;4;4;4;4;4;4;4;2;4;4;4;4;4;4;4;2;4;4;2;4;4;2;2;4;4;4;4;4;3;3;3;4;4;4;4;2;2;-1;-1;1;6;4;6;1;3;3066.8332807
1363;2024Q2;ES709A1;ES709;1;1;63;1;1;1;5;10;-1;-1;-1;1;-1;1;9;-1;-1;-1;-1;-1;-1;2;0;0;0;1;1;0;2;0;0;0;2;0;0;0;0;6;1;1;6;5;1;1;2;6;3;4;4;3;4;3;4;4;3;3;3;3;3;3;3;3;3;3;3;3;3;3;3;3;3;3;3;3;3;3;3;4;4;4;4;4;4;4;4;4;4;4;3;2;-1;-1;6;6;5;6;-3;3;324.58847799
1364;2024Q2;ES709A1;ES709;6;2;80;1;1;1;1;16;-1;-1;-1;1;1;1;9;-1;-1;-1;-1;-1;-1;1;0;0;0;0;0;1;1;0;0;0;0;1;0;0;0;1;2;3;6;-9;4;-9;1;6;4;5;4;4;4;-9;-9;-9;2;4;4;-9;4;4;1;4;4;4;-9;4;4;4;4;4;-9;4;-9;4;-3;-3;-3;2;-3;-3;2;-3;-3;-3;-3;-3;-3;-3;2;1;1;4;6;6;1;6;1;1;2478.7134271
1365;2024Q2;ES709A1;ES709;6;2;50;1;1;1;5;10;-1;-1;-1;1;-1;1;5;-1;-1;-1;-1;-1;-1;1;0;1;0;0;1;0;2;0;0;1;0;0;0;0;0;6;2;2;5;4;4;2;2;6;5;5;5;5;5;5;5;4;5;4;4;3;5;5;4;5;3;4;3;4;4;5;3;4;5;5;4;3;3;3;3;3;3;1;1;1;2;1;1;3;3;3;1;3;-1;-1;6;6;1;6;1;2;123.79264665
1366;2024Q2;ES709A1;ES709;1;1;41;1;1;1;4;1;6;1;7;1;-1;-1;-1;-1;-1;-1;-1;-1;-1;5;0;0;0;3;1;1;5;2;0;0;1;2;0;0;0;2;6;3;4;4;4;2;2;6;3;4;-9;3;4;2;-9;1;4;4;4;2;3;4;4;4;4;5;5;4;3;4;5;2;4;4;1;3;3;3;3;-3;3;4;5;4;4;4;4;4;3;3;2;-9;-1;-1;6;6;1;6;1;3;2464.9816284
1367;2024Q2;ES709A1;ES709;6;2;40;1;1;1;7;2;6;2;5;1;-1;-1;-1;-1;-1;-1;-1;-1;-1;1;0;1;0;1;0;0;2;1;0;0;0;0;0;0;0;6;3;3;5;5;5;2;2;6;4;4;4;4;4;3;4;3;4;4;3;3;4;2;3;3;4;3;3;3;4;4;2;2;3;3;2;3;4;3;4;4;4;3;3;3;3;3;3;2;3;3;1;1;1;3;6;6;5;6;3;1;530.78979821
1368;2024Q2;ES709A1;ES709;6;2;43;1;1;1;8;5;-1;-1;5;1;-1;-1;-1;-1;-1;-1;-1;-1;-1;1;0;1;0;1;0;0;2;0;1;0;0;0;0;0;0;6;3;3;4;3;2;2;3;6;4;2;2;4;4;5;5;2;3;4;4;2;5;4;5;2;4;1;2;4;2;3;4;4;5;3;4;2;4;4;4;1;4;2;3;3;3;4;3;3;3;2;1;1;3;-9;6;6;5;6;3;-9;530.78979821
1369;2024Q2;ES709A1;ES709;6;2;48;1;1;5;8;10;-1;-1;-1;6;-1;-1;-1;51;1;7;-1;-1;-1;4;0;0;2;0;2;0;4;1;0;0;1;0;2;0;0;2;3;2;5;5;5;3;4;1;4;2;4;4;4;4;4;3;2;2;4;4;4;4;2;4;4;4;4;4;4;4;4;4;4;4;2;4;4;3;4;2;4;4;3;2;3;2;3;2;3;2;1;2;-1;-1;1;1;5;1;3;2;495.1705866
1370;2024Q2;ES709A1;ES709;6;2;62;1;1;1;5;10;-1;-1;-1;6;-1;-1;-1;59;1;5;-1;-1;-1;3;0;2;0;1;2;0;5;1;0;1;1;0;0;0;0;5;3;2;5;3;4;2;2;6;1;1;2;4;1;1;1;1;1;1;1;1;5;5;1;1;1;1;1;1;1;4;1;4;4;4;1;2;1;1;1;1;3;2;2;-3;3;3;1;2;2;2;3;1;5;3;6;6;5;6;1;1;371.37793995
1371;2024Q2;ES709A1;ES709;6;2;57;1;1;1;5;1;6;1;9;6;-1;-1;-1;60;3;-1;-1;2;7;4;0;0;1;1;2;0;4;2;0;1;1;0;0;0;0;2;3;2;4;2;2;1;1;6;2;1;1;4;1;5;5;1;5;1;5;1;5;3;5;1;1;1;4;1;4;4;5;5;5;5;1;1;5;3;1;1;3;3;1;1;3;1;1;1;1;1;3;1;5;2;1;6;5;6;2;1;3176.4755474
1372;2024Q2;ES709A1;ES709;6;2;55;1;1;1;4;10;-1;-1;-1;6;-1;-1;-1;60;1;4;-1;-1;-1;2;0;0;1;0;2;0;3;1;0;1;0;0;1;0;0;8;3;2;3;4;4;4;-9;6;3;2;-9;3;4;5;5;3;-9;1;5;1;2;4;2;2;3;1;2;3;3;4;5;5;5;5;2;1;1;3;-3;1;3;3;2;-3;2;2;2;-3;-7;1;1;1;2;4;1;6;5;6;-3;1;247.5852933
1373;2024Q2;ES709A1;ES709;6;2;35;1;1;1;8;1;1;1;4;6;-1;-1;-1;24;1;5;-1;-1;-1;2;0;0;1;1;0;0;2;2;0;0;0;0;0;0;0;4;5;5;5;2;3;3;3;6;3;3;3;3;3;3;3;3;3;3;3;3;3;3;3;3;3;3;3;3;3;3;3;3;3;3;3;3;3;3;3;3;3;2;3;3;3;3;3;3;3;3;1;3;-1;-1;1;6;1;6;1;1;1061.5795964
1374;2024Q2;ES709A1;ES709;6;-9;48;1;1;1;5;10;-1;-1;-1;6;-1;-1;-1;48;1;-9;-1;-1;-1;2;0;1;0;0;2;0;3;1;0;1;0;0;0;0;0;2;4;3;-1;4;4;3;2;6;1;5;4;5;4;1;1;4;1;4;1;3;1;2;4;4;3;3;3;4;4;4;3;3;3;3;4;4;3;4;4;4;4;4;4;4;3;3;4;3;4;4;2;3;-1;-1;6;6;5;6;1;3;247.5852933
1375;2024Q2;ES709A1;ES709;6;2;53;1;1;1;9;1;1;2;2;1;-1;-1;-1;-1;-1;-1;-1;-1;-1;2;0;0;1;0;1;0;2;1;0;1;0;0;0;0;0;6;6;6;1;5;5;3;1;6;2;2;2;2;2;5;5;2;5;2;4;2;4;3;3;3;3;2;2;4;4;4;5;4;5;5;1;1;2;4;3;1;5;5;4;2;3;2;2;1;3;4;1;1;3;2;1;6;1;6;3;1;1195.9725054
1376;2024Q2;ES709A1;ES709;1;1;30;3;1;5;6;5;-1;-1;1;1;-1;-1;-1;-1;-1;-1;-1;-1;-1;2;0;1;0;2;0;0;3;1;1;0;0;0;0;0;0;2;7;6;2;5;5;3;3;1;1;4;4;4;4;3;4;3;4;3;2;4;4;2;4;4;4;4;4;4;4;4;5;4;3;3;4;4;4;4;4;4;4;4;4;4;4;4;4;4;4;4;2;2;-1;-1;6;6;5;6;1;1;838.67878412
1377;2024Q2;ES709A1;ES709;6;2;53;1;1;1;5;10;-1;-1;-1;1;-1;1;9;-1;-1;-1;-1;-1;-1;1;0;0;0;0;1;0;1;0;0;0;1;0;0;0;0;1;1;1;6;4;4;3;1;6;3;2;2;3;3;2;5;2;5;2;5;2;5;5;2;1;1;1;1;2;2;4;5;5;5;5;1;1;4;4;4;4;2;2;3;2;4;1;1;1;3;3;3;1;5;4;6;6;5;6;1;1;123.79264665
1378;2024Q2;ES707A0;ES707;6;2;48;1;1;1;5;10;-1;-1;-1;1;-1;1;5;-1;-1;-1;-1;-1;-1;3;0;0;1;1;1;0;3;0;0;1;0;1;1;0;0;6;2;2;5;5;4;3;1;6;4;3;4;4;4;5;5;4;4;5;5;3;4;5;5;5;5;4;4;4;4;4;3;3;3;2;3;3;5;4;5;5;-3;5;5;4;3;5;-3;-3;4;4;1;2;-1;-1;6;6;1;6;2;3;64.078808221
1379;2024Q2;ES707A0;ES707;1;1;67;1;1;1;4;12;-1;-1;-1;1;-1;2;7;-1;-1;-1;-1;-1;-1;2;0;0;0;0;1;1;2;0;0;1;0;1;0;0;0;4;3;3;4;2;2;1;2;6;3;4;4;4;4;1;1;4;5;1;2;2;5;4;4;2;2;1;1;1;4;4;2;5;5;5;4;2;2;2;3;1;2;3;4;3;2;2;3;3;3;2;2;1;1;2;1;1;1;6;3;2;401.34556679
1380;2024Q2;ES707A0;ES707;6;2;38;1;1;1;5;14;-1;-1;-1;6;-1;-1;-1;39;1;7;-1;-1;-1;2;0;2;0;2;0;0;4;1;0;0;0;0;0;1;0;2;4;2;4;4;5;5;2;6;4;4;5;5;4;2;5;4;5;4;2;2;2;2;2;2;3;2;2;2;2;4;5;2;2;2;2;2;1;2;2;3;2;3;4;3;3;4;3;3;2;3;1;2;-1;-1;1;6;1;6;5;3;525.9864158
1381;2024Q2;ES707A0;ES707;6;2;48;3;2;5;4;1;6;2;9;1;-1;-1;-1;-1;-1;-1;-1;-1;-1;2;0;1;1;0;1;0;3;1;0;0;1;0;0;0;0;6;3;2;6;3;3;2;2;6;4;5;5;5;5;2;5;5;4;4;2;5;4;2;5;5;5;5;5;4;5;5;1;2;5;2;4;2;4;3;2;3;3;4;4;4;4;4;4;4;3;4;3;3;-1;-1;6;6;5;6;1;1;416.43231368
1382;2024Q2;ES707A0;ES707;6;2;47;3;1;5;5;10;-1;-1;-1;6;-1;-1;-1;40;3;-1;-1;1;9;4;0;0;1;2;1;1;5;0;0;1;3;0;1;0;0;8;2;1;6;5;4;2;1;6;4;2;4;4;2;2;4;2;4;4;4;3;2;4;4;4;4;4;2;4;4;4;4;2;2;4;4;4;4;4;4;2;3;4;4;-3;4;-3;-3;-3;-3;3;2;1;4;3;1;6;5;6;3;2;85.438410961
1383;2024Q2;ES707A0;ES707;1;1;48;1;1;5;10;5;-1;-1;5;1;-1;-1;-1;-1;-1;-1;-1;-1;-1;1;0;0;0;0;1;0;1;0;1;0;0;0;0;0;0;1;7;6;3;4;4;4;5;1;2;5;5;5;5;2;4;5;4;4;2;4;2;3;4;4;4;4;4;4;5;5;4;2;3;4;4;4;3;3;4;4;4;3;2;2;3;3;3;2;3;2;1;3;-1;-1;1;6;5;6;3;2;97.852192163
1384;2024Q2;ES707A0;ES707;1;1;44;3;1;5;6;5;-1;-1;7;1;-1;-1;-1;-1;-1;-1;-1;-1;-1;2;0;0;0;1;1;0;2;0;1;1;0;0;0;0;0;8;3;3;4;4;4;3;1;6;4;5;4;5;5;3;5;4;2;3;3;4;2;1;4;5;5;5;5;5;5;5;1;3;3;4;1;3;4;4;3;3;4;5;5;-3;-3;-3;-3;1;-3;-3;2;2;-1;-1;6;6;5;6;5;1;176.76704772
1385;2024Q2;ES707A0;ES707;6;2;34;3;1;5;6;1;6;1;5;1;-1;-1;-1;-1;-1;-1;-1;-1;-1;3;0;0;0;1;2;0;3;3;0;0;0;0;0;0;0;8;3;2;5;2;3;3;3;1;4;4;2;4;4;2;4;4;4;4;4;2;2;2;4;2;2;2;2;2;4;4;4;4;4;4;2;2;3;2;3;2;3;3;3;3;3;2;2;3;3;3;1;3;-1;-1;1;1;5;6;-3;3;370.16028096
1386;2024Q2;ES707A0;ES707;6;2;43;2;1;2;5;2;6;2;5;1;-1;-1;-1;-1;-1;-1;-1;-1;-1;5;0;2;0;2;1;2;7;3;0;0;0;2;0;0;0;8;7;3;6;5;4;4;3;6;4;4;4;4;4;4;4;5;3;4;4;4;5;2;4;4;4;2;4;4;5;5;3;4;5;5;1;4;5;4;4;5;5;4;5;-3;4;5;5;5;4;5;2;1;1;2;1;6;2;6;3;3;386.36237767
1387;2024Q2;ES707A0;ES707;1;1;19;3;1;4;4;1;6;1;6;6;-1;-1;-1;47;1;7;-1;-1;-1;6;0;0;1;2;3;0;6;6;0;0;0;0;0;0;0;3;6;2;4;3;3;3;3;6;3;4;3;4;3;4;3;4;3;3;3;3;3;3;3;3;3;3;3;3;3;3;3;4;3;3;3;3;1;1;4;2;3;3;3;3;3;3;3;3;1;3;2;2;-1;-1;6;6;4;6;-3;1;423.51968506
1388;2024Q2;ES707A0;ES707;1;1;66;3;1;5;5;12;-1;-1;-1;1;-1;1;6;-1;-1;-1;-1;-1;-1;2;0;0;0;0;0;2;2;0;0;0;0;2;0;0;0;4;4;4;5;4;3;2;1;6;4;2;3;5;4;4;3;4;4;4;4;2;3;4;4;4;4;4;2;3;4;4;5;3;5;3;4;4;4;4;4;4;-3;4;3;3;4;5;4;4;4;3;1;1;1;2;6;6;5;6;2;1;401.34556679
1389;2024Q2;ES707A0;ES707;6;2;54;1;1;1;10;2;1;2;1;1;-1;-1;-1;-1;-1;-1;-1;-1;-1;2;0;0;1;0;1;0;2;1;0;0;0;0;1;0;0;6;6;6;1;5;4;5;1;6;2;2;2;2;1;5;5;2;5;1;5;1;3;4;2;2;1;2;2;1;3;2;3;5;5;5;2;2;-7;3;3;2;-7;-7;-7;2;3;2;2;2;2;2;1;1;3;3;1;6;5;6;4;1;138.84416074
1390;2024Q2;ES707A0;ES707;6;2;20;1;1;1;6;13;-1;-1;-1;6;-1;-1;-1;49;1;1;-1;-1;-1;3;0;2;1;0;2;0;5;2;0;0;0;0;1;0;0;8;7;4;1;5;3;2;1;6;4;4;3;5;5;3;5;2;5;2;4;4;3;4;3;5;3;3;4;5;4;4;4;4;4;4;2;2;4;3;5;4;5;4;4;4;4;4;4;3;3;4;2;2;-1;-1;1;6;1;6;4;1;927.32247805
1391;2024Q2;ES707A0;ES707;6;2;38;3;3;4;6;2;6;1;4;1;-1;-1;-1;-1;-1;-1;-1;-1;-1;4;0;1;2;2;0;0;5;2;0;0;0;0;2;0;0;8;5;2;3;4;4;4;3;6;3;4;3;4;4;2;2;4;4;4;4;4;2;3;4;4;4;3;4;4;4;4;3;4;4;2;4;4;4;3;4;4;4;4;4;4;4;4;4;4;4;4;3;3;-1;-1;1;1;4;6;2;3;864.26620801
1392;2024Q2;ES707A0;ES707;1;1;75;3;1;5;11;12;-1;-1;-1;1;-1;1;2;-1;-1;-1;-1;-1;-1;3;0;0;0;1;1;1;3;1;0;0;0;2;0;0;0;2;6;4;1;4;3;3;1;6;3;4;2;4;4;4;4;4;4;4;4;4;4;1;4;4;4;4;3;3;4;4;4;4;4;4;3;3;3;3;3;2;2;2;3;3;3;3;4;3;3;3;2;2;-1;-1;6;6;5;6;3;3;602.01835019
1393;2024Q2;ES707A0;ES707;6;2;57;1;1;1;5;10;-1;-1;-1;6;-1;-1;-1;48;2;5;-1;-1;-1;2;0;0;0;0;2;0;2;0;1;0;1;0;0;0;0;4;2;2;3;5;4;4;4;1;4;3;4;2;3;4;3;4;4;4;2;4;3;3;4;4;4;4;2;3;4;4;4;4;2;3;4;4;4;4;4;3;3;-3;4;3;4;4;4;4;2;4;2;3;-1;-1;6;6;5;6;3;1;42.719205481
1394;2024Q2;ES707A0;ES707;1;1;51;2;1;5;10;1;6;1;5;6;-1;-1;-1;57;2;5;-1;-1;-1;2;0;0;0;0;2;0;2;1;1;0;0;0;0;0;0;4;6;5;3;4;3;2;3;6;4;4;3;4;4;3;3;4;3;4;4;4;3;3;4;4;4;3;4;4;4;4;3;4;4;4;3;3;3;3;3;3;4;3;4;3;2;2;2;2;2;2;1;1;5;2;1;6;5;6;3;1;195.70438433
1395;2024Q2;ES707A0;ES707;6;2;28;1;1;5;10;1;6;1;2;6;-1;-1;-1;66;5;-1;-1;1;2;3;0;0;0;1;0;2;3;1;0;0;0;2;0;0;0;2;4;3;2;4;3;2;1;6;3;4;2;4;4;4;5;3;4;2;4;4;2;4;3;4;3;3;4;4;4;4;4;3;4;3;3;3;3;3;3;4;4;4;4;3;3;3;3;1;3;1;1;1;1;4;1;6;5;6;5;1;370.16028096
1396;2024Q2;ES707A0;ES707;6;2;43;3;1;5;5;1;6;2;9;1;-1;-1;-1;-1;-1;-1;-1;-1;-1;5;0;1;3;2;0;0;6;2;0;0;0;0;3;0;0;2;4;2;6;4;3;2;2;6;4;3;4;4;4;3;2;4;4;4;2;3;4;3;4;4;4;4;2;3;4;4;4;2;2;3;4;4;4;2;3;4;5;5;4;4;4;4;4;3;4;3;2;1;2;1;1;6;5;6;1;2;386.36237767
1397;2024Q2;ES707A0;ES707;6;2;61;1;1;1;4;12;-1;-1;-1;1;-1;1;9;-1;-1;-1;-1;-1;-1;2;0;0;0;0;1;1;2;0;0;0;0;2;0;0;0;6;2;2;6;3;1;1;1;6;3;1;1;1;1;2;2;2;4;5;4;4;2;5;4;4;4;5;5;5;4;4;2;4;4;4;4;5;3;2;2;1;5;5;5;3;4;3;3;3;3;1;2;3;-1;-1;6;6;1;6;1;-9;492.47345244
1398;2024Q2;ES707A0;ES707;6;2;50;1;1;5;10;2;1;2;2;1;-1;-1;-1;-1;-1;-1;-1;-1;-1;1;0;0;0;0;1;0;1;1;0;0;0;0;0;0;0;1;6;6;1;5;3;3;2;6;4;4;2;5;4;2;2;5;2;3;3;4;2;2;4;4;4;4;1;4;4;3;2;2;4;3;2;3;4;3;3;3;4;4;4;-3;3;3;4;4;4;4;1;3;-1;-1;6;6;5;6;1;3;69.422080372
1399;2024Q2;ES707A0;ES707;6;2;19;1;1;1;6;10;-1;-1;-1;1;-1;1;5;-1;-1;-1;-1;-1;-1;2;0;0;1;1;0;0;2;0;0;2;0;0;0;0;0;6;2;2;5;5;4;3;3;6;4;2;4;4;4;2;3;4;4;4;4;2;4;3;4;4;4;4;2;3;4;4;4;4;2;3;4;4;4;4;2;3;4;4;5;4;4;4;4;4;3;4;2;3;-1;-1;6;6;1;6;-3;2;142.12521494
1400;2024Q2;ES707A0;ES707;6;2;37;3;1;4;10;10;-1;-1;-1;6;-1;-1;-1;39;1;-9;-1;-1;-1;2;0;2;0;2;0;0;4;1;0;1;0;0;0;0;0;2;3;2;-1;2;3;3;1;6;3;3;3;3;3;5;4;2;4;5;4;5;4;3;3;3;3;2;2;1;2;2;5;4;4;4;2;3;3;3;3;3;3;3;2;3;2;3;3;3;3;3;2;1;1;1;1;1;4;6;3;2;49.896645364
1401;2024Q2;ES707A0;ES707;6;2;59;1;1;1;4;10;-1;-1;-1;1;-1;1;9;-1;-1;-1;-1;-1;-1;1;0;0;0;0;1;0;1;0;0;0;1;0;0;0;0;1;1;1;6;4;4;4;2;6;4;5;4;5;4;5;4;5;2;5;1;5;1;1;5;5;5;5;5;5;5;5;2;1;2;2;2;5;5;4;5;5;4;5;4;4;5;4;4;5;4;5;3;1;2;4;1;6;5;6;-3;3;21.35960274
1402;2024Q2;ES707A0;ES707;1;1;28;1;1;1;7;1;6;1;6;1;-1;-1;-1;-1;-1;-1;-1;-1;-1;2;0;0;1;1;0;0;2;2;0;0;0;0;0;0;0;4;4;4;5;4;3;3;2;6;5;5;3;5;4;4;3;4;4;5;5;5;4;3;4;3;3;4;2;3;4;4;4;2;3;4;4;4;4;4;4;4;3;4;4;4;3;-3;4;4;3;2;3;3;-1;-1;6;6;1;6;1;1;141.17322835
1403;2024Q2;ES707A0;ES707;1;1;44;1;1;1;8;2;6;2;3;1;-1;-1;-1;-1;-1;-1;-1;-1;-1;1;0;0;0;1;0;0;1;1;0;0;0;0;0;0;0;1;4;6;3;2;2;2;3;1;2;2;2;4;1;2;2;2;1;5;2;2;2;5;4;5;4;2;2;1;5;5;4;5;5;4;2;1;1;3;3;2;4;3;3;3;1;3;3;3;3;1;2;3;-1;-1;6;6;5;6;4;1;88.383523861
1404;2024Q2;ES707A0;ES707;1;1;49;3;1;1;8;1;6;2;3;1;-1;-1;-1;-1;-1;-1;-1;-1;-1;2;0;0;0;0;2;0;2;2;0;0;0;0;0;0;0;4;4;4;3;1;1;1;3;1;1;5;4;4;4;2;2;4;2;4;2;4;2;2;4;4;4;4;4;4;4;4;2;4;2;2;4;4;4;4;4;4;4;4;3;4;4;4;4;4;4;4;1;1;5;3;1;1;1;6;4;3;195.70438433
1405;2024Q2;ES707A0;ES707;1;1;28;1;1;1;5;1;6;1;7;6;-1;-1;-1;54;1;5;-1;-1;-1;2;0;0;0;1;1;0;2;2;0;0;0;0;0;0;0;6;5;5;5;3;4;3;2;6;4;2;3;3;2;4;4;2;5;1;4;2;3;3;2;2;2;2;2;2;4;4;4;4;4;3;2;3;3;3;3;4;3;3;4;3;2;2;3;1;3;-7;2;2;-1;-1;6;6;1;6;3;1;141.17322835
1406;2024Q2;ES707A0;ES707;1;1;46;1;1;5;4;10;-1;-1;-1;1;-1;1;8;-1;-1;-1;-1;-1;-1;1;0;0;1;0;1;0;2;0;0;0;2;0;0;0;0;6;1;1;-1;5;2;3;2;1;2;2;2;2;2;4;5;4;4;1;5;1;3;5;4;2;2;2;4;4;3;5;5;5;5;5;4;2;3;5;5;3;5;4;3;4;3;2;3;1;3;3;1;1;5;4;6;6;5;6;4;2;48.973987031
1407;2024Q2;ES707A0;ES707;6;2;42;3;1;5;3;10;-1;-1;-1;1;-1;1;9;-1;-1;-1;-1;-1;-1;1;0;1;1;1;0;0;3;0;0;0;1;0;1;0;0;6;2;1;6;2;2;2;2;6;2;4;2;3;2;2;5;2;2;4;4;4;2;4;4;4;4;4;4;4;4;4;3;2;3;1;4;4;3;4;4;4;4;5;4;4;4;4;4;5;4;4;3;3;-1;-1;6;6;5;6;-3;3;24.948322682
1408;2024Q2;ES707A0;ES707;1;1;61;1;1;1;5;10;-1;-1;-1;1;-1;1;8;-1;-1;-1;-1;-1;-1;2;0;0;0;0;2;0;2;0;0;1;1;0;0;0;0;4;2;2;5;3;3;3;2;6;2;4;2;2;4;4;2;2;4;4;4;2;4;4;4;4;4;2;2;4;4;2;2;4;4;4;4;4;3;3;3;3;3;3;3;3;3;3;3;3;3;3;3;1;4;2;1;6;1;6;2;1;95.663155846
1409;2024Q2;ES707A0;ES707;6;2;33;1;1;1;6;1;6;2;9;1;-1;-1;-1;-1;-1;-1;-1;-1;-1;1;0;2;0;1;0;0;3;1;0;0;0;0;0;0;0;6;3;2;6;4;4;2;1;1;2;4;4;4;4;2;3;4;4;4;2;4;3;4;4;4;4;4;2;3;4;4;4;2;2;4;4;4;2;3;4;2;4;3;5;5;5;5;5;4;3;5;2;2;-1;-1;6;6;5;6;3;3;123.38676032
1410;2024Q2;ES707A0;ES707;6;2;61;1;1;1;5;15;-1;-1;-1;1;6;-1;-1;-1;-1;-1;-1;-1;-1;1;0;0;0;0;1;0;1;0;0;0;0;0;1;0;0;1;1;2;-1;4;3;3;2;6;4;4;4;3;3;2;4;4;5;4;4;3;4;4;3;4;4;4;4;4;4;4;4;4;4;5;5;-9;4;3;5;5;4;-3;4;3;3;4;4;3;3;5;2;2;-1;-1;1;6;1;6;3;1;246.23672622
1411;2024Q2;ES707A0;ES707;6;2;58;1;1;5;6;10;-1;-1;-1;1;-1;1;9;-1;-1;-1;-1;-1;-1;3;0;1;0;0;3;0;4;1;0;1;0;0;0;1;0;5;3;2;6;4;4;4;2;6;4;5;4;5;5;1;4;4;2;4;2;4;2;2;5;5;2;3;3;5;5;5;3;4;4;2;4;4;3;4;4;5;5;4;4;3;4;4;4;3;4;3;2;2;-1;-1;6;6;5;6;3;1;64.078808221
1412;2024Q2;ES707A0;ES707;1;1;52;1;1;1;5;1;6;1;9;1;-1;-1;-1;-1;-1;-1;-1;-1;-1;3;0;0;1;0;2;0;3;2;0;0;0;0;1;0;0;2;5;4;6;3;3;2;3;6;3;4;4;1;4;4;4;4;4;5;2;2;5;2;5;2;5;5;5;4;4;5;3;2;2;2;5;2;4;3;3;4;4;3;3;4;4;3;4;4;3;3;3;2;-1;-1;6;6;1;6;3;1;293.55657649
1413;2024Q2;ES707A0;ES707;6;2;35;1;1;1;8;1;6;2;-9;6;-1;-1;-1;43;1;-9;-1;-1;-1;2;0;2;0;2;0;0;4;2;0;0;0;0;0;0;0;2;-9;-9;-1;5;5;4;-9;6;1;4;2;4;5;3;5;3;5;1;5;1;3;3;3;2;2;1;3;5;4;4;3;3;3;3;3;3;3;3;3;3;3;3;2;2;2;2;2;1;2;1;1;3;-1;-1;6;6;5;6;4;1;154.54495107
1414;2024Q2;ES707A0;ES707;1;1;47;1;1;1;6;1;6;2;4;1;-1;-1;-1;-1;-1;-1;-1;-1;-1;2;0;0;0;0;1;1;2;1;0;0;0;1;0;0;0;8;4;4;3;5;5;3;5;1;4;5;4;4;4;5;5;3;5;3;4;4;5;3;3;4;3;3;2;3;3;4;5;5;5;5;4;2;3;4;4;3;3;2;3;-7;3;4;4;1;3;3;1;1;3;1;1;6;1;6;4;1;195.70438433
1415;2024Q2;ES707A0;ES707;1;1;54;3;1;3;5;10;-1;-1;-1;1;-1;1;9;-1;-1;-1;-1;-1;-1;2;0;0;0;0;2;0;2;0;0;0;2;0;0;0;0;9;1;1;6;-9;-9;-9;2;6;4;4;4;4;4;4;4;4;4;4;4;4;4;4;4;5;4;5;4;4;4;4;4;4;3;4;4;4;4;4;3;4;4;4;4;4;4;-3;3;4;-3;4;3;2;-1;-1;6;6;3;6;3;3;97.947974062
1416;2024Q2;ES707A0;ES707;1;1;65;1;1;1;4;12;-1;-1;-1;1;-1;1;5;-1;-1;-1;-1;-1;-1;3;0;2;0;0;1;2;5;1;0;0;0;1;0;1;0;3;4;2;5;5;4;3;4;1;2;4;5;4;2;4;2;4;4;4;3;4;3;4;4;4;4;4;2;4;4;4;4;4;2;3;4;4;4;4;4;3;4;3;4;5;4;4;4;5;3;5;2;2;-1;-1;1;6;1;1;3;1;602.01835019
1417;2024Q2;ES707A0;ES707;1;1;46;1;1;1;8;2;1;2;8;1;-1;-1;-1;-1;-1;-1;-1;-1;-1;2;0;0;0;1;1;0;2;2;0;0;0;0;0;0;0;4;5;5;5;2;1;2;1;6;3;4;3;3;4;3;2;4;3;3;3;4;3;4;4;4;4;3;3;3;4;3;4;3;3;3;3;4;3;3;3;3;3;2;2;3;2;3;3;2;2;2;2;2;-1;-1;6;6;1;6;2;1;195.70438433
1418;2024Q2;ES707A0;ES707;1;1;48;1;1;1;5;1;1;1;6;6;-1;-1;-1;54;1;5;-1;-1;-1;2;0;0;1;0;2;0;3;2;0;0;0;0;1;0;0;2;5;3;5;5;5;5;4;6;1;1;1;1;1;5;5;1;5;1;5;1;3;1;1;5;1;1;1;1;1;1;5;5;5;5;1;1;1;1;1;1;1;1;1;1;1;1;1;1;1;1;3;1;5;4;1;6;1;6;-3;1;195.70438433
1419;2024Q2;ES707A0;ES707;1;1;57;1;1;1;7;10;-1;-1;-1;1;-1;1;9;-1;-1;-1;-1;-1;-1;1;0;0;0;0;1;0;1;0;0;1;0;0;0;0;0;1;2;4;6;3;2;2;3;6;4;4;4;4;4;2;4;4;4;4;2;4;2;2;4;4;4;4;4;4;4;4;2;2;4;2;4;4;3;3;3;3;3;3;3;3;3;2;3;3;3;1;3;3;-1;-1;6;6;5;6;3;2;47.831577923
1420;2024Q2;ES707A0;ES707;6;2;35;1;1;1;7;2;1;1;5;-9;-1;-1;-1;-1;-1;-1;-1;-1;-1;2;0;0;0;2;0;0;2;2;0;0;0;0;0;0;0;4;-9;-9;-1;5;5;5;2;1;4;5;4;5;5;5;5;5;5;4;3;4;3;2;5;3;5;5;5;5;5;5;5;3;4;3;3;3;-7;-7;-7;-7;-7;-7;-7;-7;-7;-7;-7;-7;-7;-7;1;2;-1;-1;6;6;5;6;1;1;154.54495107
1421;2024Q2;ES707A0;ES707;6;2;68;3;1;5;3;10;-1;-1;-1;1;-1;1;5;-1;-1;-1;-1;-1;-1;1;0;0;0;0;0;1;1;0;0;0;1;0;0;0;0;1;1;1;5;3;3;3;2;6;4;4;4;5;4;4;4;4;2;4;5;4;4;2;2;5;4;5;5;4;4;4;2;2;2;1;4;5;4;4;3;3;4;5;4;4;3;4;4;4;4;4;2;1;5;4;1;1;5;6;2;3;223.35913142
1422;2024Q2;ES707A0;ES707;6;2;60;1;1;1;4;10;-1;-1;-1;1;-1;1;9;-1;-1;-1;-1;-1;-1;2;0;0;1;0;1;0;2;0;0;1;0;0;1;0;0;6;1;1;6;2;1;2;2;6;5;4;5;4;4;5;2;4;2;4;4;5;4;5;4;4;5;4;4;4;5;4;4;1;4;1;4;5;4;5;4;5;4;5;4;4;5;5;5;5;4;5;1;3;-1;-1;6;6;1;6;1;2;42.719205481
1423;2024Q2;ES707A0;ES707;1;1;36;3;3;5;8;7;-1;-1;7;6;-1;-1;-1;65;1;9;-1;-1;-1;3;0;0;0;2;0;1;3;2;1;0;0;0;0;0;0;5;6;5;6;2;2;2;2;1;5;5;2;5;5;2;2;5;2;4;2;5;2;2;5;5;5;5;5;5;5;5;2;2;2;2;4;4;4;4;4;4;3;3;1;3;3;3;3;3;3;2;2;2;-1;-1;6;6;5;6;4;3;1120.1935297
1424;2024Q2;ES707A0;ES707;6;2;41;1;1;1;8;10;-1;-1;-1;6;-1;-1;-1;46;1;7;-1;-1;-1;2;0;2;0;1;1;0;4;1;0;0;1;0;0;0;0;2;3;2;4;5;5;3;1;6;5;4;5;4;3;4;3;4;4;4;2;3;3;4;4;4;4;4;3;3;2;4;4;2;2;4;3;4;4;4;4;3;4;4;3;4;4;2;4;4;4;4;1;3;-1;-1;6;6;1;6;3;2;49.896645364
1425;2024Q2;ES707A0;ES707;1;1;49;1;1;1;7;10;-1;-1;-1;1;-1;1;7;-1;-1;-1;-1;-1;-1;3;0;0;1;0;2;0;3;0;0;2;0;0;1;0;0;2;2;2;4;5;3;2;2;6;3;2;2;1;2;5;5;1;3;4;3;1;1;1;3;4;3;3;5;2;3;5;3;3;3;3;5;1;3;1;3;3;2;4;1;3;1;1;1;1;3;1;2;3;-1;-1;6;6;1;6;2;1;146.92196109
1426;2024Q2;ES707A0;ES707;6;2;62;3;1;5;4;14;-1;-1;-1;6;-1;-1;-1;57;2;8;-1;-1;-1;4;0;0;0;1;2;1;4;0;2;0;0;1;0;1;0;2;4;2;-1;4;4;3;2;6;4;3;4;4;2;4;3;4;4;4;4;3;4;3;4;4;4;4;2;3;4;4;4;3;4;3;4;4;4;4;4;3;4;3;4;4;4;3;4;-3;4;4;1;1;1;4;6;6;5;6;3;1;984.94690488
1427;2024Q2;ES707A0;ES707;6;2;60;1;1;1;7;1;6;2;9;6;-1;-1;-1;55;8;-1;1;1;9;2;0;0;0;0;2;0;2;1;0;0;0;1;0;0;0;4;3;3;6;2;1;2;2;6;3;3;3;3;3;3;4;3;4;3;3;3;3;3;3;3;3;2;2;4;3;3;2;4;4;4;2;2;2;3;3;3;3;1;1;3;3;1;1;1;3;3;2;1;5;1;1;6;1;6;1;1;121.03198771
1428;2024Q2;ES707A0;ES707;1;1;46;1;1;1;3;1;6;2;7;1;-1;-1;-1;-1;-1;-1;-1;-1;-1;3;0;1;1;0;2;0;4;1;1;0;0;0;1;0;0;2;4;2;5;4;2;3;3;6;2;4;4;3;4;4;4;4;2;3;3;3;2;4;4;4;4;4;3;3;4;4;4;2;4;4;2;4;3;3;3;4;3;3;5;3;3;3;3;4;4;4;3;3;-1;-1;1;6;5;6;2;1;293.55657649
1429;2024Q2;ES707A0;ES707;6;2;24;1;1;1;5;10;-1;-1;-1;6;-1;-1;-1;63;1;7;-1;-1;-1;2;1;0;1;0;1;0;3;1;0;0;1;0;0;0;0;7;3;2;5;2;2;2;2;6;3;4;3;4;4;3;4;3;3;3;4;4;3;3;3;3;4;3;3;3;4;4;4;3;3;3;4;4;4;4;4;4;4;4;4;4;4;4;4;4;4;4;2;1;1;3;1;6;1;6;3;3;142.12521494
1430;2024Q2;ES707A0;ES707;6;2;46;1;1;1;5;1;6;2;9;6;-1;-1;-1;48;1;9;-1;-1;-1;3;0;1;0;1;2;0;4;3;0;0;0;0;0;0;0;3;6;3;6;3;2;3;3;6;3;3;1;3;3;4;1;3;1;3;3;4;3;3;4;4;4;4;4;5;4;3;4;5;2;5;5;4;4;3;4;3;2;3;3;3;3;3;3;3;3;4;1;3;-1;-1;6;6;5;6;3;2;208.26624112
1431;2024Q2;ES707A0;ES707;6;2;31;1;1;5;10;1;6;1;2;6;-1;-1;-1;56;1;6;-1;-1;-1;3;0;0;0;1;2;0;3;3;0;0;0;0;0;0;0;2;4;3;5;5;3;3;2;6;2;2;2;3;3;5;5;3;5;1;5;1;3;3;4;3;1;1;3;4;4;4;5;5;5;5;3;3;1;1;1;1;3;3;3;1;3;3;2;1;3;1;2;1;1;4;6;6;5;6;4;1;370.16028096
1432;2024Q2;ES707A0;ES707;1;1;29;1;1;1;4;1;6;1;9;1;-1;-1;-1;-1;-1;-1;-1;-1;-1;2;0;0;0;2;0;0;2;2;0;0;0;0;0;0;0;4;5;5;6;4;3;3;1;6;3;3;4;4;4;3;4;3;4;3;4;2;2;3;3;4;3;4;4;4;4;4;3;2;4;3;4;4;4;3;4;4;4;3;3;3;3;3;3;2;3;3;2;3;-1;-1;6;6;1;6;4;1;141.17322835
1433;2024Q2;ES707A0;ES707;1;1;23;1;1;1;7;1;6;2;7;6;-1;-1;-1;63;2;5;-1;-1;-1;3;1;0;2;1;1;0;5;2;1;0;0;0;0;0;1;2;6;3;3;5;4;2;1;1;4;3;4;4;5;5;4;4;4;4;2;4;4;3;4;4;4;4;2;3;4;4;4;4;2;4;4;4;5;5;3;4;4;5;5;5;5;5;-3;5;4;3;1;1;1;3;1;6;4;6;2;1;211.75984253
1434;2024Q2;ES707A0;ES707;6;2;67;2;1;4;10;12;-1;-1;-1;1;-1;2;5;-1;-1;-1;-1;-1;-1;1;0;0;0;0;0;1;1;0;0;0;0;1;0;0;0;1;2;3;3;4;3;3;1;6;4;4;4;5;5;3;4;5;5;4;4;3;4;3;4;4;4;4;2;3;4;4;4;5;4;5;4;4;5;5;5;5;3;-3;-3;5;5;2;5;5;5;-3;1;2;-1;-1;6;6;4;6;-3;1;461.40401663
1435;2024Q2;ES707A0;ES707;6;2;34;1;1;1;5;1;6;2;5;6;-1;-1;-1;38;1;7;-1;-1;-1;2;0;2;0;2;0;0;4;2;0;0;0;0;0;0;0;2;4;2;4;2;1;1;1;6;4;4;3;4;4;4;4;4;4;1;2;2;2;2;2;2;2;2;2;2;4;4;2;2;2;4;2;2;1;2;1;1;2;2;2;1;1;1;1;1;1;1;1;1;3;4;1;6;3;6;4;1;246.77352064
1436;2024Q2;ES707A0;ES707;6;2;55;1;1;1;6;10;-1;-1;-1;1;-1;1;4;-1;-1;-1;-1;-1;-1;1;0;0;0;0;1;0;1;0;0;0;1;0;0;0;0;1;1;1;3;5;3;3;1;6;1;3;3;4;4;2;4;4;3;3;4;2;1;2;4;4;2;2;2;2;3;3;2;4;4;4;2;2;3;3;3;3;4;3;3;3;3;3;3;2;3;2;2;2;-1;-1;6;6;1;6;5;1;21.35960274
1437;2024Q2;ES707A0;ES707;1;1;58;1;1;1;5;15;-1;-1;-1;1;1;1;9;-1;-1;-1;-1;-1;-1;1;0;0;0;0;1;0;1;0;0;0;0;1;0;0;0;1;2;3;6;5;5;4;1;6;5;5;3;4;2;4;2;4;4;4;2;4;4;4;4;4;4;4;3;4;3;4;4;2;4;3;4;4;-3;4;4;2;4;2;4;4;4;4;4;4;-3;-3;1;1;1;3;6;6;5;6;3;1;556.75973248
1438;2024Q2;ES707A0;ES707;6;2;52;1;1;1;5;2;6;2;9;6;-1;-1;-1;49;2;7;-1;-1;-1;4;0;0;1;1;2;0;4;1;1;0;2;0;0;0;0;2;4;2;5;2;2;2;1;6;2;4;2;4;4;-9;4;4;2;2;2;2;2;2;2;-9;-9;4;2;2;-9;4;2;2;-9;-9;-9;-9;3;3;3;3;3;3;3;3;3;3;3;3;3;3;2;-9;-1;-1;-9;6;5;6;3;-9;277.68832149
1439;2024Q2;ES707A0;ES707;1;1;23;1;1;1;6;10;-1;-1;-1;6;-1;-1;-1;49;2;7;-1;-1;-1;5;0;0;2;1;2;0;5;1;1;0;2;0;0;0;1;3;4;2;5;5;3;2;1;6;4;2;4;4;2;3;4;4;4;4;4;2;3;4;4;4;4;2;3;4;4;4;4;2;3;4;4;4;4;4;3;5;4;4;4;4;3;2;4;-3;4;4;3;2;-1;-1;6;6;5;6;3;3;108.54204523
1440;2024Q2;ES707A0;ES707;6;2;32;1;1;1;6;1;6;1;4;1;-1;-1;-1;-1;-1;-1;-1;-1;-1;2;2;0;0;2;0;0;4;2;0;0;0;0;0;0;0;2;2;1;3;3;2;2;1;6;3;4;3;3;2;3;5;5;4;3;5;2;3;5;3;2;2;2;2;2;3;2;5;4;4;3;3;5;4;4;4;4;3;3;3;3;3;2;3;1;1;3;2;3;-1;-1;6;6;3;6;4;1;246.77352064
1441;2024Q2;ES707A0;ES707;6;2;50;3;1;5;5;1;6;1;5;1;-1;-1;-1;-1;-1;-1;-1;-1;-1;1;0;2;0;0;1;0;3;1;0;0;0;0;0;0;0;6;3;2;5;5;5;2;1;6;4;3;4;5;5;4;5;3;5;4;4;2;3;4;4;4;4;4;4;3;4;4;5;5;4;4;5;3;5;5;5;4;5;4;5;5;5;-3;5;5;-3;4;3;2;-1;-1;6;6;5;6;3;3;69.422080372
1442;2024Q2;ES707A0;ES707;6;2;52;1;1;1;10;2;6;2;2;1;-1;-1;-1;-1;-1;-1;-1;-1;-1;2;0;0;0;0;2;0;2;2;0;0;0;0;0;0;0;4;6;5;1;5;4;4;4;1;2;2;2;4;2;1;5;4;5;2;5;4;4;4;4;5;3;1;1;4;4;4;5;5;5;5;3;1;3;-3;-3;2;4;3;3;1;4;3;3;1;1;2;1;1;3;3;1;6;1;6;5;1;138.84416074
1443;2024Q2;ES707A0;ES707;6;2;27;1;1;1;5;1;6;1;5;6;-1;-1;-1;70;5;-1;-1;1;9;4;0;2;0;2;1;1;6;1;0;0;2;1;0;0;0;8;3;1;6;4;4;2;1;6;4;3;4;4;4;3;2;5;4;4;3;4;4;3;5;5;2;4;2;3;4;4;4;4;3;5;4;3;5;5;3;5;4;5;5;4;3;4;3;5;5;5;3;3;-1;-1;6;6;5;6;-3;1;493.54704129
1444;2024Q2;ES707A0;ES707;6;2;63;2;1;5;6;2;6;2;5;6;-1;-1;-1;66;5;-1;-1;1;4;3;0;0;1;0;1;1;3;1;0;0;0;1;1;0;0;8;7;5;3;5;2;2;1;6;2;2;1;3;2;4;5;3;4;2;4;2;3;3;2;2;3;1;2;3;4;2;4;4;4;4;2;2;4;3;3;1;3;2;3;2;3;2;2;2;3;2;1;3;-1;-1;6;6;5;6;3;1;181.54798157
1445;2024Q2;ES709A2;ES709;6;2;50;3;1;5;6;1;1;2;5;6;-1;-1;-1;55;1;5;-1;-1;-1;3;0;2;0;1;2;0;5;2;0;0;1;0;0;0;0;2;4;2;5;4;3;3;3;6;4;4;4;4;4;3;4;4;4;4;4;4;4;4;2;3;4;4;4;4;4;4;4;3;4;3;3;3;4;4;4;4;4;4;2;4;4;2;4;4;2;2;2;3;-1;-1;6;6;5;6;3;3;1021.5358075
1446;2024Q2;ES709A2;ES709;6;2;43;1;1;1;7;10;-1;-1;-1;6;-1;-1;-1;64;8;-1;1;1;5;3;0;1;0;2;1;0;4;1;0;0;1;1;0;0;0;7;3;2;5;5;5;3;1;6;4;4;3;4;4;4;4;2;4;3;3;3;3;4;4;4;3;3;4;3;4;4;5;5;3;3;3;2;4;4;3;3;4;4;3;3;4;3;4;3;3;3;2;2;-1;-1;6;6;1;6;1;1;342.57265345
1447;2024Q2;ES709A2;ES709;6;2;45;1;1;1;8;2;6;2;8;1;-1;-1;-1;-1;-1;-1;-1;-1;-1;1;0;2;0;0;1;0;3;1;0;0;0;0;0;0;0;6;4;3;-1;4;4;4;2;6;4;3;4;4;2;2;4;4;4;3;3;3;2;3;3;3;3;3;3;2;3;3;3;3;3;2;3;2;3;3;3;3;4;3;4;4;3;3;3;3;3;3;2;2;-1;-1;6;6;1;6;2;1;340.51193583
1448;2024Q2;ES709A2;ES709;1;1;44;3;3;4;4;1;6;2;7;1;-1;-1;-1;-1;-1;-1;-1;-1;-1;2;0;1;0;1;1;0;3;1;0;0;1;0;0;0;0;2;3;2;4;2;2;2;2;6;4;5;3;4;4;3;4;5;3;4;4;3;3;3;3;3;5;3;3;3;3;4;3;3;3;4;3;3;3;3;3;3;3;4;4;3;3;2;2;3;3;3;2;2;-1;-1;6;6;3;6;1;1;2508.9323241
1449;2024Q2;ES709A2;ES709;6;2;53;1;1;1;5;1;6;1;9;6;-1;-1;-1;58;1;7;-1;-1;-1;3;0;0;1;0;2;0;3;2;0;0;0;0;1;0;0;2;3;2;5;4;2;3;2;6;4;4;5;4;4;4;2;4;2;5;2;4;2;2;4;5;4;4;4;4;5;5;2;5;1;2;4;4;3;3;3;4;4;3;3;4;3;-3;3;4;3;4;3;3;-1;-1;6;6;5;6;1;-9;1021.5358075
1450;2024Q2;ES709A2;ES709;6;2;51;1;1;1;7;1;1;2;5;6;-1;-1;-1;56;1;7;-1;-1;-1;3;0;0;1;0;2;0;3;2;0;0;0;0;1;0;0;2;6;4;4;5;4;3;3;1;3;5;4;4;4;4;5;4;4;4;5;4;1;4;1;4;1;5;4;5;4;5;5;5;5;5;5;5;2;3;3;1;3;3;1;1;3;2;3;1;2;2;1;1;5;4;1;6;5;6;4;1;1021.5358075
1451;2024Q2;ES709A2;ES709;6;2;46;1;1;1;8;1;1;1;4;1;-1;-1;-1;-1;-1;-1;-1;-1;-1;2;0;1;0;1;1;0;3;1;0;1;0;0;0;0;0;2;4;3;3;5;3;3;3;6;5;3;2;3;4;4;4;2;4;4;3;4;3;2;4;4;4;4;4;4;4;4;3;4;3;4;4;2;1;2;2;2;2;2;2;2;2;2;2;3;2;3;2;1;3;2;1;6;5;6;3;1;681.02387166
1452;2024Q2;ES709A2;ES709;6;2;46;1;1;1;8;2;6;2;2;6;-1;-1;-1;46;2;1;-1;-1;-1;2;0;1;1;0;2;0;4;1;1;0;0;0;1;0;0;2;4;2;1;4;3;3;3;6;4;4;4;4;3;4;4;3;4;4;3;3;4;4;3;3;4;4;4;4;4;4;4;2;3;3;4;4;4;4;4;4;3;4;4;3;4;4;4;4;1;1;2;3;-1;-1;6;6;1;6;4;1;681.02387166
1453;2024Q2;ES709A2;ES709;6;2;45;1;1;1;6;10;-1;-1;-1;6;-1;-1;-1;50;2;2;-1;-1;-1;2;0;1;0;0;2;0;3;0;1;1;0;0;0;0;0;2;4;3;1;4;4;3;3;6;4;2;4;4;2;4;4;4;2;2;3;4;2;2;3;2;2;2;2;4;4;4;4;4;4;4;3;2;3;3;3;4;4;4;4;3;4;1;2;2;3;3;2;3;-1;-1;6;6;4;6;4;1;137.26157092
1454;2024Q2;ES709A2;ES709;6;2;34;2;1;5;7;1;6;1;5;6;-1;-1;-1;31;1;7;-1;-1;-1;2;0;0;0;2;0;0;2;2;0;0;0;0;0;0;0;4;3;3;5;5;4;4;1;6;4;4;3;4;4;4;2;3;2;3;2;3;3;4;4;4;3;3;2;3;2;4;2;4;4;4;2;2;3;3;3;3;3;3;3;3;3;3;3;4;4;3;2;1;3;2;1;1;4;6;-3;3;550.23018774
1455;2024Q2;ES709A2;ES709;6;2;64;1;1;1;4;15;-1;-1;-1;1;1;1;9;-1;-1;-1;-1;-1;-1;2;0;0;0;1;1;0;2;0;0;0;0;2;0;0;0;8;2;2;6;4;3;3;2;6;4;2;4;4;3;4;4;3;4;2;2;2;4;4;2;2;2;2;2;2;4;2;4;4;4;4;2;2;3;3;3;3;2;3;4;3;3;2;3;2;3;2;2;1;3;2;1;1;1;6;2;1;1225.8932786
1456;2024Q2;ES709A2;ES709;6;2;23;1;1;1;10;1;6;1;3;6;-1;-1;-1;55;1;4;-1;-1;-1;2;0;0;1;0;1;0;2;2;0;0;0;0;0;0;0;8;3;3;3;3;3;3;1;6;1;2;2;4;3;5;5;1;5;1;5;1;5;5;3;1;1;5;2;3;4;4;5;5;5;5;1;1;1;1;4;1;4;1;1;4;2;1;1;1;2;1;1;1;2;4;6;6;5;6;5;3;550.23018774
1457;2024Q2;ES709A2;ES709;1;1;57;3;1;5;7;15;-1;-1;-1;6;-1;-1;-1;80;7;-1;6;-1;-1;2;0;0;0;0;1;1;2;0;0;0;0;1;0;1;0;6;3;3;-1;4;3;3;2;6;4;5;4;4;4;2;4;2;5;3;2;4;4;4;3;5;5;5;5;5;4;4;4;4;4;4;3;3;4;2;3;4;4;4;4;-3;4;-3;-3;-3;-3;3;3;3;-1;-1;6;6;5;6;1;3;1624.0553734
1458;2024Q2;ES709A2;ES709;1;1;53;1;1;1;6;2;6;2;4;1;-1;-1;-1;-1;-1;-1;-1;-1;-1;1;0;0;0;0;1;0;1;1;0;0;0;0;0;0;0;1;3;5;3;5;5;4;3;6;2;1;1;4;3;5;5;1;4;3;3;4;5;2;3;4;2;1;1;1;1;1;5;5;5;5;1;1;1;1;1;1;1;4;4;3;3;1;1;2;2;1;1;1;3;3;6;6;5;6;3;1;763.03712009
1459;2024Q2;ES709A2;ES709;6;2;50;1;1;1;5;1;6;1;5;1;-1;-1;-1;-1;-1;-1;-1;-1;-1;3;0;0;0;1;2;0;3;2;0;0;1;0;0;0;0;7;5;3;5;5;5;4;5;1;4;4;4;4;4;3;4;4;3;4;2;2;2;2;3;3;3;2;2;2;4;4;2;2;2;2;3;3;4;4;-3;3;-3;3;4;-3;-3;-3;-3;2;3;-3;3;2;-1;-1;6;6;5;6;-3;1;873.48298904
1460;2024Q2;ES709A2;ES709;6;2;45;1;1;1;8;1;6;2;4;6;-1;-1;-1;46;1;7;-1;-1;-1;2;0;2;0;0;2;0;4;2;0;0;0;0;0;0;0;2;6;3;4;4;4;3;2;6;4;2;3;4;4;4;4;4;3;2;3;4;4;4;3;3;4;4;4;4;3;3;2;4;3;4;3;3;4;3;4;3;4;4;3;-3;3;-3;-3;3;-3;3;2;-9;-1;-1;6;-9;5;6;4;1;582.32199269
1461;2024Q2;ES709A2;ES709;6;2;56;1;1;1;6;10;-1;-1;-1;6;-1;-1;-1;53;1;3;-1;-1;-1;2;0;0;1;0;2;0;3;1;0;1;0;0;1;0;0;2;3;2;3;5;5;3;2;6;4;4;4;4;4;3;4;4;4;4;4;2;2;2;2;4;3;2;2;2;4;4;4;2;4;4;3;2;3;3;2;2;3;2;2;2;2;2;2;2;2;3;2;3;-1;-1;6;6;5;6;1;1;247.90301212
1462;2024Q2;ES709A2;ES709;1;1;30;2;1;5;7;1;6;1;5;1;-1;-1;-1;-1;-1;-1;-1;-1;-1;2;1;0;0;2;0;0;3;2;0;0;0;0;0;0;0;2;4;3;5;5;5;5;4;1;2;2;2;4;4;4;5;4;5;3;2;2;3;2;3;4;3;4;4;4;4;4;5;5;5;5;2;3;3;3;3;4;4;5;4;3;4;3;3;4;3;3;2;2;-1;-1;6;6;5;6;5;1;539.50581374
1463;2024Q2;ES709A2;ES709;6;2;74;1;1;1;5;12;-1;-1;-1;1;-1;1;5;-1;-1;-1;-1;-1;-1;1;0;0;0;0;0;1;1;0;0;0;0;1;0;0;0;1;2;4;5;4;3;3;1;6;3;2;2;3;5;4;5;4;5;1;1;2;3;4;4;4;3;2;2;3;3;4;5;4;5;4;4;2;4;4;4;4;4;4;4;2;3;3;4;1;3;3;3;1;3;1;1;6;1;6;3;1;1190.2869904
1464;2024Q2;ES709A2;ES709;6;2;28;1;1;1;5;10;-1;-1;-1;1;-1;2;5;-1;-1;-1;-1;-1;-1;1;0;2;0;1;0;0;3;0;0;1;0;0;0;0;0;6;2;2;3;4;3;4;3;6;4;4;4;4;4;4;5;5;4;3;4;2;2;2;4;2;2;3;3;3;4;4;4;2;2;2;3;2;3;3;4;3;4;4;3;4;4;4;3;3;4;3;2;2;-1;-1;1;6;3;6;3;3;68.630785459
1465;2024Q2;ES709A2;ES709;6;2;43;1;1;5;9;15;-1;-1;-1;6;-1;-1;-1;43;1;1;-1;-1;-1;2;0;2;0;2;0;0;4;1;0;0;0;1;0;0;0;2;6;3;1;3;3;3;1;6;2;1;2;2;1;5;5;3;5;1;5;1;5;3;1;1;1;1;1;1;2;4;5;5;5;5;2;1;1;1;1;1;1;1;1;1;1;1;1;1;1;1;2;1;1;4;1;6;5;6;4;1;1173.2723004
1466;2024Q2;ES709A2;ES709;1;1;26;1;1;5;9;13;-1;-1;-1;6;-1;-1;-1;58;1;2;-1;-1;-1;4;0;0;0;3;1;0;4;2;0;0;1;0;1;0;0;7;7;4;2;3;3;2;1;6;1;1;1;3;1;5;5;4;5;1;5;1;-9;4;3;1;1;1;2;-9;4;4;5;5;5;5;1;1;1;-3;2;2;3;1;2;3;-3;2;1;1;2;1;1;1;1;4;1;6;5;6;3;1;1622.2859821
1467;2024Q2;ES709A2;ES709;6;2;27;1;1;1;5;1;6;2;5;6;-1;-1;-1;60;1;3;-1;-1;-1;4;0;0;1;1;2;0;4;4;0;0;0;0;0;0;0;3;6;3;3;2;2;3;4;6;1;1;3;3;2;2;4;3;4;1;4;3;5;4;2;2;2;3;3;3;3;4;5;5;4;4;3;3;4;4;5;4;4;4;4;4;3;4;4;4;4;4;2;1;1;4;1;1;1;6;1;1;1100.4603755
1468;2024Q2;ES709A2;ES709;6;2;39;1;1;1;8;1;6;2;4;6;-1;-1;-1;40;1;4;-1;-1;-1;2;0;0;0;2;0;0;2;2;0;0;0;0;0;0;0;4;6;5;3;4;4;4;3;6;4;2;2;2;2;4;5;4;5;2;5;1;3;3;3;2;3;3;3;3;3;4;3;4;4;4;3;2;4;4;4;4;4;4;4;4;4;4;4;3;4;4;2;3;-1;-1;6;6;1;6;5;1;941.72679589
1469;2024Q2;ES709A2;ES709;1;1;53;1;1;1;5;10;-1;-1;-1;1;-1;1;4;-1;-1;-1;-1;-1;-1;2;0;0;1;1;1;0;3;1;0;1;0;0;1;0;0;2;4;3;3;5;5;5;5;1;5;5;2;4;5;2;2;2;2;4;4;4;2;4;4;4;5;4;4;4;4;4;4;1;4;2;4;4;3;3;3;4;3;2;2;4;3;3;4;4;3;3;2;3;-1;-1;6;6;1;6;4;3;640.9482058
1470;2024Q2;ES709A2;ES709;1;1;49;2;1;5;8;5;-1;-1;7;6;-1;-1;-1;45;2;1;-1;-1;-1;2;0;2;0;0;2;0;4;0;2;0;0;0;0;0;0;2;4;2;2;2;2;1;2;1;1;5;1;5;1;5;5;1;5;1;5;2;5;5;2;2;4;1;4;2;2;4;4;4;4;4;2;2;3;3;1;1;4;3;1;3;1;1;1;2;1;3;1;1;1;4;6;6;5;6;4;1;1526.0742402
1471;2024Q2;ES709A2;ES709;1;1;33;1;1;1;7;1;1;2;3;1;-1;-1;-1;-1;-1;-1;-1;-1;-1;1;0;0;0;1;0;0;1;1;0;0;0;0;0;0;0;1;3;5;2;4;4;3;2;1;2;3;4;4;2;-9;5;2;4;4;4;-9;2;2;3;2;3;4;3;4;3;4;4;4;4;4;2;2;3;2;3;3;3;3;4;4;4;3;3;1;3;1;2;1;1;3;6;6;1;6;4;1;269.75290687
1472;2024Q2;ES709A2;ES709;6;2;71;1;1;1;9;12;-1;-1;-1;1;-1;2;5;-1;-1;-1;-1;-1;-1;1;0;0;0;0;0;1;1;0;0;0;0;1;0;0;0;1;2;4;3;5;5;5;1;6;2;4;2;5;2;2;2;2;4;4;2;2;4;4;4;4;2;2;4;4;4;4;2;2;2;2;4;4;3;3;3;3;1;1;1;1;1;1;1;1;2;2;2;2;-1;-1;6;6;1;6;4;1;1190.2869904
1473;2024Q2;ES709A2;ES709;6;2;32;1;1;1;8;2;6;2;4;-9;-1;-1;-1;-1;-1;-1;-1;-1;-1;3;0;0;0;1;0;2;3;1;0;0;0;1;0;0;1;2;6;4;-1;4;4;4;2;6;4;4;3;4;4;3;4;3;3;3;3;3;2;2;3;2;4;3;2;4;3;3;4;3;4;3;2;2;4;3;4;2;3;3;3;-3;3;2;2;2;3;3;2;2;-1;-1;1;6;1;6;4;1;825.34528161
1474;2024Q2;ES709A2;ES709;1;1;24;1;1;1;7;10;-1;-1;-1;6;-1;-1;-1;55;9;-1;6;-1;-1;2;0;0;1;0;1;0;2;0;0;0;1;0;0;0;1;6;3;3;-1;5;4;4;3;6;5;5;5;4;5;5;5;4;5;2;5;3;5;4;3;5;5;4;3;5;4;5;5;5;5;5;2;1;5;4;4;5;4;3;4;4;4;4;4;4;5;4;2;3;-1;-1;6;6;1;6;-3;1;137.26157092
1475;2024Q2;ES709A2;ES709;6;2;66;3;2;5;10;12;-1;-1;-1;1;-1;2;2;-1;-1;-1;-1;-1;-1;1;0;0;0;0;0;1;1;0;0;0;0;1;0;0;0;1;2;3;1;4;4;5;1;6;3;2;3;3;3;5;5;1;4;3;5;2;5;3;1;1;3;2;3;2;2;2;5;4;4;5;2;2;3;3;3;3;3;3;4;3;3;3;3;3;3;4;2;3;-1;-1;6;6;5;6;5;3;2265.5464926
1476;2024Q2;ES709A2;ES709;1;1;26;1;1;1;9;10;-1;-1;-1;6;-1;-1;-1;57;3;-1;-1;1;5;2;0;0;0;1;1;0;2;0;0;2;0;0;0;0;0;6;3;3;5;4;5;5;1;6;2;3;2;4;4;2;5;4;4;2;4;4;4;5;1;5;4;2;4;4;3;4;5;5;5;5;1;1;4;4;4;1;4;3;4;4;3;3;3;2;3;2;1;1;3;3;1;6;1;6;4;1;137.26157092
1477;2024Q2;ES709A2;ES709;6;2;57;1;1;1;6;10;-1;-1;-1;1;-1;1;5;-1;-1;-1;-1;-1;-1;2;0;0;0;1;1;0;2;0;0;2;0;0;0;0;0;6;3;3;5;3;4;4;2;6;4;2;2;4;4;4;4;4;4;2;4;2;4;4;2;2;2;2;2;2;4;4;4;4;4;4;2;2;4;4;3;3;3;3;2;2;4;3;2;2;3;3;2;1;3;3;6;6;5;6;4;1;247.90301212
1478;2024Q2;ES709A2;ES709;6;3;50;1;1;1;6;10;-1;-1;-1;1;-1;1;4;-1;-1;-1;-1;-1;-1;2;0;0;1;0;1;0;2;1;0;1;0;0;0;0;0;6;6;5;3;3;3;3;3;1;4;4;4;4;4;2;5;4;4;2;4;2;4;4;4;4;2;4;3;2;4;4;4;4;4;4;4;2;5;1;4;2;5;3;2;-7;5;4;4;1;4;2;2;1;5;3;1;6;4;6;4;1;137.26157092
1479;2024Q2;ES709A2;ES709;1;1;57;3;1;5;5;10;-1;-1;-1;1;-1;1;1;-1;-1;-1;-1;-1;-1;2;0;0;0;0;2;0;2;0;0;1;0;1;0;0;0;4;6;5;1;5;4;5;2;6;4;2;4;4;4;4;4;2;4;4;4;4;2;2;4;4;4;4;4;4;4;4;2;4;2;2;2;2;3;4;2;3;3;3;4;4;4;2;2;2;3;-3;2;3;-1;-1;6;6;5;6;4;1;467.29216171
1480;2024Q2;ES709A2;ES709;6;2;60;1;1;1;6;10;-1;-1;-1;6;-1;-1;-1;53;1;5;-1;-1;-1;3;0;0;1;0;2;0;3;1;0;1;0;0;1;0;0;2;4;3;5;4;4;4;4;1;4;4;4;4;4;2;4;2;2;2;4;4;2;2;4;4;2;2;2;4;4;4;2;4;4;4;2;2;3;4;3;4;3;3;4;-7;4;3;4;3;4;3;1;3;-1;-1;1;6;1;6;4;1;371.85451818
1481;2024Q2;ES709A2;ES709;6;2;32;1;1;5;10;10;-1;-1;-1;6;-1;-1;-1;32;2;3;-1;-1;-1;2;0;0;0;2;0;0;2;0;1;1;0;0;0;0;0;4;4;4;2;4;5;5;2;6;1;1;1;2;1;5;5;1;5;1;5;1;4;3;2;1;1;1;1;2;3;2;5;5;5;5;1;1;5;5;5;2;4;1;4;1;3;1;1;1;1;1;1;1;1;2;1;1;5;6;5;1;137.26157092
1482;2024Q2;ES709A2;ES709;6;2;50;1;1;1;6;1;6;1;5;1;-1;-1;-1;-1;-1;-1;-1;-1;-1;2;0;0;2;0;1;0;3;1;0;0;0;0;2;0;0;6;3;2;5;5;5;5;2;6;4;3;3;4;3;2;2;3;2;4;2;3;2;2;3;3;4;2;2;2;2;2;2;2;3;3;3;3;3;3;3;3;4;3;3;3;4;3;3;2;2;4;2;1;1;2;1;6;1;6;3;1;582.32199269
1483;2024Q2;ES709A2;ES709;6;2;43;2;1;5;9;1;6;2;5;6;-1;-1;-1;70;5;-1;-1;1;5;3;0;0;0;1;0;2;3;1;0;0;0;1;0;1;0;2;4;3;3;5;5;5;3;6;4;4;2;4;4;4;5;3;4;3;5;4;3;3;4;4;3;3;4;2;4;4;4;4;4;3;3;3;3;4;3;3;3;3;4;-3;-3;-3;-3;-3;-3;2;2;3;-1;-1;1;6;5;6;-3;-9;1412.5901938
1484;2024Q2;ES709A2;ES709;6;2;29;2;1;3;10;10;-1;-1;-1;1;-1;1;2;-1;-1;-1;-1;-1;-1;2;0;0;1;1;0;0;2;0;0;1;0;0;1;0;0;8;2;2;1;3;3;2;1;6;1;1;1;1;1;5;5;1;5;1;5;1;5;5;1;1;1;1;1;1;1;1;5;5;5;5;1;1;1;1;1;1;1;-3;-3;-3;-3;-3;-3;1;1;1;1;1;1;4;1;6;3;6;5;1;137.26157092
1485;2024Q2;ES709A2;ES709;6;2;35;1;1;1;4;1;6;2;9;1;-1;-1;-1;-1;-1;-1;-1;-1;-1;1;0;0;0;1;0;0;1;1;0;0;0;0;0;0;0;1;3;5;6;4;5;4;4;6;2;1;2;4;2;2;1;1;1;2;5;1;1;5;1;1;1;4;4;4;4;2;5;5;1;5;1;1;2;3;4;1;2;2;2;2;2;2;2;2;2;2;3;1;3;4;6;6;3;6;4;1;470.86339795
1486;2024Q2;ES709A2;ES709;1;1;42;1;1;1;5;10;-1;-1;-1;1;-1;1;9;-1;-1;-1;-1;-1;-1;2;0;0;0;1;0;1;2;0;0;0;1;1;0;0;0;6;2;2;6;5;4;3;2;6;1;2;2;4;1;4;5;4;5;1;5;4;4;4;4;4;2;2;4;2;4;4;5;5;5;5;1;1;2;1;3;3;3;4;2;3;2;3;3;2;2;2;1;1;3;2;1;6;1;6;4;1;616.6270567
1487;2024Q2;ES709A2;ES709;6;2;24;1;1;1;6;2;6;2;5;1;-1;-1;-1;-1;-1;-1;-1;-1;-1;2;0;1;1;0;1;0;3;2;0;0;0;0;0;0;0;6;5;3;5;3;3;3;3;6;3;3;3;3;3;4;3;4;5;3;4;3;4;3;3;3;3;3;2;4;3;4;5;4;4;4;3;2;4;3;4;3;4;3;4;4;4;4;4;4;4;4;2;2;-1;-1;6;6;1;6;3;-9;550.23018774
1488;2024Q2;ES709A2;ES709;1;1;24;1;1;1;8;1;6;2;5;6;-1;-1;-1;52;1;5;-1;-1;-1;3;0;0;1;0;2;0;3;2;0;0;0;0;0;1;0;2;6;4;5;3;3;1;3;6;1;1;1;1;1;5;5;1;5;1;5;3;4;4;4;1;3;1;1;1;2;2;5;5;5;5;2;1;2;4;1;1;1;1;1;1;1;1;1;1;1;1;2;1;2;3;1;6;1;6;4;1;809.25872062
1489;2024Q2;ES709A2;ES709;1;1;49;1;1;1;5;1;6;2;7;1;-1;-1;-1;-1;-1;-1;-1;-1;-1;2;0;1;1;0;2;0;4;1;0;0;1;0;1;0;0;2;4;2;4;3;4;2;1;6;3;4;4;4;4;2;5;3;5;2;4;2;3;3;4;2;3;3;4;2;4;4;1;5;4;4;3;2;3;3;4;4;3;3;2;1;2;1;2;2;3;3;3;1;3;3;6;6;1;6;2;1;1526.0742402
1490;2024Q2;ES709A2;ES709;6;2;50;1;1;1;5;10;-1;-1;-1;6;-1;-1;-1;53;8;-1;1;1;7;3;0;0;2;0;2;0;4;0;0;0;1;1;2;0;0;2;2;1;5;5;4;3;3;6;4;5;1;5;5;2;2;5;2;5;-9;4;2;2;2;5;2;5;5;-9;4;5;2;2;2;2;4;4;4;4;4;4;4;5;4;4;4;4;5;4;4;4;2;3;-1;-1;6;6;1;6;3;-9;205.89235638
1491;2024Q2;ES709A2;ES709;6;2;46;1;1;1;5;1;6;2;5;6;-1;-1;-1;47;1;8;-1;-1;-1;3;0;1;1;0;2;0;4;2;0;0;1;0;0;0;0;2;4;2;5;3;3;4;3;1;3;4;4;4;4;4;4;4;4;4;2;4;2;2;4;4;4;3;2;3;4;5;3;3;2;1;3;3;4;3;4;3;4;3;1;3;4;3;2;3;4;3;3;3;-1;-1;6;6;1;6;3;1;873.48298904
1492;2024Q2;ES709A2;ES709;1;1;27;1;1;1;10;1;6;2;3;6;-1;-1;-1;60;2;1;-1;-1;-1;4;0;0;1;1;2;0;4;2;1;0;0;0;1;0;0;2;7;5;2;4;4;2;3;6;4;4;4;4;2;4;5;4;4;2;4;3;3;4;4;4;3;2;4;4;4;5;5;3;3;4;2;2;2;2;4;1;4;3;3;2;2;3;4;3;3;1;1;1;2;3;1;6;1;6;3;1;1079.0116275
1493;2024Q2;ES709A2;ES709;1;1;45;1;1;1;6;7;-1;-1;8;6;-1;-1;-1;67;5;-1;-1;1;7;3;0;0;0;0;1;2;3;0;1;0;0;2;0;0;0;2;6;5;4;4;3;2;3;6;4;4;4;4;4;3;5;3;5;4;3;3;5;5;3;4;2;2;2;2;4;4;5;2;3;3;4;4;4;4;4;3;4;3;3;3;4;2;2;2;3;4;1;1;2;4;6;6;5;6;3;1;2289.1113603
1494;2024Q2;ES709A2;ES709;1;1;58;1;1;5;5;10;-1;-1;-1;6;-1;-1;-1;59;3;-1;-1;1;5;2;0;0;0;0;2;0;2;0;0;2;0;0;0;0;0;4;2;2;5;4;4;3;1;6;2;2;2;2;4;4;5;4;5;2;4;2;5;4;2;4;4;4;4;4;4;4;5;4;4;4;2;2;3;3;3;3;3;2;2;2;2;3;1;2;2;1;3;1;1;4;6;6;5;6;1;1;467.29216171
1495;2024Q2;ES709A2;ES709;1;1;19;1;1;1;7;10;-1;-1;-1;6;-1;-1;-1;51;1;8;-1;-1;-1;3;0;0;1;0;2;0;3;2;0;0;1;0;0;0;0;2;4;3;5;3;3;4;1;1;1;1;1;4;1;2;5;4;5;1;4;1;5;4;2;1;4;1;2;3;2;4;5;5;5;5;1;1;3;1;3;1;4;1;3;1;1;1;1;1;1;3;1;1;2;1;1;6;4;6;3;-9;205.89235638
1496;2024Q2;ES709A2;ES709;1;1;33;1;1;1;5;1;6;1;7;1;-1;-1;-1;-1;-1;-1;-1;-1;-1;2;0;0;0;2;0;0;2;2;0;0;0;0;0;0;0;4;5;5;5;3;3;3;3;6;4;3;3;3;4;3;4;4;4;4;3;3;4;2;2;4;4;3;4;4;4;4;4;4;3;4;3;4;3;3;3;3;3;3;4;3;3;3;3;3;3;3;1;2;-1;-1;6;6;1;6;3;3;539.50581374
1497;2024Q2;ES709A2;ES709;1;1;34;1;1;1;8;3;1;2;-9;6;-1;-1;-1;63;3;-1;-1;1;4;3;0;1;0;2;1;0;4;1;0;1;1;0;0;0;0;6;3;2;3;4;4;2;2;6;3;3;4;4;4;4;4;4;4;2;4;2;4;2;2;2;2;2;2;2;4;4;4;4;4;4;2;2;3;3;4;2;3;3;3;3;3;3;3;2;3;3;2;3;-1;-1;6;6;5;6;-3;1;809.25872062
1498;2024Q2;ES709A2;ES709;1;1;39;3;1;5;8;1;6;2;7;1;-1;-1;-1;-1;-1;-1;-1;-1;-1;2;0;2;0;1;0;1;4;1;0;0;0;0;0;0;1;7;6;3;4;5;5;3;2;6;3;2;2;5;4;2;4;4;4;3;4;4;2;2;3;3;4;1;4;4;4;5;5;4;5;5;1;3;4;3;4;3;4;4;4;1;1;3;3;1;1;3;2;3;-1;-1;6;6;5;6;4;1;1501.7530911
1499;2024Q2;ES709A2;ES709;6;2;25;1;1;1;10;1;6;2;2;6;-1;-1;-1;51;1;3;-1;-1;-1;4;0;0;1;1;2;0;4;3;0;1;0;0;0;0;0;2;6;4;3;5;5;3;2;6;4;3;3;5;5;3;5;3;5;3;3;3;3;4;5;4;4;5;5;4;4;5;5;4;3;3;3;4;2;3;4;4;4;4;3;3;3;2;2;2;2;2;1;1;5;2;1;6;1;6;4;1;1100.4603755
1500;2024Q2;ES709A2;ES709;1;1;25;1;1;1;6;13;-1;-1;-1;6;-1;-1;-1;55;1;5;-1;-1;-1;2;0;0;0;1;1;0;2;1;0;0;0;0;1;0;0;6;3;3;5;3;3;3;3;1;1;2;2;5;2;5;5;2;4;1;5;2;3;1;1;4;5;2;2;4;1;4;5;5;5;5;2;2;4;5;4;2;4;2;4;5;4;4;2;1;2;1;3;1;5;4;1;6;1;6;3;3;811.14299105
1501;2024Q2;ES709A2;ES709;6;2;57;1;1;1;8;1;1;2;4;1;-1;-1;-1;-1;-1;-1;-1;-1;-1;2;0;0;1;0;1;0;2;1;0;0;0;0;1;0;0;6;3;3;3;4;5;3;5;1;3;3;3;4;4;3;3;3;3;3;3;2;3;3;3;3;3;3;3;3;3;4;3;3;3;3;3;3;3;3;3;3;3;3;3;3;3;3;3;3;3;3;3;3;-1;-1;6;6;1;6;-3;-9;994.3477741
1502;2024Q2;ES709A2;ES709;1;1;26;1;1;1;10;1;1;2;2;6;-1;-1;-1;57;2;1;-1;-1;-1;4;0;0;0;2;2;0;4;2;1;0;0;0;0;1;0;8;7;4;-1;5;5;3;3;6;1;3;1;4;3;5;5;5;5;1;5;1;4;3;2;1;1;1;1;1;3;4;4;5;5;4;1;1;2;2;1;1;1;1;2;1;2;-3;-3;1;2;2;2;1;5;3;1;6;1;6;-3;1;1079.0116275
1503;2024Q2;ES709A2;ES709;1;1;49;1;1;1;5;1;1;2;5;1;-1;-1;-1;-1;-1;-1;-1;-1;-1;1;0;0;0;0;1;0;1;1;0;0;0;0;0;0;0;1;4;6;5;2;3;3;2;1;4;5;5;5;5;2;5;2;2;5;5;5;2;2;5;5;5;5;5;5;5;5;5;2;5;5;5;5;4;4;4;4;4;4;4;4;4;4;4;4;4;4;2;3;-1;-1;6;6;1;6;-3;1;763.03712009
1504;2024Q2;ES709A2;ES709;1;1;27;1;1;1;10;10;-1;-1;-1;6;-1;-1;-1;60;1;7;-1;-1;-1;4;0;0;0;2;2;0;4;2;0;2;0;0;0;0;0;2;7;5;4;5;5;4;3;6;3;2;3;4;4;5;5;4;4;2;5;3;3;5;4;4;3;2;2;4;4;4;5;4;4;4;4;3;4;5;4;3;4;3;4;2;4;3;3;1;2;1;2;2;-1;-1;6;6;1;6;-3;1;274.52314183
1505;2024Q2;ES709A2;ES709;1;1;23;1;1;1;4;10;-1;-1;-1;6;-1;-1;-1;64;3;-1;-1;1;5;3;0;0;1;0;2;0;3;0;0;1;2;0;0;0;0;7;1;1;5;4;4;3;2;6;3;3;3;4;4;3;4;3;3;3;4;3;3;4;4;3;3;5;3;3;3;4;4;3;3;3;4;3;4;3;4;2;3;3;4;3;3;3;3;3;3;2;2;1;5;4;1;6;1;6;1;1;205.89235638
1506;2024Q2;ES709A2;ES709;6;2;48;1;1;1;8;1;1;2;2;6;-1;-1;-1;56;2;3;-1;-1;-1;2;0;1;0;0;2;0;3;1;1;0;0;0;0;0;0;2;7;5;3;5;4;3;4;1;5;4;2;5;5;2;4;4;2;4;2;4;2;2;4;4;4;4;4;4;4;4;2;2;2;2;2;4;3;4;5;3;4;4;4;2;3;3;3;3;3;3;2;2;-1;-1;6;6;1;6;3;1;582.32199269
1507;2024Q2;ES709A2;ES709;6;2;41;1;1;1;4;2;6;2;9;1;-1;-1;-1;-1;-1;-1;-1;-1;-1;2;0;1;1;1;0;0;3;1;0;0;0;0;1;0;0;6;2;1;6;1;2;2;1;6;4;3;1;4;4;4;3;3;3;3;3;3;3;3;3;3;3;3;4;4;4;4;2;1;3;3;3;3;3;3;3;1;3;1;1;3;4;3;3;3;3;3;3;1;1;4;1;6;1;6;5;1;941.72679589
1508;2024Q2;ES709A2;ES709;1;1;31;1;1;1;9;2;6;2;3;1;-1;-1;-1;-1;-1;-1;-1;-1;-1;2;0;0;0;1;0;1;2;1;0;0;0;1;0;0;0;6;4;4;3;4;4;2;2;6;3;4;3;3;2;4;5;2;5;1;5;1;3;5;1;4;2;2;4;4;2;4;4;5;4;5;1;1;4;4;4;1;4;2;2;2;2;1;2;2;2;2;2;1;3;4;1;6;1;6;4;1;539.50581374
1509;2024Q2;ES709A2;ES709;6;2;52;1;1;1;6;1;1;2;5;6;-1;-1;-1;52;1;8;-1;-1;-1;3;0;0;1;0;2;0;3;2;0;0;0;1;0;0;0;2;6;4;5;3;3;3;3;1;3;4;3;4;4;4;4;4;3;4;2;3;4;4;4;3;3;4;4;4;4;4;4;4;4;4;4;2;3;3;3;3;3;3;3;3;3;3;3;3;3;3;3;2;-1;-1;6;6;1;6;3;1;873.48298904
1510;2024Q2;ES709A2;ES709;6;2;61;1;1;1;6;14;-1;-1;-1;6;-1;-1;-1;67;8;-1;6;-1;-1;2;0;0;0;0;1;1;2;0;0;0;0;1;0;1;0;4;5;5;-1;4;4;4;4;6;4;4;4;4;4;4;4;4;4;4;4;4;4;4;4;4;4;5;4;5;5;5;5;5;5;4;4;4;5;4;4;4;5;3;3;3;4;3;4;3;3;3;2;1;5;3;6;6;1;6;1;2;1225.8932786
1511;2024Q2;ES709A2;ES709;1;1;57;1;1;1;4;10;-1;-1;-1;1;-1;2;3;-1;-1;-1;-1;-1;-1;3;0;1;1;0;2;0;4;0;0;0;3;0;0;0;0;2;1;1;3;5;5;5;2;6;2;4;2;2;2;4;2;2;2;2;2;2;2;2;2;2;2;2;2;2;2;4;4;2;2;2;2;2;1;4;3;3;4;2;1;2;4;2;2;2;2;2;3;3;-1;-1;6;6;1;6;1;2;700.93824257
1512;2024Q2;ES709A2;ES709;6;2;57;1;1;1;9;1;6;2;9;6;-1;-1;-1;80;9;-1;6;-1;-1;2;0;0;0;0;1;1;2;1;0;0;0;0;0;0;1;6;3;3;-1;4;4;3;2;6;3;2;-9;3;-9;4;4;4;3;3;4;2;2;-9;2;4;2;-9;-9;2;4;4;3;3;4;4;-9;4;3;4;4;3;4;3;-7;-7;3;-7;3;-7;3;3;1;-9;-1;-1;6;6;1;6;-7;1;994.3477741
1513;2024Q2;ES709A2;ES709;1;1;47;1;1;1;8;2;6;2;8;1;-1;-1;-1;-1;-1;-1;-1;-1;-1;1;0;1;0;0;1;0;2;1;0;0;0;0;0;0;0;6;3;3;5;4;4;4;4;6;5;2;1;4;4;4;5;5;5;4;5;4;4;5;2;2;2;1;1;4;2;4;5;5;5;5;2;2;2;3;3;2;3;2;1;2;2;2;1;1;2;1;2;1;5;3;1;6;1;6;3;1;763.03712009
1514;2024Q2;ES709A2;ES709;6;2;41;1;1;1;7;1;6;2;9;1;-1;-1;-1;-1;-1;-1;-1;-1;-1;1;0;1;0;1;0;0;2;1;0;0;0;0;0;0;0;6;3;3;6;5;5;3;5;1;4;4;4;4;4;3;4;4;4;3;4;4;2;2;4;4;4;2;4;4;4;4;4;3;4;4;3;3;3;4;4;3;4;4;4;3;2;4;3;1;3;3;1;1;5;4;1;1;1;6;1;1;470.86339795
1515;2024Q2;ES709A2;ES709;1;1;42;1;1;1;4;10;-1;-1;-1;6;-1;-1;-1;39;1;5;-1;-1;-1;3;0;1;1;2;0;0;4;2;0;0;1;0;0;0;0;2;3;2;5;3;4;2;2;6;3;4;3;4;4;3;4;3;3;3;3;2;2;4;4;4;4;4;4;4;4;4;4;4;-9;4;3;3;4;4;3;4;4;3;4;3;4;3;3;3;-3;3;2;2;-1;-1;6;6;1;6;3;1;924.94058505
1516;2024Q2;ES709A2;ES709;1;1;64;1;1;1;6;1;6;2;9;1;-1;-1;-1;-1;-1;-1;-1;-1;-1;3;0;0;0;1;2;0;3;1;0;1;1;0;0;0;0;2;2;2;6;4;3;3;3;6;4;4;3;5;3;4;2;3;2;4;4;4;2;2;4;3;4;2;2;3;4;4;2;2;3;3;3;3;4;4;4;3;3;3;3;3;4;2;2;2;2;4;2;1;3;3;1;6;1;6;3;1;2028.6272941
1517;2024Q2;ES709A2;ES709;1;1;61;1;1;1;5;7;-1;-1;7;1;-1;-1;-1;-1;-1;-1;-1;-1;-1;2;0;0;1;0;2;0;3;0;1;0;1;0;1;0;0;2;3;2;4;3;3;2;2;6;4;5;2;4;5;4;4;4;4;4;2;4;2;2;4;4;4;4;5;4;4;4;4;2;2;2;2;4;3;4;4;5;4;3;4;2;3;3;2;3;3;4;3;2;-1;-1;6;6;1;6;1;1;1352.4181961
1518;2024Q2;ES709A2;ES709;1;1;54;1;1;1;5;1;1;2;5;1;-1;-1;-1;-1;-1;-1;-1;-1;-1;4;0;0;0;1;2;1;4;2;1;0;0;0;0;0;1;3;6;3;5;4;4;4;4;1;5;5;5;5;5;4;4;4;4;4;4;4;2;2;4;4;4;4;4;4;4;4;1;2;1;2;4;4;3;3;3;3;3;3;3;3;3;3;2;2;3;3;1;1;3;2;1;6;1;6;3;1;3052.1484804
1519;2024Q2;ES709A2;ES709;6;2;63;1;1;1;6;1;6;1;9;6;-1;-1;-1;66;5;-1;-1;1;7;2;0;0;0;0;1;1;2;1;0;0;0;1;0;0;0;4;3;3;5;4;4;4;3;6;4;4;4;4;4;2;4;4;5;5;2;2;5;5;2;2;2;2;2;2;2;4;5;5;4;5;1;2;3;3;3;1;1;3;2;2;3;3;1;1;1;1;3;2;-1;-1;6;6;1;6;3;1;994.3477741
1520;2024Q2;ES709A2;ES709;6;2;26;1;1;1;4;14;-1;-1;-1;6;-1;-1;-1;28;2;6;-1;-1;-1;2;1;0;0;2;0;0;3;0;1;0;0;0;0;1;0;2;4;3;5;5;5;4;2;6;5;5;3;5;5;3;5;5;3;5;1;3;1;1;5;5;4;5;5;5;5;5;4;3;3;2;3;4;4;4;4;4;4;4;3;4;4;4;4;2;3;4;3;2;-1;-1;6;6;1;6;-3;1;781.7756922
1521;2024Q2;ES709A2;ES709;6;2;54;1;1;1;5;10;-1;-1;-1;6;-1;-1;-1;56;2;8;-1;-1;-1;2;0;0;0;0;2;0;2;0;1;1;0;0;0;0;0;4;5;5;5;5;5;2;1;1;5;4;4;4;4;4;4;2;4;4;4;2;4;4;4;4;4;4;4;4;4;4;4;4;4;4;2;3;3;4;4;3;3;4;4;4;4;3;3;3;-3;3;2;2;-1;-1;6;6;1;6;2;1;137.26157092
1522;2024Q2;ES709A2;ES709;6;2;62;1;1;1;5;15;-1;-1;-1;1;1;1;9;-1;-1;-1;-1;-1;-1;2;0;0;0;0;2;0;2;0;0;0;0;2;0;0;0;4;3;3;6;4;4;3;2;6;5;5;5;5;5;4;5;4;4;5;4;4;3;1;5;5;4;5;5;5;5;5;3;2;1;2;3;5;4;4;4;4;5;3;3;4;1;1;1;2;2;1;1;1;3;3;1;6;5;6;1;3;1225.8932786
1523;2024Q2;ES709A2;ES709;6;2;41;2;1;5;10;1;1;2;3;6;-1;-1;-1;44;2;1;-1;-1;-1;4;0;2;0;2;1;1;6;1;1;0;0;2;0;0;0;3;7;4;2;5;5;3;5;1;5;5;5;5;5;1;2;5;1;5;1;5;1;1;5;3;5;5;5;5;5;5;3;3;3;1;3;3;3;1;1;1;3;3;3;1;1;2;3;1;1;1;1;1;5;1;1;6;5;1;1;2;1883.4535918
1524;2024Q2;ES709A2;ES709;1;1;54;1;1;1;3;1;6;2;9;1;-1;-1;-1;-1;-1;-1;-1;-1;-1;2;0;0;1;0;2;0;3;2;0;0;0;0;1;0;0;2;4;3;6;5;5;4;3;1;2;4;1;3;3;5;5;3;5;1;4;2;1;1;3;1;3;2;3;4;4;5;5;5;5;5;2;2;4;4;4;3;4;4;4;4;4;-7;4;-7;4;-7;2;1;1;4;1;6;1;6;3;1;1526.0742402
1525;2024Q2;ES709A2;ES709;6;2;47;1;1;1;5;1;6;2;5;6;-1;-1;-1;47;2;8;-1;-1;-1;2;0;1;1;0;2;0;4;1;1;0;0;0;1;0;0;2;6;3;5;5;4;3;3;6;4;5;2;4;4;2;5;4;3;3;2;4;2;2;5;4;5;4;4;4;3;5;5;2;2;4;4;5;3;5;4;5;5;5;5;-3;3;-3;-3;-3;-3;-3;1;1;3;3;1;6;1;6;4;1;582.32199269
1526;2024Q2;ES709A2;ES709;6;2;44;1;1;1;7;10;-1;-1;-1;6;-1;-1;-1;64;1;9;-1;-1;-1;3;0;0;0;1;2;0;3;2;0;0;1;0;0;0;0;6;2;2;6;4;3;2;2;6;5;4;4;4;4;2;4;4;4;4;4;2;2;4;4;4;4;4;4;3;4;4;2;2;2;2;2;3;3;3;3;3;4;4;3;3;3;3;3;4;4;4;2;1;3;2;1;1;1;6;-3;3;292.92305086
1527;2024Q2;ES709A2;ES709;6;2;62;1;1;1;5;15;-1;-1;-1;1;1;1;9;-1;-1;-1;-1;-1;-1;1;0;0;0;0;1;0;1;0;0;0;0;1;0;0;0;1;2;4;6;4;5;4;3;6;3;4;3;4;4;4;3;3;3;4;3;3;4;2;3;4;3;2;2;3;4;3;4;3;4;3;3;4;3;3;3;3;3;2;3;3;3;3;3;3;3;2;2;2;-1;-1;6;6;1;6;-3;1;612.94663928
1528;2024Q2;ES709A2;ES709;1;1;43;1;1;1;4;1;6;2;5;1;-1;-1;-1;-1;-1;-1;-1;-1;-1;2;0;1;0;1;1;0;3;2;0;0;0;0;0;0;0;2;4;3;5;3;3;3;2;1;5;5;4;5;4;4;3;4;2;4;2;4;2;2;2;4;4;4;5;4;4;5;2;2;2;2;4;4;4;4;4;3;4;4;4;3;4;4;3;3;4;3;1;2;-1;-1;6;6;5;6;3;1;1501.7530911
1529;2024Q2;ES709A2;ES709;6;2;67;1;1;1;5;12;-1;-1;-1;1;-1;1;5;-1;-1;-1;-1;-1;-1;1;0;0;0;0;0;1;1;0;0;0;0;1;0;0;0;1;1;2;5;5;5;5;4;6;5;5;5;5;4;2;2;4;2;4;4;3;2;2;3;4;5;2;2;2;5;5;2;4;4;4;2;2;-3;-3;1;2;2;-3;2;-3;1;1;1;1;1;1;2;3;-1;-1;6;6;5;6;1;1;1190.2869904
1530;2024Q2;ES709A2;ES709;1;1;28;1;1;5;9;1;1;1;3;6;-1;-1;-1;62;2;5;-1;-1;-1;3;0;0;0;1;2;0;3;1;1;0;0;1;0;0;0;2;7;5;3;4;4;3;5;1;4;2;2;4;2;4;5;4;4;2;4;4;4;4;4;3;2;4;4;4;4;4;4;4;5;5;3;2;3;2;3;1;3;2;2;2;3;3;3;1;1;1;2;1;5;4;1;6;5;6;4;1;809.25872062
1531;2024Q2;ES709A2;ES709;1;1;67;2;1;5;9;12;-1;-1;-1;1;-1;1;4;-1;-1;-1;-1;-1;-1;2;0;0;0;0;0;2;2;0;0;0;0;1;0;1;0;6;3;3;3;5;5;5;5;6;5;5;5;5;5;2;4;5;4;4;4;4;4;4;5;5;5;3;4;5;5;5;4;4;4;4;2;2;4;5;4;3;4;3;2;3;3;3;4;2;3;3;1;3;-1;-1;6;6;5;6;4;1;3569.2820567
1532;2024Q2;ES709A2;ES709;6;2;67;1;1;1;6;16;-1;-1;-1;6;-1;-1;-1;46;1;2;-1;-1;-1;2;0;0;0;0;1;1;2;1;0;0;0;1;0;0;0;6;4;4;1;4;4;2;2;6;4;4;4;3;3;4;5;2;4;4;3;4;5;4;4;4;2;2;2;2;2;4;4;5;4;4;2;2;3;4;4;3;4;3;2;3;3;2;3;2;3;2;1;2;-1;-1;6;6;1;6;2;1;2380.5739808
1533;2024Q2;ES709A2;ES709;6;2;60;2;1;5;9;2;6;2;2;6;-1;-1;-1;64;5;-1;-1;1;1;2;0;0;0;0;2;0;2;1;0;0;0;1;0;0;0;4;7;6;1;5;5;3;1;6;5;5;5;5;5;3;5;4;4;3;3;3;4;3;3;4;5;3;3;4;4;4;5;3;3;3;3;3;4;4;4;4;3;4;4;-3;-3;-3;-3;3;3;3;2;2;-1;-1;-9;6;5;6;3;1;994.3477741
1534;2024Q2;ES709A2;ES709;6;2;47;1;1;1;10;2;1;2;2;1;-1;-1;-1;-1;-1;-1;-1;-1;-1;2;0;1;0;0;2;0;3;2;0;0;0;0;0;0;0;2;7;5;2;4;4;3;2;6;4;4;2;4;3;5;4;3;4;3;4;3;2;2;4;3;3;3;3;3;4;4;4;4;4;4;3;2;3;4;4;3;4;3;3;4;4;-7;-7;-7;3;1;1;1;3;4;1;1;1;6;3;1;582.32199269
1535;2024Q2;ES709A2;ES709;1;1;55;1;1;1;9;7;-1;-1;2;1;-1;-1;-1;-1;-1;-1;-1;-1;-1;4;0;0;0;1;2;1;4;0;2;1;0;1;0;0;0;3;5;3;1;5;5;3;2;6;3;3;3;4;3;4;4;2;4;2;4;3;3;3;3;3;2;2;3;3;4;4;5;5;5;5;1;1;3;2;3;1;3;2;1;3;3;3;3;2;3;1;2;2;-1;-1;-9;6;5;6;3;-9;2704.8363922
1536;2024Q2;ES709A2;ES709;1;1;46;1;1;5;5;7;-1;-1;3;6;-1;-1;-1;43;1;2;-1;-1;-1;2;0;1;0;1;1;0;3;1;1;0;0;0;0;0;0;2;7;5;2;4;4;3;2;6;4;4;4;4;4;4;4;3;4;3;4;3;4;4;3;4;3;4;4;4;4;3;4;4;4;4;3;2;4;3;3;3;3;4;4;3;3;3;3;3;3;3;1;1;3;1;1;6;5;6;-3;1;1526.0742402
1537;2024Q2;ES709A1;ES709;1;1;66;1;1;1;5;15;-1;-1;-1;1;6;-1;-1;-1;-1;-1;-1;-1;-1;2;0;0;0;0;0;2;2;0;0;0;0;2;0;0;0;4;3;3;-1;3;3;3;3;6;4;5;2;5;5;5;1;4;5;5;2;-9;5;5;5;5;1;5;5;5;5;5;5;3;5;1;1;4;5;5;4;5;4;3;5;4;5;5;5;1;3;3;3;1;1;4;1;1;1;6;2;1;6211.0983846
1538;2024Q2;ES709A1;ES709;6;2;45;1;1;1;5;10;-1;-1;-1;1;-1;1;5;-1;-1;-1;-1;-1;-1;3;0;1;1;0;1;2;5;0;0;0;1;1;0;2;0;7;3;2;3;4;4;2;1;6;4;4;2;4;4;4;4;4;4;2;4;2;2;2;2;2;2;4;4;4;4;4;4;4;4;4;2;2;4;4;4;4;4;4;4;-3;3;-3;-3;-3;-3;-3;2;1;5;4;6;6;1;6;1;-9;340.71370638
1539;2024Q2;ES709A1;ES709;1;1;60;1;1;1;5;10;-1;-1;-1;1;-1;1;9;-1;-1;-1;-1;-1;-1;1;0;0;0;0;1;0;1;0;0;1;0;0;0;0;0;1;2;3;6;4;3;2;2;6;4;4;4;4;4;3;4;4;2;2;4;4;3;4;4;4;4;4;4;4;4;4;4;4;4;4;4;4;3;4;4;3;4;3;3;3;3;4;3;3;3;3;3;1;2;3;6;6;1;6;3;1;148.89379724
1540;2024Q2;ES709A1;ES709;6;2;34;1;1;1;5;1;6;2;5;1;-1;-1;-1;-1;-1;-1;-1;-1;-1;2;0;2;0;2;0;0;4;1;0;1;0;0;0;0;0;2;3;2;5;5;5;3;3;6;4;4;4;4;4;1;5;2;4;4;4;2;4;4;2;4;2;2;2;2;2;4;4;5;5;5;1;1;1;1;2;2;3;3;1;1;2;2;2;2;2;2;2;1;1;4;1;6;1;6;-3;1;659.30152017
1541;2024Q2;ES709A1;ES709;1;1;42;1;1;1;4;1;6;2;7;1;-1;-1;-1;-1;-1;-1;-1;-1;-1;4;0;0;1;2;1;0;4;1;0;0;3;0;0;0;0;3;3;2;5;4;4;3;2;6;4;2;4;4;4;4;4;2;2;4;4;4;4;4;2;3;4;4;2;4;4;4;4;4;4;4;2;2;4;4;4;4;4;4;4;3;3;4;3;2;4;3;3;2;-1;-1;6;6;1;6;1;1;1809.1608282
1542;2024Q2;ES709A1;ES709;6;2;67;1;1;1;4;12;-1;-1;-1;1;-1;1;9;-1;-1;-1;-1;-1;-1;1;0;0;0;0;0;1;1;0;0;0;0;1;0;0;0;1;1;2;6;3;3;3;3;6;4;4;4;4;4;4;4;4;4;4;4;4;4;4;4;4;4;4;4;4;4;4;2;2;4;4;3;3;4;4;4;4;4;4;3;4;4;4;-3;3;4;4;2;2;-1;-1;1;1;3;6;2;1;2274.0490156
1543;2024Q2;ES709A1;ES709;6;2;32;1;1;1;5;3;6;2;5;1;-1;-1;-1;-1;-1;-1;-1;-1;-1;1;0;0;0;1;0;0;1;1;0;0;0;0;0;0;0;1;2;4;5;4;4;2;2;6;2;3;3;3;3;4;5;1;5;1;5;1;3;4;2;2;2;5;5;4;4;4;5;5;5;3;2;1;1;1;1;1;3;1;1;2;1;2;1;1;1;1;2;1;5;4;6;6;1;6;1;1;329.65076008
1544;2024Q2;ES709A1;ES709;6;2;46;3;3;5;10;3;1;2;1;6;-1;-1;-1;45;1;-9;-1;-1;-1;3;0;0;0;0;3;0;3;2;0;1;0;0;0;0;0;5;7;5;-1;4;4;4;4;6;2;2;2;2;3;4;5;3;4;2;5;2;3;4;2;2;2;2;2;3;3;4;5;5;5;5;2;2;2;2;2;2;3;2;2;2;2;2;2;2;2;2;3;2;-1;-1;6;6;4;6;2;-9;3680.5981822
1545;2024Q2;ES709A1;ES709;1;1;38;1;1;1;5;1;6;2;4;6;-1;-1;-1;43;1;3;-1;-1;-1;2;0;0;0;2;0;0;2;2;0;0;0;0;0;0;0;4;6;5;3;4;4;2;1;6;4;2;4;4;4;4;4;4;4;2;4;2;4;2;3;2;2;4;2;2;4;4;4;5;4;5;2;2;4;4;3;2;4;4;2;4;4;2;2;1;4;2;1;1;3;3;1;1;1;6;-3;1;904.5804141
1546;2024Q2;ES709A1;ES709;1;1;53;3;1;5;6;5;-1;-1;7;1;-1;-1;-1;-1;-1;-1;-1;-1;-1;1;0;0;0;0;1;0;1;0;1;0;0;0;0;0;0;1;3;5;5;4;3;2;3;1;4;5;4;4;4;2;4;5;4;4;4;4;2;4;4;4;4;4;4;4;4;4;4;4;4;4;4;4;3;3;4;4;4;4;4;4;3;3;3;4;4;4;3;3;-1;-1;6;6;5;6;2;3;644.39461356
1547;2024Q2;ES709A1;ES709;6;2;52;1;1;1;7;14;-1;-1;-1;6;-1;-1;-1;56;1;7;-1;-1;-1;4;0;0;2;0;2;0;4;2;0;0;0;0;1;1;0;2;4;2;4;5;5;3;2;6;5;2;-9;4;4;5;5;3;4;2;4;2;5;4;4;3;2;2;2;4;4;4;5;5;5;4;2;2;4;3;5;2;4;4;3;3;5;-3;-3;2;4;-3;3;2;-1;-1;-9;6;1;6;3;1;6729.1989644
1548;2024Q2;ES709A1;ES709;6;2;41;3;1;5;6;1;1;2;5;6;-1;-1;-1;43;2;1;-1;-1;-1;2;0;2;0;2;0;0;4;1;1;0;0;0;0;0;0;2;5;3;1;4;4;1;2;6;4;4;3;4;4;2;3;5;2;1;4;1;5;5;5;5;3;2;5;4;4;4;2;5;2;2;4;4;3;4;4;5;5;5;4;2;3;1;1;1;3;3;1;1;5;2;1;6;4;6;2;1;973.92623525
1549;2024Q2;ES709A1;ES709;6;2;37;1;1;1;9;2;6;1;4;1;-1;-1;-1;-1;-1;-1;-1;-1;-1;3;0;0;0;1;0;2;3;1;0;0;0;2;0;0;0;8;6;4;3;3;3;3;2;6;3;3;2;4;3;4;5;2;2;2;3;3;2;3;4;4;4;4;4;3;3;3;2;5;3;4;2;3;4;4;4;4;5;5;4;4;5;4;4;2;2;2;2;1;5;2;1;6;1;6;1;1;1460.8893529
1550;2024Q2;ES709A1;ES709;6;2;74;1;1;1;4;14;-1;-1;-1;6;-1;-1;-1;78;5;-1;-1;1;8;3;0;0;0;0;1;2;3;1;0;0;0;1;0;1;0;2;4;3;5;5;5;2;3;6;2;4;3;4;3;5;5;2;4;3;4;3;4;4;3;4;2;3;2;4;4;4;5;5;4;4;2;2;2;4;2;3;3;1;3;2;3;-3;2;1;4;1;3;1;5;2;1;6;5;6;2;1;6822.1470469
1551;2024Q2;ES709A1;ES709;1;1;33;1;1;1;6;1;6;2;7;6;-1;-1;-1;64;5;-1;-1;1;8;5;0;0;0;1;3;1;5;2;0;0;1;2;0;0;0;3;5;2;5;3;4;2;1;6;3;3;3;4;4;3;4;4;4;3;4;3;3;3;3;3;4;3;4;4;4;4;5;4;4;5;3;3;3;3;3;3;3;3;2;3;2;3;4;2;3;3;1;2;-1;-1;1;1;1;6;1;1;1923.5751929
1552;2024Q2;ES709A1;ES709;6;1;26;2;1;5;8;13;-1;-1;-1;6;-1;-1;-1;56;1;5;-1;-1;-1;3;0;0;0;1;2;0;3;2;0;0;0;0;1;0;0;2;5;3;3;3;3;3;3;1;5;5;5;5;5;5;5;5;4;2;4;5;4;4;4;3;3;3;4;2;4;4;3;4;2;3;3;3;3;3;3;4;3;3;3;3;3;2;4;3;4;5;2;1;3;2;1;6;5;6;3;2;4390.0177806
1553;2024Q2;ES709A1;ES709;6;2;44;1;1;1;9;2;1;2;2;6;-1;-1;-1;53;1;2;-1;-1;-1;2;0;1;0;1;1;0;3;2;0;0;0;0;0;0;0;2;7;6;1;5;5;3;2;6;4;2;2;4;4;4;4;4;4;2;4;4;2;2;4;4;2;2;4;2;4;4;2;4;4;4;4;4;5;5;2;3;4;3;2;2;4;2;2;3;3;2;1;1;3;1;1;6;5;6;4;1;973.92623525
1554;2024Q2;ES709A1;ES709;6;2;52;1;1;1;5;10;-1;-1;-1;1;-1;1;9;-1;-1;-1;-1;-1;-1;1;0;0;0;0;1;0;1;0;0;1;0;0;0;0;0;1;1;2;6;2;1;2;2;6;3;4;3;3;3;1;4;2;2;2;4;2;4;4;4;3;2;2;3;3;4;4;3;3;3;3;3;3;2;2;2;1;3;1;1;2;2;1;1;2;1;2;2;1;5;3;6;6;5;6;1;2;113.57123546
1555;2024Q2;ES709A1;ES709;6;2;37;1;1;1;5;7;-1;-1;3;6;-1;-1;-1;39;1;9;-1;-1;-1;3;0;0;0;2;0;1;3;1;1;0;0;1;0;0;0;5;6;4;6;5;5;3;4;1;5;5;4;4;4;4;5;4;3;3;2;4;2;2;4;3;3;3;4;3;5;5;3;2;2;2;2;5;4;4;4;4;4;3;3;3;3;3;3;1;3;3;2;3;-1;-1;6;6;5;6;4;1;1460.8893529
1556;2024Q2;ES709A1;ES709;1;1;24;1;1;1;9;1;1;2;2;6;-1;-1;-1;56;8;-1;1;1;8;3;0;0;1;0;2;0;3;1;0;0;0;1;0;1;0;2;5;3;5;3;3;5;1;6;3;4;3;4;4;5;5;3;5;3;5;3;2;3;3;4;1;3;3;5;4;4;5;2;4;2;4;3;5;5;5;5;5;3;3;2;4;1;3;3;4;3;2;2;-1;-1;1;6;1;6;4;1;1154.1451158
1557;2024Q2;ES707A0;ES707;6;2;56;1;1;1;10;12;-1;-1;-1;1;-1;1;2;-1;-1;-1;-1;-1;-1;2;0;0;0;0;2;0;2;0;1;0;0;1;0;0;0;8;4;4;2;3;3;3;1;6;4;4;3;4;4;-9;-9;4;-9;-9;-9;-9;4;2;-9;4;4;4;4;4;4;4;4;4;4;4;-9;2;3;-3;3;3;-7;3;3;-3;-3;-3;-3;-3;-3;-3;1;3;-1;-1;6;6;5;6;2;-9;606.42999655
1558;2024Q2;ES707A0;ES707;6;2;40;1;1;1;9;2;1;2;2;1;-1;-1;-1;-1;-1;-1;-1;-1;-1;1;0;1;0;1;0;0;2;1;0;0;0;0;0;0;0;6;5;5;1;5;5;4;2;6;4;4;4;4;1;4;2;4;5;4;2;4;3;4;5;4;4;5;5;5;-9;4;4;4;3;3;4;4;5;5;3;5;3;5;4;5;5;-7;5;5;-3;-3;3;3;-1;-1;6;6;1;6;-3;-9;95.153041935
1559;2024Q2;ES707A0;ES707;6;2;54;2;1;5;5;10;-1;-1;-1;1;-1;1;8;-1;-1;-1;-1;-1;-1;1;0;0;0;0;1;0;1;0;0;0;1;0;0;0;0;1;2;3;5;5;3;2;1;6;4;5;3;5;5;4;4;4;4;2;1;4;1;1;4;5;4;5;4;4;5;4;4;2;4;4;2;4;2;3;2;3;3;4;1;3;3;4;3;2;2;3;1;2;-1;-1;6;6;5;6;2;1;26.30213619
1560;2024Q2;ES709A3;ES709;1;1;41;2;1;4;3;10;-1;-1;-1;1;-1;-9;-1;-1;-1;-1;-1;-1;-1;1;0;0;0;1;0;0;1;0;0;1;0;0;0;0;0;1;2;4;-1;5;5;-9;-9;1;4;4;-9;4;4;4;5;2;5;4;4;-9;4;-9;3;4;4;2;-9;4;-9;4;4;-9;-9;-9;-9;-9;4;-3;4;-3;-3;4;4;-3;-3;-3;-3;-3;-3;-3;2;-9;-1;-1;6;6;3;6;-3;-9;112.74258294
1561;2024Q2;ES709A3;ES709;6;2;32;1;1;1;9;1;6;1;2;1;-1;-1;-1;-1;-1;-1;-1;-1;-1;3;0;0;0;1;2;0;3;3;0;0;0;0;0;0;0;2;5;4;1;4;5;5;3;6;4;3;4;4;4;4;5;4;5;2;3;4;2;2;4;2;4;3;3;4;4;4;4;4;4;4;4;3;4;3;4;2;4;3;4;2;2;2;2;4;4;2;1;1;5;4;1;6;5;1;4;1;992.17040766
1562;2024Q2;ES709A3;ES709;1;1;44;1;1;1;5;7;-1;-1;7;1;-1;-1;-1;-1;-1;-1;-1;-1;-1;2;0;0;0;2;0;0;2;1;1;0;0;0;0;0;0;4;3;3;4;5;5;3;4;6;2;4;3;3;3;4;2;4;2;2;2;3;2;4;4;3;2;4;4;4;2;4;4;2;5;4;3;3;3;4;4;3;4;3;2;2;3;3;3;4;3;1;2;3;-1;-1;6;6;1;6;3;3;559.74229313
1563;2024Q2;ES709A3;ES709;6;2;49;3;3;4;8;1;6;1;5;1;-1;-1;-1;-1;-1;-1;-1;-1;-1;3;0;1;1;0;2;0;4;3;0;0;0;0;0;0;0;2;2;1;5;5;5;5;3;1;4;4;4;4;4;4;5;4;5;2;5;2;2;4;2;4;4;2;4;4;2;4;1;1;1;2;1;2;5;5;4;4;4;4;3;3;4;4;4;1;4;2;2;1;1;2;1;1;4;6;5;1;2253.8793554
1564;2024Q2;ES709A3;ES709;6;2;33;1;1;1;6;1;6;2;5;1;-1;-1;-1;-1;-1;-1;-1;-1;-1;3;0;0;0;1;0;2;3;1;0;0;0;2;0;0;0;2;4;3;5;3;4;3;3;1;3;3;3;3;3;5;5;1;5;1;1;1;5;4;3;1;1;3;1;3;3;3;5;4;5;5;3;1;2;1;3;1;3;2;1;1;1;3;3;1;2;2;3;1;5;4;1;6;1;6;3;1;992.17040766
1565;2024Q2;ES709A3;ES709;1;1;52;1;1;1;4;1;6;1;8;1;-1;-1;-1;-1;-1;-1;-1;-1;-1;3;0;0;1;0;2;0;3;1;1;0;0;0;1;0;0;2;5;4;5;4;4;3;2;6;4;4;2;4;2;2;4;2;4;4;2;4;2;2;4;3;2;4;2;2;2;3;2;2;4;5;3;4;4;4;3;2;3;3;1;3;4;-3;-3;2;3;3;2;1;3;-9;6;6;1;6;5;1;517.31015072
1566;2024Q2;ES709A3;ES709;1;1;51;3;1;5;9;1;1;1;3;1;-1;-1;-1;-1;-1;-1;-1;-1;-1;3;0;0;1;0;2;0;3;3;0;0;0;0;0;0;0;2;6;4;3;5;5;5;3;1;4;3;5;4;4;5;5;3;4;2;5;1;4;4;2;1;2;2;1;1;1;1;5;5;4;4;3;2;4;-7;-7;1;-7;1;3;3;2;1;1;1;1;1;2;2;-1;-1;1;6;5;6;-7;-9;517.31015072
1567;2024Q2;ES709A3;ES709;6;2;21;3;1;5;6;1;6;2;5;6;-1;-1;-1;54;1;5;-1;-1;-1;5;0;1;2;0;2;1;6;4;0;0;0;1;0;0;0;2;7;4;5;4;4;3;2;6;3;2;4;4;4;4;5;3;5;2;5;3;5;5;3;4;3;1;3;4;4;5;5;5;4;5;2;1;3;4;4;1;4;3;3;3;4;4;4;1;3;3;2;2;-1;-1;6;6;5;6;4;1;1653.6173461
1568;2024Q2;ES709A3;ES709;1;1;37;1;1;1;4;10;-1;-1;-1;6;-1;-1;-1;60;1;7;-1;-1;-1;3;0;2;0;1;2;0;5;1;0;1;0;0;0;1;0;3;3;2;4;5;5;5;4;6;5;5;5;5;5;2;2;5;5;5;1;4;1;2;2;2;4;5;2;2;2;2;5;2;2;4;2;2;2;2;2;2;2;2;3;3;3;2;2;2;2;2;3;3;-1;-1;6;6;1;6;1;-9;338.22774882
1569;2024Q2;ES706A0;ES706;6;2;53;1;1;1;5;10;-1;-1;-1;1;-1;1;9;-1;-1;-1;-1;-1;-1;1;0;0;0;0;1;0;1;0;0;0;1;0;0;0;0;1;1;1;6;4;4;3;1;6;5;5;3;5;4;5;-9;3;3;4;5;5;4;4;3;3;4;5;4;4;3;4;4;4;4;3;3;4;4;4;5;4;3;4;4;3;4;5;4;4;-3;-3;2;3;-1;-1;6;6;1;6;3;3;10.933649958
1570;2024Q2;ES706A0;ES706;1;1;62;1;1;1;4;10;-1;-1;-1;1;-1;1;9;-1;-1;-1;-1;-1;-1;1;0;0;0;0;1;0;1;0;0;1;0;0;0;0;0;1;1;2;6;3;3;3;2;6;4;4;4;4;4;4;4;4;4;4;4;4;4;4;4;4;4;4;4;4;4;4;4;4;4;4;4;4;4;4;4;4;4;4;4;4;4;4;4;4;4;4;3;3;-1;-1;6;6;1;6;4;2;10.933649958
1571;2024Q2;ES706A0;ES706;6;2;77;1;1;1;4;12;-1;-1;-1;6;-1;-1;-1;80;5;-1;-1;1;2;2;0;0;0;0;0;2;2;0;0;0;0;2;0;0;0;4;4;4;1;4;4;4;4;6;3;3;2;5;2;2;1;2;1;2;2;2;2;2;2;2;2;2;2;2;2;2;2;2;2;2;3;3;3;3;3;3;3;3;3;3;3;3;3;2;3;2;3;1;3;1;1;1;5;6;4;1;302.89845994
1572;2024Q2;ES706A0;ES706;6;2;67;1;1;1;5;15;-1;-1;-1;6;-1;-1;-1;75;5;-1;-1;1;4;2;0;0;0;0;0;2;2;0;0;0;0;2;0;0;0;4;2;2;3;3;3;3;3;6;4;4;2;4;4;1;5;4;4;1;4;2;4;4;4;2;2;2;2;2;4;4;5;5;2;2;4;4;4;2;4;4;4;4;2;3;3;1;3;2;3;1;3;1;5;2;6;6;1;6;5;1;302.89845994
1573;2024Q2;ES706A0;ES706;6;2;52;1;1;1;9;2;6;2;3;1;-1;-1;-1;-1;-1;-1;-1;-1;-1;2;0;1;0;0;2;0;3;2;0;0;0;0;0;0;0;2;7;5;3;4;4;4;2;6;3;2;-9;4;2;2;5;2;5;4;4;2;2;2;2;2;3;2;3;2;2;2;4;4;4;4;2;2;3;3;3;2;3;3;3;1;3;3;3;1;3;3;1;1;5;1;1;6;5;6;5;1;62.003922777
1574;2024Q2;ES706A0;ES706;6;2;57;1;1;1;5;10;-1;-1;-1;1;-1;1;5;-1;-1;-1;-1;-1;-1;2;0;0;0;0;2;0;2;0;0;1;1;0;0;0;0;4;3;3;5;2;2;2;2;6;4;4;4;4;4;4;2;4;4;4;4;4;4;4;4;4;4;4;4;4;4;4;4;2;2;2;2;2;3;3;3;3;3;3;3;3;3;3;3;3;3;3;3;3;-1;-1;6;6;1;6;1;1;21.867299916
1575;2024Q2;ES706A0;ES706;1;1;25;1;1;5;6;13;-1;-1;-1;6;-1;-1;-1;44;1;4;-1;-1;-1;4;0;0;0;2;0;2;4;1;0;0;0;2;1;0;0;7;6;3;3;5;4;4;4;1;4;3;4;4;3;2;4;4;4;4;2;4;4;2;4;4;4;4;4;4;3;3;4;2;3;4;4;4;5;2;5;3;5;5;5;5;5;5;4;5;5;4;2;3;-1;-1;6;6;5;6;4;1;480.84024053
1576;2024Q2;ES706A0;ES706;1;1;36;1;1;1;9;1;1;2;1;1;-1;-1;-1;-1;-1;-1;-1;-1;-1;2;1;0;0;2;0;0;3;2;0;0;0;0;0;0;0;2;7;5;1;5;4;3;2;6;5;4;4;5;5;5;5;4;4;4;5;1;3;3;4;4;4;2;4;4;4;4;5;5;4;4;3;2;4;3;3;1;2;2;3;3;3;3;3;3;3;2;2;1;3;1;1;1;1;6;4;3;203.98181474
1577;2024Q2;ES706A0;ES706;1;1;48;1;1;1;7;1;6;2;5;1;-1;-1;-1;-1;-1;-1;-1;-1;-1;2;0;0;2;0;2;0;4;2;0;0;0;0;2;0;0;2;5;3;3;5;4;3;4;1;4;3;4;4;4;4;4;4;4;4;4;-9;3;4;3;4;4;4;4;3;4;4;4;4;4;5;3;4;4;3;4;3;4;3;4;3;4;-3;-3;3;3;3;1;1;5;-9;1;1;1;6;3;1;231.6972082
1578;2024Q2;ES706A0;ES706;6;2;46;2;1;4;10;2;6;2;2;1;-1;-1;-1;-1;-1;-1;-1;-1;-1;2;1;1;0;0;2;0;4;2;0;0;0;0;0;0;0;2;7;4;1;4;4;3;1;6;4;4;4;4;4;2;4;4;4;4;4;2;4;4;4;4;4;4;5;4;4;4;4;4;3;5;4;4;5;5;4;4;-3;4;3;3;4;-3;4;4;4;4;1;2;-1;-1;6;6;4;6;-3;1;62.003922777
1579;2024Q2;ES706A0;ES706;6;2;58;1;1;1;7;10;-1;-1;-1;1;-1;1;5;-1;-1;-1;-1;-1;-1;1;0;0;0;0;1;0;1;0;0;1;0;0;0;0;0;1;1;2;5;5;5;4;1;6;4;3;4;4;3;4;3;4;4;5;2;5;3;2;2;5;5;5;3;3;5;5;4;2;3;4;4;4;4;4;4;3;4;4;3;4;4;4;4;4;-3;-3;2;3;-1;-1;6;6;1;6;3;1;10.933649958
1580;2024Q2;ES706A0;ES706;6;2;28;1;1;1;10;3;6;2;2;6;-1;-1;-1;67;1;3;-1;-1;-1;4;0;0;1;1;1;1;4;3;0;0;0;0;1;0;0;8;7;5;3;5;5;3;1;6;3;4;4;4;3;4;3;4;4;4;4;3;4;4;3;4;4;4;4;3;4;4;4;4;2;4;4;4;4;4;4;3;4;4;3;4;4;5;4;4;5;5;2;3;-1;-1;6;6;1;6;3;1;379.56818441
1581;2024Q2;ES706A0;ES706;1;1;52;1;1;1;9;2;6;1;9;1;-1;-1;-1;-1;-1;-1;-1;-1;-1;2;0;0;1;0;1;0;2;1;0;0;0;0;1;0;0;6;3;3;6;5;4;4;4;6;3;4;4;4;4;2;4;4;4;4;2;4;2;2;3;4;4;4;4;3;2;4;2;2;4;2;4;4;3;3;3;4;4;4;5;2;4;3;1;1;3;2;2;3;-1;-1;6;6;5;6;5;1;231.6972082
1582;2024Q2;ES706A0;ES706;6;2;20;3;1;4;4;1;1;1;5;6;-1;-1;-1;28;2;5;-1;-1;-1;2;1;0;1;1;0;0;3;1;1;0;0;0;0;0;0;2;7;5;3;4;3;3;3;6;4;4;4;4;4;4;4;4;4;3;4;4;4;3;3;4;2;4;4;4;4;4;4;4;3;3;4;4;5;5;5;5;5;2;4;3;2;5;5;5;4;4;3;2;-1;-1;6;6;4;6;3;3;189.78409221
1583;2024Q2;ES706A0;ES706;6;2;47;1;1;1;8;7;-1;-1;5;6;-1;-1;-1;51;2;2;-1;-1;-1;2;0;1;0;0;2;0;3;0;2;0;0;0;0;0;0;2;4;3;2;4;4;3;3;6;4;4;4;4;3;4;5;4;2;4;3;4;3;2;4;4;4;4;4;2;4;4;2;4;4;2;3;3;3;3;3;3;3;3;3;-7;3;-7;-7;2;3;3;3;3;-1;-1;6;6;5;6;4;1;62.003922777
1584;2024Q2;ES706A0;ES706;1;1;51;1;1;1;8;2;6;2;5;1;-1;-1;-1;-1;-1;-1;-1;-1;-1;2;0;0;0;0;1;1;2;1;0;0;0;1;0;0;0;6;5;5;5;5;5;5;2;6;1;1;1;1;1;4;4;4;5;1;5;1;5;5;4;1;4;1;1;4;1;4;5;5;5;5;1;1;4;2;2;1;2;1;1;2;2;2;1;1;1;1;2;1;4;1;1;6;5;6;2;1;231.6972082
1585;2024Q2;ES706A0;ES706;6;2;37;3;1;5;6;1;6;1;2;6;-1;-1;-1;38;1;8;-1;-1;-1;2;0;1;0;2;0;0;3;2;0;0;0;0;0;0;0;2;5;4;5;4;4;4;2;6;2;2;3;3;4;2;4;4;4;4;4;-9;2;2;2;4;2;4;4;1;4;5;4;4;-9;4;4;2;3;3;4;4;3;3;3;3;4;3;3;2;3;-7;2;2;-1;-1;6;6;4;6;5;1;86.546776471
1586;2024Q2;ES706A0;ES706;6;2;59;3;1;5;8;2;6;2;3;1;-1;-1;-1;-1;-1;-1;-1;-1;-1;1;0;0;0;0;1;0;1;1;0;0;0;0;0;0;0;1;3;5;3;5;4;1;1;6;4;4;4;5;4;5;3;5;2;4;4;4;2;3;4;4;4;4;4;5;5;3;4;4;3;3;2;5;4;4;4;4;2;4;4;4;4;5;4;3;5;5;1;2;-1;-1;6;-9;5;6;2;3;27.173530039
1587;2024Q2;ES706A0;ES706;6;2;41;1;1;1;10;1;1;1;5;6;-1;-1;-1;41;1;2;-1;-1;-1;2;0;0;0;2;0;0;2;2;0;0;0;0;0;0;0;4;6;6;2;5;5;4;2;6;2;2;2;3;1;4;5;4;4;4;4;2;4;4;1;1;2;1;4;2;2;2;4;4;5;5;4;4;2;2;2;1;2;2;4;-3;2;2;2;2;2;1;1;1;3;4;1;6;1;1;4;1;86.546776471
1588;2024Q2;ES706A0;ES706;6;2;55;3;1;5;9;15;-1;-1;-1;1;1;1;3;-1;-1;-1;-1;-1;-1;2;0;1;1;0;1;0;3;0;0;0;0;1;1;0;0;6;2;2;3;5;5;5;2;6;3;2;2;3;2;5;5;3;5;4;3;3;4;4;4;4;3;4;3;2;4;3;4;4;4;4;3;1;3;3;3;3;3;3;2;3;4;3;2;2;3;2;2;3;-1;-1;6;6;5;6;5;1;187.34427083
1589;2024Q2;ES706A0;ES706;1;1;80;1;1;5;4;12;-1;-1;-1;1;-1;1;7;-1;-1;-1;-1;-1;-1;1;0;0;0;0;0;1;1;0;0;0;0;1;0;0;0;1;2;4;5;3;2;2;2;6;5;4;4;4;4;4;-9;4;4;4;2;4;4;2;2;4;4;2;4;4;2;2;2;2;4;4;4;4;3;3;3;4;3;3;1;3;-3;-3;3;3;3;3;2;1;5;3;1;6;5;6;1;-9;112.28191355
1590;2024Q2;ES706A0;ES706;1;1;55;3;1;5;5;7;-1;-1;7;1;-1;-1;-1;-1;-1;-1;-1;-1;-1;1;0;1;0;0;1;0;2;0;1;0;0;0;0;0;0;6;3;3;5;5;4;4;1;6;4;4;4;4;2;4;3;4;3;4;-9;-9;4;4;5;2;4;4;2;4;3;4;-9;4;5;4;4;5;4;5;4;3;3;5;4;5;4;3;3;4;5;3;2;3;-1;-1;6;6;5;6;3;1;86.669661267
1591;2024Q2;ES706A0;ES706;6;2;57;1;1;1;5;1;6;2;4;6;-1;-1;-1;63;1;4;-1;-1;-1;3;0;0;0;1;2;0;3;3;0;0;0;0;0;0;0;2;6;5;3;5;5;3;1;6;4;5;4;5;4;4;3;4;4;4;4;3;4;3;4;4;4;5;5;5;4;5;4;4;3;4;5;4;5;5;5;5;5;3;5;3;5;5;4;5;5;5;1;2;-1;-1;6;6;5;6;4;1;81.520590118
1592;2024Q2;ES706A0;ES706;1;1;42;1;1;1;7;1;1;2;7;1;-1;-1;-1;-1;-1;-1;-1;-1;-1;2;0;1;0;2;0;0;3;2;0;0;0;0;0;0;0;2;7;5;5;4;4;4;4;1;4;4;4;4;4;2;4;4;4;4;3;3;2;3;4;4;4;4;3;4;4;5;4;2;4;4;3;3;4;4;4;4;4;4;3;3;5;4;4;4;3;3;2;2;-1;-1;1;6;5;1;4;1;203.98181474
1593;2024Q2;ES706A0;ES706;1;1;58;1;1;1;5;15;-1;-1;-1;1;1;1;7;-1;-1;-1;-1;-1;-1;3;0;0;0;1;2;0;3;0;0;1;0;2;0;0;0;2;4;3;5;3;3;3;3;6;4;4;4;4;4;4;4;4;4;4;4;4;4;4;4;4;4;4;4;4;4;4;4;4;4;4;4;4;3;3;3;3;3;3;3;3;3;3;3;3;3;3;3;2;-1;-1;6;6;1;6;1;-9;335.44615697
1594;2024Q2;ES706A0;ES706;1;1;43;1;1;1;10;7;-1;-1;1;1;-1;-1;-1;-1;-1;-1;-1;-1;-1;2;0;2;0;2;0;0;4;0;2;0;0;0;0;0;0;2;7;5;2;5;5;5;3;6;5;5;5;5;5;5;5;5;5;2;5;5;5;5;5;5;5;5;5;5;5;5;5;5;5;5;5;5;2;2;2;2;2;2;2;2;5;5;5;2;2;5;1;3;-1;-1;6;6;5;6;4;3;203.98181474
1595;2024Q2;ES706A0;ES706;1;1;64;1;1;1;5;2;6;2;9;1;-1;-1;-1;-1;-1;-1;-1;-1;-1;2;0;0;0;0;2;0;2;2;0;0;0;0;0;0;0;4;4;4;6;-9;-9;-9;-9;6;-9;-9;-9;-9;-9;-9;-9;-9;-9;-9;-9;-9;-9;-9;-9;-9;-9;-9;-9;-9;-9;-9;-9;-9;-9;-9;-9;-9;-3;-3;-3;-3;-3;-3;-3;-3;-3;-3;-3;-3;-3;-3;3;-9;-1;-1;6;6;1;6;-3;-9;173.33932253
1596;2024Q2;ES706A0;ES706;6;2;80;1;1;1;2;16;-1;-1;-1;1;6;-1;-1;-1;-1;-1;-1;-1;-1;1;0;0;0;0;0;1;1;0;0;0;0;1;0;0;0;1;2;4;-1;-9;4;2;-9;6;4;3;4;4;3;3;4;4;3;4;3;3;3;2;4;4;3;4;4;4;3;5;3;3;3;3;4;4;4;4;4;4;4;4;4;3;3;3;3;-3;3;3;3;2;-1;-1;6;6;1;6;-3;-9;151.44922997
1597;2024Q2;ES706A0;ES706;6;2;49;1;1;1;7;2;6;2;5;1;-1;-1;-1;-1;-1;-1;-1;-1;-1;3;0;0;2;0;2;0;4;3;0;0;0;0;1;0;0;2;5;3;5;2;2;2;2;1;3;4;4;4;4;2;4;4;4;4;4;4;4;2;4;4;4;4;4;2;4;4;4;2;4;4;2;2;3;3;3;3;3;3;4;3;3;3;3;3;3;3;2;1;2;2;6;6;5;6;4;1;93.005884166
1598;2024Q2;ES706A0;ES706;6;2;51;1;1;1;6;1;6;2;5;6;-1;-1;-1;68;5;-1;-1;1;8;2;0;0;0;0;1;1;2;1;0;0;0;1;0;0;0;8;-9;-9;-1;4;4;3;2;6;4;4;4;4;4;2;3;4;4;4;4;4;3;3;4;4;4;4;4;4;4;4;4;4;1;2;4;4;4;4;-3;5;-3;3;4;2;2;2;2;3;2;2;2;2;-1;-1;6;6;5;6;5;1;62.003922777
1599;2024Q2;ES706A0;ES706;6;2;51;1;1;1;10;1;6;2;4;1;-1;-1;-1;-1;-1;-1;-1;-1;-1;2;0;0;2;0;1;0;3;1;0;0;0;0;2;0;0;5;3;2;3;4;4;4;5;1;4;4;4;4;4;2;4;4;4;3;4;3;3;3;3;4;4;4;3;3;3;4;3;2;3;3;3;4;3;3;3;3;3;3;3;3;3;4;3;3;3;3;2;2;-1;-1;-9;-9;5;6;4;1;62.003922777
1600;2024Q2;ES706A0;ES706;1;1;20;1;1;1;5;10;-1;-1;-1;6;-1;-1;-1;45;1;4;-1;-1;-1;3;0;0;1;1;1;0;3;2;0;1;0;0;0;0;0;2;6;4;3;4;3;3;4;1;4;4;4;4;4;3;4;4;4;4;2;3;2;2;4;3;4;4;4;3;3;4;2;3;3;3;3;3;4;4;4;3;3;3;3;3;4;3;3;3;3;3;2;1;3;4;1;1;1;6;2;3;37.89262957
1601;2024Q2;ES706A0;ES706;6;2;62;3;2;5;9;7;-1;-1;2;6;-1;-1;-1;70;5;-1;-1;1;-9;5;0;0;0;3;1;1;5;2;1;0;0;1;0;0;1;2;7;4;-1;5;4;4;2;6;3;3;3;3;2;5;5;3;3;3;3;2;2;2;2;2;2;2;2;4;4;3;4;5;4;5;3;3;3;3;3;3;3;3;4;2;4;2;2;2;3;3;1;1;3;3;1;6;5;6;4;1;135.8676502
1602;2024Q2;ES706A0;ES706;6;2;46;1;1;1;8;10;-1;-1;-1;6;-1;-1;-1;47;1;7;-1;-1;-1;2;0;2;0;0;2;0;4;1;0;1;0;0;0;0;0;2;3;2;5;5;4;4;1;6;4;4;3;4;4;2;4;4;4;4;2;4;4;2;4;4;4;3;2;3;4;4;3;2;3;3;4;4;4;3;4;3;4;3;3;3;3;3;3;3;3;4;2;1;5;3;6;6;1;6;5;3;21.867299916
1603;2024Q2;ES706A0;ES706;6;2;45;1;1;1;8;2;6;1;4;1;-1;-1;-1;-1;-1;-1;-1;-1;-1;2;0;1;0;0;2;0;3;2;0;0;0;0;0;0;0;2;5;4;3;3;4;3;3;1;4;4;2;3;4;4;4;2;4;2;2;2;4;4;2;2;2;4;4;2;4;2;2;4;4;4;2;4;3;3;3;3;4;3;3;3;3;3;3;2;3;3;2;1;5;4;6;6;1;6;2;1;62.003922777
1604;2024Q2;ES706A0;ES706;6;2;39;1;1;1;7;2;6;2;4;1;-1;-1;-1;-1;-1;-1;-1;-1;-1;1;0;0;0;1;0;0;1;1;0;0;0;0;0;0;0;1;3;5;3;4;4;4;2;6;4;3;3;4;2;4;5;3;3;2;2;4;2;2;3;3;2;2;3;3;4;4;2;4;3;3;2;3;4;3;4;2;2;4;1;2;4;2;2;1;2;4;2;1;5;3;6;6;1;6;5;1;43.273388236
1605;2024Q2;ES706A0;ES706;6;2;60;1;1;1;5;1;1;2;5;1;-1;-1;-1;-1;-1;-1;-1;-1;-1;1;0;0;0;0;1;0;1;1;0;0;0;0;0;0;0;1;3;5;5;3;3;3;3;6;4;4;4;4;4;3;4;4;2;4;2;2;2;2;4;4;4;4;4;4;4;4;2;2;2;2;4;4;3;4;4;4;4;3;3;3;3;3;3;3;4;4;3;2;-1;-1;6;6;5;6;-3;1;27.173530039
1606;2024Q2;ES706A0;ES706;6;2;59;3;3;5;10;1;1;1;1;1;-1;-1;-1;-1;-1;-1;-1;-1;-1;1;0;1;0;0;1;0;2;1;0;0;0;0;0;0;0;6;3;3;2;5;5;4;4;6;2;4;4;2;1;4;5;4;5;2;3;1;2;2;1;2;2;4;4;4;2;2;1;2;5;2;4;4;1;2;2;3;3;4;1;3;3;-3;-3;-3;4;4;2;2;-1;-1;6;6;5;6;5;1;27.173530039
1607;2024Q2;ES706A0;ES706;1;1;69;2;1;5;6;12;-1;-1;-1;1;-1;1;3;-1;-1;-1;-1;-1;-1;1;0;0;0;0;0;1;1;0;0;0;0;1;0;0;0;1;2;4;3;5;5;5;3;6;5;5;5;5;5;5;5;2;5;2;5;5;5;5;5;5;5;2;2;2;5;5;1;1;2;5;2;2;3;3;3;3;3;3;3;3;3;3;3;1;3;3;3;1;5;4;1;6;5;6;1;1;112.28191355
1608;2024Q2;ES706A0;ES706;6;2;52;1;1;1;8;2;6;2;3;1;-1;-1;-1;-1;-1;-1;-1;-1;-1;1;0;0;0;0;1;0;1;1;0;0;0;0;0;0;0;1;3;5;3;4;3;3;2;6;4;4;4;3;2;2;2;3;3;2;2;2;2;2;4;3;2;4;3;3;2;2;2;3;4;4;4;2;3;3;3;4;3;3;4;3;4;4;4;2;3;4;2;1;2;4;1;6;5;6;4;1;31.001961389
1609;2024Q2;ES706A0;ES706;6;2;65;1;1;1;5;10;-1;-1;-1;6;-1;-1;-1;26;1;2;-1;-1;-1;2;0;0;0;1;0;1;2;1;0;0;1;0;0;0;0;6;5;5;1;3;3;2;2;6;3;4;3;2;3;4;4;3;4;4;2;2;4;3;4;3;2;2;2;3;4;4;4;3;4;4;2;2;2;2;2;4;3;4;3;3;4;2;3;2;3;3;3;1;5;2;1;6;1;6;3;1;117.75915764
1610;2024Q2;ES706A0;ES706;1;1;45;1;1;1;5;1;6;1;5;1;-1;-1;-1;-1;-1;-1;-1;-1;-1;1;0;0;1;0;1;0;2;1;0;0;0;0;1;0;0;6;3;3;5;5;5;5;5;1;4;4;3;4;4;2;2;3;2;4;2;4;2;2;3;4;4;2;4;2;4;4;2;2;2;2;4;4;4;3;4;3;4;3;3;3;3;2;2;2;3;3;2;1;5;1;1;1;1;6;5;1;115.8486041
1611;2024Q2;ES706A0;ES706;6;2;43;2;1;5;5;1;1;2;9;1;-1;-1;-1;-1;-1;-1;-1;-1;-1;3;0;1;1;1;1;0;4;2;0;0;0;0;1;0;0;7;3;2;6;5;5;5;4;1;3;4;3;5;4;5;5;4;5;3;5;1;5;5;3;2;3;3;4;4;3;4;5;5;5;5;3;3;4;1;4;2;1;1;1;1;1;1;1;1;1;1;2;1;3;-9;6;6;5;6;5;1;129.82016471
1612;2024Q2;ES706A0;ES706;1;1;32;1;1;1;7;10;-1;-1;-1;6;-1;-1;-1;68;5;-1;-1;1;6;3;0;0;0;2;0;1;3;1;0;1;0;1;0;0;0;6;4;3;5;4;5;5;1;6;2;2;4;4;2;4;5;4;5;1;5;4;5;4;4;4;2;1;1;4;4;4;5;5;5;5;4;1;2;2;4;1;4;1;4;2;4;1;1;1;1;1;2;2;-1;-1;6;6;1;6;5;1;37.89262957
1613;2024Q2;ES706A0;ES706;1;1;75;1;1;1;9;12;-1;-1;-1;1;-1;1;2;-1;-1;-1;-1;-1;-1;4;0;0;0;2;0;2;4;1;0;0;0;2;1;0;0;3;7;5;2;5;3;3;2;1;4;3;3;4;2;4;5;2;4;2;3;2;3;2;2;3;2;2;2;2;4;4;4;4;4;4;4;2;3;3;3;2;3;3;4;3;2;2;2;1;2;3;2;1;3;2;1;1;1;6;1;1;449.12765418
1614;2024Q2;ES706A0;ES706;6;2;56;1;1;1;6;2;6;2;5;1;-1;-1;-1;-1;-1;-1;-1;-1;-1;1;0;0;0;0;1;0;1;1;0;0;0;0;0;0;0;1;4;6;5;3;3;3;3;6;4;4;2;4;4;2;4;4;4;4;4;4;2;2;4;4;4;4;4;4;4;4;4;4;2;4;4;4;4;4;4;4;4;3;4;4;3;4;4;3;4;4;2;1;2;2;1;1;1;6;2;1;27.173530039
1615;2024Q2;ES706A0;ES706;1;1;19;1;1;1;6;10;-1;-1;-1;6;-1;-1;-1;49;1;5;-1;-1;-1;3;0;0;1;0;2;0;3;2;0;0;1;0;0;0;0;2;5;3;5;4;3;3;2;6;2;2;2;2;4;4;4;4;4;2;4;2;4;4;4;4;4;2;2;2;2;4;4;4;4;4;2;2;2;3;3;3;3;1;2;3;3;3;2;1;2;3;2;2;-1;-1;6;6;1;6;2;1;37.89262957
1616;2024Q2;ES706A0;ES706;1;1;52;1;1;1;10;1;6;1;2;6;-1;-1;-1;49;1;2;-1;-1;-1;2;0;2;0;0;2;0;4;2;0;0;0;0;0;0;0;2;7;5;2;4;3;2;1;6;4;4;3;4;4;4;5;2;5;4;3;4;3;3;4;4;3;4;5;5;5;5;4;5;5;5;3;5;4;5;4;3;4;4;5;4;3;3;3;4;4;3;1;1;1;2;1;1;5;6;3;1;231.6972082
1617;2024Q2;ES706A0;ES706;1;1;24;1;1;1;6;2;6;1;7;6;-1;-1;-1;55;1;3;-1;-1;-1;2;0;0;1;0;1;0;2;2;0;0;0;0;0;0;0;6;2;2;3;5;5;5;5;6;1;1;5;1;1;5;5;2;5;1;5;1;3;4;3;1;1;2;1;1;1;1;5;5;5;5;1;1;-7;1;1;-7;-7;1;-7;1;1;-7;1;1;1;1;3;1;2;-9;1;6;1;6;4;1;190.12867149
1618;2024Q2;ES706A0;ES706;6;2;54;2;1;3;7;10;-1;-1;-1;6;-1;-1;-1;50;1;3;-1;-1;-1;4;0;0;1;0;3;0;4;1;0;0;1;1;0;1;0;8;4;2;3;5;4;4;2;6;3;3;2;4;4;3;4;3;4;3;3;3;4;2;4;4;4;3;4;3;4;4;2;2;3;3;3;3;4;3;3;3;3;2;4;2;3;3;3;2;2;3;3;2;-1;-1;6;6;3;6;4;1;43.734599833
1619;2024Q2;ES707A0;ES707;6;2;45;1;1;1;8;5;-1;-1;5;6;-1;-1;-1;47;2;6;-1;-1;-1;2;0;1;0;0;2;0;3;0;2;0;0;0;0;0;0;2;4;3;5;2;2;2;2;6;1;1;2;1;1;4;4;1;5;1;5;1;5;5;2;1;1;2;1;1;1;4;5;5;5;5;1;1;1;5;2;1;4;1;1;3;4;4;4;1;1;1;3;1;3;3;1;6;1;6;5;1;230.21333911
1620;2024Q2;ES707A0;ES707;1;1;53;3;1;4;4;1;6;1;8;1;-1;-1;-1;-1;-1;-1;-1;-1;-1;3;0;0;0;0;2;1;3;1;0;0;1;0;0;1;0;6;3;2;-1;4;4;4;2;6;5;4;5;5;4;4;4;4;4;5;5;4;2;2;4;5;4;4;4;5;4;4;2;2;4;2;4;4;4;4;4;4;5;5;5;4;4;4;4;4;4;4;3;2;-1;-1;6;1;4;6;3;3;486.73735596
1621;2024Q2;ES707A0;ES707;1;1;24;1;1;1;8;1;1;2;1;6;-1;-1;-1;49;1;1;-1;-1;-1;4;0;0;2;0;2;0;4;3;0;0;0;0;1;0;0;2;7;6;1;5;3;1;2;1;5;5;5;5;5;1;4;5;2;2;2;5;1;3;3;5;5;5;5;5;5;5;4;2;2;2;2;4;5;5;5;5;5;5;5;5;4;4;4;1;5;1;2;3;-1;-1;6;6;1;6;4;3;468.15019253
1622;2024Q2;ES707A0;ES707;6;2;56;1;1;1;5;15;-1;-1;-1;6;-1;-1;-1;59;1;7;-1;-1;-1;3;0;0;1;1;2;0;4;2;0;0;0;1;1;0;0;2;7;4;4;3;2;3;3;6;4;4;4;4;4;4;4;4;2;5;2;2;2;2;4;4;4;4;4;4;4;4;4;2;2;2;2;4;4;3;4;3;5;5;4;3;4;4;3;3;4;4;3;2;-1;-1;6;6;1;6;5;3;1224.8331939
1623;2024Q2;ES707A0;ES707;6;2;26;1;1;1;9;2;6;2;2;6;-1;-1;-1;54;2;-9;-1;-1;-1;2;0;0;0;1;1;0;2;1;1;0;0;0;0;0;0;4;-9;-9;-1;5;4;4;3;6;4;4;4;3;4;3;3;4;4;4;4;2;3;4;4;4;4;4;2;3;4;4;4;4;2;3;4;4;5;5;5;4;4;5;5;2;3;5;5;5;4;-3;1;1;3;1;1;6;1;6;3;1;409.16777404
1624;2024Q2;ES707A0;ES707;1;1;49;3;1;5;8;10;-1;-1;-1;6;-1;-1;-1;46;1;3;-1;-1;-1;2;0;1;0;0;2;0;3;1;0;1;0;0;0;0;0;2;3;2;4;5;4;4;4;6;5;5;-9;4;4;4;4;4;4;2;4;4;4;4;4;4;4;4;2;2;4;4;4;4;4;4;2;2;-7;2;2;2;2;2;3;2;2;2;3;3;2;2;3;1;5;1;6;6;5;6;3;3;162.40459841
1625;2024Q2;ES707A0;ES707;6;2;53;2;1;5;9;2;6;2;4;1;-1;-1;-1;-1;-1;-1;-1;-1;-1;2;0;0;0;0;2;0;2;1;0;1;0;0;0;0;0;4;6;5;3;5;3;3;2;6;4;3;3;4;2;5;5;2;4;3;5;2;2;4;3;2;3;2;4;4;2;3;5;5;5;5;2;2;3;3;3;2;5;4;4;-3;3;2;3;2;3;1;1;1;3;2;1;6;5;6;4;1;230.21333911
1626;2024Q2;ES707A0;ES707;6;2;57;1;1;1;6;1;6;1;3;6;-1;-1;-1;79;5;-1;-1;1;2;4;0;0;1;0;1;2;4;1;0;0;1;2;0;0;0;3;6;3;1;5;4;4;2;6;4;4;3;4;4;4;3;3;3;4;4;2;2;4;2;4;3;2;4;4;3;3;4;3;2;3;2;3;3;4;3;3;4;4;4;4;4;4;4;4;4;4;3;3;-1;-1;6;6;5;6;4;3;401.35901836
1627;2024Q2;ES707A0;ES707;1;1;37;3;3;3;6;1;6;1;8;1;-1;-1;-1;-1;-1;-1;-1;-1;-1;2;0;1;1;2;0;0;4;1;0;1;0;0;1;0;0;2;4;2;-1;2;3;3;1;6;4;4;2;4;4;4;5;4;2;3;2;4;2;2;4;3;3;3;4;4;4;4;2;2;2;2;4;3;4;4;3;4;4;4;4;4;3;-3;-3;-3;3;-3;2;2;-1;-1;6;6;3;6;4;-9;1238.2395319
1628;2024Q2;ES707A0;ES707;6;2;36;1;1;5;11;3;6;2;2;1;-1;-1;-1;-1;-1;-1;-1;-1;-1;1;0;2;0;1;0;0;3;1;0;0;0;0;0;0;0;6;5;4;1;4;4;3;2;6;4;4;4;4;2;3;5;4;3;4;2;4;2;2;4;4;3;3;4;4;4;4;4;3;5;4;3;3;4;4;3;3;3;3;4;4;3;3;3;2;4;4;1;2;-1;-1;1;6;5;6;4;3;128.12317435
1629;2024Q2;ES707A0;ES707;1;1;38;1;1;1;5;1;6;2;5;1;-1;-1;-1;-1;-1;-1;-1;-1;-1;1;0;0;0;1;0;0;1;1;0;0;0;0;0;0;0;1;2;4;3;5;4;3;1;6;4;2;4;4;4;2;2;2;4;2;2;2;2;2;4;4;4;4;4;4;4;4;2;4;4;4;2;2;2;3;3;1;5;4;3;3;3;3;4;3;3;4;3;2;-1;-1;6;6;1;6;3;3;146.54607036
1630;2024Q2;ES707A0;ES707;6;2;52;1;1;1;5;1;1;1;5;1;-1;-1;-1;-1;-1;-1;-1;-1;-1;1;0;0;0;0;1;0;1;1;0;0;0;0;0;0;0;1;2;3;5;5;5;5;5;1;4;5;5;5;5;5;5;5;2;4;5;5;4;2;5;5;5;4;4;4;4;4;2;4;4;4;2;2;3;3;3;2;3;3;3;3;3;2;2;1;3;-7;2;3;-1;-1;6;6;5;1;5;1;115.10666955
1631;2024Q2;ES707A0;ES707;1;1;59;2;1;5;5;1;1;2;7;1;-1;-1;-1;-1;-1;-1;-1;-1;-1;2;0;0;1;1;1;0;3;1;1;0;0;0;1;0;0;2;5;4;4;4;4;2;1;6;3;4;3;4;2;2;4;3;2;2;3;2;4;2;4;2;2;2;4;2;4;4;2;2;2;4;4;4;2;2;2;1;4;4;4;4;2;2;2;2;2;2;1;3;-1;-1;1;6;5;6;3;1;320.70318207
1632;2024Q2;ES707A0;ES707;6;2;36;1;1;1;10;1;6;2;4;6;-1;-1;-1;62;1;4;-1;-1;-1;3;0;0;0;1;1;1;3;2;0;0;0;1;0;0;0;2;7;5;3;5;5;4;1;6;2;2;1;1;1;2;1;1;5;5;4;2;2;2;2;2;2;1;1;1;4;4;5;5;5;5;-9;2;-3;-3;-3;-3;-3;-3;-3;-3;-3;-3;-3;1;-3;-3;2;2;-1;-1;6;6;1;6;4;1;384.36952304
1633;2024Q2;ES707A0;ES707;1;1;48;1;1;1;10;2;1;1;4;1;-1;-1;-1;-1;-1;-1;-1;-1;-1;1;0;0;0;0;1;0;1;1;0;0;0;0;0;0;0;1;3;5;3;4;3;3;1;6;5;5;4;5;5;4;5;4;2;5;4;4;2;2;5;5;5;5;4;2;4;4;3;3;4;4;4;3;4;3;3;3;5;3;4;3;4;3;3;1;4;3;2;2;-1;-1;1;1;1;6;5;1;162.24578532
1634;2024Q2;ES707A0;ES707;1;1;35;1;1;1;10;2;1;2;2;6;-1;-1;-1;42;2;2;-1;-1;-1;4;0;0;0;2;0;2;4;1;1;0;0;2;0;0;0;5;7;5;2;4;4;3;2;6;4;4;4;4;4;5;5;4;4;4;3;4;3;4;4;4;4;2;4;4;4;3;3;4;3;3;3;4;4;3;4;3;4;4;4;2;2;4;3;3;3;3;1;1;1;2;1;6;5;6;2;2;586.18428146
1635;2024Q2;ES707A0;ES707;6;2;56;1;1;1;7;10;-1;-1;-1;6;-1;-1;-1;62;1;5;-1;-1;-1;2;0;0;0;0;2;0;2;1;0;1;0;0;0;0;0;4;4;4;5;5;4;3;3;6;4;4;4;4;4;4;4;4;4;3;3;4;2;2;4;4;4;4;4;4;4;4;2;2;4;4;2;4;4;3;4;4;4;4;4;4;4;3;3;3;4;4;3;1;5;4;1;6;4;6;3;2;70.831433494
1636;2024Q2;ES707A0;ES707;1;1;48;1;1;1;10;2;6;2;1;1;-1;-1;-1;-1;-1;-1;-1;-1;-1;2;0;0;0;1;1;0;2;2;0;0;0;0;0;0;0;4;7;6;1;5;5;4;2;6;4;4;4;4;4;4;4;4;4;2;5;4;2;2;4;2;4;2;4;4;4;4;4;4;4;4;4;2;3;3;4;3;3;3;1;3;2;1;2;1;1;1;2;1;5;3;1;6;1;6;4;1;324.49157064
1637;2024Q2;ES707A0;ES707;1;1;80;1;1;5;5;12;-1;-1;-1;1;-1;1;8;-1;-1;-1;-1;-1;-1;2;0;0;0;0;0;2;2;0;0;0;0;1;0;1;0;4;2;2;5;3;3;3;2;6;5;4;4;4;4;4;2;4;2;4;2;4;2;2;4;4;4;4;4;4;4;4;2;2;2;2;4;4;4;4;3;4;4;4;4;3;-3;3;4;4;3;4;2;3;-1;-1;6;6;5;6;3;1;665.45904828
1638;2024Q2;ES707A0;ES707;1;-9;29;1;1;1;6;10;-1;-1;-1;6;-1;-1;-1;60;1;4;-1;-1;-1;3;0;0;1;1;1;0;3;1;0;0;1;0;1;0;0;6;6;4;3;5;3;3;5;1;4;4;4;4;4;4;4;3;4;4;2;3;2;3;4;4;3;3;4;4;4;4;3;3;2;3;3;4;3;3;3;3;3;3;3;1;3;3;2;4;3;3;3;3;-1;-1;6;6;1;6;1;2;107.98218606
1639;2024Q2;ES707A0;ES707;6;2;54;1;1;1;10;2;6;2;2;1;-1;-1;-1;-1;-1;-1;-1;-1;-1;1;0;0;0;0;1;0;1;1;0;0;0;0;0;0;0;1;5;6;1;4;4;3;3;6;4;4;4;4;4;3;4;4;4;4;3;4;3;3;3;3;4;4;4;4;4;4;4;3;3;3;3;2;3;3;4;3;3;3;3;3;3;3;3;3;3;3;2;2;-1;-1;1;6;1;6;3;3;115.10666955
1640;2024Q2;ES707A0;ES707;1;1;55;1;1;1;9;2;6;2;3;1;-1;-1;-1;-1;-1;-1;-1;-1;-1;2;0;0;1;0;1;0;2;1;0;0;0;0;1;0;0;6;3;3;3;5;4;4;1;6;2;2;2;4;4;4;5;2;5;2;4;2;4;4;2;2;4;2;4;4;4;4;4;5;5;5;2;2;3;3;3;1;3;1;1;1;3;3;3;1;2;2;3;2;-1;-1;6;6;3;6;4;1;320.70318207
1641;2024Q2;ES707A0;ES707;1;1;63;1;1;1;8;7;-1;-1;3;6;-1;-1;-1;62;1;2;-1;-1;-1;2;0;0;0;0;2;0;2;1;1;0;0;0;0;0;0;4;6;5;1;4;3;3;2;6;4;4;3;5;5;2;4;4;2;4;2;4;2;2;4;4;4;2;4;4;4;4;4;2;2;4;4;2;4;5;4;4;4;3;4;3;3;3;3;2;3;3;2;2;-1;-1;1;6;1;6;4;1;320.70318207
1642;2024Q2;ES707A0;ES707;1;1;35;1;1;1;5;1;6;2;5;1;-1;-1;-1;-1;-1;-1;-1;-1;-1;2;0;2;0;2;0;0;4;2;0;0;0;0;0;0;0;2;4;2;5;5;5;5;3;6;4;4;3;4;4;4;4;4;4;4;4;4;4;2;3;4;3;2;3;3;4;4;3;2;3;3;4;4;4;3;3;3;4;3;3;3;4;3;3;3;3;3;1;3;-1;-1;6;6;5;6;4;2;293.09214073
1643;2024Q2;ES709A1;ES709;1;1;79;1;1;1;10;12;-1;-1;-1;1;-1;1;1;-1;-1;-1;-1;-1;-1;2;0;0;0;0;0;2;2;0;0;0;0;2;0;0;0;8;7;6;1;5;4;3;2;6;5;4;4;4;3;4;2;4;4;3;2;4;2;2;4;4;4;3;3;4;3;4;2;2;3;4;2;3;4;5;4;4;4;5;5;4;3;3;4;3;3;3;2;2;-1;-1;6;6;1;1;3;3;6112.3785525
1644;2024Q2;ES709A1;ES709;6;2;63;1;1;1;6;1;6;2;4;1;-1;-1;-1;-1;-1;-1;-1;-1;-1;2;0;0;1;0;1;0;2;1;0;0;0;0;1;0;0;6;3;3;3;4;4;4;3;6;4;4;4;4;4;4;4;4;4;2;4;4;4;4;4;4;2;4;2;3;4;4;3;5;4;4;3;3;4;3;4;4;4;4;5;-3;-3;-3;4;4;4;-3;1;1;5;3;6;6;1;6;-3;-9;1433.9395966
1645;2024Q2;ES709A1;ES709;1;1;61;1;1;1;6;10;-1;-1;-1;1;-1;1;3;-1;-1;-1;-1;-1;-1;2;0;0;0;0;2;0;2;0;0;2;0;0;0;0;0;4;4;4;3;2;2;2;2;6;1;1;1;2;4;4;4;4;4;4;4;4;5;5;4;4;4;4;4;4;4;4;4;5;4;4;4;2;3;3;3;3;4;4;4;1;3;3;3;2;3;3;2;1;5;4;1;6;5;6;4;1;293.05452804
1646;2024Q2;ES709A1;ES709;6;2;47;1;1;1;10;5;-1;-1;2;1;-1;-1;-1;-1;-1;-1;-1;-1;-1;1;0;1;0;0;1;0;2;0;1;0;0;0;0;0;0;6;5;5;1;5;5;4;4;6;4;3;2;4;4;4;4;2;4;4;4;2;4;4;2;2;4;4;4;4;4;4;4;5;4;4;3;4;4;3;3;3;4;4;4;2;2;2;2;2;2;2;1;1;1;3;1;1;1;6;3;2;539.89155789
1647;2024Q2;ES709A1;ES709;1;1;66;1;1;1;6;10;-1;-1;-1;1;-1;2;5;-1;-1;-1;-1;-1;-1;1;0;0;0;0;0;1;1;0;0;1;0;0;0;0;0;1;2;3;3;5;4;3;2;6;3;4;3;4;4;3;2;4;4;2;2;2;2;2;2;4;2;2;4;4;4;4;2;4;4;4;2;2;4;4;3;3;4;2;4;3;4;3;4;2;4;3;3;1;5;4;1;6;1;6;1;1;428.55623956
1648;2024Q2;ES709A1;ES709;1;1;47;1;1;1;10;5;-1;-1;2;1;-1;-1;-1;-1;-1;-1;-1;-1;-1;2;0;1;1;0;2;0;4;1;1;0;0;0;1;0;0;9;7;5;1;5;5;4;5;6;5;5;5;5;5;3;1;5;1;2;2;4;2;1;4;5;4;3;3;4;4;4;4;3;2;2;3;3;5;4;3;4;5;3;4;4;3;2;2;4;4;4;1;1;4;1;1;6;5;1;3;3;1268.3050795
1649;2024Q2;ES709A1;ES709;1;1;40;1;1;1;10;1;6;1;2;1;-1;-1;-1;-1;-1;-1;-1;-1;-1;2;2;0;0;2;0;0;4;1;1;0;0;0;0;0;0;2;7;4;1;5;5;4;2;6;4;3;3;4;4;2;4;2;2;2;3;2;2;3;2;4;2;1;2;2;2;2;3;3;5;3;1;1;5;3;3;3;2;3;3;3;3;-3;-3;-3;-3;2;1;1;3;2;1;6;1;1;4;2;890.20292061
1650;2024Q2;ES709A1;ES709;6;2;48;1;1;1;9;2;6;2;2;1;-1;-1;-1;-1;-1;-1;-1;-1;-1;1;0;0;0;0;1;0;1;1;0;0;0;0;0;0;0;1;4;6;2;3;4;2;2;6;2;2;2;2;2;5;5;2;5;2;5;2;4;4;-9;2;2;1;3;2;2;3;5;5;5;5;2;2;4;3;3;2;4;3;3;-7;4;-7;-7;3;-7;2;1;1;1;4;1;6;5;6;4;1;539.89155789
1651;2024Q2;ES709A1;ES709;6;2;38;1;1;1;7;10;-1;-1;-1;1;-1;1;5;-1;-1;-1;-1;-1;-1;1;0;0;0;1;0;0;1;0;0;0;1;0;0;0;0;1;2;4;5;4;4;4;2;6;3;2;2;2;1;3;5;2;5;3;5;2;4;5;2;1;2;2;2;4;4;4;4;3;5;4;3;2;2;2;3;2;4;4;4;2;3;2;2;1;4;3;3;1;1;4;6;6;1;6;4;1;111.76612264
1652;2024Q2;ES709A1;ES709;6;2;43;1;1;5;10;7;-1;-1;2;1;-1;-1;-1;-1;-1;-1;-1;-1;-1;1;0;0;0;1;0;0;1;0;1;0;0;0;0;0;0;1;3;5;1;4;4;4;4;6;1;4;2;4;2;3;5;4;3;3;4;2;3;2;3;2;4;2;2;2;2;3;5;4;4;5;3;2;2;1;3;2;-3;2;4;-3;-3;3;3;1;1;1;3;3;-1;-1;6;6;5;6;4;1;479.2232761
1653;2024Q2;ES709A1;ES709;6;2;50;1;1;1;10;2;6;2;3;1;-1;-1;-1;-1;-1;-1;-1;-1;-1;1;0;1;0;0;1;0;2;1;0;0;0;0;0;0;0;6;5;5;3;5;5;3;5;1;2;3;3;4;3;4;4;3;3;4;5;2;2;4;2;4;2;2;3;3;2;5;4;4;4;4;2;1;3;4;2;2;3;5;1;-3;3;3;1;3;3;3;1;1;5;2;6;6;1;6;4;1;539.89155789
1654;2024Q2;ES709A1;ES709;6;2;53;1;1;1;10;3;1;2;1;-9;-1;-1;-1;-1;-1;-1;-1;-1;-1;2;0;0;0;0;2;0;2;2;0;0;0;0;0;0;0;4;-9;-9;-1;4;4;3;1;6;3;2;1;3;2;5;5;2;5;2;4;2;5;3;3;2;3;2;3;3;2;2;5;5;4;5;2;2;-3;1;4;1;4;2;1;-3;2;1;1;1;1;2;2;-9;-1;-1;6;6;1;6;4;1;1079.7831158
1655;2024Q2;ES709A1;ES709;6;2;32;1;1;1;9;2;6;2;2;1;-1;-1;-1;-1;-1;-1;-1;-1;-1;2;1;0;0;2;0;0;3;2;0;0;0;0;0;0;0;2;6;4;2;4;5;3;3;1;3;4;4;4;4;4;4;4;5;4;5;4;5;4;4;4;4;4;4;4;4;4;4;4;4;4;2;2;4;3;4;3;4;3;3;3;4;4;4;3;3;4;1;1;1;3;6;6;4;6;4;1;648.82251447
1656;2024Q2;ES709A1;ES709;1;1;48;2;1;5;8;1;1;2;6;1;-1;-1;-1;-1;-1;-1;-1;-1;-1;2;0;2;0;0;2;0;4;2;0;0;0;0;0;0;0;2;6;3;5;4;3;3;3;6;4;4;3;4;4;3;4;4;4;3;3;3;4;3;4;4;4;4;4;4;4;4;4;2;4;4;2;4;3;3;4;3;3;3;3;2;3;3;-7;-7;-7;3;2;1;1;2;1;6;5;6;4;1;1268.3050795
1657;2024Q2;ES709A1;ES709;6;2;32;3;1;4;6;10;-1;-1;-1;6;-1;-1;-1;35;2;8;-1;-1;-1;2;0;0;0;2;0;0;2;0;1;0;1;0;0;0;0;4;2;2;-1;5;4;4;3;6;5;5;4;5;4;4;5;5;4;3;5;2;4;3;4;3;4;2;2;4;4;5;4;5;5;4;1;1;3;1;3;1;4;4;5;4;4;4;4;3;3;2;3;1;3;3;6;6;4;6;5;1;223.53224529
1658;2024Q2;ES709A1;ES709;6;2;26;1;1;1;10;10;-1;-1;-1;6;-1;-1;-1;70;5;-1;-1;1;4;4;0;0;1;1;1;1;4;0;0;1;1;1;1;0;0;2;4;2;3;4;4;3;1;6;4;3;2;4;2;-9;5;3;4;2;4;3;4;3;3;3;2;3;4;4;4;4;4;4;4;4;3;2;5;3;3;2;4;3;-3;3;-3;-3;-3;1;3;3;2;2;-1;-1;6;6;1;6;4;1;447.06449058
1659;2024Q2;ES709A1;ES709;6;2;25;1;1;1;9;2;1;2;2;6;-1;-1;-1;80;5;-1;-1;2;5;3;0;0;0;1;0;2;3;1;0;0;0;2;0;0;0;8;5;3;3;5;5;5;1;6;5;4;3;5;4;4;5;4;5;2;5;4;5;3;4;3;5;2;3;3;4;4;5;5;5;5;2;2;5;4;5;4;5;4;3;4;3;3;4;1;3;2;2;1;5;3;1;6;1;6;5;1;973.23377171
1660;2024Q2;ES709A1;ES709;1;1;51;1;1;1;10;2;1;2;2;1;-1;-1;-1;-1;-1;-1;-1;-1;-1;2;0;2;0;0;2;0;4;1;1;0;0;0;0;0;0;2;7;4;1;4;4;2;2;6;2;2;2;2;2;4;4;2;4;2;4;2;3;4;2;2;2;2;2;2;2;2;3;4;4;4;2;2;5;3;2;2;3;3;3;2;3;3;3;2;2;1;1;1;3;2;1;6;5;6;4;1;1268.3050795
1661;2024Q2;ES709A1;ES709;1;1;49;3;1;5;6;1;1;1;7;1;-1;-1;-1;-1;-1;-1;-1;-1;-1;4;0;1;0;2;2;0;5;2;0;0;2;0;0;0;0;2;3;2;5;4;4;3;3;6;4;5;4;4;4;4;4;4;4;4;4;4;4;4;4;4;4;4;4;4;4;4;4;4;4;4;4;4;4;4;4;4;4;4;3;4;4;4;3;4;4;4;3;2;-1;-1;6;6;5;6;1;1;2536.610159
1662;2024Q2;ES709A1;ES709;1;1;64;1;1;1;6;10;-1;-1;-1;1;-1;1;8;-1;-1;-1;-1;-1;-1;1;0;0;0;0;1;0;1;0;0;1;0;0;0;0;0;1;1;2;5;4;4;4;2;6;4;3;2;4;3;4;4;3;5;4;4;2;3;4;2;2;4;1;2;4;3;4;4;5;5;5;1;1;4;4;3;3;4;3;2;2;2;1;3;1;3;1;3;1;3;1;1;6;1;6;1;1;146.52726402
1663;2024Q2;ES709A1;ES709;6;2;66;1;1;1;6;12;-1;-1;-1;1;-1;1;4;-1;-1;-1;-1;-1;-1;1;0;0;0;0;0;1;1;0;0;0;0;1;0;0;0;1;2;4;3;4;4;4;4;6;4;4;3;4;4;-9;3;4;3;4;3;4;3;3;4;4;4;3;4;4;4;4;3;3;3;3;3;4;4;4;4;4;4;4;4;3;3;2;2;2;3;2;2;2;-1;-1;6;6;1;6;1;1;2237.9050483
1664;2024Q2;ES709A1;ES709;6;2;22;3;1;3;6;11;-1;-1;-1;6;-1;-1;-1;62;1;5;-1;-1;-1;2;0;0;1;0;1;0;2;1;0;0;1;0;0;0;0;6;2;2;5;4;3;2;1;6;4;4;4;4;4;2;4;4;4;4;4;4;4;4;4;4;4;4;4;3;4;4;4;1;2;2;4;4;4;4;4;3;3;4;4;4;4;3;4;4;3;3;3;3;-1;-1;6;6;3;6;3;1;223.53224529
1665;2024Q2;ES709A1;ES709;6;2;50;1;1;1;5;10;-1;-1;-1;1;-1;1;9;-1;-1;-1;-1;-1;-1;1;0;1;0;0;1;0;2;0;0;1;0;0;0;0;0;6;2;2;6;4;4;4;2;6;5;5;4;4;5;4;5;4;1;5;4;4;5;4;4;4;5;4;4;4;4;5;4;2;2;2;2;4;4;4;4;5;5;5;5;5;5;4;4;4;4;5;2;3;-1;-1;6;6;1;6;1;1;111.76612264
1666;2024Q2;ES709A1;ES709;6;2;62;1;1;1;5;10;-1;-1;-1;1;-1;1;6;-1;-1;-1;-1;-1;-1;2;0;0;0;0;2;0;2;1;0;0;1;0;0;0;0;4;2;2;5;3;2;3;2;6;4;4;5;4;4;4;4;4;2;2;4;4;4;4;4;4;4;2;2;2;2;2;2;4;4;2;-9;4;4;4;4;4;4;4;4;4;5;4;4;3;4;4;2;1;4;4;1;6;5;6;1;2;223.53224529
1667;2024Q2;ES709A1;ES709;6;2;47;1;1;1;7;10;-1;-1;-1;1;-1;1;4;-1;-1;-1;-1;-1;-1;1;0;0;0;0;1;0;1;0;0;1;0;0;0;0;0;1;1;2;3;4;3;2;2;6;4;4;4;4;4;4;4;3;4;4;4;4;3;3;4;4;4;4;4;4;4;4;3;2;3;2;3;3;4;4;4;4;4;3;4;4;3;4;4;4;4;4;2;3;-1;-1;6;6;1;6;4;2;111.76612264
1668;2024Q2;ES709A1;ES709;6;2;26;1;1;1;5;10;-1;-1;-1;6;-1;-1;-1;27;1;9;-1;-1;-1;2;1;0;0;2;0;0;3;1;0;0;1;0;0;0;0;2;3;2;6;4;4;4;3;1;4;4;-9;4;4;2;4;4;4;4;2;4;2;2;4;4;4;4;4;4;4;4;2;2;4;4;3;4;4;4;4;4;4;4;4;4;4;4;4;4;4;4;2;2;-1;-1;6;6;1;6;1;3;223.53224529
1669;2024Q2;ES709A1;ES709;1;1;49;1;1;1;3;2;6;2;8;1;-1;-1;-1;-1;-1;-1;-1;-1;-1;3;0;0;1;0;2;0;3;2;0;1;0;0;0;0;0;2;4;3;5;3;3;2;2;6;1;1;1;2;2;4;5;2;5;2;2;2;4;2;4;2;3;4;4;2;4;2;4;4;5;5;2;4;4;2;1;1;1;3;1;3;1;1;1;3;1;1;2;2;-1;-1;6;6;1;6;1;2;1902.4576193
1670;2024Q2;ES709A1;ES709;6;2;70;1;1;1;2;12;-1;-1;-1;1;-1;2;9;-1;-1;-1;-1;-1;-1;1;0;0;0;0;0;1;1;0;0;0;0;1;0;0;0;1;2;3;6;4;4;3;-9;6;4;4;4;4;4;4;4;4;4;2;4;2;-9;-9;2;4;4;4;4;4;4;4;2;2;2;2;-9;4;2;-3;-3;-3;4;4;2;2;2;2;-3;2;2;-3;2;2;-1;-1;6;1;1;6;-3;1;2237.9050483
1671;2024Q2;ES709A1;ES709;6;2;40;1;1;1;7;1;6;2;5;6;-1;-1;-1;73;5;-1;-1;1;9;3;0;0;0;1;0;2;3;1;0;0;0;1;0;1;0;2;6;4;6;5;5;4;3;6;4;5;5;4;4;5;5;4;5;1;5;4;5;4;-9;5;5;4;4;4;4;4;4;3;3;3;4;4;4;4;4;3;4;4;3;-3;4;4;4;1;4;4;1;3;-1;-1;6;6;1;6;-3;1;1437.6698283
1672;2024Q2;ES709A1;ES709;6;2;65;3;1;5;10;15;-1;-1;-1;1;1;1;4;-1;-1;-1;-1;-1;-1;1;0;0;0;0;0;1;1;0;0;0;0;1;0;0;0;1;2;3;3;3;3;2;2;6;1;1;4;4;4;4;4;4;4;2;2;4;4;2;4;4;4;4;4;4;4;4;2;2;4;4;4;4;4;4;4;4;4;4;4;4;4;3;3;2;3;4;3;3;-1;-1;6;6;5;6;1;1;2237.9050483
1673;2024Q2;ES709A1;ES709;1;1;36;1;1;1;4;2;6;2;9;1;-1;-1;-1;-1;-1;-1;-1;-1;-1;2;0;1;0;2;0;0;3;2;0;0;0;0;0;0;0;2;5;4;6;4;3;3;2;6;4;4;3;3;3;4;3;4;3;4;4;2;4;2;4;4;4;4;2;2;4;4;3;2;3;4;4;3;4;4;3;3;4;4;4;-3;4;3;4;3;4;-3;3;2;-1;-1;6;6;5;6;-3;1;890.20292061
1674;2024Q2;ES709A1;ES709;6;2;54;1;1;1;7;10;-1;-1;-1;1;-1;1;4;-1;-1;-1;-1;-1;-1;1;0;1;0;0;1;0;2;0;0;1;0;0;0;0;0;6;1;1;3;5;5;4;5;6;4;4;5;4;4;4;4;4;5;4;4;4;2;4;2;4;5;5;5;5;4;5;2;4;4;4;4;4;4;4;4;4;5;4;4;-3;5;4;4;4;4;5;2;2;-1;-1;6;6;5;6;-3;3;111.76612264
1675;2024Q2;ES709A1;ES709;6;2;33;1;1;1;5;10;-1;-1;-1;1;-1;1;9;-1;-1;-1;-1;-1;-1;2;0;1;0;2;0;0;3;0;0;1;1;0;0;0;0;8;2;1;6;4;4;4;3;6;4;4;4;4;4;4;4;2;4;4;4;4;4;4;4;4;4;4;2;4;4;4;4;5;4;5;4;2;3;3;4;1;1;4;1;4;4;4;4;1;4;4;1;1;3;4;1;6;1;6;1;1;223.53224529
1676;2024Q2;ES709A1;ES709;6;2;28;1;1;1;5;10;-1;-1;-1;6;-1;-1;-1;56;7;-1;1;1;5;5;0;0;0;3;2;0;5;1;0;0;2;1;0;1;0;2;2;1;5;4;3;3;2;6;4;4;4;4;4;4;4;3;4;4;4;3;4;4;3;4;4;4;3;4;3;4;4;1;2;3;4;4;5;3;3;5;3;5;5;5;5;5;5;5;3;3;1;2;-1;-1;1;6;1;6;4;1;558.83061322
1677;2024Q2;ES709A1;ES709;1;1;47;1;1;1;5;15;-1;-1;-1;1;1;1;3;-1;-1;-1;-1;-1;-1;1;0;0;0;0;1;0;1;0;0;0;0;1;0;0;0;1;1;2;3;4;4;4;3;6;2;3;4;3;3;3;4;3;3;2;3;4;4;2;2;4;4;2;3;2;4;3;3;5;4;4;2;3;4;3;3;3;-3;3;4;2;4;-3;-3;-3;-3;2;3;1;3;2;1;6;1;6;4;-9;2819.1816591
1678;2024Q2;ES709A1;ES709;1;1;56;1;1;1;6;1;6;1;5;1;-1;-1;-1;-1;-1;-1;-1;-1;-1;2;0;0;0;0;2;0;2;1;0;0;0;1;0;0;0;8;3;3;5;3;3;1;4;6;4;4;3;4;4;4;4;2;3;3;3;4;4;2;3;4;4;3;2;4;4;4;3;2;2;2;2;3;3;3;4;3;4;3;3;3;4;3;4;2;3;4;2;3;-1;-1;6;6;1;6;1;1;1178.2623627
1679;2024Q2;ES709A1;ES709;1;1;46;3;1;5;6;10;-1;-1;-1;6;-1;-1;-1;51;1;5;-1;-1;-1;5;0;0;0;1;3;1;5;2;0;0;2;1;0;0;0;8;6;3;5;5;4;3;3;6;5;5;4;5;5;4;5;5;4;4;4;4;2;4;5;5;5;5;5;5;5;5;2;2;2;2;5;5;4;4;4;4;5;4;5;5;4;4;4;4;4;4;2;3;-1;-1;6;6;5;6;3;3;957.7431121
1680;2024Q2;ES709A1;ES709;1;1;56;1;1;1;5;10;-1;-1;-1;1;-1;1;8;-1;-1;-1;-1;-1;-1;1;0;0;0;0;1;0;1;0;0;1;0;0;0;0;0;1;1;2;5;5;5;2;1;6;4;4;4;4;4;4;4;2;4;4;4;4;4;2;4;2;4;4;4;4;5;4;4;4;4;5;2;4;3;4;4;3;3;3;4;3;3;2;3;1;3;3;3;2;-1;-1;1;6;1;6;1;1;146.52726402
1681;2024Q2;ES709A1;ES709;1;1;47;1;1;1;5;10;-1;-1;-1;1;-1;1;9;-1;-1;-1;-1;-1;-1;1;0;0;0;0;1;0;1;0;0;1;0;0;0;0;0;1;2;3;6;1;1;1;1;6;2;2;2;2;2;2;2;2;2;2;2;2;2;2;2;2;2;2;2;2;2;2;2;2;4;2;2;4;3;3;3;3;3;3;4;3;3;3;3;3;3;3;2;3;-1;-1;6;1;5;6;1;1;191.54862242
1682;2024Q2;ES709A1;ES709;6;2;38;1;1;1;7;2;6;2;5;1;-1;-1;-1;-1;-1;-1;-1;-1;-1;1;0;1;0;1;0;0;2;1;0;0;0;0;0;0;0;6;3;3;5;3;3;2;1;6;4;2;2;4;2;5;5;2;5;1;5;1;4;2;3;2;2;3;2;2;4;4;3;4;5;5;4;3;1;2;3;1;3;3;3;-3;4;3;3;1;3;2;1;2;-1;-1;1;6;1;6;1;1;479.2232761
1683;2024Q2;ES709A1;ES709;1;-9;47;1;1;1;9;1;1;2;-9;-9;-1;-1;-1;-1;-1;-1;-1;-1;-1;2;0;0;0;1;1;0;2;2;0;0;0;0;0;0;0;4;-9;-9;-1;5;5;3;5;1;5;5;5;5;5;1;1;5;1;5;2;5;4;1;5;5;5;3;5;4;3;3;3;1;2;1;5;5;3;3;3;3;4;4;4;1;1;5;5;5;5;1;1;3;-1;-1;6;6;1;-9;3;3;1268.3050795
1684;2024Q2;ES709A1;ES709;6;2;62;1;1;1;6;2;6;2;4;6;-1;-1;-1;66;5;-1;-1;1;3;3;0;0;1;0;1;1;3;1;0;0;0;1;1;0;0;2;6;5;3;5;5;3;3;6;4;4;3;4;4;3;5;4;4;4;4;4;3;3;4;4;4;2;4;3;4;4;4;2;2;2;4;4;4;3;4;4;4;3;3;4;3;4;4;2;4;4;1;1;4;1;6;6;5;6;3;1;2150.9093949
1685;2024Q2;ES709A1;ES709;1;1;44;2;1;5;10;2;6;2;2;6;-1;-1;-1;80;5;-1;-1;1;3;3;0;0;0;1;0;2;3;1;0;0;0;2;0;0;0;2;7;6;2;5;5;2;2;6;5;5;3;5;5;4;3;5;5;4;2;4;2;2;4;4;4;4;5;5;5;5;4;2;2;2;4;5;3;3;3;3;3;3;3;3;2;3;3;2;3;2;1;1;3;4;6;1;5;6;2;1;1335.3043809
1686;2024Q2;ES709A1;ES709;1;1;70;3;1;4;5;10;-1;-1;-1;1;-1;1;5;-1;-1;-1;-1;-1;-1;2;0;0;0;0;1;1;2;0;0;2;0;0;0;0;0;4;2;2;5;3;3;3;3;6;4;4;4;4;4;2;4;4;4;4;4;4;4;4;4;4;4;4;4;4;4;4;4;4;4;4;2;2;4;4;4;3;4;4;4;4;4;4;4;4;4;4;2;2;-1;-1;1;6;4;6;4;1;857.11247911
1687;2024Q2;ES709A1;ES709;6;2;76;1;1;5;11;12;-1;-1;-1;1;-1;1;2;-1;-1;-1;-1;-1;-1;1;0;0;0;0;0;1;1;0;0;0;0;1;0;0;0;1;6;6;1;4;4;3;1;6;4;3;3;3;4;3;3;4;4;3;3;3;4;3;3;4;3;3;4;4;4;3;3;3;4;3;3;3;4;4;3;3;4;4;4;3;4;3;3;2;3;4;3;2;-1;-1;6;6;5;6;1;1;2237.9050483
1688;2024Q2;ES709A1;ES709;6;2;49;3;1;5;6;1;6;1;9;6;-1;-1;-1;56;2;7;-1;-1;-1;2;0;1;1;0;2;0;4;1;1;0;0;0;1;0;0;2;4;2;4;4;4;3;3;6;4;5;4;4;4;4;4;4;4;4;4;4;4;4;4;4;4;4;4;4;4;4;4;2;4;4;4;4;4;2;4;4;3;4;4;-3;4;4;4;2;5;5;1;1;4;4;1;6;5;6;1;1;1079.7831158
1689;2024Q2;ES709A1;ES709;6;2;37;3;1;5;5;10;-1;-1;-1;1;-1;1;4;-1;-1;-1;-1;-1;-1;1;0;2;0;1;0;0;3;0;0;1;0;0;0;0;0;6;2;2;3;4;4;4;4;6;2;4;4;2;3;3;4;4;4;4;4;4;5;4;2;5;5;4;4;4;4;4;2;2;2;2;2;2;3;3;2;3;2;3;3;3;2;2;2;1;1;1;3;1;5;3;1;6;4;6;4;3;111.76612264
1690;2024Q2;ES709A1;ES709;6;2;41;2;1;5;7;2;6;2;5;1;-1;-1;-1;-1;-1;-1;-1;-1;-1;2;0;2;0;2;0;0;4;1;1;0;0;0;0;0;0;2;6;3;5;4;4;3;2;6;5;5;4;5;5;2;2;5;2;3;2;3;5;2;4;3;3;3;3;3;4;4;2;3;4;4;3;2;3;3;3;2;3;3;2;3;2;2;2;2;3;2;2;3;-1;-1;6;6;5;1;3;3;958.4465522
1691;2024Q2;ES709A1;ES709;6;2;58;3;2;5;10;1;1;1;5;6;-1;-1;-1;80;5;-1;-1;-9;-1;2;0;0;0;0;1;1;2;1;0;0;0;1;0;0;0;8;3;3;-1;3;3;3;1;6;4;4;4;4;4;4;2;4;4;4;2;4;2;2;4;4;4;4;4;4;4;4;2;2;2;2;4;4;4;4;4;4;4;4;4;3;4;4;4;3;4;3;2;2;-1;-1;6;6;5;6;4;3;2768.8887334
1692;2024Q2;ES709A1;ES709;6;2;51;1;1;1;10;13;-1;-1;-1;6;-1;-1;-1;51;1;3;-1;-1;-1;2;0;0;2;0;2;0;4;1;0;0;0;0;3;0;0;2;7;6;2;5;4;3;5;1;4;5;4;5;5;4;4;5;4;5;4;4;5;3;5;5;4;2;5;4;5;5;5;5;5;5;3;2;5;5;3;3;4;5;3;1;3;3;3;3;2;3;1;1;3;1;6;6;1;6;3;3;3311.1221944
1693;2024Q2;ES709A1;ES709;1;1;51;2;1;5;5;1;6;1;7;1;-1;-1;-1;-1;-1;-1;-1;-1;-1;1;0;0;0;0;1;0;1;1;0;0;0;0;0;0;0;1;3;5;4;5;4;2;-9;6;3;3;2;4;4;4;5;2;5;2;4;3;4;2;4;2;4;4;3;3;3;4;5;5;5;5;3;2;5;3;3;1;4;3;2;2;-7;-7;-7;2;3;1;2;1;5;1;1;6;5;6;-3;1;634.15253976
1694;2024Q2;ES709A1;ES709;6;2;55;1;1;1;5;1;6;2;9;1;-1;-1;-1;-1;-1;-1;-1;-1;-1;1;0;1;0;0;1;0;2;1;0;0;0;0;0;0;0;6;2;2;6;4;4;3;1;6;4;4;4;4;4;4;5;4;5;2;5;2;5;5;3;1;1;1;1;-9;4;4;5;5;5;5;1;1;1;1;3;1;1;1;1;-3;-3;-3;-3;-3;-3;-3;3;1;1;4;6;6;1;6;1;3;716.9697983
1695;2024Q2;ES709A1;ES709;1;1;21;1;1;5;6;13;-1;-1;-1;6;-1;-1;-1;53;1;2;-1;-1;-1;4;0;1;2;0;2;0;5;2;0;0;0;0;2;0;0;2;7;5;1;5;2;3;2;6;4;2;2;4;2;3;4;2;4;2;5;3;2;4;4;3;4;4;3;4;4;4;4;3;4;5;3;3;4;3;4;3;4;4;4;4;4;3;2;2;2;1;2;1;4;2;1;6;5;6;3;1;10254.517831
1696;2024Q2;ES709A1;ES709;6;2;56;3;1;4;8;1;1;2;2;1;-1;-1;-1;-1;-1;-1;-1;-1;-1;4;1;0;0;2;2;0;5;3;0;1;0;0;0;0;0;3;6;3;2;3;3;2;1;6;4;5;4;4;4;4;5;4;5;2;4;4;5;5;4;4;5;4;4;5;5;5;5;5;5;5;1;1;3;3;3;3;4;4;5;4;4;2;2;2;2;2;1;1;1;4;1;6;4;6;-3;1;2867.8791932
1697;2024Q2;ES709A1;ES709;1;1;53;1;1;1;11;2;6;2;2;1;-1;-1;-1;-1;-1;-1;-1;-1;-1;2;0;2;0;0;2;0;4;1;0;0;1;0;0;0;0;2;-9;-9;1;5;5;5;-9;6;5;5;5;5;5;3;3;5;3;5;3;3;1;1;3;5;3;5;5;5;5;5;1;1;1;1;4;3;1;1;1;1;1;1;1;1;1;1;1;1;1;1;2;1;5;3;1;1;1;6;-3;1;1268.3050795
1698;2024Q2;ES709A1;ES709;1;1;68;1;1;1;10;12;-1;-1;-1;1;-1;1;1;-1;-1;-1;-1;-1;-1;2;0;0;0;0;0;2;2;0;0;0;0;2;0;0;0;4;5;5;1;5;5;5;-9;6;5;5;4;4;4;2;2;4;2;4;2;4;2;2;4;4;4;4;4;4;4;4;2;2;2;2;4;4;4;4;4;4;4;4;4;4;4;4;4;4;4;4;2;3;-1;-1;6;6;5;1;-3;3;6112.3785525
1699;2024Q2;ES709A1;ES709;6;2;30;1;1;1;9;1;1;2;2;6;-1;-1;-1;62;2;2;-1;-1;-1;3;0;0;0;2;1;0;3;1;1;0;1;0;0;0;0;6;6;4;1;4;4;4;3;6;4;4;4;4;4;2;5;4;2;4;3;4;3;4;2;4;4;4;4;4;4;4;5;5;4;4;3;2;2;2;3;2;4;4;3;2;4;3;3;4;3;3;1;1;3;4;1;6;1;6;3;3;973.23377171
1700;2024Q2;ES709A1;ES709;1;1;21;1;1;1;5;10;-1;-1;-1;1;-1;1;5;-1;-1;-1;-1;-1;-1;3;0;1;1;1;2;0;5;1;0;0;3;0;0;0;0;2;4;2;5;3;4;2;2;6;5;5;4;3;2;2;4;4;1;2;3;3;4;3;2;2;4;4;4;4;4;3;3;3;4;4;1;4;3;3;2;4;3;3;3;3;2;2;3;2;3;3;2;1;5;2;6;6;1;6;1;1;335.29836793
1701;2024Q2;ES709A1;ES709;1;1;35;1;1;1;7;1;6;2;5;1;-1;-1;-1;-1;-1;-1;-1;-1;-1;2;0;2;0;2;0;0;4;1;0;1;0;0;0;0;0;2;3;2;5;4;4;3;1;6;2;5;5;4;4;5;5;4;4;2;4;3;3;3;4;4;4;3;3;4;4;4;5;4;5;4;3;3;3;4;3;3;4;4;4;3;3;3;1;1;3;3;2;2;-1;-1;6;6;1;6;-3;1;890.20292061
1702;2024Q2;ES709A1;ES709;6;2;64;1;1;1;4;1;6;1;9;1;-1;-1;-1;-1;-1;-1;-1;-1;-1;2;0;0;1;0;1;0;2;1;0;0;0;0;1;0;0;8;2;2;6;4;3;3;2;6;4;5;4;5;5;3;5;4;3;2;4;3;3;3;4;2;3;1;1;3;4;4;4;5;1;1;1;1;3;2;3;2;4;2;2;3;3;2;2;2;3;3;2;1;2;4;1;6;4;6;-3;1;1433.9395966
1703;2024Q2;ES709A1;ES709;6;2;35;1;1;1;7;11;-1;-1;-1;6;-1;-1;-1;41;3;-1;-1;1;9;2;0;0;0;2;0;0;2;0;0;0;2;0;0;0;0;8;1;1;6;4;4;2;2;6;2;2;3;4;2;3;4;2;4;2;5;4;3;4;2;4;2;3;4;2;2;2;2;5;3;4;2;2;3;3;3;3;3;3;3;3;4;4;3;2;3;3;3;1;1;3;1;6;1;6;3;1;223.53224529
1704;2024Q2;ES709A1;ES709;1;1;54;1;1;1;6;1;6;2;5;1;-1;-1;-1;-1;-1;-1;-1;-1;-1;3;0;0;2;0;2;0;4;1;1;0;0;0;2;0;0;2;4;2;5;4;4;4;3;6;4;4;2;4;4;4;4;4;2;4;2;4;2;2;4;4;4;4;3;2;4;4;2;3;2;3;4;4;3;4;4;4;4;3;3;3;2;3;4;3;4;3;2;1;3;2;6;6;1;6;4;1;1902.4576193
1705;2024Q2;ES709A1;ES709;6;2;50;3;3;5;5;10;-1;-1;-1;6;-1;-1;-1;46;1;6;-1;-1;-1;3;0;0;0;1;2;0;3;1;0;1;1;0;0;0;0;2;3;2;5;4;4;3;3;6;3;3;3;4;4;4;4;4;4;4;4;4;4;4;4;4;4;4;2;4;4;4;2;2;2;4;2;2;4;5;5;5;5;5;5;5;5;5;5;4;4;5;2;2;-1;-1;6;6;5;6;1;2;431.81024467
1706;2024Q2;ES709A1;ES709;1;1;49;3;1;5;10;7;-1;-1;7;1;-1;-1;-1;-1;-1;-1;-1;-1;-1;2;0;1;0;1;1;0;3;1;1;0;0;0;0;0;0;2;4;3;4;4;4;4;1;6;5;4;4;4;4;2;4;3;2;4;3;4;2;2;4;4;4;4;4;4;4;4;2;2;3;3;3;4;4;3;4;4;4;5;5;3;4;-3;-3;-3;3;4;2;2;-1;-1;1;6;5;6;1;-9;1268.3050795
1707;2024Q2;ES709A1;ES709;6;2;35;1;1;1;10;1;1;1;4;1;-1;-1;-1;-1;-1;-1;-1;-1;-1;1;0;0;0;1;0;0;1;1;0;0;0;0;0;0;0;1;2;4;3;4;4;2;3;6;4;4;4;4;4;2;4;4;4;2;2;4;2;2;4;4;4;2;2;4;4;4;4;4;4;4;2;2;4;5;4;3;4;3;3;3;4;4;4;3;3;4;2;1;3;3;1;6;1;6;1;1;479.2232761
1708;2024Q2;ES709A1;ES709;6;2;70;2;1;5;10;12;-1;-1;-1;-9;-1;-1;-1;-1;-1;-1;-1;-1;-1;2;0;0;0;0;0;2;2;0;0;0;0;2;0;0;0;9;7;6;-1;5;5;4;1;6;2;2;2;2;2;5;5;2;5;2;2;2;3;2;3;2;2;2;2;4;4;4;4;5;4;5;1;1;3;3;3;1;2;3;4;2;3;4;2;2;2;2;1;1;3;1;1;6;5;6;3;1;4475.8100967
1709;2024Q2;ES709A1;ES709;1;1;27;3;1;5;9;1;6;2;5;6;-1;-1;-1;48;1;4;-1;-1;-1;3;0;0;1;1;2;0;4;2;0;0;0;1;1;0;0;2;7;4;3;5;5;4;4;1;5;5;4;5;5;3;4;4;4;4;2;4;2;3;4;5;5;5;5;5;5;5;5;2;2;2;5;4;5;4;5;3;4;4;3;4;4;3;4;3;4;3;2;3;-1;-1;1;6;5;6;4;1;1135.8010154
1710;2024Q2;ES709A1;ES709;1;1;29;3;1;5;5;10;-1;-1;-1;6;-1;-1;-1;53;1;-9;-1;-1;-1;4;2;2;1;2;1;0;8;2;0;0;1;0;0;1;0;8;5;2;-1;5;3;3;1;6;3;4;3;3;4;4;2;2;2;4;2;4;4;2;4;4;4;4;4;3;4;4;4;4;2;2;4;4;4;3;3;4;4;4;4;3;3;3;3;3;3;3;2;3;-1;-1;6;6;5;6;1;2;447.06449058
1711;2024Q2;ES709A1;ES709;6;2;49;1;1;1;9;2;6;2;2;1;-1;-1;-1;-1;-1;-1;-1;-1;-1;1;0;0;0;0;1;0;1;1;0;0;0;0;0;0;0;1;2;3;2;5;5;4;1;6;2;1;1;2;2;5;5;4;5;1;5;1;3;5;4;1;1;1;2;2;4;1;5;5;5;5;1;1;2;4;2;1;3;1;1;1;3;1;1;1;1;1;1;1;1;3;1;6;5;6;5;1;539.89155789
1712;2024Q2;ES709A1;ES709;6;2;49;3;2;4;8;1;6;1;5;1;-1;-1;-1;-1;-1;-1;-1;-1;-1;1;0;0;1;0;1;0;2;1;0;0;0;0;1;0;0;6;3;3;5;5;5;3;2;6;5;4;4;4;4;4;4;4;3;3;4;4;4;4;4;3;3;3;4;4;4;4;4;4;4;4;4;3;3;3;3;4;4;4;4;4;4;4;4;1;4;4;1;2;-1;-1;1;6;4;6;-3;1;1207.3661263
1713;2024Q2;ES709A1;ES709;6;3;33;3;2;4;9;10;-1;-1;-1;6;-1;-1;-1;63;5;-1;-1;-9;-1;3;0;0;0;2;1;0;3;0;1;0;1;1;0;0;0;5;3;2;-1;1;1;1;1;1;1;1;2;1;1;5;5;1;5;2;4;2;4;4;2;2;4;2;2;3;2;4;5;5;4;5;2;2;5;3;3;3;2;4;4;3;-3;-3;-3;1;3;3;1;1;5;3;1;6;4;6;4;1;335.29836793
1714;2024Q2;ES709A1;ES709;6;2;57;1;1;1;6;1;6;1;3;1;-1;-1;-1;-1;-1;-1;-1;-1;-1;1;0;0;0;0;1;0;1;1;0;0;0;0;0;0;0;1;3;5;3;5;5;3;2;6;4;3;4;4;1;2;5;2;4;2;5;2;2;2;2;2;2;1;2;2;2;3;5;5;5;4;2;2;3;3;2;1;2;3;2;2;3;2;1;1;2;1;2;3;-1;-1;6;6;5;6;2;1;716.9697983
1715;2024Q2;ES709A1;ES709;1;1;38;3;1;5;10;1;6;2;2;6;-1;-1;-1;39;1;2;-1;-1;-1;2;1;1;0;2;0;0;4;2;0;0;0;0;0;0;0;2;7;4;2;5;4;3;2;6;5;4;4;4;4;3;4;4;3;2;2;4;3;2;4;4;4;3;4;3;4;4;4;4;3;4;3;3;4;4;4;4;4;4;3;3;4;3;4;4;4;4;1;1;5;4;6;6;5;6;3;3;890.20292061
1716;2024Q2;ES709A1;ES709;1;1;47;1;1;1;5;10;-1;-1;-1;6;-1;-1;-1;66;8;-1;1;1;5;2;0;0;0;0;1;1;2;0;0;1;0;1;0;0;0;8;2;2;5;4;4;2;1;6;4;4;4;4;3;4;4;2;2;2;4;2;2;2;2;2;4;2;2;2;4;4;2;2;2;2;3;2;3;4;3;2;3;4;2;3;4;2;1;-3;-3;5;2;3;-1;-1;6;6;1;6;4;2;383.09724484
1717;2024Q2;ES709A1;ES709;1;1;55;3;2;5;10;5;-1;-1;2;1;-1;-1;-1;-1;-1;-1;-1;-1;-1;3;0;0;0;1;2;0;3;1;1;1;0;0;0;0;0;7;2;2;-1;5;5;2;-9;6;5;3;5;5;5;5;4;4;3;4;-9;1;-9;2;5;5;1;4;5;5;5;5;3;3;3;3;4;5;2;3;3;4;5;5;5;4;2;2;1;-3;-3;1;1;1;2;2;1;6;5;6;1;-9;2845.8702006
1718;2024Q2;ES709A1;ES709;6;2;48;1;1;1;8;1;6;2;5;1;-1;-1;-1;-1;-1;-1;-1;-1;-1;2;0;0;0;0;2;0;2;2;0;0;0;0;0;0;0;4;7;6;5;2;2;2;3;6;2;4;2;4;4;2;4;4;4;2;2;2;4;4;4;4;4;4;4;4;4;4;4;4;4;4;4;4;2;2;2;2;2;2;2;2;2;2;2;2;2;2;2;1;1;4;1;1;1;6;3;1;1079.7831158
1719;2024Q2;ES709A1;ES709;6;2;49;1;1;1;10;10;-1;-1;-1;6;-1;-1;-1;73;5;-1;-1;2;5;2;0;0;0;0;1;1;2;0;0;0;1;1;0;0;0;6;2;2;4;4;5;3;1;6;2;2;2;4;2;4;4;2;3;2;3;2;4;2;4;2;2;2;2;4;4;4;4;4;4;2;2;2;2;5;3;1;3;1;1;-3;3;2;2;3;2;2;1;1;3;3;6;6;1;6;3;1;223.53224529
1720;2024Q2;ES709A1;ES709;1;1;52;3;1;5;10;10;-1;-1;-1;1;-1;1;1;-1;-1;-1;-1;-1;-1;1;0;0;0;0;1;0;1;0;0;0;1;0;0;0;0;1;2;4;1;5;5;5;3;1;3;3;3;3;2;4;4;2;4;2;4;4;2;2;3;3;4;2;3;3;2;2;5;5;4;4;2;2;3;3;3;3;3;2;3;2;2;3;3;3;3;3;2;1;5;4;1;6;5;6;5;1;191.54862242
1721;2024Q2;ES709A1;ES709;6;2;59;1;1;1;5;10;-1;-1;-1;1;-1;2;9;-1;-1;-1;-1;-1;-1;1;0;0;0;0;1;0;1;0;0;1;0;0;0;0;0;1;2;3;6;4;4;3;2;6;4;4;3;4;4;4;2;4;2;4;2;4;2;2;3;3;4;4;4;4;4;4;2;2;2;2;3;3;3;3;3;3;3;3;3;3;3;3;3;4;4;4;3;2;-1;-1;6;6;1;6;1;1;111.76612264
1722;2024Q2;ES709A1;ES709;1;1;47;1;1;1;7;1;6;2;7;1;-1;-1;-1;-1;-1;-1;-1;-1;-1;2;0;0;1;0;1;0;2;1;0;0;0;0;1;0;0;6;3;3;4;4;5;4;3;6;4;5;-9;4;2;4;4;4;2;4;2;2;2;2;4;1;2;4;2;2;3;4;2;4;2;3;2;-9;3;3;4;4;3;3;4;-3;-3;-3;3;4;4;4;1;1;2;1;6;6;1;6;1;1;1268.3050795
1723;2024Q2;ES709A1;ES709;6;2;23;1;1;1;8;10;-1;-1;-1;6;-1;-1;-1;65;1;2;-1;-1;-1;2;0;0;1;0;0;1;2;1;0;0;1;0;0;0;0;6;4;4;1;4;4;3;2;6;2;1;2;4;2;5;5;3;5;1;5;2;4;3;2;3;3;1;1;4;3;3;5;5;5;5;2;1;1;3;3;1;3;2;3;-3;4;2;3;1;2;2;2;1;1;4;1;6;5;6;3;1;223.53224529
1724;2024Q2;ES709A1;ES709;6;2;35;1;1;1;8;5;-1;-1;3;1;-1;-1;-1;-1;-1;-1;-1;-1;-1;1;0;0;0;1;0;0;1;0;1;0;0;0;0;0;0;1;4;6;3;5;5;4;-9;6;4;3;3;4;3;3;4;4;3;3;3;3;3;1;4;3;3;3;3;3;4;4;3;5;3;3;3;3;-7;-7;-7;-7;-7;-7;-7;-7;-7;-7;-7;-7;-7;-7;1;2;-1;-1;-9;-9;1;6;4;3;479.2232761
1725;2024Q2;ES709A1;ES709;6;2;70;1;1;1;5;12;-1;-1;-1;1;-1;1;5;-1;-1;-1;-1;-1;-1;1;0;0;0;0;0;1;1;0;0;0;0;1;0;0;0;1;3;5;5;4;3;3;3;6;4;4;4;4;4;3;4;4;4;4;2;2;4;2;2;2;2;4;2;4;4;4;2;2;4;2;2;4;4;4;4;4;4;4;3;-3;3;3;3;2;3;3;2;1;2;1;1;6;1;6;1;2;2237.9050483
1726;2024Q2;ES709A1;ES709;6;2;38;1;1;5;8;1;6;2;-9;6;-1;-1;-1;71;5;-1;-1;-9;-1;3;0;0;0;1;0;2;3;1;0;0;1;1;0;0;0;6;3;2;-1;-9;-9;-9;-9;6;-9;-9;-9;-9;-9;-9;-9;-9;-9;-9;-9;-9;-9;-9;-9;-9;-9;-9;-9;-9;-9;-9;-9;-9;-9;-9;-9;-9;-7;-7;-7;-7;-7;-7;-7;-7;-7;-7;-7;-7;-7;-7;2;-9;-1;-1;6;6;5;-9;-3;-9;1437.6698283
1727;2024Q2;ES709A1;ES709;6;2;23;1;1;1;7;1;6;2;5;1;-1;-1;-1;-1;-1;-1;-1;-1;-1;2;0;0;1;1;0;0;2;2;0;0;0;0;0;0;0;4;3;3;5;4;5;3;3;6;2;2;4;2;2;4;4;2;4;2;4;2;4;4;2;2;2;2;2;4;4;4;4;4;4;4;2;2;2;2;2;1;2;1;1;1;2;2;2;1;2;1;2;1;1;4;1;6;2;6;-3;1;648.82251447
1728;2024Q2;ES709A1;ES709;1;1;48;2;1;5;5;10;-1;-1;-1;6;-1;-1;-1;55;1;9;-1;-1;-1;2;0;2;0;0;2;0;4;1;0;0;1;0;0;0;0;2;3;2;6;4;4;3;2;6;4;4;4;4;4;4;5;2;5;2;5;2;4;4;2;2;2;4;2;4;2;4;4;4;4;4;2;2;4;2;3;3;3;3;2;2;3;2;1;1;2;2;2;3;-1;-1;6;6;5;6;5;1;383.09724484
1729;2024Q2;ES709A1;ES709;1;1;58;3;1;5;6;10;-1;-1;-1;1;-1;2;5;-1;-1;-1;-1;-1;-1;3;0;0;1;1;1;0;3;1;0;0;1;0;0;0;1;5;4;3;4;1;1;1;1;6;4;4;5;4;1;4;4;4;4;4;4;4;4;4;4;4;4;4;4;4;4;4;4;4;4;4;4;4;1;3;3;3;3;3;3;4;3;3;3;3;3;3;2;3;-1;-1;6;6;4;6;2;3;439.58179206
1730;2024Q2;ES709A1;ES709;1;1;40;1;1;1;6;2;1;2;5;1;-1;-1;-1;-1;-1;-1;-1;-1;-1;2;0;1;0;1;0;1;3;1;0;0;0;1;0;0;0;8;5;4;6;5;5;5;2;1;2;2;2;2;2;4;5;2;5;2;5;2;5;5;2;2;2;2;2;2;4;4;4;4;4;4;2;2;2;2;2;2;2;2;2;2;2;2;2;2;2;2;1;1;2;3;1;6;5;1;4;1;890.20292061
1731;2024Q2;ES709A1;ES709;1;1;39;1;1;1;8;10;-1;-1;-1;6;-1;-1;-1;71;5;-1;-1;2;5;3;0;0;0;2;0;1;3;1;0;1;0;1;0;0;0;8;3;2;3;4;4;3;2;6;3;2;4;4;4;5;5;4;5;3;5;3;5;4;3;4;4;4;3;4;3;3;4;5;5;5;3;4;4;4;4;4;4;4;2;4;4;2;2;2;2;4;2;2;-1;-1;6;6;1;6;-3;1;335.29836793
1732;2024Q2;ES709A1;ES709;1;1;33;1;1;1;7;2;1;1;3;1;-1;-1;-1;-1;-1;-1;-1;-1;-1;3;0;0;0;1;1;1;3;1;0;0;0;1;0;1;0;8;5;4;3;4;4;2;1;6;2;2;4;2;2;4;4;2;4;2;4;2;4;4;4;2;2;4;4;4;4;2;4;4;4;4;4;2;4;2;2;2;2;1;2;2;2;2;2;1;2;2;2;3;-1;-1;6;6;1;6;1;1;1135.8010154
1733;2024Q2;ES709A1;ES709;6;2;65;3;1;5;9;14;-1;-1;-1;1;6;-1;-1;-1;-1;-1;-1;-1;-1;1;0;0;0;0;0;1;1;0;0;0;0;0;0;1;0;1;2;4;-1;3;3;3;3;6;3;4;3;4;4;4;4;4;4;4;4;3;4;4;4;4;4;4;4;4;4;4;4;2;4;4;2;2;4;4;4;3;4;3;2;3;3;3;4;4;3;4;1;2;-1;-1;1;1;5;6;2;3;2237.9050483
1734;2024Q2;ES709A1;ES709;6;2;50;1;1;1;3;10;-1;-1;-1;1;-1;1;5;-1;-1;-1;-1;-1;-1;4;0;0;1;1;2;0;4;2;0;1;0;1;0;0;0;8;3;2;5;4;4;2;3;1;2;2;2;2;2;4;4;4;4;2;4;2;4;4;3;2;2;3;2;3;2;2;4;4;4;4;2;2;4;3;4;3;4;3;4;-3;4;-3;-3;3;-3;-3;2;-9;-1;-1;-9;6;5;6;1;1;447.06449058
1735;2024Q2;ES709A1;ES709;1;1;34;1;1;1;5;7;-1;-1;5;1;-1;-1;-1;-1;-1;-1;-1;-1;-1;2;0;0;0;2;0;0;2;0;2;0;0;0;0;0;0;4;5;5;4;4;4;3;2;6;4;4;4;4;4;4;4;4;4;2;4;4;3;2;4;3;3;2;4;3;3;4;4;5;4;4;3;3;1;3;2;3;3;3;5;3;1;1;1;1;1;3;2;1;5;3;6;6;5;6;5;1;757.20067695
1736;2024Q2;ES709A1;ES709;6;2;46;1;1;1;7;10;-1;-1;-1;1;-1;1;5;-1;-1;-1;-1;-1;-1;2;0;1;1;0;1;0;3;0;0;2;0;0;0;0;0;6;3;2;5;3;3;3;3;6;4;4;4;4;2;4;4;4;2;4;4;2;2;2;4;4;2;2;2;2;4;4;4;2;2;2;2;2;3;4;4;4;4;3;3;4;4;4;4;4;4;4;2;2;-1;-1;6;6;1;6;1;3;223.53224529
1737;2024Q2;ES709A1;ES709;6;2;23;1;1;1;9;2;6;2;2;6;-1;-1;-1;60;1;2;-1;-1;-1;3;0;0;1;0;2;0;3;2;0;0;0;1;0;0;0;8;7;5;1;4;5;5;3;1;4;3;3;4;4;4;4;2;4;2;4;2;3;4;3;2;3;2;4;3;4;4;4;4;4;4;2;2;4;4;4;1;4;1;2;2;4;1;1;1;2;3;1;2;-1;-1;6;6;1;6;1;1;973.23377171
1738;2024Q2;ES709A1;ES709;1;1;64;1;1;1;6;12;-1;-1;-1;1;-1;1;5;-1;-1;-1;-1;-1;-1;1;0;0;0;0;1;0;1;0;0;0;0;1;0;0;0;1;2;3;5;4;4;2;1;6;4;4;4;4;4;2;4;4;4;2;3;2;4;4;4;4;4;4;3;4;4;4;4;4;4;4;2;2;3;3;3;3;4;4;2;3;3;2;3;3;4;2;2;1;5;4;6;6;5;6;1;1;2774.1603007
1739;2024Q2;ES709A1;ES709;6;2;27;1;1;1;7;10;-1;-1;-1;1;-1;1;5;-1;-1;-1;-1;-1;-1;1;0;1;0;1;0;0;2;0;0;1;0;0;0;0;0;6;2;2;5;5;4;4;3;6;5;4;2;4;4;4;5;2;4;4;5;2;2;2;4;4;2;4;4;2;4;4;5;2;5;5;5;5;4;4;4;4;4;4;4;4;4;4;4;4;4;4;1;1;5;4;1;6;1;6;1;3;111.76612264
1740;2024Q2;ES709A1;ES709;6;2;57;1;1;1;5;10;-1;-1;-1;1;-1;1;5;-1;-1;-1;-1;-1;-1;2;0;0;0;0;2;0;2;0;0;1;1;0;0;0;0;8;1;1;5;3;3;3;1;6;3;3;3;4;4;2;4;2;2;4;3;2;2;2;4;4;4;4;4;4;4;4;2;2;2;2;4;2;3;3;3;3;2;1;3;3;3;1;1;1;3;3;3;2;-1;-1;6;6;1;6;-3;1;223.53224529
1741;2024Q2;ES709A1;ES709;6;2;35;1;1;1;5;1;6;2;9;1;-1;-1;-1;-1;-1;-1;-1;-1;-1;1;1;2;0;1;0;0;4;1;0;0;0;0;0;0;0;6;2;1;6;4;2;2;3;6;3;1;3;4;4;2;4;4;4;2;4;3;4;5;3;2;2;2;2;2;2;4;2;2;4;4;3;2;5;4;4;4;4;4;3;3;4;4;3;4;4;4;2;1;2;4;1;6;1;6;1;3;479.2232761
1742;2024Q2;ES709A1;ES709;1;1;60;1;1;1;8;10;-1;-1;-1;6;-1;-1;-1;63;8;-1;1;1;5;2;0;0;0;0;2;0;2;0;0;1;0;1;0;0;0;4;3;3;5;4;5;5;2;6;4;3;3;4;4;4;2;2;2;2;4;2;4;2;4;2;4;2;4;4;4;2;4;2;4;4;2;2;4;4;3;3;4;3;3;3;4;3;3;3;4;3;2;2;-1;-1;6;6;5;6;1;1;293.05452804
1743;2024Q2;ES709A1;ES709;1;1;58;1;1;1;8;10;-1;-1;-1;1;-1;2;5;-1;-1;-1;-1;-1;-1;2;0;0;1;0;1;0;2;0;0;0;2;0;0;0;0;6;1;1;3;5;5;4;1;6;2;2;2;4;2;4;5;4;4;2;4;2;3;2;4;4;2;2;2;2;4;4;4;3;4;4;2;4;4;3;4;3;4;4;3;3;3;-3;-3;1;3;3;1;2;-1;-1;6;6;1;6;-3;1;293.05452804
1744;2024Q2;ES709A1;ES709;1;1;42;1;1;1;5;1;1;2;3;1;-1;-1;-1;-1;-1;-1;-1;-1;-1;1;0;0;0;1;0;0;1;1;0;0;0;0;0;0;0;1;3;5;3;5;5;3;1;6;4;4;4;4;4;3;3;4;2;3;4;2;4;3;2;4;2;2;2;2;3;4;5;5;4;4;2;2;3;3;2;1;4;3;3;-3;3;-3;-3;2;3;3;1;2;-1;-1;6;6;1;6;1;1;445.10146031
1745;2024Q2;ES709A1;ES709;6;2;67;1;1;1;5;12;-1;-1;-1;1;-1;1;9;-1;-1;-1;-1;-1;-1;1;0;0;0;0;0;1;1;0;0;0;0;1;0;0;0;1;1;2;6;4;4;4;2;6;4;4;4;4;4;4;2;4;2;4;2;4;4;2;4;4;4;4;2;4;4;4;2;2;4;2;4;4;3;4;4;5;4;4;3;4;4;4;4;4;-3;-3;2;1;3;3;6;6;5;6;1;3;2237.9050483
1746;2024Q2;ES709A1;ES709;6;2;35;1;1;1;10;7;-1;-1;2;1;-1;-1;-1;-1;-1;-1;-1;-1;-1;1;0;0;0;1;0;0;1;0;1;0;0;0;0;0;0;1;5;6;1;5;5;4;1;6;4;2;2;4;2;5;5;4;4;2;4;4;3;3;3;4;4;4;4;3;2;2;5;5;5;5;1;1;5;5;4;1;4;4;5;1;4;-3;-3;1;-3;1;1;1;3;2;1;6;1;6;1;1;479.2232761
1747;2024Q2;ES709A1;ES709;6;2;36;3;1;4;10;1;6;1;3;1;-1;-1;-1;-1;-1;-1;-1;-1;-1;2;1;1;0;2;0;0;4;1;1;0;0;0;0;0;0;3;2;1;3;3;4;2;1;6;2;3;4;4;2;2;1;5;1;2;2;2;4;4;2;2;2;2;5;2;2;2;4;4;4;2;3;3;4;4;4;4;4;5;4;4;5;3;4;1;1;1;1;3;-1;-1;6;6;3;6;5;1;958.4465522
1748;2024Q2;ES709A1;ES709;1;1;27;3;1;3;10;1;6;1;8;1;-1;-1;-1;-1;-1;-1;-1;-1;-1;4;0;0;0;4;0;0;4;2;0;2;0;0;0;0;0;8;4;2;5;5;5;2;2;6;4;4;4;5;5;5;5;5;5;5;2;2;4;3;4;4;4;4;4;2;4;4;4;3;4;4;4;3;3;3;3;4;4;4;4;3;3;4;3;4;3;4;1;3;-1;-1;6;1;3;6;1;2;1514.4013539
1749;2024Q2;ES709A1;ES709;6;2;53;1;1;1;8;2;6;2;3;6;-1;-1;-1;59;2;2;-1;-1;-1;2;0;0;1;0;2;0;3;1;1;0;0;0;1;0;0;2;4;3;-1;4;4;3;3;1;3;2;2;3;3;4;4;2;4;2;4;2;4;2;2;2;4;2;2;2;2;2;4;4;4;4;2;2;1;3;4;1;4;2;4;-3;4;-3;-3;2;2;2;2;1;3;1;1;6;5;6;2;1;1079.7831158
1750;2024Q2;ES709A1;ES709;6;2;58;3;1;5;5;10;-1;-1;-1;6;-1;-1;-1;36;1;9;-1;-1;-1;3;0;3;0;2;1;0;6;2;0;1;0;0;0;0;0;3;3;1;6;3;4;3;3;6;4;4;4;4;4;2;2;4;4;4;2;2;4;4;4;4;4;4;4;4;4;4;4;4;4;4;4;4;4;4;4;4;3;3;3;3;3;3;4;3;3;3;2;2;-1;-1;1;6;5;6;1;3;335.29836793
1751;2024Q2;ES709A1;ES709;1;1;29;1;1;1;8;1;6;2;8;6;-1;-1;-1;62;1;7;-1;-1;-1;3;0;0;0;1;2;0;3;3;0;0;0;0;0;0;0;2;6;5;4;5;5;3;1;6;2;1;1;2;2;5;5;4;5;2;5;1;5;4;4;2;2;1;2;4;4;4;5;5;5;5;1;1;3;4;1;1;2;1;2;2;3;1;1;1;1;1;2;1;3;4;6;6;1;6;1;1;1135.8010154
1752;2024Q2;ES709A1;ES709;1;1;42;1;1;1;5;1;6;2;9;1;-1;-1;-1;-1;-1;-1;-1;-1;-1;2;0;0;0;1;0;1;2;1;0;0;0;1;0;0;0;6;3;3;6;3;3;2;2;6;3;4;2;4;4;5;5;2;5;2;4;2;4;4;2;2;2;2;2;2;4;2;5;5;5;5;2;2;-3;-3;-3;2;2;2;2;2;2;1;1;2;2;2;3;1;5;4;6;6;1;6;1;2;890.20292061
1753;2024Q2;ES709A1;ES709;6;2;19;1;1;5;6;13;-1;-1;-1;6;-1;-1;-1;60;1;-9;-1;-1;-1;3;0;0;1;0;2;0;3;2;0;0;0;0;1;0;0;8;7;5;-1;5;4;2;1;1;3;3;2;2;3;4;4;2;4;3;4;1;2;4;2;3;2;1;4;4;3;4;4;5;5;5;2;3;5;4;4;1;-7;4;3;3;3;2;3;3;3;2;1;1;3;4;6;6;5;6;3;-9;4320.2423896
1754;2024Q2;ES709A1;ES709;6;2;30;1;1;1;6;1;6;2;3;6;-1;-1;-1;60;5;-1;-1;1;-9;4;0;0;0;2;2;0;4;3;0;0;0;1;0;0;0;8;7;5;-1;3;4;2;2;6;2;2;2;2;3;5;5;2;5;1;5;1;5;5;3;1;3;1;1;4;4;4;5;5;5;5;1;1;3;4;2;1;1;5;5;4;4;4;4;1;1;1;2;1;5;4;1;6;1;6;-3;1;1297.6450289
1755;2024Q2;ES709A1;ES709;1;1;43;3;1;5;6;7;-1;-1;8;1;-1;-1;-1;-1;-1;-1;-1;-1;-1;3;0;0;1;2;0;0;3;1;1;0;1;0;0;0;0;6;5;4;5;4;4;2;4;6;4;4;4;4;4;3;5;2;4;4;4;3;3;4;2;2;2;2;2;2;4;4;4;4;4;4;2;2;2;2;2;2;2;4;4;1;2;2;2;1;2;2;1;1;4;2;1;1;5;6;3;1;1335.3043809
1756;2024Q2;ES709A1;ES709;6;2;43;1;1;1;9;1;6;1;3;6;-1;-1;-1;55;2;5;-1;-1;-1;2;0;2;0;1;1;0;4;1;1;0;0;0;0;0;0;2;6;4;3;3;3;4;1;6;1;1;1;3;3;5;5;2;5;1;5;1;3;3;1;1;1;2;2;1;1;1;5;5;5;5;1;1;4;3;3;1;3;3;1;1;2;2;2;1;1;1;2;1;5;2;1;6;5;6;3;1;958.4465522
1757;2024Q2;ES709A1;ES709;6;2;35;1;1;1;7;1;1;2;5;1;-1;-1;-1;-1;-1;-1;-1;-1;-1;5;0;1;0;3;0;2;6;2;0;0;1;2;0;0;0;3;2;1;5;5;5;4;4;6;4;4;2;4;4;5;1;4;2;4;4;2;1;2;2;2;4;4;4;2;4;4;2;2;4;2;2;4;3;4;4;3;4;4;3;3;2;2;2;1;3;3;3;2;-1;-1;6;6;5;6;-3;1;2396.1163805
1758;2024Q2;ES709A1;ES709;1;1;30;1;1;1;9;1;6;1;2;6;-1;-1;-1;63;1;5;-1;-1;-1;3;0;0;0;1;2;0;3;3;0;0;0;0;0;0;0;2;7;6;3;5;5;3;1;6;2;1;1;2;2;5;5;3;5;1;5;1;3;3;2;2;2;2;1;3;2;1;5;5;5;5;1;1;2;4;3;1;-3;3;2;2;1;-3;-3;1;1;1;2;1;3;4;1;1;1;6;3;1;1135.8010154
1759;2024Q2;ES709A1;ES709;1;1;57;1;1;1;5;12;-1;-1;-1;1;-1;1;8;-1;-1;-1;-1;-1;-1;2;0;0;0;0;2;0;2;0;0;0;0;2;0;0;0;4;6;6;6;5;4;4;4;6;4;4;4;4;4;4;4;4;4;2;4;2;4;4;4;2;2;4;2;2;4;2;2;2;4;4;2;4;4;3;3;4;3;3;3;3;3;3;3;3;4;3;1;2;-1;-1;6;6;4;6;1;1;5548.3206014
1760;2024Q2;ES709A1;ES709;6;2;25;1;1;1;5;1;6;2;5;1;-1;-1;-1;-1;-1;-1;-1;-1;-1;3;0;0;0;1;2;0;3;1;0;2;0;0;0;0;0;8;6;4;5;3;3;2;1;6;4;3;2;3;2;5;5;2;5;2;5;2;3;4;2;2;2;2;3;2;3;4;4;5;5;5;2;2;2;2;4;1;2;1;2;4;3;2;2;1;2;1;1;1;3;3;1;6;1;6;3;1;973.23377171
1761;2024Q2;ES709A1;ES709;1;1;46;1;1;1;7;1;6;2;8;1;-1;-1;-1;-1;-1;-1;-1;-1;-1;2;0;1;0;0;2;0;3;2;0;0;0;0;0;0;0;2;7;5;5;4;4;2;2;6;3;3;4;4;4;4;2;4;2;2;2;4;4;4;2;2;2;4;2;2;2;4;4;4;4;4;2;2;4;4;4;4;4;3;3;4;4;2;3;2;4;3;3;2;-1;-1;6;6;5;6;3;1;1268.3050795
1762;2024Q2;ES709A1;ES709;6;2;50;1;1;1;5;10;-1;-1;-1;6;-1;-1;-1;35;1;9;-1;-1;-1;3;0;0;1;1;1;0;3;2;0;1;0;0;0;0;0;6;4;3;6;4;5;5;2;6;4;4;5;4;4;2;2;4;2;2;2;4;2;2;2;4;4;4;2;2;4;4;2;2;2;2;4;2;4;4;4;4;4;4;4;4;4;4;4;5;4;4;3;3;-1;-1;6;6;5;6;-3;2;335.29836793
1763;2024Q2;ES709A1;ES709;1;1;63;1;1;1;5;2;6;2;7;1;-1;-1;-1;-1;-1;-1;-1;-1;-1;2;0;0;0;0;2;0;2;1;0;0;1;0;0;0;0;4;3;3;5;4;4;3;1;6;4;4;3;4;4;4;4;4;4;4;2;4;2;2;4;4;4;4;4;3;4;4;4;2;2;2;4;4;3;3;3;4;4;4;4;3;3;3;3;2;3;4;3;3;-1;-1;6;6;1;6;1;1;1178.2623627
1764;2024Q2;ES709A1;ES709;1;1;35;1;1;1;5;1;6;1;8;1;-1;-1;-1;-1;-1;-1;-1;-1;-1;2;0;0;0;2;0;0;2;2;0;0;0;0;0;0;0;4;4;4;5;3;3;3;3;6;5;4;4;4;4;4;2;4;2;4;3;2;4;2;4;2;4;2;4;2;2;4;4;2;4;4;2;4;3;4;4;5;5;5;5;3;5;4;5;5;5;4;2;3;-1;-1;6;6;1;6;-3;3;890.20292061
1765;2024Q2;ES709A1;ES709;6;2;27;3;3;4;6;10;-1;-1;-1;6;-1;-1;-1;37;1;9;-1;-1;-1;2;0;0;0;2;0;0;2;1;0;0;1;0;0;0;0;4;2;2;6;4;4;4;3;6;3;4;3;4;4;4;3;2;3;3;4;3;3;4;2;4;4;3;4;3;4;4;3;4;4;4;3;4;4;3;4;3;3;4;2;3;4;3;3;2;3;4;2;2;-1;-1;6;6;4;6;2;1;223.53224529
1766;2024Q2;ES709A1;ES709;1;1;55;1;1;1;6;1;1;1;3;1;-1;-1;-1;-1;-1;-1;-1;-1;-1;1;0;0;0;0;1;0;1;1;0;0;0;0;0;0;0;1;6;6;3;5;5;5;5;1;2;2;5;4;2;3;5;4;2;4;2;2;2;2;4;4;2;5;4;2;3;2;5;5;5;5;2;3;3;4;2;4;3;4;4;3;4;4;3;4;3;2;1;1;3;2;6;6;1;6;1;1;589.13118136
1767;2024Q2;ES709A1;ES709;1;1;35;1;1;1;6;1;6;1;7;1;-1;-1;-1;-1;-1;-1;-1;-1;-1;2;0;0;0;2;0;0;2;2;0;0;0;0;0;0;0;4;5;5;5;4;4;3;3;6;4;4;3;4;4;2;4;3;3;3;2;3;2;2;4;4;4;3;3;3;4;4;3;4;3;3;4;3;3;3;4;4;4;3;3;3;4;-3;-3;2;3;3;2;2;-1;-1;6;6;1;6;3;1;890.20292061
1768;2024Q2;ES709A1;ES709;6;2;45;1;1;1;8;2;6;2;2;1;-1;-1;-1;-1;-1;-1;-1;-1;-1;1;0;0;0;0;1;0;1;1;0;0;0;0;0;0;0;1;4;6;2;4;4;4;2;6;3;3;4;4;4;4;5;3;4;3;5;4;3;4;3;3;3;2;2;2;4;4;4;4;3;4;2;2;3;3;3;2;3;3;3;3;2;2;2;1;3;3;1;2;-1;-1;1;6;1;6;2;1;539.89155789
1769;2024Q2;ES709A1;ES709;6;2;37;1;1;1;8;1;6;2;4;1;-1;-1;-1;-1;-1;-1;-1;-1;-1;2;0;2;0;2;0;0;4;2;0;0;0;0;0;0;0;2;5;3;3;3;3;2;2;6;3;3;3;4;3;4;4;4;4;2;4;2;4;4;2;2;2;2;2;2;2;2;2;4;4;4;2;2;3;3;3;3;3;3;3;3;3;3;3;2;3;3;2;2;-1;-1;6;6;1;6;2;-9;958.4465522
1770;2024Q2;ES709A1;ES709;1;1;22;1;1;1;6;10;-1;-1;-1;6;-1;-1;-1;43;1;5;-1;-1;-1;4;0;0;2;2;0;0;4;2;0;0;1;0;1;0;0;2;4;2;5;3;4;4;3;1;4;4;3;4;4;4;4;4;4;3;4;4;3;4;3;4;2;2;2;2;4;4;4;4;4;4;4;4;3;3;3;4;4;4;4;3;3;3;3;3;3;4;1;1;2;2;6;6;1;6;1;1;447.06449058
1771;2024Q2;ES709A1;ES709;6;2;51;1;1;1;8;2;6;1;2;1;-1;-1;-1;-1;-1;-1;-1;-1;-1;2;0;0;0;0;1;1;2;1;0;0;0;1;0;0;0;6;6;5;1;5;5;4;2;6;4;4;3;4;4;4;4;3;4;2;4;3;4;2;2;2;2;2;2;2;4;4;4;4;5;5;2;2;5;4;5;1;4;3;3;3;2;3;2;1;3;3;1;1;3;4;6;6;1;6;-3;1;1079.7831158
1772;2024Q2;ES709A1;ES709;6;2;56;1;1;1;5;1;1;2;3;1;-1;-1;-1;-1;-1;-1;-1;-1;-1;2;0;0;0;0;2;0;2;2;0;0;0;0;0;0;0;8;5;5;3;4;4;4;3;6;4;4;-9;4;4;3;4;4;3;4;3;4;-9;2;4;4;4;3;4;4;4;4;3;3;3;3;3;4;4;3;3;4;3;3;3;4;4;3;3;2;3;3;3;2;-1;-1;-9;6;5;6;-3;1;1433.9395966
1773;2024Q2;ES709A1;ES709;6;2;25;1;1;1;8;1;6;2;3;6;-1;-1;-1;62;5;-1;-1;1;9;5;0;0;0;2;2;1;5;2;0;0;0;2;0;1;0;3;4;2;6;4;4;4;2;6;4;2;4;4;2;4;4;2;4;2;4;2;3;4;3;3;2;2;2;2;4;4;4;4;4;4;3;3;2;2;3;2;3;2;2;3;2;2;2;1;3;2;2;2;-1;-1;6;6;1;6;1;1;1622.0562862
1774;2024Q2;ES709A1;ES709;1;1;32;3;1;5;6;10;-1;-1;-1;1;-1;1;3;-1;-1;-1;-1;-1;-1;2;0;0;0;2;0;0;2;0;0;1;1;0;0;0;0;4;2;2;2;4;4;4;4;1;1;1;2;4;4;4;2;1;2;4;2;5;1;5;5;5;5;5;5;5;5;5;1;1;4;1;2;4;1;1;1;1;4;4;4;1;4;1;3;1;1;1;1;1;5;1;6;1;5;6;3;1;223.53224529
1775;2024Q2;ES709A1;ES709;6;2;49;1;1;1;8;10;-1;-1;-1;6;-1;-1;-1;52;1;5;-1;-1;-1;3;0;1;1;0;2;0;4;1;0;0;1;0;1;0;0;2;5;3;-1;5;4;2;2;6;3;4;3;3;4;3;5;2;4;3;3;3;3;4;3;1;3;1;2;2;4;5;5;4;5;5;1;2;3;3;3;3;3;4;2;4;3;3;3;2;3;3;2;2;-1;-1;6;6;5;6;1;1;335.29836793
1776;2024Q2;ES709A1;ES709;6;2;30;1;1;5;10;2;6;2;2;1;-1;-1;-1;-1;-1;-1;-1;-1;-1;4;0;0;0;2;2;0;4;2;0;0;0;2;0;0;0;3;7;4;2;4;3;3;1;6;4;2;3;4;4;2;5;4;4;2;4;3;5;4;4;4;3;3;4;4;4;4;4;5;5;4;3;4;4;4;4;2;4;4;3;3;3;3;2;2;3;3;1;1;3;2;1;6;5;6;2;1;1297.6450289
1777;2024Q2;ES709A1;ES709;6;2;31;3;1;4;6;10;-1;-1;-1;6;-1;-1;-1;50;1;9;-1;-1;-1;3;0;0;0;2;1;0;3;1;0;1;1;0;0;0;0;6;4;3;6;4;4;3;3;1;4;4;4;4;4;4;4;3;1;3;2;3;3;3;3;3;4;3;4;4;4;4;2;3;3;3;3;3;4;3;4;4;4;3;3;3;3;4;3;3;3;3;2;2;-1;-1;6;6;4;6;3;1;335.29836793
1778;2024Q2;ES709A1;ES709;6;2;50;1;1;1;8;1;6;1;4;1;-1;-1;-1;-1;-1;-1;-1;-1;-1;1;0;0;0;0;1;0;1;1;0;0;0;0;0;0;0;1;3;5;3;3;3;2;1;6;4;2;2;4;4;4;5;4;5;5;4;5;4;4;5;5;-9;1;1;1;2;4;4;4;5;5;1;1;3;3;1;1;3;1;1;1;2;1;1;1;1;1;1;1;3;1;1;6;1;6;1;1;539.89155789
1779;2024Q2;ES709A1;ES709;6;2;45;1;1;1;9;2;6;2;2;1;-1;-1;-1;-1;-1;-1;-1;-1;-1;1;0;1;0;0;1;0;2;1;0;0;0;0;0;0;0;6;4;4;1;4;4;4;2;6;3;2;3;4;3;5;5;3;5;1;2;1;5;4;4;3;3;2;2;2;4;4;5;5;5;5;3;1;4;4;3;2;4;2;2;2;2;2;2;1;2;1;2;1;5;2;6;6;1;6;5;1;539.89155789
1780;2024Q2;ES709A1;ES709;6;2;54;1;1;1;5;10;-1;-1;-1;1;-1;1;5;-1;-1;-1;-1;-1;-1;2;1;1;0;1;1;0;4;1;0;1;0;0;0;0;0;7;2;1;5;2;1;1;1;6;2;4;4;4;4;5;4;4;2;1;4;4;4;4;1;2;4;2;4;4;2;4;4;2;4;4;4;4;2;2;2;4;4;5;2;2;2;2;2;2;2;2;2;2;-1;-1;6;6;4;6;1;3;223.53224529
1781;2024Q2;ES709A1;ES709;1;1;38;1;1;1;5;1;6;2;4;1;-1;-1;-1;-1;-1;-1;-1;-1;-1;2;0;1;0;2;0;0;3;2;0;0;0;0;0;0;0;2;5;3;3;5;4;4;2;6;4;4;3;4;3;4;3;2;4;3;4;3;3;4;4;4;4;4;3;4;4;4;4;4;4;4;3;2;5;4;4;1;4;4;4;3;3;2;3;3;4;2;2;1;3;1;1;6;1;6;-3;1;890.20292061
1782;2024Q2;ES709A1;ES709;1;1;48;3;3;2;3;10;-1;-1;-1;1;-1;1;7;-1;-1;-1;-1;-1;-1;4;0;0;2;0;2;0;4;0;0;0;1;0;2;1;0;2;2;1;4;4;4;2;4;1;4;5;4;4;5;2;5;2;4;4;4;4;4;4;4;4;5;4;4;4;4;4;2;2;2;4;4;4;5;5;4;4;4;5;4;4;3;3;4;3;4;4;2;3;-1;-1;6;6;2;6;2;3;2204.1633651
1783;2024Q2;ES709A1;ES709;1;-9;34;2;1;4;10;2;1;2;2;1;-1;-1;-1;-1;-1;-1;-1;-1;-1;2;1;1;0;2;0;0;4;2;0;0;0;0;0;0;0;2;7;5;1;5;5;4;1;6;5;5;5;5;5;4;2;4;3;5;3;3;1;1;2;5;3;2;4;4;4;4;2;2;2;3;3;3;5;4;3;3;3;4;4;4;4;-7;-7;3;4;2;2;2;-1;-1;6;6;4;6;1;1;757.20067695
1784;2024Q2;ES709A1;ES709;1;1;40;2;1;5;8;2;6;2;4;6;-1;-1;-1;40;1;2;-1;-1;-1;2;0;0;0;2;0;0;2;2;0;0;0;0;0;0;0;4;6;6;2;5;5;2;1;6;4;4;3;4;3;4;5;4;4;2;3;3;4;4;2;2;3;2;2;2;2;2;4;3;4;4;2;2;-7;-7;-7;-7;-7;-7;-7;-7;-7;-7;-7;-7;-7;-7;1;1;2;1;1;6;5;6;2;-9;890.20292061
1785;2024Q2;ES709A1;ES709;1;1;77;3;1;5;10;12;-1;-1;-1;1;-1;2;1;-1;-1;-1;-1;-1;-1;2;0;0;0;0;0;2;2;0;0;0;0;1;0;1;0;4;2;2;1;3;3;3;1;6;4;4;4;4;4;2;4;4;4;4;2;4;2;2;4;4;2;4;4;4;4;4;2;2;2;4;4;4;4;4;4;4;4;4;3;3;4;3;3;3;3;3;2;3;-1;-1;6;6;5;6;-3;1;6112.3785525
1786;2024Q2;ES709A2;ES709;1;1;41;3;2;5;5;7;-1;-1;7;1;-1;-1;-1;-1;-1;-1;-1;-1;-1;1;0;1;0;1;0;0;2;0;1;0;0;0;0;0;0;6;4;4;4;5;4;3;2;6;1;2;2;2;1;5;5;2;2;1;3;2;2;3;4;1;2;2;3;2;4;4;5;5;5;5;2;2;3;4;3;2;-3;2;4;-3;3;-3;-3;4;3;4;1;1;3;2;1;6;5;6;2;2;1068.9717274
1787;2024Q2;ES709A2;ES709;6;2;31;1;1;1;9;1;6;1;5;1;-1;-1;-1;-1;-1;-1;-1;-1;-1;1;0;0;0;1;0;0;1;1;0;0;0;0;0;0;0;1;3;5;5;3;4;3;2;6;2;4;3;4;2;2;5;2;4;2;4;2;3;4;4;2;2;2;2;4;4;4;4;4;4;4;2;2;5;4;2;4;4;3;2;-3;-3;4;4;1;2;2;2;2;-1;-1;6;6;1;6;3;1;274.17056606
1788;2024Q2;ES709A2;ES709;1;1;58;3;1;5;5;1;6;1;7;6;-1;-1;-1;58;1;5;-1;-1;-1;3;0;0;0;1;2;0;3;3;0;0;0;0;0;0;0;2;6;4;5;5;5;3;1;6;2;2;2;3;2;4;3;3;3;2;2;2;2;2;4;2;2;3;3;3;4;4;4;3;4;3;2;2;-3;-3;-3;3;4;4;-3;-3;4;3;3;-3;-3;3;2;2;-1;-1;1;6;5;6;2;-9;2021.6625913
1789;2024Q2;ES709A2;ES709;6;2;55;3;1;5;7;10;-1;-1;-1;1;-1;1;9;-1;-1;-1;-1;-1;-1;1;0;0;0;0;1;0;1;0;0;0;1;0;0;0;0;1;1;1;6;2;2;1;1;6;4;5;4;5;5;4;5;4;2;4;4;2;3;2;4;2;2;4;4;4;5;5;2;2;2;2;2;2;3;5;3;4;4;5;4;4;4;4;4;1;4;4;2;3;-1;-1;6;6;5;6;2;1;123.52595455
1790;2024Q2;ES709A2;ES709;1;1;19;1;1;1;6;13;-1;-1;-1;6;-1;-1;-1;61;1;9;-1;-1;-1;7;0;0;1;2;3;1;7;4;0;0;0;2;1;0;0;8;-9;-9;6;1;2;1;1;6;1;3;3;3;4;-9;5;3;4;2;4;3;4;5;3;4;3;1;1;4;3;4;4;5;5;5;1;1;3;4;4;3;4;4;2;3;3;3;2;3;2;3;1;1;2;3;6;6;5;6;3;-9;2829.2535848
1791;2024Q2;ES709A2;ES709;1;1;59;1;1;1;5;10;-1;-1;-1;6;-1;-1;-1;58;1;9;-1;-1;-1;3;0;0;2;0;2;0;4;1;0;1;0;0;2;0;0;2;2;1;6;2;2;2;2;6;4;4;2;5;4;4;4;4;4;2;2;2;2;4;4;4;2;4;4;4;4;4;4;4;4;2;2;4;3;3;4;4;4;2;3;3;3;3;3;3;4;3;3;2;-1;-1;6;6;1;6;3;1;698.5317746
1792;2024Q2;ES709A2;ES709;6;2;59;1;1;1;7;10;-1;-1;-1;1;-1;1;9;-1;-1;-1;-1;-1;-1;2;0;0;1;0;1;0;2;0;0;1;1;0;0;0;0;6;1;1;6;4;4;3;2;6;2;4;2;4;4;4;5;4;2;4;4;2;4;4;3;4;2;2;4;4;4;2;4;4;4;4;2;2;3;2;4;3;4;2;1;3;3;2;2;1;3;2;3;1;1;3;1;1;1;6;2;1;247.0519091
1793;2024Q2;ES709A2;ES709;6;2;23;1;1;1;7;3;6;2;4;6;-1;-1;-1;50;1;-9;-1;-1;-1;4;0;2;1;1;2;0;6;3;0;1;0;0;0;0;0;-9;-9;-9;-1;-9;-9;-9;-9;-9;-9;-9;-9;-9;-9;-9;-9;-9;-9;-9;-9;-9;-9;-9;-9;-9;-9;-9;-9;-9;-9;-9;-9;-9;-9;-9;-9;-9;-3;-3;-3;-3;-3;-3;-3;-3;-3;-3;-3;-3;-3;-3;1;-9;-1;-1;6;6;1;6;-3;-9;1096.6822643
1794;2024Q2;ES709A2;ES709;6;2;47;1;1;1;5;1;6;2;9;1;-1;-1;-1;-1;-1;-1;-1;-1;-1;3;0;0;2;0;2;0;4;2;0;0;1;0;1;0;0;2;4;2;6;4;4;3;2;6;4;4;3;4;4;4;4;3;4;4;3;4;3;3;4;3;3;4;4;4;4;4;4;2;3;3;3;3;3;3;3;3;3;3;3;3;4;3;3;3;3;3;2;2;-1;-1;6;6;1;6;1;3;870.48413878
1795;2024Q2;ES709A2;ES709;1;1;57;1;1;1;4;1;6;1;7;1;-1;-1;-1;-1;-1;-1;-1;-1;-1;1;0;0;0;0;1;0;1;1;0;0;0;0;0;0;0;1;2;4;5;4;5;3;1;6;4;4;3;4;4;4;5;4;4;4;2;4;5;4;4;4;4;4;3;3;4;4;4;2;4;4;3;3;3;3;3;3;3;4;4;-3;4;3;-3;2;3;3;3;2;-1;-1;1;6;1;6;1;1;673.88753042
1796;2024Q2;ES709A2;ES709;6;2;49;1;1;1;7;10;-1;-1;-1;1;-1;1;9;-1;-1;-1;-1;-1;-1;1;0;1;0;0;1;0;2;0;0;1;0;0;0;0;0;6;1;1;6;5;4;2;2;6;5;5;-9;5;4;2;4;4;2;4;2;4;2;2;4;4;2;4;4;2;4;5;2;2;4;2;2;4;4;3;3;3;4;3;3;-3;3;-3;-3;4;4;4;2;2;-1;-1;6;6;1;6;1;3;68.395161581
1797;2024Q2;ES709A2;ES709;1;1;25;1;1;1;10;1;6;2;5;6;-1;-1;-1;50;8;-1;1;1;7;4;0;0;2;1;1;0;4;2;0;0;0;1;1;0;0;6;5;3;5;4;4;2;1;6;1;1;1;3;1;5;5;2;5;1;5;1;3;4;1;1;1;1;1;1;3;3;5;5;5;5;1;1;1;3;2;1;1;1;1;1;3;1;1;1;1;1;2;1;1;4;6;6;1;6;2;1;1075.3071543
1798;2024Q2;ES709A2;ES709;1;1;41;1;1;1;4;10;-1;-1;-1;1;-1;1;9;-1;-1;-1;-1;-1;-1;1;0;0;0;1;0;0;1;0;0;0;1;0;0;0;0;1;1;1;6;3;4;3;1;6;3;3;3;3;3;2;4;3;4;3;2;3;4;2;3;3;3;2;2;3;4;4;2;3;4;4;2;2;4;3;4;3;3;4;3;3;3;3;3;2;3;3;2;2;-1;-1;6;6;5;6;1;1;307.25502336
1799;2024Q2;ES709A2;ES709;6;2;53;1;1;1;9;2;6;2;2;1;-1;-1;-1;-1;-1;-1;-1;-1;-1;1;0;0;0;0;1;0;1;1;0;0;0;0;0;0;0;1;4;6;2;5;5;3;1;6;4;2;4;4;4;3;3;4;4;4;3;4;3;4;4;4;4;4;3;3;4;2;4;2;2;4;4;4;4;3;3;4;4;3;2;4;3;3;3;3;1;2;1;2;-1;-1;1;6;1;6;4;1;340.51193583
1800;2024Q2;ES709A2;ES709;6;2;64;3;2;5;9;18;-1;-1;-1;-9;-1;-1;-1;-1;-1;-1;-1;-1;-1;2;0;0;0;0;1;1;2;0;0;0;0;0;0;0;2;4;-9;-9;-1;5;5;3;1;6;2;2;2;4;2;5;5;2;5;1;4;1;3;4;2;3;2;2;3;2;2;2;5;5;5;5;1;1;-3;-3;-3;1;-3;1;2;-3;-3;-3;-3;1;2;1;2;2;-1;-1;-9;6;5;6;4;1;3948.7043151
1801;2024Q2;ES709A2;ES709;6;2;42;1;1;1;5;10;-1;-1;-1;6;-1;-1;-1;50;1;8;-1;-1;-1;2;0;1;1;1;1;0;4;1;0;1;0;0;1;0;0;2;4;2;5;3;3;2;3;6;4;4;4;4;4;-9;5;4;4;4;4;4;4;4;3;4;4;4;4;4;4;4;4;4;4;4;2;2;4;4;4;3;3;3;3;3;3;3;3;2;2;2;2;1;5;3;6;6;5;6;4;1;228.38176897
1802;2024Q2;ES709A2;ES709;1;1;50;1;1;1;5;1;1;2;5;1;-1;-1;-1;-1;-1;-1;-1;-1;-1;3;0;0;0;0;1;2;3;1;0;0;0;2;0;0;0;2;4;3;5;2;2;2;2;1;4;4;3;5;5;5;5;4;3;4;2;4;4;4;4;4;4;4;4;4;4;4;4;4;4;4;4;4;4;4;4;4;4;4;4;4;4;4;4;4;4;4;3;1;5;3;1;6;1;6;3;3;2677.1090579
1803;2024Q2;ES709A2;ES709;6;2;31;3;3;5;5;1;6;1;5;1;-1;-1;-1;-1;-1;-1;-1;-1;-1;2;0;2;0;2;0;0;4;1;0;1;0;0;0;0;0;2;3;2;5;4;3;3;3;6;4;5;2;3;4;2;5;4;2;4;3;3;2;2;3;4;2;4;2;3;3;4;3;2;4;2;3;3;3;4;5;3;5;3;4;4;4;5;4;3;2;4;1;1;5;4;1;6;5;6;4;1;2700.7491922
1804;2024Q2;ES709A2;ES709;6;2;51;1;1;1;5;10;-1;-1;-1;6;-1;-1;-1;55;1;5;-1;-1;-1;4;0;0;1;1;2;0;4;3;0;0;1;0;0;0;0;2;6;3;5;3;4;4;4;6;4;4;4;5;5;5;2;4;3;4;4;4;3;4;4;4;4;4;3;3;4;4;4;2;4;2;4;2;3;4;3;3;4;4;3;4;3;3;3;4;3;3;2;3;-1;-1;6;6;1;6;2;2;274.52314183
1805;2024Q2;ES709A2;ES709;6;2;25;1;1;1;6;13;-1;-1;-1;6;-1;-1;-1;64;5;-1;-1;1;-9;5;0;0;0;3;2;0;5;0;0;0;0;1;4;0;0;8;3;2;-1;5;5;5;1;6;1;1;1;2;1;5;5;1;5;1;5;1;5;5;1;1;1;1;1;1;1;1;5;5;5;5;1;1;5;4;5;1;1;1;2;4;4;2;2;1;1;1;1;1;2;4;1;6;5;6;4;1;1954.4392305
1806;2024Q2;ES709A2;ES709;6;2;47;1;1;1;10;5;-1;-1;2;6;-1;-1;-1;53;1;3;-1;-1;-1;2;0;1;0;0;2;0;3;1;1;0;0;0;0;0;0;2;6;4;-1;5;5;3;3;6;5;4;2;4;2;4;5;2;4;4;5;2;4;2;3;2;2;2;2;3;2;2;5;5;5;5;1;1;2;2;3;1;2;1;3;3;1;1;1;3;1;1;1;1;3;3;1;6;5;6;3;3;582.32199269
1807;2024Q2;ES709A2;ES709;6;2;43;1;1;1;5;1;6;2;5;1;-1;-1;-1;-1;-1;-1;-1;-1;-1;2;0;0;1;1;0;0;2;2;0;0;0;0;0;0;0;6;3;3;5;2;2;2;2;6;3;3;3;3;3;3;5;4;5;5;5;5;5;5;5;5;5;5;5;5;5;5;5;5;5;5;2;5;3;3;3;3;3;3;3;3;3;3;3;3;3;3;1;1;2;4;6;6;1;6;3;1;941.72679589
1808;2024Q2;ES709A2;ES709;1;1;44;3;1;4;10;7;-1;-1;2;1;-1;-1;-1;-1;-1;-1;-1;-1;-1;2;0;1;0;2;0;0;3;1;1;0;0;0;0;0;0;2;7;6;1;5;5;2;3;1;5;5;5;5;5;4;2;5;4;5;4;2;3;2;4;4;2;2;2;4;4;4;4;2;2;4;4;2;4;4;4;2;4;3;3;4;4;2;3;2;3;3;1;2;-1;-1;6;6;4;6;2;-9;1501.7530911
1809;2024Q2;ES709A2;ES709;1;1;67;1;1;1;3;12;-1;-1;-1;1;-1;2;8;-1;-1;-1;-1;-1;-1;2;0;0;0;0;0;2;2;1;0;0;0;1;0;0;0;4;3;3;-1;3;3;2;2;6;4;4;4;4;4;-9;4;3;3;4;2;3;2;2;4;4;3;3;4;2;3;3;3;3;3;2;-9;4;4;3;3;3;4;2;3;3;3;2;2;3;3;2;2;3;-1;-1;6;6;5;6;1;1;3569.2820567
1810;2024Q2;ES709A2;ES709;1;1;31;1;1;1;7;3;6;1;9;1;-1;-1;-1;-1;-1;-1;-1;-1;-1;1;0;0;0;1;0;0;1;1;0;0;0;0;0;0;0;1;2;4;6;3;3;2;2;6;1;2;2;2;4;2;4;4;2;2;2;2;4;2;2;2;2;2;2;2;2;2;2;4;2;4;2;2;3;1;2;2;2;2;2;1;2;2;2;3;3;3;3;2;-1;-1;6;6;1;6;1;1;269.75290687
1811;2024Q2;ES709A2;ES709;6;2;33;1;1;1;9;1;6;2;2;6;-1;-1;-1;33;1;5;-1;-1;-1;2;1;0;0;2;0;0;3;2;0;0;0;0;0;0;0;2;7;5;5;4;4;3;3;6;5;4;4;4;4;2;4;4;4;4;3;4;3;3;3;4;4;4;4;4;5;4;4;3;4;3;2;3;4;3;3;3;4;3;3;3;3;3;2;4;3;3;1;1;5;2;1;1;1;6;1;1;550.23018774
1812;2024Q2;ES709A2;ES709;6;2;24;1;1;1;5;10;-1;-1;-1;6;-1;-1;-1;54;2;9;-1;-1;-1;4;1;0;1;1;1;1;5;0;2;0;2;0;0;0;0;3;-9;-9;6;-9;-9;-9;-9;-9;-9;-9;-9;-9;-9;-9;-9;-9;-9;-9;-9;-9;-9;-9;-9;-9;-9;-9;-9;-9;-9;-9;-9;-9;-9;-9;-9;-9;-3;-3;-3;-3;-3;-3;-3;-3;-3;-3;-3;-3;-3;-3;2;-9;-1;-1;-9;-9;2;-9;-3;-9;274.52314183
1813;2024Q2;ES709A2;ES709;1;1;51;1;1;1;8;1;1;2;9;1;-1;-1;-1;-1;-1;-1;-1;-1;-1;1;0;0;0;0;1;0;1;1;0;0;0;0;0;0;0;1;2;4;6;4;2;1;2;6;2;1;1;3;4;1;5;1;4;3;3;3;3;3;1;1;1;3;1;3;3;1;4;4;4;4;3;4;3;3;3;3;3;3;3;3;3;3;3;3;3;3;2;2;-1;-1;6;6;1;6;1;3;763.03712009
1814;2024Q2;ES709A2;ES709;1;1;44;1;1;1;10;11;-1;-1;-1;6;-1;-1;-1;80;5;-1;-1;1;6;3;0;0;0;1;0;2;3;0;0;0;1;2;0;0;0;8;3;2;5;3;3;2;-9;6;-9;3;-9;-9;-9;-9;-9;-9;-9;1;-9;-9;-9;-9;3;3;1;1;1;-9;3;3;-9;-9;4;4;-9;1;-3;-3;-3;-3;-3;4;3;-3;4;-3;-3;-3;-3;-3;3;-9;-1;-1;-9;-9;1;6;-3;-9;924.94058505
1815;2024Q2;ES709A2;ES709;6;2;19;1;1;1;6;13;-1;-1;-1;6;-1;-1;-1;50;1;5;-1;-1;-1;3;0;1;1;0;2;0;4;2;0;0;0;0;1;0;0;2;5;3;5;2;3;2;2;6;2;2;1;4;4;4;5;4;4;1;4;2;3;5;1;2;2;4;4;4;2;4;4;4;4;5;2;2;5;5;4;2;3;2;3;3;4;3;3;3;3;3;1;1;1;3;6;6;1;6;3;2;1172.6635383
1816;2024Q2;ES709A2;ES709;1;1;59;1;1;1;6;10;-1;-1;-1;1;-1;1;4;-1;-1;-1;-1;-1;-1;1;0;0;0;0;1;0;1;0;0;0;1;0;0;0;0;1;4;6;3;4;4;2;2;6;4;3;4;4;4;4;2;4;5;3;4;2;2;2;2;3;2;2;4;4;3;3;3;3;3;2;4;4;4;4;4;4;4;4;4;4;4;4;4;4;4;4;2;3;-1;-1;1;6;5;6;1;-9;233.64608086
1817;2024Q2;ES709A2;ES709;6;2;36;1;1;1;8;1;1;2;3;1;-1;-1;-1;-1;-1;-1;-1;-1;-1;3;0;0;0;1;1;1;3;1;0;0;0;2;0;0;0;8;6;4;3;5;5;3;2;6;4;2;3;4;4;5;5;2;3;2;5;3;3;5;3;4;4;2;3;4;2;2;4;5;5;4;2;2;5;2;3;2;5;4;3;2;3;1;1;3;3;2;1;1;1;1;1;6;1;6;-3;1;1412.5901938
1818;2024Q2;ES709A2;ES709;6;2;57;3;1;5;5;11;-1;-1;-1;1;-1;-1;-1;-1;-1;-1;-1;-1;-1;3;1;1;0;2;1;0;5;0;0;0;2;0;0;0;1;8;2;1;-1;4;3;2;2;6;4;4;4;4;4;2;5;4;4;4;2;2;2;2;4;4;4;4;4;4;4;4;4;2;2;2;2;4;4;4;4;4;4;4;4;4;4;4;4;3;3;3;2;2;-1;-1;6;6;3;6;1;3;434.88277421
1819;2024Q2;ES709A2;ES709;6;2;34;3;1;3;10;10;-1;-1;-1;1;-1;1;9;-1;-1;-1;-1;-1;-1;1;0;0;0;1;0;0;1;0;0;1;0;0;0;0;0;1;1;2;6;4;4;2;2;6;5;5;4;5;4;4;4;5;5;2;4;4;4;2;4;4;4;4;4;4;4;4;2;4;2;2;4;4;3;3;3;4;4;4;4;4;4;4;4;2;3;4;3;1;1;-9;1;1;3;6;1;3;80.263503379
1820;2024Q2;ES709A2;ES709;6;2;54;1;1;1;4;10;-1;-1;-1;1;-1;1;9;-1;-1;-1;-1;-1;-1;3;0;1;1;0;2;0;4;0;0;2;0;0;1;0;0;2;3;2;6;4;4;2;2;6;4;4;3;4;4;3;4;3;3;4;3;3;3;3;4;3;4;3;3;3;4;4;3;3;2;3;3;3;4;3;4;4;4;4;4;-3;-3;-3;-3;3;3;3;2;3;-1;-1;6;6;1;6;4;1;240.79051014
1821;2024Q2;ES709A2;ES709;6;2;25;1;1;1;10;7;-1;-1;2;6;-1;-1;-1;55;1;7;-1;-1;-1;4;0;0;0;2;2;0;4;1;1;0;1;0;0;1;0;2;6;3;5;5;5;2;4;1;3;4;3;4;4;4;5;4;5;3;4;2;3;3;4;3;2;2;2;2;4;5;3;5;3;3;2;2;4;4;4;1;1;1;1;2;3;1;1;1;1;1;2;2;-1;-1;1;6;1;6;3;1;1286.9851988
1822;2024Q2;ES709A2;ES709;1;1;67;1;1;1;4;12;-1;-1;-1;1;-1;1;3;-1;-1;-1;-1;-1;-1;1;0;0;0;0;0;1;1;0;0;0;0;1;0;0;0;1;2;3;4;3;3;1;1;6;-9;-9;-9;4;-9;4;4;4;-9;4;3;4;2;2;3;3;4;3;3;3;4;4;2;2;3;3;3;3;3;3;3;4;4;4;3;3;4;3;3;3;3;4;2;3;-1;-1;6;6;5;6;2;3;2087.1324764
1823;2024Q2;ES709A2;ES709;6;2;19;1;1;1;6;13;-1;-1;-1;6;-1;-1;-1;46;1;-9;-1;-1;-1;3;0;1;1;1;1;0;4;2;0;0;0;0;1;0;0;8;-9;-9;-1;-9;-9;-9;-9;6;2;3;2;2;2;-9;5;2;4;2;4;2;4;4;-9;2;2;3;2;2;4;4;4;4;4;4;3;2;3;3;3;3;3;3;3;3;3;3;3;3;3;3;1;1;5;4;-9;6;1;6;3;1;1371.4265871
1824;2024Q2;ES709A2;ES709;6;2;45;1;1;1;7;15;-1;-1;-1;6;-1;-1;-1;45;1;8;-1;-1;-1;2;0;1;0;0;2;0;3;1;0;0;0;1;0;0;0;2;4;3;5;2;2;1;1;6;3;5;2;2;4;4;3;4;3;3;3;3;3;4;1;2;2;3;5;3;2;4;3;4;3;3;3;3;2;2;2;3;3;1;1;2;2;3;3;1;2;3;3;3;-1;-1;6;1;5;6;3;1;951.81566366
1825;2024Q2;ES709A2;ES709;1;1;43;1;1;1;5;1;6;2;8;1;-1;-1;-1;-1;-1;-1;-1;-1;-1;1;0;1;1;1;0;0;3;1;0;0;0;0;1;0;0;6;2;1;5;3;3;3;2;6;2;2;2;5;4;2;5;4;5;2;5;2;4;4;2;4;2;2;2;2;4;4;2;2;4;4;2;2;2;4;3;3;4;3;3;2;3;3;2;2;2;3;1;3;-1;-1;6;6;1;6;-3;1;878.1479295
1826;2024Q2;ES707A0;ES707;1;1;43;1;1;1;5;1;6;1;6;1;-1;-1;-1;-1;-1;-1;-1;-1;-1;2;0;0;1;1;0;0;2;1;1;0;0;0;0;0;0;6;5;5;5;4;4;4;2;6;3;3;4;4;4;2;3;4;4;4;5;5;3;4;3;4;4;4;4;2;3;4;4;2;4;3;4;4;4;4;3;3;4;-3;3;3;2;4;4;4;-3;3;1;2;-1;-1;6;6;1;6;3;3;291.18140563
1827;2024Q2;ES707A0;ES707;6;2;24;1;1;1;5;10;-1;-1;-1;6;-1;-1;-1;27;2;6;-1;-1;-1;2;0;1;1;1;0;0;3;0;1;1;0;0;0;0;0;2;2;2;5;5;4;1;1;6;3;2;4;4;4;3;2;2;4;4;3;3;3;2;2;2;2;4;4;2;2;4;4;2;2;2;4;2;4;4;3;4;4;3;3;3;4;3;4;4;4;2;2;3;-1;-1;6;6;1;6;-3;1;234.11727691
1828;2024Q2;ES707A0;ES707;6;2;74;1;1;1;4;14;-1;-1;-1;6;-1;-1;-1;80;5;-1;-1;1;9;2;0;0;0;0;0;2;2;0;0;0;0;1;0;1;0;4;2;2;6;1;1;1;1;6;-9;4;-9;4;4;4;4;4;4;4;4;2;2;2;2;2;2;4;4;-9;2;4;-9;1;1;-9;2;1;-3;3;3;3;-3;1;-3;-3;-3;-3;-3;-3;-3;-3;3;-9;-1;-1;6;6;5;6;-3;-9;1520.10538
1829;2024Q2;ES707A0;ES707;1;1;49;1;1;1;5;1;6;1;8;6;-1;-1;-1;44;1;5;-1;-1;-1;2;0;0;0;1;1;0;2;2;0;0;0;0;0;0;0;4;3;3;5;5;4;4;2;6;4;3;4;5;5;4;4;3;4;4;5;5;4;4;3;4;4;4;4;4;3;4;4;2;4;3;4;4;5;5;5;5;4;3;3;4;5;5;5;-7;-7;5;2;2;-1;-1;6;6;1;6;3;1;322.37613543
1830;2024Q2;ES707A0;ES707;6;2;72;1;1;1;5;15;-1;-1;-1;1;6;-1;-1;-1;-1;-1;-1;-1;-1;1;0;0;0;0;0;1;1;0;0;1;0;0;0;0;0;1;2;3;-1;4;4;2;1;6;4;4;4;3;2;3;2;3;4;4;4;2;4;4;3;4;4;4;2;4;3;3;4;2;2;4;2;4;4;4;4;4;4;2;4;3;3;4;4;5;5;4;2;2;-1;-1;6;6;5;6;3;2;760.05269001
1831;2024Q2;ES707A0;ES707;6;2;37;1;1;1;5;10;-1;-1;-1;1;-1;1;9;-1;-1;-1;-1;-1;-1;4;0;0;0;2;2;0;4;2;1;0;1;0;0;0;0;2;6;3;6;2;-9;3;2;6;4;4;2;4;4;4;2;4;2;4;2;4;2;4;4;4;4;4;4;4;4;5;3;1;4;2;4;4;3;3;3;3;3;4;4;4;4;4;4;4;4;4;2;1;2;1;1;1;1;6;-3;3;164.38556304
1832;2024Q2;ES707A0;ES707;6;2;44;1;1;1;7;10;-1;-1;-1;6;-1;-1;-1;45;1;7;-1;-1;-1;2;0;2;0;1;1;0;4;1;0;0;1;0;0;0;0;2;3;2;4;5;5;3;1;6;4;4;4;3;2;4;4;3;3;4;4;2;-9;3;4;4;5;4;3;3;4;4;5;4;4;2;4;4;5;5;5;5;3;5;5;5;4;5;3;5;5;5;3;2;-1;-1;6;6;5;6;2;1;82.192781519
1833;2024Q2;ES707A0;ES707;6;2;70;1;1;5;4;12;-1;-1;-1;1;-1;1;5;-1;-1;-1;-1;-1;-1;1;0;0;0;0;0;1;1;0;0;0;0;1;0;0;0;1;2;4;5;2;1;2;1;6;4;4;4;5;4;2;4;4;4;3;3;4;5;2;4;4;4;4;4;4;4;4;2;2;3;3;4;4;3;3;3;4;4;4;4;3;3;3;3;2;3;3;1;3;-1;-1;1;6;5;6;1;3;760.05269001
1834;2024Q2;ES707A0;ES707;6;2;25;1;1;1;7;1;6;1;5;6;-1;-1;-1;76;5;-1;-1;1;6;2;0;0;0;1;0;1;2;1;0;0;0;1;0;0;0;8;2;2;5;4;4;4;1;6;3;4;3;4;4;4;2;4;3;2;2;2;2;4;4;3;3;4;2;3;4;4;4;4;4;3;3;4;2;2;2;1;2;4;2;4;3;2;3;2;2;3;2;2;-1;-1;1;6;5;6;3;1;406.50031518
1835;2024Q2;ES707A0;ES707;6;2;26;1;1;1;5;10;-1;-1;-1;1;-1;1;9;-1;-1;-1;-1;-1;-1;4;0;0;0;2;2;0;4;1;0;2;1;0;0;0;0;5;5;3;6;4;4;3;2;6;4;4;4;4;4;4;4;4;4;2;4;2;4;4;4;4;4;4;4;3;4;4;4;2;3;3;4;4;4;3;3;4;4;4;3;3;4;3;3;2;3;4;1;2;-1;-1;6;6;1;6;4;1;468.23455383
1836;2024Q2;ES707A0;ES707;1;1;29;1;1;1;5;10;-1;-1;-1;6;-1;-1;-1;65;3;-1;-1;1;7;3;0;0;0;1;0;2;3;0;0;2;1;0;0;0;0;2;2;1;5;4;4;3;2;6;4;4;3;4;4;4;5;4;4;4;3;4;3;3;4;4;2;4;3;3;4;4;4;2;3;3;4;3;4;3;4;3;4;4;3;3;4;3;4;2;3;3;2;3;-1;-1;6;1;1;6;3;1;107.27822535
1837;2024Q2;ES707A0;ES707;1;1;28;1;1;1;8;1;6;2;8;1;-1;-1;-1;-1;-1;-1;-1;-1;-1;3;0;0;0;1;2;0;3;2;0;0;0;1;0;0;0;2;3;2;-1;4;3;4;1;6;4;2;2;4;2;4;5;3;5;2;5;3;3;2;2;2;2;2;2;2;2;2;4;4;5;4;2;2;3;3;3;3;3;4;5;3;2;2;2;1;2;3;1;1;1;3;6;6;5;6;5;1;348.82366029
1838;2024Q2;ES707A0;ES707;1;1;27;1;1;1;7;10;-1;-1;-1;6;-1;-1;-1;57;7;-1;1;1;9;3;0;0;0;1;2;0;3;0;0;0;2;0;0;1;0;5;2;2;6;5;4;3;2;6;3;3;3;3;4;4;4;3;4;3;4;3;3;2;3;3;2;2;2;2;4;4;4;3;2;2;2;2;3;3;3;3;4;3;4;3;4;3;4;3;4;4;2;2;-1;-1;6;6;1;6;1;1;107.27822535
1839;2024Q2;ES707A0;ES707;6;2;29;1;1;1;4;10;-1;-1;-1;1;-1;1;9;-1;-1;-1;-1;-1;-1;2;0;4;0;2;0;0;6;0;0;2;0;0;0;0;0;2;2;1;6;3;2;2;2;6;4;4;3;3;4;3;5;3;4;3;3;3;3;4;2;3;3;3;3;3;3;4;4;4;3;3;3;3;4;3;3;3;3;4;3;3;3;3;3;3;3;3;1;2;-1;-1;6;6;1;6;-3;-9;234.11727691
1840;2024Q2;ES707A0;ES707;6;2;55;1;1;1;5;10;-1;-1;-1;1;-1;1;9;-1;-1;-1;-1;-1;-1;3;0;0;0;1;2;0;3;0;0;2;1;0;0;0;0;2;2;2;6;2;2;2;1;6;3;3;3;3;4;2;4;3;4;4;2;3;4;2;4;3;4;4;4;3;4;4;4;4;3;3;4;4;3;3;3;3;3;3;3;3;4;3;3;2;3;4;2;3;-1;-1;6;6;1;6;-3;1;105.55450062
1841;2024Q2;ES707A0;ES707;1;1;18;1;1;1;7;10;-1;-1;-1;6;-1;-1;-1;45;3;-1;-1;1;5;3;0;1;1;0;2;0;4;0;1;1;1;0;0;0;0;2;3;2;5;4;4;3;3;6;4;4;4;4;4;4;2;4;2;4;2;4;2;2;4;4;4;4;4;3;4;4;2;2;2;2;2;4;4;4;5;5;5;5;4;-3;4;4;4;4;4;4;2;2;-1;-1;1;6;1;6;3;3;107.27822535
1842;2024Q2;ES707A0;ES707;1;1;34;1;1;1;5;1;6;1;9;1;-1;-1;-1;-1;-1;-1;-1;-1;-1;2;0;0;0;1;1;0;2;2;0;0;0;0;0;0;0;6;4;4;6;4;3;2;2;6;4;4;3;5;4;3;5;2;4;4;2;3;2;2;4;4;2;2;2;4;4;4;2;3;3;3;3;4;3;3;3;4;4;4;3;3;-3;4;3;3;3;4;2;3;-1;-1;6;6;1;6;4;1;232.54910686
1843;2024Q2;ES707A0;ES707;6;2;59;1;1;1;4;10;-1;-1;-1;1;-1;1;9;-1;-1;-1;-1;-1;-1;2;0;0;0;1;1;0;2;0;0;1;1;0;0;0;0;6;1;1;6;3;3;1;1;6;2;4;4;3;2;2;2;4;2;2;2;2;1;1;2;4;2;4;4;2;4;4;1;2;4;4;4;4;1;1;1;2;2;2;2;3;3;3;3;1;3;3;1;1;5;4;6;6;1;6;5;1;70.369667082
1844;2024Q2;ES707A0;ES707;6;2;62;1;1;1;5;10;-1;-1;-1;1;-1;1;9;-1;-1;-1;-1;-1;-1;2;0;0;0;1;1;0;2;0;0;0;2;0;0;0;0;8;2;2;6;3;3;2;2;6;3;4;4;4;2;4;4;4;4;4;4;4;3;4;4;4;4;5;5;4;5;4;4;2;5;2;1;4;3;4;2;3;4;3;3;4;4;3;3;3;4;4;3;2;-1;-1;1;1;5;6;1;1;70.369667082
1845;2024Q2;ES707A0;ES707;1;1;58;1;1;1;5;10;-1;-1;-1;1;-1;1;6;-1;-1;-1;-1;-1;-1;1;0;0;0;0;1;0;1;0;0;0;1;0;0;0;0;1;2;3;5;3;2;2;1;6;2;4;3;4;4;1;4;4;4;2;4;1;4;4;2;2;4;4;4;2;2;4;4;5;4;4;4;2;3;3;3;4;3;2;2;3;3;2;2;1;3;2;2;1;3;3;1;1;1;6;5;1;78.791077141
1846;2024Q2;ES707A0;ES707;6;2;53;3;3;3;8;1;6;1;2;1;-1;-1;-1;-1;-1;-1;-1;-1;-1;3;0;0;1;0;2;0;3;2;0;0;1;0;0;0;0;2;3;2;2;3;4;4;2;6;4;4;3;4;4;1;4;4;4;4;4;4;2;4;4;4;4;4;4;4;4;4;2;4;4;2;2;4;4;4;4;3;3;3;4;4;3;3;3;3;4;3;2;2;-1;-1;6;6;3;6;4;1;1028.9588586
1847;2024Q2;ES707A0;ES707;1;1;57;3;1;5;5;2;1;1;7;6;-1;-1;-1;53;1;2;-1;-1;-1;3;0;2;1;0;2;0;5;2;0;0;0;0;1;0;0;2;5;2;2;3;3;2;1;6;3;4;3;2;4;4;2;3;4;2;2;2;4;2;4;2;2;2;2;2;2;2;4;2;2;2;2;2;3;3;3;3;3;3;3;3;3;3;3;3;3;3;1;1;5;3;1;1;5;6;3;1;477.91866636
1848;2024Q2;ES707A0;ES707;1;1;56;1;1;1;6;10;-1;-1;-1;6;-1;-1;-1;80;5;-1;-1;1;6;3;0;0;0;0;1;2;3;0;0;0;1;2;0;0;0;2;3;2;5;5;3;3;1;6;4;3;3;4;4;3;4;3;4;3;3;2;2;2;4;4;4;4;4;4;4;4;2;2;3;3;4;4;4;4;4;4;4;3;4;3;4;-3;-3;2;3;4;3;2;-1;-1;1;1;1;6;1;2;236.37323142
1849;2024Q2;ES707A0;ES707;1;1;63;1;1;1;5;10;-1;-1;-1;1;-1;1;7;-1;-1;-1;-1;-1;-1;2;1;1;0;1;1;0;4;0;1;1;0;0;0;0;0;2;2;1;5;3;4;3;3;1;4;4;4;5;4;2;2;3;2;4;2;4;2;2;4;4;4;4;4;3;4;4;2;2;2;2;4;4;4;4;4;4;4;5;3;3;4;4;4;4;4;4;3;3;-1;-1;1;1;1;6;3;3;157.58215428
1850;2024Q2;ES707A0;ES707;1;1;65;1;1;1;5;12;-1;-1;-1;1;-1;1;7;-1;-1;-1;-1;-1;-1;4;0;0;0;1;1;2;4;1;0;1;0;2;0;0;0;2;4;2;5;3;3;3;2;1;4;4;4;4;4;3;2;3;2;4;3;4;2;2;4;4;4;4;4;4;4;4;2;4;4;4;4;4;3;3;3;3;2;2;2;3;3;3;3;2;3;3;2;2;-1;-1;6;6;1;6;2;1;1322.2415353
1851;2024Q2;ES707A0;ES707;1;1;45;1;1;1;3;1;6;2;5;1;-1;-1;-1;-1;-1;-1;-1;-1;-1;2;0;0;0;0;2;0;2;2;0;0;0;0;0;0;0;4;4;4;5;4;4;3;1;6;3;5;4;5;5;2;5;3;3;4;2;2;2;2;4;2;3;3;4;2;3;4;5;3;4;3;3;4;2;3;3;3;3;2;4;2;3;1;1;5;3;1;2;1;1;2;6;6;1;6;4;1;322.37613543
1852;2024Q2;ES707A0;ES707;6;2;58;1;1;5;5;10;-1;-1;-1;6;-1;-1;-1;80;7;-1;6;-1;-1;2;0;0;0;0;1;1;2;0;0;1;0;0;0;1;0;6;2;2;-1;1;2;2;2;6;4;4;4;2;4;2;2;2;2;4;2;4;2;2;4;4;4;4;4;4;4;4;2;2;2;2;2;2;4;3;4;4;4;4;3;4;4;4;4;4;4;4;3;1;5;3;1;1;5;6;4;1;70.369667082
1853;2024Q2;ES707A0;ES707;6;2;51;1;1;1;5;1;1;1;5;1;-1;-1;-1;-1;-1;-1;-1;-1;-1;1;0;0;0;0;1;0;1;1;0;0;0;0;0;0;0;1;3;5;4;3;2;2;2;6;4;4;3;4;4;4;5;3;4;4;2;4;4;4;4;4;4;4;4;3;4;4;4;2;4;4;4;4;3;3;4;4;4;2;2;3;3;4;4;3;3;4;2;3;-1;-1;6;6;3;6;4;1;114.35626269
1854;2024Q2;ES707A0;ES707;1;1;67;1;1;5;6;12;-1;-1;-1;1;-1;1;9;-1;-1;-1;-1;-1;-1;2;0;0;0;0;1;1;2;1;0;0;0;1;0;0;0;4;5;5;6;4;3;1;3;6;4;4;4;4;4;2;4;4;4;4;4;4;4;4;4;4;4;4;4;4;4;4;2;4;4;4;4;4;4;4;4;4;4;3;4;4;4;3;3;3;4;3;1;2;-1;-1;6;6;5;1;4;3;661.12076763
1855;2024Q2;ES707A0;ES707;1;1;33;1;1;1;5;10;-1;-1;-1;6;-1;-1;-1;65;5;-1;-1;1;9;3;0;0;0;1;0;2;3;0;0;0;1;2;0;0;0;2;3;2;6;3;3;3;1;6;3;3;3;3;3;2;4;3;4;3;3;2;3;2;4;3;2;3;2;2;3;4;4;4;4;4;2;3;3;3;4;4;3;4;3;-3;3;3;3;2;3;3;2;3;-1;-1;6;6;1;6;4;1;107.27822535
1856;2024Q2;ES707A0;ES707;6;2;53;2;1;5;5;10;-1;-1;-1;1;-1;1;9;-1;-1;-1;-1;-1;-1;1;0;0;0;0;1;0;1;0;0;1;0;0;0;0;0;1;1;2;6;2;2;2;2;6;4;5;4;5;5;4;2;4;1;4;1;4;2;2;4;4;4;5;4;4;4;4;4;4;4;4;4;4;4;3;3;3;3;3;1;3;3;-3;5;3;3;3;1;1;1;4;6;1;5;6;2;1;35.184833541
1857;2024Q2;ES707A0;ES707;1;1;22;1;1;1;6;10;-1;-1;-1;6;-1;-1;-1;50;1;9;-1;-1;-1;2;0;0;1;0;1;0;2;1;0;0;1;0;0;0;0;6;3;3;6;5;4;4;2;6;4;4;3;4;4;4;2;4;4;4;2;4;3;2;4;4;2;4;2;2;4;4;4;4;4;4;2;2;3;3;3;4;4;4;4;3;5;4;4;3;3;3;2;1;3;4;1;1;5;6;5;3;71.518816898
1858;2024Q2;ES707A0;ES707;1;1;75;3;2;5;8;12;-1;-1;-1;1;-1;1;7;-1;-1;-1;-1;-1;-1;2;0;0;0;0;0;2;2;0;0;0;0;2;0;0;0;4;6;5;5;3;2;2;1;6;1;2;1;2;1;5;5;5;5;2;5;2;3;5;3;4;1;1;2;2;3;4;5;4;5;5;2;1;-3;3;-3;3;3;4;3;2;2;3;3;2;3;3;2;1;3;2;1;6;5;6;5;1;1600.1065255
1859;2024Q2;ES707A0;ES707;6;2;29;3;2;5;9;6;-1;-1;2;1;-1;-1;-1;-1;-1;-1;-1;-1;-1;2;0;0;0;2;0;0;2;1;1;0;0;0;0;0;0;4;7;6;1;5;4;4;3;-9;4;4;4;4;4;5;5;5;5;4;5;3;3;4;3;4;3;3;3;5;4;5;1;5;5;4;3;2;-3;4;-3;2;4;5;4;3;4;4;4;1;4;4;1;1;5;2;1;6;5;6;4;1;863.76036223
1860;2024Q2;ES707A0;ES707;6;2;37;1;1;1;5;7;-1;-1;7;1;-1;-1;-1;-1;-1;-1;-1;-1;-1;1;0;1;0;1;0;0;2;0;1;0;0;0;0;0;0;6;2;2;4;4;4;3;3;1;4;4;3;4;4;4;5;4;4;4;4;4;3;3;4;4;4;4;4;4;4;4;4;4;3;5;3;2;4;3;4;4;4;4;3;3;3;-3;-3;2;3;3;2;3;-1;-1;6;6;4;1;5;1;127.28790989
1861;2024Q2;ES707A0;ES707;6;2;59;1;1;1;5;10;-1;-1;-1;1;-1;2;5;-1;-1;-1;-1;-1;-1;4;0;0;0;2;2;0;4;0;0;0;3;1;0;0;0;2;2;1;3;5;5;4;4;1;4;4;3;4;4;3;4;3;4;4;2;4;2;4;3;4;4;2;3;2;3;4;3;2;4;4;2;2;3;3;4;4;3;3;3;2;2;2;2;3;3;3;2;2;-1;-1;6;6;5;1;5;3;140.73933416
1862;2024Q2;ES707A0;ES707;6;2;50;1;1;1;10;2;1;2;2;1;-1;-1;-1;-1;-1;-1;-1;-1;-1;1;0;1;0;0;1;0;2;1;0;0;0;0;0;0;0;6;4;4;1;4;2;3;2;6;2;4;2;4;2;5;5;2;5;1;5;2;5;5;2;2;2;4;4;2;4;4;5;5;5;5;2;2;2;1;2;3;2;3;3;3;2;1;1;1;2;1;3;2;-1;-1;6;6;1;1;4;1;114.35626269
1863;2024Q2;ES703A0;ES703;1;1;41;3;1;5;9;2;6;2;2;1;-1;-1;-1;-1;-1;-1;-1;-1;-1;2;0;2;0;2;0;0;4;2;0;0;0;0;0;0;0;2;7;4;2;4;4;3;2;6;4;5;4;5;5;5;5;4;3;3;4;3;5;4;4;4;4;4;4;4;4;4;5;4;4;4;3;3;4;4;4;4;4;4;4;3;3;3;3;4;4;3;2;3;-1;-1;6;6;5;6;4;3;63.632410684
1864;2024Q2;ES703A0;ES703;6;2;24;1;1;1;9;2;6;1;-9;6;-1;-1;-1;70;2;-9;-1;-1;-1;3;0;0;1;0;1;1;3;1;1;0;0;1;0;0;0;8;-9;-9;-1;4;3;2;2;6;3;3;3;3;3;3;3;2;3;3;2;2;4;4;4;2;3;4;4;4;3;4;4;4;1;2;4;4;4;4;4;3;1;4;3;4;3;1;4;3;4;4;2;2;-1;-1;6;6;1;6;3;-9;18.212784706
1865;2024Q2;ES703A0;ES703;1;1;43;1;1;1;5;1;6;2;6;1;-1;-1;-1;-1;-1;-1;-1;-1;-1;4;0;1;3;2;0;0;6;3;0;0;0;0;2;0;0;2;5;2;5;5;3;2;1;6;2;2;2;2;2;5;5;4;4;1;4;2;4;3;3;2;2;3;2;2;2;3;5;5;5;5;2;2;3;3;3;2;3;3;3;3;4;2;3;2;3;1;3;1;5;4;6;6;5;6;5;1;127.26482137
1866;2024Q2;ES703A0;ES703;6;2;46;1;1;1;7;1;1;1;9;1;-1;-1;-1;-1;-1;-1;-1;-1;-1;2;0;1;1;0;2;0;4;1;0;0;1;1;0;0;0;7;5;3;6;4;4;2;2;6;5;4;3;4;4;3;4;4;4;4;2;2;2;2;4;2;3;4;4;3;5;4;4;2;4;4;2;2;3;4;2;3;2;2;3;3;2;2;1;2;2;3;2;3;-1;-1;6;6;4;6;4;1;21.863997231
1867;2024Q2;ES703A0;ES703;1;1;27;1;1;1;7;1;6;2;7;6;-1;-1;-1;56;1;9;-1;-1;-1;4;0;0;1;1;1;1;4;2;0;1;0;0;0;0;1;8;5;3;6;5;4;4;4;1;3;4;3;4;4;4;5;4;5;4;4;4;2;4;3;2;4;3;3;4;3;4;2;4;2;4;4;2;4;3;4;3;4;4;3;3;3;3;3;3;3;3;2;3;-1;-1;6;6;1;6;5;1;136.01944781
1868;2024Q2;ES703A0;ES703;1;1;45;2;1;4;8;1;6;2;9;1;-1;-1;-1;-1;-1;-1;-1;-1;-1;1;0;0;0;0;1;0;1;1;0;0;0;0;0;0;0;1;3;5;6;4;2;2;2;6;4;1;3;4;4;3;5;3;3;3;3;3;3;3;3;4;4;5;5;3;4;5;5;4;3;4;4;3;3;4;4;3;4;3;3;3;4;3;3;3;4;3;2;1;5;4;1;6;4;6;3;1;24.730403664
1869;2024Q2;ES703A0;ES703;6;2;57;1;1;1;4;10;-1;-1;-1;1;-1;1;5;-1;-1;-1;-1;-1;-1;2;0;0;1;0;1;0;2;0;0;1;1;0;0;0;0;6;1;1;5;3;2;3;2;6;3;2;2;3;3;2;5;4;5;3;2;2;2;3;3;4;4;3;2;3;3;4;3;4;3;4;3;1;3;3;3;3;4;3;3;-3;-3;3;3;2;3;2;3;2;-1;-1;6;6;5;6;4;1;8.5594012204
1870;2024Q2;ES703A0;ES703;1;1;44;3;1;5;7;10;-1;-1;-1;1;-1;2;7;-1;-1;-1;-1;-1;-1;1;0;1;0;1;0;0;2;0;0;0;1;0;0;0;0;6;2;2;5;4;3;2;4;6;4;2;3;4;2;3;3;4;4;4;3;3;4;4;3;4;4;4;2;3;4;4;4;2;4;3;4;4;4;4;4;2;3;3;3;4;-3;4;-3;4;3;3;1;2;-1;-1;6;6;5;6;3;1;4.2797006102
1871;2024Q2;ES703A0;ES703;1;1;62;1;1;1;4;2;6;2;8;1;-1;-1;-1;-1;-1;-1;-1;-1;-1;2;0;0;0;0;2;0;2;1;0;0;0;1;0;0;0;4;3;3;5;3;3;3;3;6;3;2;2;4;4;4;4;4;4;4;2;2;2;2;2;2;2;2;2;2;2;2;2;2;2;2;-9;2;1;1;2;2;1;3;2;1;4;-3;2;2;3;1;2;2;-1;-1;6;6;1;6;-3;-9;49.020815245
1872;2024Q2;ES703A0;ES703;6;2;79;1;1;1;4;12;-1;-1;-1;1;-1;1;5;-1;-1;-1;-1;-1;-1;1;0;0;0;0;0;1;1;0;0;0;0;1;0;0;0;1;3;5;5;3;3;3;3;6;4;5;5;5;5;4;4;5;4;4;4;4;2;4;4;4;2;5;5;4;5;5;4;2;2;2;2;4;4;4;4;4;4;4;4;4;3;4;4;3;4;4;1;1;5;4;1;1;5;1;1;3;76.973528346
1873;2024Q2;ES703A0;ES703;1;1;58;1;1;1;5;1;6;1;7;1;-1;-1;-1;-1;-1;-1;-1;-1;-1;2;0;0;0;0;2;0;2;2;0;0;0;0;0;0;0;4;4;4;5;5;5;3;2;6;4;4;4;4;4;4;3;4;4;4;4;3;3;4;4;4;4;3;4;4;2;4;4;3;3;4;4;4;4;4;4;4;3;4;3;3;4;4;4;4;2;2;2;3;-1;-1;6;6;5;6;3;1;49.020815245
1874;2024Q2;ES703A0;ES703;1;1;61;1;1;1;3;12;-1;-1;-1;1;-1;1;7;-1;-1;-1;-1;-1;-1;2;0;0;0;0;2;0;2;0;0;0;0;1;0;1;0;4;1;1;5;3;2;2;2;6;4;4;4;4;4;4;4;4;4;4;4;4;4;4;5;4;4;4;4;4;4;4;4;2;4;4;4;4;3;3;3;3;3;4;4;4;4;3;3;3;3;4;3;3;-1;-1;6;6;1;6;2;3;101.52350606
1875;2024Q2;ES703A0;ES703;6;2;27;3;1;5;8;1;6;1;5;1;-1;-1;-1;-1;-1;-1;-1;-1;-1;1;1;0;0;1;0;0;2;1;0;0;0;0;0;0;0;6;2;2;5;3;3;3;3;6;4;4;4;4;4;4;4;4;4;4;4;4;4;4;4;4;4;4;4;4;4;4;4;4;4;4;4;4;4;4;5;4;5;3;3;3;2;3;3;2;2;2;2;3;-1;-1;6;6;5;6;4;1;6.0709282354
1876;2024Q2;ES703A0;ES703;1;1;72;1;1;5;6;12;-1;-1;-1;1;-1;1;3;-1;-1;-1;-1;-1;-1;2;0;0;0;0;0;2;2;0;0;0;0;2;0;0;0;4;2;2;3;3;2;1;2;6;4;4;2;2;2;2;4;2;4;2;5;2;5;2;1;1;2;5;2;2;4;4;5;4;4;5;1;1;3;3;3;2;3;2;3;3;4;2;1;3;3;2;2;3;-1;-1;1;6;4;6;3;3;268.31480347
1877;2024Q2;ES703A0;ES703;1;1;54;3;1;5;10;2;1;2;1;1;-1;-1;-1;-1;-1;-1;-1;-1;-1;2;0;0;0;0;2;0;2;1;0;0;0;1;0;0;0;4;7;6;1;4;2;1;1;6;4;4;4;4;4;4;4;2;2;4;4;2;4;2;4;4;4;4;4;2;4;4;4;4;4;4;4;2;3;1;3;3;4;3;3;2;2;1;3;3;3;3;2;1;5;4;1;6;5;6;3;1;49.460807328
1878;2024Q2;ES703A0;ES703;6;2;44;1;1;1;8;2;6;2;4;1;-1;-1;-1;-1;-1;-1;-1;-1;-1;2;0;2;0;1;1;0;4;2;0;0;0;0;0;0;0;2;6;3;3;3;2;2;3;1;4;4;3;4;4;3;3;4;2;2;2;2;2;2;4;2;2;2;2;4;4;4;2;2;2;2;4;2;4;4;4;4;4;4;4;4;4;4;4;4;4;4;2;3;-1;-1;6;6;1;6;4;3;69.853547311
1879;2024Q2;ES703A0;ES703;6;2;43;1;1;1;9;2;6;2;5;1;-1;-1;-1;-1;-1;-1;-1;-1;-1;2;0;2;0;1;1;0;4;2;0;0;0;0;0;0;0;2;5;3;5;3;4;4;2;6;4;4;4;4;4;4;4;4;4;3;4;1;4;4;2;2;2;4;4;4;4;4;4;4;4;4;4;3;3;3;3;3;3;3;3;3;3;3;3;3;3;3;2;2;-1;-1;6;6;5;1;4;3;69.853547311
1880;2024Q2;ES703A0;ES703;1;1;39;1;1;1;3;1;6;1;9;1;-1;-1;-1;-1;-1;-1;-1;-1;-1;1;0;0;0;1;0;0;1;1;0;0;0;0;0;0;0;1;3;5;6;3;3;2;2;6;4;4;3;4;4;2;3;4;2;4;2;4;3;2;4;4;4;4;4;3;3;4;4;4;4;4;4;3;3;3;3;2;3;2;3;3;3;2;2;1;3;2;1;1;5;3;6;6;3;6;4;1;31.816205342
1881;2024Q2;ES703A0;ES703;6;2;76;1;1;1;3;14;-1;-1;-1;6;-1;-1;-1;80;5;-1;-1;1;9;2;0;0;0;0;0;2;2;0;0;0;0;1;0;1;0;4;2;2;6;4;3;3;1;6;4;4;4;3;3;4;4;3;3;4;2;3;2;2;4;4;4;3;3;2;4;4;2;3;3;3;4;4;3;3;4;4;4;3;3;-3;-3;-3;-3;2;3;3;2;3;-1;-1;6;6;5;6;2;1;153.94705669
1882;2024Q2;ES703A0;ES703;1;1;49;1;1;1;5;1;6;1;7;1;-1;-1;-1;-1;-1;-1;-1;-1;-1;2;0;0;0;0;1;1;2;1;0;0;0;1;0;0;0;6;4;4;5;4;4;3;1;6;3;4;4;4;4;4;4;2;4;4;4;2;4;4;4;2;2;2;4;4;4;4;4;2;4;2;2;2;3;2;3;2;2;2;2;3;3;2;2;2;2;2;3;2;-1;-1;6;6;1;6;5;1;49.460807328
1883;2024Q2;ES703A0;ES703;1;1;57;1;1;5;4;2;1;2;3;1;-1;-1;-1;-1;-1;-1;-1;-1;-1;2;0;0;1;0;2;0;3;2;0;0;0;0;1;0;0;2;3;2;3;5;3;3;1;6;4;3;2;4;4;4;5;4;5;2;5;4;4;4;3;4;4;3;3;3;3;4;5;5;5;5;3;2;1;1;-3;1;-3;3;2;-3;2;2;2;1;2;1;3;1;1;2;6;6;5;6;5;1;49.020815245
1884;2024Q2;ES703A0;ES703;6;2;80;1;1;1;3;12;-1;-1;-1;1;-1;2;5;-1;-1;-1;-1;-1;-1;4;0;0;0;0;2;2;4;1;0;0;0;3;0;0;0;8;7;4;3;5;4;4;2;6;5;5;3;5;5;3;5;5;2;3;2;4;4;2;5;5;5;4;4;5;5;5;2;3;4;4;3;3;4;4;4;4;4;4;4;5;5;5;5;2;4;2;2;2;-1;-1;1;6;5;6;2;1;307.89411338
1885;2024Q2;ES703A0;ES703;6;2;70;1;1;1;4;12;-1;-1;-1;1;-1;1;9;-1;-1;-1;-1;-1;-1;2;0;0;0;0;0;2;2;0;0;0;0;2;0;0;0;4;1;1;6;-9;-9;2;2;6;4;2;4;2;2;2;2;4;2;-9;2;2;2;2;4;2;2;2;2;4;2;4;2;4;1;4;5;2;2;3;3;3;3;3;-3;3;2;3;-3;3;-3;3;3;-9;-1;-1;6;6;1;6;1;1;153.94705669
1886;2024Q2;ES703A0;ES703;1;1;50;1;1;5;10;2;1;2;2;1;-1;-1;-1;-1;-1;-1;-1;-1;-1;1;0;0;0;0;1;0;1;1;0;0;0;0;0;0;0;1;6;6;1;5;4;3;1;6;5;4;4;5;4;3;5;4;5;3;5;3;4;4;3;4;4;1;4;3;3;4;4;4;5;5;2;2;4;3;2;1;3;1;3;3;2;1;1;2;2;1;1;1;5;4;1;6;4;6;4;1;24.730403664
1887;2024Q2;ES703A0;ES703;1;1;59;1;1;1;3;10;-1;-1;-1;1;-1;2;7;-1;-1;-1;-1;-1;-1;1;0;0;0;0;1;0;1;0;0;0;1;0;0;0;0;1;1;1;5;1;1;2;1;6;2;2;2;2;2;2;4;4;2;4;2;4;2;2;2;2;4;2;2;2;4;4;2;2;3;3;4;4;4;4;4;4;4;4;3;3;4;3;3;3;3;3;3;3;-1;-1;6;6;1;6;2;2;4.2797006102
1888;2024Q2;ES703A0;ES703;1;1;54;2;1;5;10;7;-1;-1;2;1;-1;-1;-1;-1;-1;-1;-1;-1;-1;1;0;0;0;0;1;0;1;0;1;0;0;0;0;0;0;1;6;6;1;4;3;2;1;6;5;4;4;4;4;4;5;4;5;4;4;4;4;4;3;4;4;4;4;3;4;4;2;2;3;3;4;4;4;4;4;4;5;4;4;4;4;4;4;4;4;5;2;1;3;4;1;6;5;6;5;3;24.730403664
1889;2024Q2;ES703A0;ES703;6;2;49;1;1;1;5;1;1;2;5;1;-1;-1;-1;-1;-1;-1;-1;-1;-1;1;0;0;0;0;1;0;1;1;0;0;0;0;0;0;0;1;3;5;3;2;1;2;2;6;4;4;2;4;4;4;2;3;3;3;3;3;3;3;3;3;3;3;3;3;3;3;3;3;3;3;3;3;1;1;1;1;3;1;1;1;1;1;1;1;1;1;2;1;5;3;1;1;3;6;1;1;10.931998615
1890;2024Q2;ES703A0;ES703;6;2;53;3;1;5;6;2;6;1;9;1;-1;-1;-1;-1;-1;-1;-1;-1;-1;2;0;1;0;0;2;0;3;2;0;0;0;0;0;0;0;2;3;2;6;4;3;3;2;6;4;4;3;4;4;3;4;4;3;4;2;4;3;2;3;4;4;2;4;4;4;4;4;4;4;3;3;4;3;3;4;3;4;4;4;3;3;3;4;4;4;3;1;2;-1;-1;1;6;5;6;3;-9;21.863997231
1891;2024Q2;ES703A0;ES703;1;1;41;2;1;5;9;2;1;2;2;1;-1;-1;-1;-1;-1;-1;-1;-1;-1;2;0;2;0;2;0;0;4;2;0;0;0;0;0;0;0;2;7;5;1;5;4;3;1;6;3;2;4;4;2;5;4;2;3;2;5;2;2;4;2;3;3;2;4;2;3;4;4;3;5;4;2;2;4;4;2;1;3;4;4;1;2;3;4;1;4;1;2;1;2;3;1;6;5;6;4;1;63.632410684
1892;2024Q2;ES703A0;ES703;1;1;48;1;1;1;5;10;-1;-1;-1;6;-1;-1;-1;37;1;5;-1;-1;-1;2;1;1;0;1;1;0;4;1;0;1;0;0;0;0;0;2;4;2;5;3;3;3;2;6;3;4;4;4;4;4;4;4;4;4;4;4;4;4;4;4;3;4;4;4;4;4;4;4;4;4;4;4;3;3;3;2;4;3;3;3;3;2;2;2;3;3;3;2;-1;-1;6;6;4;6;3;2;8.5594012204
1893;2024Q2;ES706A0;ES706;6;2;50;2;1;5;5;10;-1;-1;-1;1;-1;1;6;-1;-1;-1;-1;-1;-1;1;0;0;0;0;1;0;1;0;0;1;0;0;0;0;0;1;2;3;5;5;4;3;1;6;4;3;5;4;5;5;4;4;4;5;5;4;5;3;4;3;4;4;2;3;4;4;5;4;4;3;4;5;5;5;5;4;5;2;5;-3;5;-3;2;5;4;4;1;2;-1;-1;6;6;5;6;3;1;12.087662231
1894;2024Q2;ES706A0;ES706;6;2;44;1;1;1;5;10;-1;-1;-1;6;-1;-1;-1;51;1;5;-1;-1;-1;2;0;1;0;1;1;0;3;1;0;0;1;0;0;0;0;2;2;2;5;4;4;3;2;6;4;5;4;4;2;2;4;4;4;5;5;3;5;4;5;4;4;4;2;4;4;4;4;5;2;4;4;4;5;5;4;3;5;5;5;5;5;5;5;5;4;4;2;2;-1;-1;1;6;5;6;2;3;38.035990913
1895;2024Q2;ES706A0;ES706;6;3;54;2;1;5;8;7;-1;-1;3;1;-1;-1;-1;-1;-1;-1;-1;-1;-1;2;0;0;0;0;1;1;2;0;1;0;0;1;0;0;0;8;3;3;3;5;5;5;5;-9;5;5;5;5;5;3;4;3;5;5;4;4;2;2;4;4;4;3;4;3;5;5;5;3;3;3;3;3;-3;2;3;3;4;3;2;4;3;4;4;2;-3;3;1;3;-1;-1;6;6;5;6;5;1;68.548241289
1896;2024Q2;ES706A0;ES706;6;2;63;3;1;1;5;12;-1;-1;-1;6;-1;-1;-1;78;5;-1;-1;-9;-1;2;0;0;0;0;1;1;2;0;0;0;0;2;0;0;0;4;2;2;-1;5;5;4;-9;6;4;3;-9;4;4;3;4;4;4;4;3;4;2;3;4;4;3;4;4;3;3;4;4;4;3;3;3;3;5;3;4;4;4;3;3;-7;-7;4;4;3;3;4;3;2;-1;-1;1;-9;5;6;5;3;207.1178678
1897;2024Q2;ES706A0;ES706;6;2;53;3;2;5;5;7;-1;-1;5;1;-1;-1;-1;-1;-1;-1;-1;-1;-1;1;0;0;0;0;1;0;1;0;1;0;0;0;0;0;0;1;4;6;3;5;5;5;5;1;2;2;-9;4;4;4;5;4;5;4;4;4;2;4;2;4;4;4;4;4;4;4;4;4;5;5;2;2;-3;2;3;1;3;1;2;2;3;-3;1;2;3;2;2;1;3;2;1;6;5;6;5;1;34.274120644
1898;2024Q2;ES706A0;ES706;6;2;63;3;1;5;6;15;-1;-1;-1;1;1;1;4;-1;-1;-1;-1;-1;-1;1;0;0;0;0;1;0;1;0;0;0;0;1;0;0;0;1;-9;-9;3;4;4;4;2;6;4;4;4;2;4;4;4;4;4;2;2;4;4;2;4;4;4;3;3;1;2;4;3;3;3;3;4;4;1;1;1;3;1;4;3;2;1;2;3;1;3;3;1;2;-1;-1;6;6;5;6;1;1;103.5589339
1899;2024Q2;ES706A0;ES706;6;2;48;3;1;5;8;10;-1;-1;-1;6;-1;-1;-1;47;3;-1;-1;1;2;2;0;1;0;0;2;0;3;0;0;1;1;0;0;0;0;2;3;2;1;5;5;5;1;6;2;2;2;2;2;4;5;2;4;2;4;3;4;4;2;2;2;2;2;2;2;3;5;5;4;4;2;2;1;1;2;1;4;1;1;-3;1;1;2;1;1;1;3;1;2;-9;1;6;5;6;5;1;24.175324461
1900;2024Q2;ES706A0;ES706;6;2;45;3;3;5;10;10;-1;-1;-1;6;-1;-1;-1;43;1;5;-1;-1;-1;2;0;2;1;1;1;0;5;1;0;0;1;0;1;0;0;2;5;2;5;4;4;3;3;6;3;4;2;4;5;2;5;4;2;4;3;4;2;2;4;4;4;3;2;4;4;4;2;2;4;4;3;4;4;4;4;4;4;4;4;3;3;3;4;3;4;3;2;3;-1;-1;6;6;5;6;1;1;24.175324461
1901;2024Q2;ES706A0;ES706;1;1;47;1;1;1;5;10;-1;-1;-1;6;-1;-1;-1;80;5;-1;-1;2;5;5;0;1;0;0;3;2;6;2;0;0;1;2;0;0;0;8;4;2;3;4;4;3;2;6;4;4;3;5;4;2;2;3;2;5;2;4;4;3;4;4;4;4;4;3;4;4;2;2;3;3;4;4;3;3;4;4;4;4;3;3;4;3;3;3;3;3;2;3;-1;-1;6;6;1;6;3;3;184.71004023
1902;2024Q2;ES706A0;ES706;6;2;26;3;1;4;6;1;6;2;9;1;-1;-1;-1;-1;-1;-1;-1;-1;-1;1;1;0;0;1;0;0;2;1;0;0;0;0;0;0;0;6;2;2;6;4;4;5;5;1;3;3;3;3;3;4;4;3;4;2;3;2;2;3;4;3;3;2;3;2;4;4;4;4;4;3;2;2;5;4;3;1;3;1;3;3;3;4;3;1;3;3;3;2;-1;-1;1;6;4;6;4;1;104.90760232
1903;2024Q2;ES706A0;ES706;6;2;60;1;1;5;8;1;1;1;4;1;-1;-1;-1;-1;-1;-1;-1;-1;-1;1;0;0;0;0;1;0;1;1;0;0;0;0;0;0;0;1;3;5;3;5;4;4;4;1;4;4;4;4;4;3;3;4;4;4;4;3;4;2;4;4;4;4;4;2;4;4;4;4;2;3;4;4;5;2;5;5;5;3;5;3;5;4;5;5;-3;5;1;1;5;1;1;6;5;1;3;1;30.04161044
1904;2024Q2;ES706A0;ES706;6;2;55;3;2;5;6;1;6;1;5;6;-1;-1;-1;61;3;-1;-1;2;6;2;0;1;0;0;2;0;3;1;0;1;0;0;0;0;0;2;5;3;5;4;4;4;2;6;2;2;2;4;2;4;4;4;4;2;2;2;4;2;4;4;4;4;4;4;4;4;4;4;4;4;2;2;3;3;4;3;4;3;3;3;3;3;3;3;3;3;3;3;-1;-1;6;6;4;6;5;1;60.08322088
1905;2024Q2;ES706A0;ES706;1;1;61;1;1;1;4;1;1;1;3;1;-1;-1;-1;-1;-1;-1;-1;-1;-1;4;0;1;3;0;2;0;6;1;3;0;0;0;1;0;0;2;7;4;4;3;3;3;3;1;4;4;4;4;-9;4;4;4;4;4;4;2;4;2;4;4;4;4;4;4;2;4;2;2;4;2;4;4;3;3;3;1;3;3;3;3;3;3;3;3;3;3;2;2;-1;-1;6;6;5;6;2;3;383.26948276
1906;2024Q2;ES706A0;ES706;6;2;46;1;1;1;8;1;6;1;9;1;-1;-1;-1;-1;-1;-1;-1;-1;-1;4;0;0;2;0;1;1;4;1;0;0;0;1;2;0;0;7;4;2;6;5;5;5;5;1;2;4;2;3;2;4;5;4;4;2;4;2;2;2;3;3;4;3;2;3;4;4;5;4;4;4;4;2;2;3;3;3;3;3;3;3;-7;2;1;1;2;2;2;3;-1;-1;6;6;1;1;5;1;137.09648258
1907;2024Q2;ES706A0;ES706;1;1;54;1;1;1;5;10;-1;-1;-1;1;-1;1;9;-1;-1;-1;-1;-1;-1;1;0;0;0;0;1;0;1;0;0;1;0;0;0;0;0;1;1;2;6;2;2;2;2;6;4;4;4;4;4;2;4;4;4;4;4;4;2;2;4;4;4;4;4;4;4;2;4;2;2;2;4;4;4;4;4;4;4;4;4;5;4;4;4;4;4;4;3;2;-1;-1;6;6;1;6;-3;3;36.942008046
1908;2024Q2;ES706A0;ES706;1;1;54;1;1;1;3;10;-1;-1;-1;1;-1;1;9;-1;-1;-1;-1;-1;-1;1;0;0;0;0;1;0;1;0;0;1;0;0;0;0;0;1;1;2;6;2;3;3;1;6;3;4;4;4;4;4;4;4;4;2;4;2;2;2;4;4;2;4;4;4;4;4;4;4;4;4;4;4;2;4;4;4;4;4;4;4;4;4;4;4;4;4;3;2;-1;-1;6;6;5;6;1;1;36.942008046
1909;2024Q2;ES706A0;ES706;1;1;43;1;1;1;1;15;-1;-1;-1;6;-1;-1;-1;65;2;5;-1;-1;-1;2;0;0;0;1;0;1;2;0;1;0;0;1;0;0;0;6;4;4;6;2;2;2;2;1;4;4;1;4;2;4;4;4;2;2;2;2;4;2;4;2;4;2;2;2;2;4;2;4;4;2;4;4;3;3;3;3;2;3;2;3;2;3;3;3;3;3;3;1;5;1;1;6;1;6;3;1;281.1110046
1910;2024Q2;ES706A0;ES706;6;2;65;3;2;5;8;12;-1;-1;-1;1;-1;1;4;-1;-1;-1;-1;-1;-1;2;0;0;0;0;1;1;2;0;0;1;0;1;0;0;0;4;3;3;3;5;5;5;1;6;2;2;2;2;2;5;4;4;4;3;4;2;3;5;5;3;4;2;2;3;5;4;5;5;5;5;5;1;2;2;2;2;4;2;2;2;2;2;2;2;2;2;1;1;3;2;1;6;5;6;5;3;334.86843716
1911;2024Q2;ES706A0;ES706;6;2;52;1;1;1;8;15;-1;-1;-1;1;1;1;5;-1;-1;-1;-1;-1;-1;1;0;0;1;0;1;0;2;0;0;0;0;1;1;0;0;6;2;2;5;5;5;5;3;6;2;1;-9;1;1;5;4;1;5;1;4;1;4;4;1;2;2;2;2;2;4;4;5;4;4;4;1;2;2;2;2;2;2;3;3;3;3;1;1;1;3;3;2;-9;-1;-1;6;6;1;6;5;1;107.79144411
1912;2024Q2;ES706A0;ES706;6;2;48;3;3;5;6;2;6;2;5;1;-1;-1;-1;-1;-1;-1;-1;-1;-1;2;0;1;0;0;2;0;3;1;0;1;0;0;0;0;0;2;4;3;5;3;3;3;3;6;3;3;3;3;3;3;3;3;3;3;3;3;3;3;3;3;3;3;3;3;3;3;3;3;3;3;3;3;3;4;3;3;3;3;3;3;3;3;3;3;3;3;2;1;1;-9;6;6;5;6;3;1;68.548241289
1913;2024Q2;ES706A0;ES706;6;2;44;3;2;1;5;7;-1;-1;-9;-9;-1;-1;-1;-1;-1;-1;-1;-1;-1;2;0;0;0;2;0;0;2;0;2;0;0;0;0;0;0;6;-9;-9;-1;-9;-9;-9;-9;-9;-9;-9;-9;-9;-9;-9;-9;-9;-9;-9;-9;-9;-9;-9;4;4;4;4;4;4;4;4;4;4;4;4;4;4;-3;-3;-3;-3;-3;-3;-3;-3;5;-3;-3;-3;-3;-3;2;-9;-1;-1;-9;-9;1;-9;-7;-9;95.681515791
1914;2024Q2;ES706A0;ES706;1;1;61;3;1;5;6;10;-1;-1;-1;1;-1;1;9;-1;-1;-1;-1;-1;-1;2;0;0;0;0;2;0;2;0;0;2;0;0;0;0;0;8;2;2;6;2;2;2;2;6;2;2;4;2;2;4;2;2;2;2;2;2;2;2;2;2;2;2;2;2;1;1;5;5;5;2;4;2;2;3;3;3;3;1;2;3;3;3;3;3;3;3;1;2;-1;-1;1;6;5;6;3;2;24.175324461
1915;2024Q2;ES706A0;ES706;6;2;58;3;1;5;5;7;-1;-1;5;1;-1;-1;-1;-1;-1;-1;-1;-1;-1;1;0;0;0;0;1;0;1;0;1;0;0;0;0;0;0;1;1;2;3;4;3;3;3;1;5;4;2;4;5;2;4;4;5;2;2;-9;5;5;4;2;5;2;2;2;4;5;4;4;5;2;1;4;2;2;3;3;2;3;2;-3;2;3;4;2;3;1;3;3;-1;-1;6;-9;5;6;4;1;30.04161044
1916;2024Q2;ES706A0;ES706;6;2;62;3;2;5;6;10;-1;-1;-1;6;-1;-1;-1;55;-9;-1;-1;-1;-1;2;0;0;0;0;2;0;2;0;0;1;0;0;0;0;1;4;-9;-9;-1;5;3;4;-9;6;4;5;-9;4;4;5;5;4;5;2;3;5;-9;2;4;-9;4;2;-9;-9;4;4;4;4;4;4;4;2;-3;3;2;3;-3;4;2;3;3;2;3;-3;3;2;3;2;-1;-1;6;6;5;-9;2;1;24.175324461
1917;2024Q2;ES706A0;ES706;6;2;55;1;1;1;6;14;-1;-1;-1;6;-1;-1;-1;55;1;8;-1;-1;-1;4;0;0;1;1;2;0;4;1;0;0;0;1;1;1;0;2;4;2;5;4;4;3;2;6;4;3;3;4;4;3;4;4;3;3;3;3;3;3;4;3;4;3;3;4;3;4;4;4;4;4;3;3;4;4;3;3;4;3;4;3;3;4;4;3;3;3;1;1;5;2;1;1;1;6;5;1;414.2357356
1918;2024Q2;ES706A0;ES706;1;1;48;1;1;1;7;10;-1;-1;-1;1;-1;1;9;-1;-1;-1;-1;-1;-1;1;0;0;0;0;1;0;1;0;0;0;1;0;0;0;0;1;1;1;6;4;4;2;2;6;4;4;4;4;4;4;4;4;4;4;4;4;2;2;4;4;3;4;4;3;4;4;2;2;4;2;4;4;4;4;5;4;4;4;4;4;3;3;4;4;4;4;1;3;-1;-1;6;6;1;6;4;3;36.942008046
1919;2024Q2;ES706A0;ES706;6;2;49;1;1;1;10;2;1;2;2;1;-1;-1;-1;-1;-1;-1;-1;-1;-1;3;0;0;1;0;1;1;3;1;0;0;0;1;1;0;0;7;6;5;1;4;3;3;1;6;1;1;4;1;1;4;5;4;4;2;5;1;5;5;4;2;4;5;1;2;4;4;5;5;5;5;1;1;5;4;3;1;4;2;3;1;3;1;3;3;3;1;2;1;3;2;1;6;1;6;4;1;102.82236193
1920;2024Q2;ES706A0;ES706;6;2;45;1;1;1;6;2;6;2;5;6;-1;-1;-1;50;1;7;-1;-1;-1;2;0;2;0;0;2;0;4;2;0;0;0;0;0;0;0;2;4;2;4;5;5;4;3;1;4;4;-9;4;4;4;4;5;-9;4;-9;4;2;2;4;4;4;4;4;4;4;4;4;3;4;5;2;4;3;2;2;2;2;3;3;-3;-3;-3;-3;-3;-3;-3;3;1;3;3;6;6;1;6;3;-9;68.548241289
1921;2024Q2;ES706A0;ES706;6;2;49;1;1;1;5;1;6;1;5;6;-1;-1;-1;52;3;-1;-1;1;7;2;0;0;0;0;2;0;2;1;0;1;0;0;0;0;0;4;3;3;5;5;5;4;1;6;1;1;1;3;1;5;5;1;5;1;5;1;5;3;1;1;3;1;1;1;5;5;5;5;5;5;1;1;1;1;3;1;4;-3;-3;-3;3;1;1;1;1;2;3;1;5;4;1;1;1;6;5;1;68.548241289
1922;2024Q2;ES706A0;ES706;1;1;62;3;1;5;8;1;6;2;8;1;-1;-1;-1;-1;-1;-1;-1;-1;-1;1;0;0;0;0;1;0;1;1;0;0;0;0;0;0;0;1;3;5;5;5;5;4;3;6;4;5;4;5;5;1;5;5;2;4;2;4;1;1;5;5;4;5;5;4;5;5;4;2;1;5;4;5;4;4;3;4;3;4;5;4;2;2;2;1;3;2;3;3;-1;-1;6;6;4;6;4;1;95.81737069
1923;2024Q2;ES706A0;ES706;6;2;35;3;1;1;8;7;-1;-1;2;1;-1;-1;-1;-1;-1;-1;-1;-1;-1;2;0;2;0;2;0;0;4;1;1;0;0;0;0;0;0;2;6;3;1;5;4;3;3;1;3;4;3;4;4;5;5;3;5;2;4;2;3;4;3;3;3;2;3;3;4;4;4;4;5;5;2;2;5;3;3;3;3;3;3;3;3;4;4;3;4;3;2;1;5;1;6;6;5;1;3;1;95.681515791
1924;2024Q2;ES706A0;ES706;6;2;45;1;1;1;10;2;1;2;1;1;-1;-1;-1;-1;-1;-1;-1;-1;-1;1;0;0;0;0;1;0;1;1;0;0;0;0;0;0;0;1;6;6;1;5;5;3;2;1;4;4;4;5;5;2;2;4;4;4;2;4;2;4;5;5;5;2;4;2;4;4;5;2;2;2;2;2;1;1;1;1;1;1;1;1;1;3;1;1;1;1;3;1;1;1;1;6;5;6;4;1;34.274120644
1925;2024Q2;ES706A0;ES706;6;2;68;1;1;5;6;12;-1;-1;-1;1;-1;1;3;-1;-1;-1;-1;-1;-1;1;0;0;0;0;0;1;1;0;0;0;0;1;0;0;0;1;3;5;3;4;4;4;-9;6;5;4;3;4;3;4;4;3;4;3;3;4;3;4;2;2;2;2;2;2;2;2;4;4;4;4;3;2;2;2;2;2;2;2;2;2;2;2;2;2;2;2;2;-9;-1;-1;6;6;5;6;1;1;167.43421858
1926;2024Q2;ES706A0;ES706;6;2;52;3;1;5;6;10;-1;-1;-1;1;-1;1;9;-1;-1;-1;-1;-1;-1;1;0;1;0;0;1;0;2;0;0;0;1;0;0;0;0;6;1;1;6;3;3;2;1;6;2;4;3;4;4;4;2;2;2;2;2;2;4;2;4;4;2;4;2;2;2;4;4;4;4;4;4;4;3;3;3;3;3;3;4;3;3;3;3;3;3;2;3;3;-1;-1;1;1;5;6;3;3;12.087662231
1927;2024Q2;ES709A2;ES709;1;1;29;1;1;5;8;10;-1;-1;-1;6;-1;-1;-1;29;1;2;-1;-1;-1;5;1;0;0;3;2;0;6;1;0;1;0;2;0;0;1;7;5;2;1;2;3;1;1;6;1;2;1;1;2;5;5;1;5;1;5;1;3;5;2;5;5;1;1;2;1;3;5;4;5;5;2;1;2;2;1;1;3;4;2;2;-3;1;1;1;1;1;2;1;3;4;1;6;5;6;3;1;401.3175169
1928;2024Q2;ES709A2;ES709;6;2;34;3;1;3;6;10;-1;-1;-1;6;-1;-1;-1;61;3;-1;-1;1;3;2;0;0;0;1;1;0;2;0;0;1;1;0;0;0;0;6;1;1;-1;4;3;3;2;6;3;4;3;3;3;3;4;4;4;3;3;2;4;4;4;3;3;4;4;4;4;4;4;4;2;4;2;2;3;3;4;3;3;2;2;3;3;3;3;2;3;3;2;1;5;2;1;6;3;6;-3;1;160.52700676
1929;2024Q2;ES709A2;ES709;1;1;36;1;1;1;10;1;6;1;2;1;-1;-1;-1;-1;-1;-1;-1;-1;-1;2;0;0;0;2;0;0;2;2;0;0;0;0;0;0;0;4;6;5;1;5;4;1;3;6;3;2;1;4;4;3;5;1;5;3;5;1;4;5;4;1;1;1;1;4;1;1;5;5;5;4;2;1;1;4;2;1;3;5;4;4;-3;-3;-3;1;2;1;2;3;-1;-1;6;6;3;1;2;1;1756.295859
1930;2024Q2;ES709A2;ES709;6;2;53;1;1;1;5;10;-1;-1;-1;1;-1;1;9;-1;-1;-1;-1;-1;-1;3;0;0;0;0;3;0;3;0;0;3;0;0;0;0;0;9;1;1;6;4;4;4;4;6;4;4;4;4;4;4;4;1;4;4;4;4;4;4;5;4;4;4;4;4;4;4;5;4;2;4;1;1;3;4;3;3;3;3;3;3;3;3;3;3;3;3;3;3;-1;-1;6;6;1;6;3;1;240.79051014
1931;2024Q2;ES709A2;ES709;1;1;22;1;1;1;8;1;6;1;8;6;-1;-1;-1;52;1;7;-1;-1;-1;3;0;2;1;0;2;0;5;3;0;0;0;0;0;0;0;2;7;4;5;5;5;2;2;1;4;2;2;4;4;3;4;3;2;2;4;4;2;2;4;4;4;2;3;4;4;4;4;4;4;4;4;2;4;4;3;3;4;2;4;4;4;4;4;2;4;3;2;2;-1;-1;6;6;1;6;3;1;946.42571293
1932;2024Q2;ES709A2;ES709;6;2;41;1;1;1;4;10;-1;-1;-1;6;-1;-1;-1;43;1;9;-1;-1;-1;2;0;2;0;2;0;0;4;1;0;0;1;0;0;0;0;2;3;2;6;2;2;2;2;6;4;4;4;4;4;4;4;4;4;4;4;4;2;2;5;2;4;2;4;2;2;4;2;2;2;2;2;4;4;4;4;4;4;4;4;4;4;4;4;4;4;4;1;2;-1;-1;6;6;1;6;1;2;228.38176897
1933;2024Q2;ES709A2;ES709;1;1;47;1;1;1;3;10;-1;-1;-1;1;-1;1;7;-1;-1;-1;-1;-1;-1;1;0;0;0;0;1;0;1;0;0;0;1;0;0;0;0;1;1;1;5;4;3;2;2;6;3;3;3;3;-9;3;-9;3;-9;4;4;4;4;4;3;3;3;3;2;2;2;2;4;4;4;4;2;2;2;2;2;2;2;2;2;2;2;2;2;2;2;2;3;1;5;3;6;1;1;6;-3;-9;374.79352843
1934;2024Q2;ES707A0;ES707;1;1;55;1;1;1;5;1;1;1;3;1;-1;-1;-1;-1;-1;-1;-1;-1;-1;3;0;0;1;0;2;0;3;2;0;0;0;0;1;0;0;2;6;5;2;4;3;2;4;1;4;4;4;4;4;2;5;4;4;4;2;4;2;2;4;4;4;4;4;5;5;4;2;2;4;4;4;4;3;3;3;3;4;3;3;2;1;2;2;2;2;3;1;2;-1;-1;6;6;1;6;2;1;357.2642126
1935;2024Q2;ES707A0;ES707;6;2;55;1;1;5;7;10;-1;-1;-1;6;-1;-1;-1;57;1;5;-1;-1;-1;2;0;0;2;0;2;0;4;1;0;0;1;0;2;0;0;2;4;2;5;3;2;2;2;1;3;4;4;4;4;4;4;4;4;3;4;4;2;1;4;4;4;4;4;4;4;4;4;2;3;2;3;4;3;3;4;4;4;4;4;3;2;3;3;3;3;3;3;2;-1;-1;6;6;5;6;4;1;52.60427238
1936;2024Q2;ES707A0;ES707;1;1;52;1;1;1;9;2;6;2;2;1;-1;-1;-1;-1;-1;-1;-1;-1;-1;1;0;3;0;0;1;0;4;1;0;0;0;0;0;0;0;6;6;3;2;4;2;3;3;6;4;4;4;4;4;4;4;4;4;4;4;4;3;2;4;4;4;3;4;4;4;4;3;3;4;4;4;3;4;4;4;3;4;3;4;4;4;4;4;-3;4;4;2;2;-1;-1;6;6;5;6;3;-9;120.49482924
1937;2024Q2;ES707A0;ES707;1;1;52;1;1;1;5;2;6;2;5;6;-1;-1;-1;48;1;4;-1;-1;-1;3;0;0;2;0;2;0;4;2;0;0;0;0;2;0;0;2;6;3;3;4;4;2;2;1;4;4;4;5;4;3;4;4;4;4;4;3;2;2;3;4;4;4;3;2;4;4;2;2;2;2;3;4;3;3;2;2;3;2;2;4;2;3;3;2;3;3;3;2;-1;-1;6;6;1;1;4;1;361.48448771
1938;2024Q2;ES707A0;ES707;1;1;40;3;1;5;8;1;6;1;7;6;-1;-1;-1;41;1;3;-1;-1;-1;2;0;1;0;2;0;0;3;2;0;0;0;0;0;0;0;2;6;5;3;4;3;2;2;6;2;5;2;4;4;4;4;4;4;2;4;2;4;4;4;4;3;4;4;2;4;4;4;4;4;4;2;2;2;2;2;2;2;2;4;-3;2;2;2;2;3;2;1;1;4;3;1;6;5;6;3;1;217.67029189
1939;2024Q2;ES707A0;ES707;1;1;64;1;1;1;8;10;-1;-1;-1;1;-1;1;3;-1;-1;-1;-1;-1;-1;2;0;2;0;0;1;1;4;0;0;1;0;0;0;1;0;8;3;2;4;2;2;2;2;1;2;2;4;-9;2;4;4;2;4;2;4;2;2;4;2;2;2;2;2;2;2;2;4;4;4;4;2;2;2;3;3;2;3;4;3;3;3;3;3;2;3;3;2;1;5;4;1;1;5;6;3;1;117.79925797
1940;2024Q2;ES707A0;ES707;6;2;55;3;1;5;6;10;-1;-1;-1;6;-1;-1;-1;53;1;8;-1;-1;-1;4;0;0;1;1;2;0;4;2;0;0;1;0;1;0;0;2;5;3;5;2;3;3;2;6;4;4;4;4;4;2;4;4;4;4;5;4;2;2;4;4;4;4;4;5;4;5;2;2;2;2;4;4;4;3;4;4;4;4;4;4;3;4;4;3;4;3;2;3;-1;-1;6;6;4;6;2;3;105.20854476
1941;2024Q2;ES707A0;ES707;6;2;47;1;1;1;5;10;-1;-1;-1;1;-1;1;5;-1;-1;-1;-1;-1;-1;2;0;0;1;0;2;0;3;0;0;1;1;0;1;0;0;2;3;2;5;4;4;4;4;6;4;5;3;4;4;2;3;4;2;4;2;4;3;2;3;4;4;3;3;4;3;3;2;3;2;2;3;3;4;4;4;4;4;3;3;3;3;4;4;3;3;4;2;2;-1;-1;6;6;5;6;1;1;52.60427238
1942;2024Q2;ES707A0;ES707;6;2;47;3;2;5;6;1;6;2;4;6;-1;-1;-1;47;-9;-1;-1;-1;-1;2;0;1;0;0;2;0;3;2;0;0;0;0;0;0;0;2;3;2;-1;4;4;2;3;1;2;5;2;4;4;5;5;3;4;4;5;2;3;4;3;4;2;4;4;3;2;4;3;3;4;2;3;3;1;2;2;4;3;4;4;3;2;-3;4;-3;-3;3;1;1;2;2;6;6;5;6;3;1;512.79321819
1943;2024Q2;ES707A0;ES707;6;2;33;1;1;1;4;2;6;2;5;6;-1;-1;-1;42;1;8;-1;-1;-1;2;0;1;1;2;0;0;4;2;0;0;0;0;1;0;0;2;4;2;5;2;2;2;2;6;4;4;4;4;4;4;5;4;4;4;4;4;4;4;4;4;4;4;4;4;4;4;2;2;2;2;2;4;3;3;3;3;3;3;3;3;3;3;3;3;3;3;1;2;-1;-1;1;6;5;6;3;2;303.87600495
1944;2024Q2;ES707A0;ES707;6;2;52;1;1;1;10;2;1;1;1;1;-1;-1;-1;-1;-1;-1;-1;-1;-1;3;0;0;2;0;2;0;4;2;0;0;0;0;2;0;0;2;6;3;2;4;3;3;1;6;3;2;4;4;3;4;3;3;3;3;2;2;2;2;3;2;2;2;2;4;3;4;2;2;2;2;2;3;3;4;3;3;4;3;3;3;3;3;3;3;3;3;2;2;-1;-1;1;6;5;6;3;-9;256.45828269
1945;2024Q2;ES707A0;ES707;1;1;24;3;1;5;6;13;-1;-1;-1;6;-1;-1;-1;76;1;8;-1;-1;-1;4;0;0;2;0;1;1;4;1;0;0;0;0;2;1;0;8;3;2;5;5;5;3;1;6;5;5;5;5;5;1;1;5;1;4;5;5;3;4;5;5;5;5;5;5;5;5;3;4;4;4;4;2;5;4;3;3;5;5;4;4;3;5;5;-3;5;-3;2;1;2;4;1;1;5;6;4;1;2613.6956446
1946;2024Q2;ES707A0;ES707;1;1;52;1;1;1;5;1;1;1;8;1;-1;-1;-1;-1;-1;-1;-1;-1;-1;3;0;0;1;0;2;0;3;1;1;1;0;0;0;0;0;2;1;1;5;3;3;3;3;6;4;4;4;4;4;4;2;4;2;4;2;4;2;2;4;4;4;4;4;4;4;4;2;2;4;4;2;2;3;3;3;3;3;3;3;3;3;3;3;3;3;3;1;1;4;3;1;6;5;6;3;3;361.48448771
1947;2024Q2;ES707A0;ES707;1;1;41;1;1;1;8;1;6;2;3;6;-1;-1;-1;42;2;-9;-1;-1;-1;2;0;0;0;2;0;0;2;1;1;0;0;0;0;0;0;4;5;5;-1;5;5;3;4;1;4;-9;2;4;3;5;5;3;4;2;3;2;3;3;4;4;3;2;2;2;4;4;3;4;4;4;4;3;3;1;3;4;4;3;4;3;3;3;2;3;3;3;1;1;5;2;1;6;5;6;-3;1;217.67029189
1948;2024Q2;ES707A0;ES707;6;2;63;1;1;1;6;2;6;2;5;6;-1;-1;-1;63;1;4;-1;-1;-1;2;0;0;0;0;2;0;2;2;0;0;0;0;0;0;0;4;5;5;3;5;5;5;3;6;2;2;1;3;3;4;5;2;5;3;4;2;5;5;2;2;2;1;1;3;3;2;4;5;5;5;1;1;2;3;3;2;2;1;1;1;2;1;2;1;1;2;3;1;3;3;1;6;5;6;4;1;149.03834415
1949;2024Q2;ES707A0;ES707;6;2;39;1;1;1;6;7;-1;-1;7;1;-1;-1;-1;-1;-1;-1;-1;-1;-1;2;0;1;0;2;0;0;3;0;2;0;0;0;0;0;0;2;3;2;5;4;4;3;2;6;3;4;3;4;4;2;2;4;2;3;2;3;2;2;3;4;3;4;4;3;3;4;2;3;2;2;3;3;3;3;2;2;3;3;3;3;3;2;3;1;3;3;2;2;-1;-1;6;6;5;6;4;1;190.30608387
1950;2024Q2;ES707A0;ES707;1;1;64;1;1;1;4;12;-1;-1;-1;1;-1;1;8;-1;-1;-1;-1;-1;-1;2;0;0;0;0;2;0;2;0;0;0;0;1;0;1;0;4;3;3;5;4;2;2;3;6;3;3;5;4;4;4;4;4;4;3;4;4;2;4;4;4;4;3;2;4;4;4;2;4;3;3;1;1;4;3;3;3;3;4;2;3;3;4;3;2;3;3;2;2;-1;-1;6;6;5;6;2;1;1371.1837703
1951;2024Q2;ES707A0;ES707;6;2;56;1;1;1;4;1;6;2;9;1;-1;-1;-1;-1;-1;-1;-1;-1;-1;2;0;2;0;1;1;0;4;2;0;0;0;0;0;0;0;2;5;3;6;5;5;4;2;6;4;3;1;4;2;4;3;4;4;4;4;3;4;3;4;4;4;4;3;4;3;4;4;2;3;4;4;4;5;5;5;4;-3;-3;5;-7;5;-7;5;-3;3;3;2;2;-1;-1;6;6;5;6;3;2;149.03834415
1952;2024Q2;ES703A0;ES703;1;1;67;3;1;5;5;12;-1;-1;-1;1;-1;1;9;-1;-1;-1;-1;-1;-1;2;0;0;0;0;0;2;2;1;0;0;0;1;0;0;0;4;3;3;6;3;2;3;2;6;1;1;4;4;4;4;4;4;4;4;4;2;4;4;2;4;4;4;4;4;4;4;2;2;4;4;4;4;4;3;4;3;3;3;3;3;3;3;3;3;3;3;3;3;-1;-1;1;1;5;6;-3;1;272.94900681
1953;2024Q2;ES703A0;ES703;6;2;57;1;1;1;5;14;-1;-1;-1;6;-1;-1;-1;55;2;6;-1;-1;-1;2;0;0;1;0;2;0;3;0;1;0;0;0;1;1;0;2;2;2;5;4;3;3;1;6;3;3;-9;4;3;2;3;2;3;4;3;4;3;2;3;3;4;3;3;3;3;4;2;2;3;3;3;3;3;3;3;3;3;3;3;-3;3;-3;-3;2;2;3;3;2;-1;-1;6;6;1;6;5;1;206.47990246
1954;2024Q2;ES703A0;ES703;1;1;63;3;1;5;8;15;-1;-1;-1;1;1;1;6;-1;-1;-1;-1;-1;-1;1;0;0;0;0;1;0;1;0;0;0;0;1;0;0;0;1;3;5;5;5;4;4;2;6;4;2;2;2;2;5;5;2;5;1;3;2;3;4;3;2;4;2;2;3;4;5;4;4;4;5;1;1;2;3;2;1;4;2;2;2;2;2;3;2;2;2;2;1;2;3;1;1;5;1;5;1;51.638485444
1955;2024Q2;ES703A0;ES703;6;2;52;1;1;1;7;2;6;2;5;1;-1;-1;-1;-1;-1;-1;-1;-1;-1;2;0;0;1;0;1;0;2;1;0;0;0;0;1;0;0;6;3;3;5;4;3;4;1;6;4;4;4;4;4;2;4;4;4;4;4;2;4;3;4;4;4;4;4;4;4;4;5;2;5;4;4;4;3;3;3;3;3;3;4;3;3;3;3;1;2;1;2;2;-1;-1;6;6;1;6;4;2;22.241621603
1956;2024Q2;ES703A0;ES703;6;2;52;3;2;5;9;10;-1;-1;-1;1;-1;1;9;-1;-1;-1;-1;-1;-1;1;0;0;0;0;1;0;1;0;0;1;0;0;0;0;0;1;1;2;6;5;5;5;5;6;4;4;4;4;4;5;5;4;5;3;5;2;2;4;4;4;4;4;4;2;4;4;3;3;3;4;1;2;3;3;2;2;2;2;2;1;3;1;1;3;2;2;2;3;-1;-1;6;6;5;6;5;3;79.201761294
1957;2024Q2;ES703A0;ES703;1;1;69;1;1;1;11;12;-1;-1;-1;1;-1;1;2;-1;-1;-1;-1;-1;-1;1;0;0;0;0;0;1;1;0;0;0;0;1;0;0;0;1;5;6;1;5;4;4;1;6;3;2;2;4;3;5;5;1;5;2;4;2;3;2;3;3;3;1;1;5;3;3;5;5;5;5;1;1;5;5;-7;1;3;2;3;1;3;1;2;1;1;2;1;1;3;4;1;1;4;6;5;1;136.47450341
1958;2024Q2;ES703A0;ES703;1;1;53;1;1;5;5;7;-1;-1;6;1;-1;-1;-1;-1;-1;-1;-1;-1;-1;2;0;1;0;0;2;0;3;0;1;0;0;1;0;0;0;2;6;5;5;4;4;4;3;6;4;4;4;4;4;4;4;4;4;2;4;2;4;4;2;2;4;4;4;2;2;4;4;4;4;4;2;4;2;2;2;2;2;2;2;2;2;2;2;2;2;2;2;1;5;1;1;6;5;6;3;1;50.31507044
1959;2024Q2;ES703A0;ES703;6;2;34;1;1;1;8;10;-1;-1;-1;6;-1;-1;-1;34;1;8;-1;-1;-1;2;1;0;0;2;0;0;3;1;0;1;0;0;0;0;0;2;3;2;5;4;4;4;5;1;4;4;3;4;4;3;2;4;2;4;2;3;2;2;4;4;3;4;3;4;4;4;2;3;3;3;3;3;3;3;3;2;3;2;3;3;3;3;3;3;3;3;1;3;-1;-1;6;6;1;6;3;3;8.7072350532
1960;2024Q2;ES703A0;ES703;6;2;33;1;1;1;9;2;1;1;1;1;-1;-1;-1;-1;-1;-1;-1;-1;-1;2;0;0;0;2;0;0;2;1;1;0;0;0;0;0;0;4;7;6;2;1;1;3;1;6;4;2;3;5;5;4;5;5;5;3;5;4;2;5;3;4;4;3;2;3;5;5;2;2;2;4;2;2;4;4;4;2;4;2;1;1;4;1;2;1;3;2;1;1;2;3;1;6;5;6;4;1;12.351564736
1961;2024Q2;ES703A0;ES703;6;2;58;3;1;5;8;15;-1;-1;-1;1;1;1;5;-1;-1;-1;-1;-1;-1;3;0;0;1;1;1;0;3;0;0;0;0;1;2;0;0;6;3;2;5;3;3;2;1;6;4;5;4;4;5;5;2;4;2;4;4;5;5;2;4;5;5;2;4;4;4;5;4;5;3;2;4;5;3;4;3;3;3;3;3;3;3;3;3;3;3;2;3;3;-1;-1;6;6;5;6;3;1;309.71985368
1962;2024Q2;ES705A3;ES705;6;2;62;3;1;5;5;10;-1;-1;-1;1;-1;2;5;-1;-1;-1;-1;-1;-1;2;0;0;0;1;1;0;2;1;0;1;0;0;0;0;0;9;2;2;3;3;3;3;3;1;4;4;4;4;4;4;5;4;4;4;4;4;4;2;2;4;4;4;4;4;4;4;4;1;4;2;4;4;4;4;4;4;4;4;5;4;4;4;4;4;4;4;2;2;-1;-1;6;6;5;6;-3;-9;112.56056861
1963;2024Q2;ES705A3;ES705;1;1;38;3;1;5;5;1;6;2;7;1;-1;-1;-1;-1;-1;-1;-1;-1;-1;2;0;0;1;2;0;0;3;2;0;0;0;0;1;0;0;2;4;3;4;5;4;3;3;1;4;4;4;4;4;4;5;4;4;4;5;2;2;2;4;4;4;2;2;4;4;4;5;5;4;4;2;2;4;4;4;3;4;4;3;4;4;4;4;3;3;4;1;1;1;4;6;6;5;6;5;1;746.73218241
1964;2024Q2;ES705A3;ES705;6;2;51;1;1;1;7;1;6;2;4;1;-1;-1;-1;-1;-1;-1;-1;-1;-1;1;0;0;0;0;1;0;1;1;0;0;0;0;0;0;0;1;2;4;3;5;5;4;1;6;4;3;3;4;4;3;4;3;3;3;2;3;2;2;3;4;4;3;3;2;4;4;2;3;2;2;3;3;3;3;3;3;3;1;2;-3;3;-3;-3;-3;-3;-3;2;1;2;1;1;6;4;6;4;3;140.21709622
1965;2024Q2;ES705A3;ES705;1;1;24;1;1;1;6;1;6;1;8;6;-1;-1;-1;59;1;9;-1;-1;-1;3;0;0;1;0;2;0;3;2;0;1;0;0;0;0;0;2;6;4;6;4;4;4;4;1;4;4;4;4;4;4;4;4;4;4;4;4;4;3;4;4;5;4;3;3;4;4;3;4;3;3;4;3;4;4;4;4;4;4;3;4;4;4;3;3;4;4;1;2;-1;-1;6;6;1;6;5;-9;2079.1720135
1966;2024Q2;ES705A3;ES705;6;2;51;1;1;1;8;2;6;2;4;1;-1;-1;-1;-1;-1;-1;-1;-1;-1;1;0;0;0;0;1;0;1;1;0;0;0;0;0;0;0;1;3;5;3;4;4;4;2;6;4;5;3;5;5;5;5;4;4;4;2;-9;4;2;2;2;2;2;2;2;2;2;2;2;2;2;4;4;3;3;3;3;3;2;2;3;2;2;2;2;3;2;2;2;-1;-1;6;6;5;6;4;1;140.21709622
1967;2024Q2;ES705A3;ES705;6;2;52;1;1;1;8;1;6;2;4;1;-1;-1;-1;-1;-1;-1;-1;-1;-1;1;0;0;0;0;1;0;1;1;0;0;0;0;0;0;0;1;3;5;3;3;3;3;3;1;4;4;4;4;4;2;2;2;2;2;2;4;4;2;4;4;4;4;4;4;4;4;2;2;2;2;2;2;4;4;4;4;4;4;4;4;4;4;4;4;4;4;3;1;5;4;1;1;5;6;3;3;140.21709622
1968;2024Q2;ES705A2;ES705;1;1;27;1;1;1;5;18;-1;-1;-1;6;-1;-1;-1;52;9;-1;1;2;1;2;0;0;0;1;1;0;2;0;0;0;0;0;1;0;1;6;-9;-9;1;5;4;3;3;-9;3;4;3;3;4;3;3;3;3;3;3;3;3;3;3;3;3;3;3;3;3;3;3;3;3;3;3;3;-7;-7;-7;-7;-7;-7;-7;-7;-7;-7;-7;-7;-7;-7;2;-9;-1;-1;-9;-9;1;-9;-7;-9;1025.6251905
1969;2024Q2;ES705A2;ES705;1;1;65;1;1;1;8;12;-1;-1;-1;1;-1;1;3;-1;-1;-1;-1;-1;-1;5;0;0;0;2;1;2;5;3;0;0;0;2;0;0;0;3;3;2;4;5;5;3;3;6;2;2;2;2;2;2;4;1;2;2;4;2;4;4;2;2;2;2;2;2;4;2;3;-9;4;4;2;2;-3;-3;-3;-3;-3;4;4;-3;-3;-3;-3;-3;1;2;3;-9;-1;-1;6;6;1;6;-3;-9;1988.0848138
1970;2024Q2;ES705A2;ES705;6;2;60;1;1;1;5;10;-1;-1;-1;6;-1;-1;-1;33;1;9;-1;-1;-1;2;0;1;0;1;1;0;3;1;0;1;0;0;0;0;0;7;2;2;6;5;3;3;1;6;3;4;5;5;4;2;3;3;3;3;3;4;3;3;2;4;4;3;4;4;4;2;3;3;3;3;3;5;4;4;4;4;5;4;4;4;4;4;4;3;4;4;3;3;-1;-1;6;6;1;6;1;1;73.780724843
1971;2024Q2;ES705A2;ES705;6;2;24;1;1;1;8;13;-1;-1;-1;6;-1;-1;-1;62;5;-1;-1;1;-9;3;0;0;1;0;2;0;3;0;0;0;0;2;1;0;0;6;2;2;-1;2;2;2;2;6;4;2;1;3;4;5;5;3;4;2;5;2;4;4;4;3;4;2;4;2;4;4;5;5;5;5;-9;2;4;4;4;1;4;3;3;3;5;5;-3;1;3;2;2;1;1;3;6;6;1;6;3;-9;1948.3335896
1972;2024Q2;ES705A2;ES705;6;2;46;1;1;1;5;10;-1;-1;-1;6;-1;-1;-1;72;8;-1;1;1;9;3;0;0;1;0;1;2;4;0;0;0;1;1;1;1;0;8;2;1;6;4;3;3;2;6;4;4;4;4;4;4;4;2;4;2;4;4;2;4;2;2;4;2;2;4;4;4;4;4;2;4;2;2;4;3;4;3;4;3;3;3;3;3;3;3;3;3;3;2;-1;-1;6;6;1;6;1;1;110.67108726
1973;2024Q2;ES705A2;ES705;1;1;26;1;1;1;7;1;6;2;7;6;-1;-1;-1;56;1;5;-1;-1;-1;4;0;0;0;2;2;0;4;4;0;0;0;0;0;0;0;2;7;4;5;5;4;4;2;6;5;4;4;4;5;4;4;4;4;5;4;4;2;3;4;4;3;3;4;4;4;4;2;2;2;3;4;4;4;4;4;3;4;4;4;3;4;4;4;3;3;4;2;3;-1;-1;6;6;5;6;3;1;819.9058543
1974;2024Q2;ES705A2;ES705;1;1;56;1;1;1;7;2;6;2;5;1;-1;-1;-1;-1;-1;-1;-1;-1;-1;3;0;0;0;0;1;2;3;1;0;0;0;2;0;0;0;2;6;4;5;5;5;3;3;6;4;4;4;4;4;2;4;4;2;3;2;4;2;2;4;4;4;4;4;4;4;4;2;2;2;2;4;4;3;4;5;3;4;3;3;2;5;3;3;4;3;4;2;3;-1;-1;6;6;1;6;1;1;691.15307073
1975;2024Q2;ES705A2;ES705;6;2;48;1;1;1;7;1;6;1;9;1;-1;-1;-1;-1;-1;-1;-1;-1;-1;1;0;1;0;0;1;0;2;1;0;0;0;0;0;0;0;6;2;2;6;4;5;4;2;6;3;3;4;4;4;5;5;4;5;3;4;3;2;4;3;2;4;3;4;4;4;4;4;4;4;4;3;2;3;3;4;3;3;3;2;2;2;1;1;1;3;3;3;1;5;3;6;6;1;6;3;1;117.35838742
1976;2024Q2;ES705A2;ES705;1;1;42;1;1;1;8;1;6;2;3;1;-1;-1;-1;-1;-1;-1;-1;-1;-1;2;0;2;0;2;0;0;4;2;0;0;0;0;0;0;0;2;7;6;3;5;5;3;1;6;4;4;1;4;4;5;5;3;5;1;4;2;3;2;1;2;1;1;2;2;1;2;2;5;5;5;1;1;4;1;4;1;3;4;4;1;3;1;1;1;1;1;1;1;3;4;1;1;5;6;3;1;637.54545665
1977;2024Q2;ES705A2;ES705;6;2;47;1;1;1;8;1;1;1;4;1;-1;-1;-1;-1;-1;-1;-1;-1;-1;1;0;2;0;0;1;0;3;1;0;0;0;0;0;0;0;6;3;2;3;3;3;2;1;6;2;2;3;2;2;4;5;2;4;1;4;2;4;4;2;2;2;2;2;2;4;4;2;4;4;2;2;3;3;3;2;3;4;3;3;2;4;3;3;2;3;3;2;2;-1;-1;6;6;1;6;5;1;117.35838742
1978;2024Q2;ES705A2;ES705;6;2;48;1;1;1;10;2;6;2;2;1;-1;-1;-1;-1;-1;-1;-1;-1;-1;1;0;0;0;0;1;0;1;1;0;0;0;0;0;0;0;1;2;3;1;4;4;4;1;6;4;3;2;4;4;4;5;2;5;2;4;2;5;3;3;2;3;2;2;3;4;4;2;2;2;2;3;3;2;2;2;2;3;3;2;2;3;2;2;1;1;1;1;-9;-1;-1;1;6;1;6;2;1;117.35838742
1979;2024Q2;ES704A0;ES704;6;2;41;1;1;1;3;10;-1;-1;-1;6;-1;-1;-1;55;2;-9;-1;-1;-1;2;0;0;0;1;1;0;2;0;1;1;0;0;0;0;0;4;5;5;-1;4;4;4;4;1;4;4;3;4;4;3;3;3;4;4;5;2;2;2;4;3;4;4;2;3;3;4;4;3;3;3;-9;-9;3;4;3;3;3;3;4;-3;3;-3;-3;2;3;4;2;-9;-1;-1;6;6;5;6;-3;1;147.25970277
1980;2024Q2;ES704A0;ES704;6;2;52;2;1;5;8;1;1;2;5;1;-1;-1;-1;-1;-1;-1;-1;-1;-1;4;0;0;1;1;2;0;4;4;0;0;0;0;0;0;0;7;7;4;5;5;4;3;-9;1;4;4;4;5;4;2;5;4;4;3;4;2;4;3;4;4;4;4;4;4;4;4;3;-9;2;4;4;4;5;4;4;4;4;4;4;3;3;4;4;3;3;2;2;2;-1;-1;1;6;5;6;5;1;840.52265527
1981;2024Q2;ES704A0;ES704;6;2;45;3;1;5;7;1;6;2;5;1;-1;-1;-1;-1;-1;-1;-1;-1;-1;2;0;3;0;0;2;0;5;2;0;0;0;0;0;0;0;2;3;2;5;5;5;5;5;1;5;5;4;5;4;4;5;2;2;4;5;2;2;2;4;2;2;2;4;2;4;4;2;2;2;2;2;2;2;3;3;2;3;1;4;4;2;2;2;2;3;3;1;1;5;2;1;6;5;6;-3;1;420.26132764
1982;2024Q2;ES704A0;ES704;1;1;49;2;1;5;6;7;-1;-1;7;1;-1;-1;-1;-1;-1;-1;-1;-1;-1;1;0;0;0;0;1;0;1;0;1;0;0;0;0;0;0;1;6;6;4;5;5;5;4;6;5;4;3;5;5;2;5;3;5;3;5;2;4;4;2;3;4;3;3;2;3;4;5;5;5;5;3;2;3;3;2;3;3;3;3;4;4;3;2;1;3;1;1;1;1;1;1;1;5;6;5;1;230.7425472
1983;2024Q2;ES705A1;ES705;1;1;48;1;1;1;6;1;6;2;7;6;-1;-1;-1;45;2;2;-1;-1;-1;2;0;0;0;0;2;0;2;1;1;0;0;0;0;0;0;4;6;6;1;4;4;4;2;6;4;3;2;4;2;5;5;2;5;1;5;2;3;5;3;2;4;1;1;4;2;2;5;4;4;4;2;2;3;2;3;1;3;2;4;5;2;-3;-3;2;3;1;2;1;1;1;1;1;5;6;4;1;1633.7704922
1984;2024Q2;ES705A1;ES705;6;2;53;1;1;5;10;2;6;2;2;6;-1;-1;-1;58;1;2;-1;-1;-1;2;0;0;1;0;2;0;3;2;0;0;0;0;1;0;0;2;7;5;1;5;5;4;4;6;4;3;4;4;3;3;3;4;2;4;4;3;2;2;4;4;4;4;3;3;3;2;4;-9;4;4;2;3;5;4;-7;3;-7;3;2;-7;4;-7;-7;2;2;2;1;1;3;3;1;6;5;6;3;2;1256.3406678
1985;2024Q2;ES705A1;ES705;1;1;24;1;1;1;6;11;-1;-1;-1;6;-1;-1;-1;58;1;2;-1;-1;-1;5;0;0;2;1;2;0;5;3;0;0;1;0;1;0;0;2;7;4;1;4;4;3;1;6;3;5;4;4;4;5;5;3;4;2;4;3;3;4;3;2;4;2;3;4;2;4;3;4;4;3;3;2;3;4;3;2;4;3;4;3;3;-3;4;4;3;3;1;2;-1;-1;6;6;1;6;3;3;696.835393
1986;2024Q2;ES705A1;ES705;6;2;69;1;1;1;9;12;-1;-1;-1;1;-1;1;3;-1;-1;-1;-1;-1;-1;1;0;0;0;0;0;1;1;0;0;0;0;1;0;0;0;1;3;5;3;3;3;3;3;6;2;5;2;4;4;2;5;2;2;2;2;-9;1;2;-9;2;4;2;2;2;4;4;3;4;4;4;2;-9;2;1;2;-3;4;-3;2;3;3;-3;-3;-3;-3;3;2;2;-1;-1;6;6;5;6;1;1;1971.8096962
1987;2024Q2;ES705A1;ES705;6;2;47;1;1;5;10;1;1;1;1;1;-1;-1;-1;-1;-1;-1;-1;-1;-1;2;0;1;0;0;2;0;3;2;0;0;0;0;0;0;0;2;7;5;2;5;5;5;2;6;4;3;3;4;3;4;4;4;4;3;4;2;5;4;3;2;2;2;5;3;3;3;3;5;5;5;1;1;4;3;3;1;1;1;4;4;3;2;2;2;2;2;1;1;3;4;1;6;5;6;3;1;1256.3406678
1988;2024Q2;ES705A1;ES705;6;2;29;3;1;1;4;1;1;1;5;6;-1;-1;-1;40;2;3;-1;-1;-1;3;0;0;0;3;0;0;3;1;1;0;0;0;0;1;0;2;6;4;3;5;4;4;4;6;3;3;3;3;3;3;3;3;3;3;3;3;3;3;3;3;3;3;3;3;3;3;3;3;3;3;3;3;2;2;2;2;2;2;2;2;2;2;2;2;2;2;2;1;3;4;1;1;4;6;-3;1;1732.907591
1989;2024Q2;ES705A1;ES705;1;1;50;1;1;1;10;7;-1;-1;2;6;-1;-1;-1;50;1;2;-1;-1;-1;2;0;1;1;0;2;0;4;1;1;0;0;0;1;0;0;2;5;3;1;5;5;4;2;6;5;5;4;5;4;5;5;4;4;4;4;3;5;4;5;5;4;4;4;5;5;5;5;4;4;5;1;4;4;4;4;3;5;4;3;-3;5;3;3;2;3;2;2;2;-1;-1;6;6;1;6;-3;1;1633.7704922
1990;2024Q2;ES704A0;ES704;6;2;50;2;1;4;9;7;-1;-1;2;1;-1;-1;-1;-1;-1;-1;-1;-1;-1;1;0;0;0;0;1;0;1;0;1;0;0;0;0;0;0;1;2;4;1;5;5;4;2;6;4;4;4;4;4;3;5;4;3;4;5;4;3;4;3;3;3;2;3;3;4;4;3;3;4;3;3;2;4;4;3;4;4;3;4;-3;-3;-3;-3;1;-3;-3;3;2;-1;-1;6;6;4;6;4;1;145.89426196
1991;2024Q2;ES704A0;ES704;6;2;68;2;1;5;5;14;-1;-1;-1;6;-1;-1;-1;58;1;5;-1;-1;-1;2;0;0;0;0;1;1;2;1;0;0;0;0;0;1;0;4;3;3;3;2;2;2;1;1;2;2;1;2;2;5;5;2;5;2;5;2;2;3;3;1;1;2;4;4;4;4;2;5;5;5;2;2;2;2;3;2;2;3;2;2;3;2;1;1;2;3;1;1;3;4;1;6;5;6;5;1;1743.2580287
1992;2024Q2;ES704A0;ES704;6;2;34;3;1;5;2;1;6;2;5;6;-1;-1;-1;51;2;2;-1;-1;-1;2;0;1;0;1;1;0;3;1;1;0;0;0;0;0;0;2;6;4;1;5;5;3;3;6;5;5;5;5;5;4;5;3;3;3;4;2;4;2;4;3;3;2;2;4;4;4;2;3;4;3;3;2;3;3;4;3;3;3;4;-3;4;2;2;2;2;2;1;1;4;4;6;6;5;6;1;3;677.12899162
1993;2024Q2;ES704A0;ES704;6;2;30;3;1;5;7;10;-1;-1;-1;6;-1;-1;-1;31;2;5;-1;-1;-1;2;0;2;0;2;0;0;4;0;1;0;1;0;0;0;0;2;6;3;3;4;4;3;2;6;4;4;3;4;4;3;4;4;4;4;3;4;3;3;4;4;4;4;3;3;4;4;2;4;4;4;3;3;4;4;3;4;3;3;4;4;4;3;4;4;1;1;2;3;-1;-1;6;6;5;6;3;3;225.46195347
1994;2024Q2;ES708A0;ES708;1;1;72;3;2;5;6;12;-1;-1;-1;6;-1;-1;-1;64;1;9;-1;-1;-1;3;0;0;0;1;1;1;3;2;0;0;0;1;0;0;0;2;5;4;6;4;4;2;3;1;4;4;4;4;4;5;5;3;2;4;4;3;2;2;4;4;2;4;2;2;4;4;4;2;2;3;4;3;3;3;3;2;4;5;4;3;-3;3;3;2;4;-3;2;3;-1;-1;6;6;5;6;3;1;2964.6646804
1995;2024Q2;ES705A3;ES705;6;2;40;1;1;1;6;10;-1;-1;-1;6;-1;-1;-1;49;1;7;-1;-1;-1;3;0;1;2;1;1;0;5;2;0;1;0;0;1;0;0;2;5;2;4;5;5;4;2;6;4;4;2;4;4;4;4;3;3;4;3;3;3;3;3;4;4;4;4;4;3;4;3;3;3;3;3;3;-3;-3;-3;-3;-3;-3;-3;-3;-3;-3;-3;-3;-3;-3;2;3;-1;-1;6;6;1;6;-3;-9;206.13091177
1996;2024Q2;ES705A3;ES705;6;2;67;2;1;5;5;10;-1;-1;-1;1;-1;1;9;-1;-1;-1;-1;-1;-1;1;0;0;0;0;0;1;1;0;0;1;0;0;0;0;0;1;2;3;6;4;4;4;3;6;4;4;4;4;4;4;4;4;4;4;4;4;4;4;4;4;4;4;4;4;4;4;4;4;4;4;4;4;4;4;4;3;3;3;3;3;3;3;3;3;3;3;3;2;-1;-1;6;6;5;6;2;1;3384.3981613
1997;2024Q2;ES708A0;ES708;6;2;57;1;1;1;5;10;-1;-1;-1;1;-1;1;5;-1;-1;-1;-1;-1;-1;1;0;0;0;0;1;0;1;0;0;0;1;0;0;0;0;1;1;1;5;4;3;3;2;6;4;4;4;4;4;2;4;4;4;2;1;4;4;2;2;4;4;2;4;4;4;4;4;2;4;4;2;2;3;3;3;2;3;3;1;3;2;3;2;2;3;3;3;2;-1;-1;6;6;1;6;4;1;56.410250082
1998;2024Q2;ES708A0;ES708;6;2;55;3;2;5;6;14;-1;-1;-1;6;-1;-1;-1;50;2;2;-1;-1;-1;3;0;0;1;0;2;0;3;0;1;0;0;0;1;1;0;2;6;4;1;4;4;3;3;1;4;4;4;5;5;4;2;4;2;4;4;2;2;2;4;2;4;4;4;2;4;4;4;4;2;4;4;4;3;3;4;4;4;3;4;3;4;3;3;2;4;3;3;2;-1;-1;1;6;5;1;4;3;5224.5091082
1999;2024Q2;ES704A0;ES704;6;2;36;2;1;5;9;1;1;2;4;1;-1;-1;-1;-1;-1;-1;-1;-1;-1;2;1;0;0;2;0;0;3;2;0;0;0;0;0;0;0;7;7;5;3;4;5;3;5;1;4;5;4;5;4;2;5;4;5;4;4;5;2;5;3;4;3;4;4;4;4;5;2;5;2;4;3;2;3;3;4;3;4;3;4;4;2;4;4;2;4;3;2;3;-1;-1;6;6;5;6;5;1;219.93314601
2000;2024Q2;ES704A0;ES704;6;2;33;1;1;1;5;1;6;1;4;1;-1;-1;-1;-1;-1;-1;-1;-1;-1;2;0;1;0;2;0;0;3;2;0;0;0;0;0;0;0;9;3;2;3;-9;-9;-9;-9;-9;-9;-9;-9;5;-9;5;5;2;-9;-9;-9;-9;-9;-9;-9;-9;-9;-9;-9;-9;-9;-9;-9;-9;-9;-9;-9;-9;2;2;2;2;2;2;2;2;2;2;2;2;2;2;2;-9;-1;-1;6;6;1;6;5;1;577.60701197
2001;2024Q2;ES704A0;ES704;1;1;34;1;1;1;10;6;-1;-1;1;1;-1;-1;-1;-1;-1;-1;-1;-1;-1;4;0;0;0;2;2;0;4;3;1;0;0;0;0;0;0;2;7;6;1;5;5;4;2;6;3;3;3;5;4;2;5;4;4;4;4;3;2;2;3;5;4;4;4;4;4;5;4;3;3;3;4;4;3;3;3;3;3;3;3;3;3;3;3;3;3;3;1;2;-1;-1;1;1;1;6;2;1;1141.445595
2002;2024Q2;ES704A0;ES704;6;2;51;1;1;1;7;2;6;2;5;1;-1;-1;-1;-1;-1;-1;-1;-1;-1;3;0;1;2;0;2;0;5;2;1;0;0;0;1;0;0;2;6;3;5;5;5;3;2;1;2;4;2;2;1;1;1;2;2;1;2;2;5;2;1;1;1;1;1;1;1;1;1;2;2;2;2;2;1;1;1;1;1;1;1;-3;1;2;2;3;2;2;3;2;-1;-1;6;6;1;6;3;2;373.3537469
2003;2024Q2;ES704A0;ES704;1;1;25;1;1;1;4;1;6;2;9;6;-1;-1;-1;56;2;8;-1;-1;-1;3;0;0;0;1;2;0;3;2;1;0;0;0;0;0;0;2;7;5;5;5;1;1;1;1;4;2;4;2;4;2;5;1;1;2;5;2;5;5;2;5;2;1;1;1;1;1;5;5;5;5;1;1;3;1;2;1;5;1;1;4;4;1;1;1;1;1;3;1;2;4;6;6;1;6;4;1;856.08419627
2004;2024Q2;ES705A2;ES705;6;2;48;1;1;1;5;6;-1;-1;9;6;-1;-1;-1;50;1;5;-1;-1;-1;3;0;0;1;0;2;0;3;2;1;0;0;0;0;0;0;8;4;3;5;1;1;1;2;6;4;-9;3;4;3;4;4;4;2;-9;-9;-9;-9;-9;-9;-9;-9;-9;-9;-9;-9;-9;1;4;4;4;3;1;3;3;3;3;-7;-7;-3;-3;-3;-3;-3;-3;-7;-7;2;-9;-1;-1;6;6;4;6;-3;-9;284.80944603
2005;2024Q2;ES705A2;ES705;6;2;50;1;1;1;5;10;-1;-1;-1;6;-1;-1;-1;53;1;5;-1;-1;-1;3;0;1;1;0;2;0;4;1;0;0;2;0;0;0;0;2;4;2;5;5;5;2;1;6;5;4;4;5;5;3;5;4;5;3;5;1;1;3;2;5;5;4;2;5;5;5;1;4;4;2;3;3;5;4;5;5;4;5;2;4;4;3;4;1;4;1;1;1;5;3;6;6;5;6;3;1;89.526823909
2006;2024Q2;ES709A3;ES709;1;1;58;3;2;5;4;10;-1;-1;-1;1;-1;1;7;-1;-1;-1;-1;-1;-1;2;0;0;0;0;2;0;2;0;0;1;0;0;0;1;0;4;2;2;4;2;3;5;3;6;4;4;5;4;4;4;4;4;4;4;4;4;4;4;4;4;4;4;4;4;4;4;4;4;2;4;4;4;5;3;3;3;4;4;5;5;5;5;5;4;4;3;1;3;-1;-1;6;6;5;6;3;3;2122.9234925
2007;2024Q2;ES709A3;ES709;1;1;24;3;1;5;6;1;6;2;2;6;-1;-1;-1;51;1;9;-1;-1;-1;2;0;1;1;0;1;0;3;2;0;0;0;0;0;0;0;6;4;3;6;5;5;5;4;1;4;2;2;4;3;4;5;3;4;1;1;3;3;2;4;3;3;2;1;1;4;4;4;5;5;5;1;2;4;4;3;3;3;4;4;-3;-3;3;-3;1;3;3;1;1;2;4;1;6;5;1;3;1;994.38984445
2008;2024Q2;ES709A3;ES709;6;2;49;3;3;2;7;14;-1;-1;-1;1;1;1;5;-1;-1;-1;-1;-1;-1;3;0;3;0;0;3;0;6;2;0;0;0;0;0;1;0;3;4;2;5;4;4;4;3;1;5;4;4;4;4;5;5;4;5;4;4;5;5;4;5;5;4;4;4;5;5;4;2;2;2;2;2;2;4;4;4;4;4;4;4;4;4;4;4;4;4;4;3;1;2;4;1;6;2;6;3;1;3847.7941006
2009;2024Q2;ES709A3;ES709;6;2;73;2;2;5;6;12;-1;-1;-1;6;-1;-1;-1;69;5;-1;-1;2;7;2;0;0;0;0;0;2;2;0;0;0;0;2;0;0;0;4;4;4;4;4;4;4;-9;6;4;4;4;4;3;4;3;3;4;3;3;3;3;3;4;4;4;3;3;4;4;4;4;3;3;4;3;3;4;3;4;-3;-3;4;3;-3;4;-3;-3;-3;-3;3;2;2;-1;-1;6;6;5;6;2;-9;2767.5050916
2010;2024Q2;ES707A0;ES707;6;2;40;3;1;5;9;7;-1;-1;5;1;-1;-1;-1;-1;-1;-1;-1;-1;-1;2;0;2;0;1;1;0;4;1;1;0;0;0;0;0;0;2;3;2;3;4;4;3;2;6;4;4;3;4;4;4;2;4;2;4;2;4;2;2;4;4;4;4;4;3;4;4;2;2;2;2;4;4;4;4;4;4;4;3;3;3;3;3;3;2;2;3;3;1;1;4;1;6;5;6;5;1;190.30608387
2011;2024Q2;ES707A0;ES707;1;1;40;3;1;5;6;1;6;1;6;6;-1;-1;-1;43;1;2;-1;-1;-1;2;0;1;0;2;0;0;3;2;0;0;0;0;0;0;0;2;6;5;2;5;4;2;2;6;4;4;4;4;4;2;4;4;2;4;2;4;2;2;4;4;4;4;4;2;4;4;2;2;2;2;4;4;3;4;3;4;4;4;4;3;1;2;3;1;3;3;2;3;-1;-1;6;6;5;1;4;1;217.67029189
2012;2024Q2;ES707A0;ES707;1;1;50;1;1;1;8;1;6;2;7;1;-1;-1;-1;-1;-1;-1;-1;-1;-1;2;0;0;0;0;2;0;2;1;1;0;0;0;0;0;0;8;5;5;4;5;4;3;2;1;4;3;4;4;4;4;5;1;4;3;4;1;5;4;4;4;3;2;3;4;4;4;5;5;5;5;2;2;3;3;4;2;4;3;3;3;4;3;3;3;3;3;1;2;-1;-1;1;1;1;6;4;1;240.98965847
2013;2024Q2;ES707A0;ES707;6;2;46;3;3;3;7;10;-1;-1;-1;6;-1;-1;-1;52;3;-1;-1;1;5;3;0;0;1;0;2;0;3;0;0;1;1;0;1;0;0;2;2;2;5;3;3;3;2;6;4;4;3;4;4;4;4;4;3;4;2;4;2;2;4;4;4;4;4;4;4;4;2;2;2;2;4;4;4;4;4;4;4;4;4;4;4;4;4;4;4;4;2;2;-1;-1;6;6;3;6;1;2;575.89451962
2014;2024Q2;ES703A0;ES703;6;2;47;1;1;1;6;10;-1;-1;-1;1;-1;1;5;-1;-1;-1;-1;-1;-1;1;0;0;0;0;1;0;1;0;0;0;1;0;0;0;0;1;2;3;5;3;2;1;1;6;2;2;2;3;2;4;5;2;4;2;4;2;4;2;3;2;2;2;2;2;2;2;4;4;4;4;2;2;2;2;2;2;2;2;2;2;2;1;1;1;2;3;3;1;5;4;1;1;5;6;4;1;4.3536175266
2015;2024Q2;ES703A0;ES703;1;1;30;1;1;1;7;7;-1;-1;7;1;-1;-1;-1;-1;-1;-1;-1;-1;-1;1;0;0;0;1;0;0;1;0;1;0;0;0;0;0;0;1;4;6;5;4;3;3;3;6;3;5;4;4;4;4;4;4;4;4;2;4;2;2;4;4;4;4;4;4;4;4;2;2;2;2;2;4;2;4;4;4;4;4;4;4;4;4;4;4;4;4;1;1;2;2;6;6;1;6;5;1;34.59217746
2016;2024Q2;ES703A0;ES703;1;1;39;1;1;1;8;2;1;2;5;1;-1;-1;-1;-1;-1;-1;-1;-1;-1;3;0;0;1;2;0;0;3;1;0;0;0;1;1;0;0;2;5;4;5;5;5;5;2;6;4;4;3;4;4;4;4;3;2;4;2;4;2;2;4;3;4;3;3;3;4;4;3;2;4;4;2;2;3;3;3;4;3;4;3;3;4;3;3;2;3;3;1;2;-1;-1;6;6;5;6;4;1;97.097158299
2017;2024Q2;ES703A0;ES703;1;1;34;1;1;1;5;1;6;1;7;6;-1;-1;-1;67;5;-1;-1;1;5;3;0;0;0;1;0;2;3;1;0;0;0;2;0;0;0;5;7;5;5;4;4;4;2;6;2;1;4;4;4;4;4;4;4;2;4;2;4;4;2;4;2;1;1;1;4;4;5;5;5;5;4;2;5;5;5;5;5;2;2;2;4;4;4;4;4;4;3;1;5;4;1;6;5;6;4;1;103.77653238
2018;2024Q2;ES703A0;ES703;6;2;53;1;1;1;5;1;6;1;9;1;-1;-1;-1;-1;-1;-1;-1;-1;-1;2;0;1;1;0;1;0;3;2;0;0;0;0;0;0;0;6;5;4;6;2;1;1;2;1;4;4;3;4;4;4;4;3;4;4;2;4;2;2;4;4;4;4;4;4;4;4;2;2;2;2;4;4;5;4;4;4;4;4;4;4;4;4;4;4;4;4;3;2;-1;-1;6;6;4;6;3;3;22.241621603
2019;2024Q2;ES703A0;ES703;1;1;33;1;1;1;4;15;-1;-1;-1;1;6;-1;-1;-1;-1;-1;-1;-1;-1;1;0;0;0;1;0;0;1;0;0;0;0;1;0;0;0;1;2;3;-1;2;2;2;2;6;3;4;3;4;4;4;4;4;2;2;2;2;2;2;2;2;2;2;2;2;2;2;2;2;2;2;2;2;3;3;3;3;3;3;3;3;3;3;3;3;3;3;2;3;-1;-1;6;6;2;6;4;2;61.296923391
2020;2024Q2;ES703A0;ES703;1;1;41;1;1;1;6;10;-1;-1;-1;6;-1;-1;-1;32;1;2;-1;-1;-1;2;0;0;0;2;0;0;2;1;0;0;1;0;0;0;0;4;4;4;2;4;4;4;2;6;3;2;4;4;4;3;5;4;5;2;5;3;1;1;3;4;4;4;2;2;2;2;5;4;5;5;1;1;3;2;3;3;4;3;3;-3;3;2;2;1;2;-3;1;2;-1;-1;6;6;3;6;5;1;8.7072350532
2021;2024Q2;ES703A0;ES703;6;2;31;1;1;1;8;1;6;2;3;1;-1;-1;-1;-1;-1;-1;-1;-1;-1;3;0;0;0;1;0;2;3;1;0;0;0;2;0;0;0;8;4;3;-1;4;3;3;1;6;5;5;5;5;5;2;5;4;4;1;5;4;2;2;3;5;5;4;5;5;4;5;5;5;4;5;2;2;4;4;4;2;4;4;2;2;5;2;2;1;1;1;2;2;-1;-1;6;6;5;6;5;1;18.527347104
2022;2024Q2;ES703A0;ES703;6;2;26;3;1;5;8;10;-1;-1;-1;6;-1;-1;-1;23;1;2;-1;-1;-1;4;1;1;2;1;1;0;6;3;0;0;1;0;0;0;0;3;6;2;1;2;1;2;2;6;3;3;3;4;3;4;3;3;3;4;4;1;2;1;3;3;3;1;4;4;4;4;4;4;4;4;4;4;4;3;3;4;4;4;3;3;3;3;4;4;5;4;3;2;-1;-1;6;6;5;6;3;1;17.414470106
2023;2024Q2;ES703A0;ES703;6;2;57;1;1;1;5;10;-1;-1;-1;6;-1;-1;-1;60;1;7;-1;-1;-1;2;0;0;0;0;2;0;2;1;0;0;1;0;0;0;0;4;3;3;5;-9;2;2;1;6;3;3;3;3;3;3;3;3;3;3;3;3;2;2;3;3;3;3;3;3;3;3;3;3;3;3;3;3;2;2;3;3;3;3;3;3;3;3;3;1;3;3;3;3;-1;-1;6;6;5;6;4;1;8.7072350532
2024;2024Q2;ES703A0;ES703;6;2;67;1;1;1;4;12;-1;-1;-1;1;-1;1;9;-1;-1;-1;-1;-1;-1;2;0;0;0;0;0;2;2;0;0;0;0;2;0;0;0;4;2;2;6;1;1;1;1;6;2;4;4;3;2;5;4;2;4;4;4;4;5;4;4;4;4;4;4;4;4;4;5;4;4;4;2;2;4;3;4;3;4;3;1;2;3;3;3;1;3;1;3;3;-1;-1;6;6;1;6;3;2;156.6059557
2025;2024Q2;ES703A0;ES703;1;1;31;1;1;4;8;1;6;2;9;1;-1;-1;-1;-1;-1;-1;-1;-1;-1;2;0;0;0;1;1;0;2;1;0;0;0;0;0;1;0;4;6;5;6;5;5;5;3;6;5;5;5;5;4;3;5;5;5;5;3;3;5;3;3;3;3;3;3;4;3;3;5;3;5;5;5;2;5;1;4;4;2;4;4;4;3;4;4;5;5;4;1;1;2;-9;6;6;3;6;4;2;69.184354921
2026;2024Q2;ES703A0;ES703;6;2;48;3;3;4;5;10;-1;-1;-1;1;-1;1;9;-1;-1;-1;-1;-1;-1;1;0;0;0;0;1;0;1;0;0;1;0;0;0;0;0;1;1;2;6;3;2;2;2;6;4;4;3;4;3;2;4;2;4;4;2;4;3;2;4;3;4;3;3;2;4;4;2;3;3;4;3;3;4;4;4;4;4;3;3;3;4;3;3;3;3;4;2;3;-1;-1;6;6;4;6;2;3;79.201761294
2027;2024Q2;ES703A0;ES703;6;2;41;3;1;5;7;10;-1;-1;-1;6;-1;-1;-1;51;1;9;-1;-1;-1;2;0;3;0;1;1;0;5;1;0;1;0;0;0;0;0;2;4;2;6;3;4;2;2;6;3;5;5;4;4;5;4;4;3;1;2;1;5;4;4;3;5;2;4;4;5;5;4;2;4;2;3;1;2;3;4;1;3;3;3;3;3;3;3;1;3;2;2;3;-1;-1;6;6;5;6;4;1;8.7072350532
2028;2024Q2;ES703A0;ES703;6;2;62;3;1;5;6;10;-1;-1;-1;6;-1;-1;-1;71;5;-1;-1;1;8;2;0;0;0;0;1;1;2;0;0;0;1;1;0;0;0;4;2;2;5;4;2;2;2;6;-9;-9;-9;4;-9;-9;4;-9;-9;5;-9;-9;2;-9;4;-9;4;4;4;3;4;4;2;2;3;3;4;2;4;3;4;4;3;4;3;3;4;3;3;3;3;3;3;3;-1;-1;6;6;5;6;1;2;8.7072350532
2029;2024Q2;ES703A0;ES703;6;2;54;1;1;5;10;2;6;2;2;1;-1;-1;-1;-1;-1;-1;-1;-1;-1;2;0;0;1;0;1;0;2;1;0;0;0;0;1;0;0;6;4;4;2;4;3;2;3;6;5;4;4;4;4;5;5;5;2;2;4;4;4;2;4;4;5;4;4;4;4;5;4;2;4;4;4;3;4;4;4;4;4;3;3;1;2;3;3;4;4;-7;2;3;-1;-1;6;6;5;1;4;2;22.241621603
2030;2024Q2;ES703A0;ES703;1;1;48;2;1;5;10;2;6;2;2;6;-1;-1;-1;52;1;2;-1;-1;-1;2;0;0;0;0;2;0;2;2;0;0;0;0;0;0;0;4;7;6;1;4;4;2;1;6;4;4;3;4;4;3;4;4;4;3;3;3;3;2;4;4;4;4;3;3;4;4;4;4;3;3;3;3;4;4;4;4;4;4;4;4;4;4;4;4;4;4;2;1;1;3;1;6;4;6;2;-9;50.31507044
2031;2024Q2;ES703A0;ES703;1;1;58;1;1;1;4;10;-1;-1;-1;6;-1;-1;-1;50;1;5;-1;-1;-1;2;0;0;0;0;2;0;2;1;0;1;0;0;0;0;0;4;3;3;5;4;3;3;3;6;2;4;2;3;4;4;5;3;5;3;4;3;5;4;2;3;2;2;3;4;2;2;5;2;4;4;3;3;2;2;2;2;1;2;3;4;2;2;3;2;3;2;2;3;-1;-1;6;6;5;6;3;1;8.7072350532
2032;2024Q2;ES703A0;ES703;1;1;66;1;1;1;8;10;-1;-1;-1;1;-1;2;6;-1;-1;-1;-1;-1;-1;1;0;0;0;0;0;1;1;0;0;0;1;0;0;0;0;1;2;4;5;4;1;1;2;6;2;2;2;4;4;4;4;4;2;4;2;2;2;2;4;4;2;2;2;4;4;4;4;2;2;2;4;4;4;4;4;3;4;3;3;1;3;3;2;1;3;3;3;3;-1;-1;6;6;5;6;4;1;53.59451052
2033;2024Q2;ES703A0;ES703;1;1;41;1;1;1;10;12;-1;-1;-1;1;-1;1;2;-1;-1;-1;-1;-1;-1;3;0;0;0;1;0;2;3;0;0;0;0;3;0;0;0;8;2;2;-1;5;3;4;2;6;5;5;2;5;5;1;4;5;1;5;2;4;1;1;5;5;5;5;5;5;5;5;1;1;1;1;5;5;5;4;5;4;4;4;4;4;4;4;4;1;4;4;2;3;-1;-1;6;6;5;6;5;1;177.21139609
2034;2024Q2;ES703A0;ES703;6;2;40;3;1;5;7;2;6;2;9;6;-1;-1;-1;40;1;8;-1;-1;-1;2;0;2;0;2;0;0;4;2;0;0;0;0;0;0;0;2;5;3;5;4;3;3;4;1;4;4;4;5;3;4;5;5;5;4;5;4;5;4;-9;4;4;4;2;4;5;4;4;1;2;2;4;-9;3;-3;3;3;-3;-3;3;4;4;2;4;3;4;4;2;3;-1;-1;6;6;5;6;3;1;71.060023952
2035;2024Q2;ES703A0;ES703;6;2;50;3;1;5;5;10;-1;-1;-1;1;-1;1;9;-1;-1;-1;-1;-1;-1;3;0;0;1;0;2;0;3;0;0;1;1;0;1;0;0;2;1;1;6;2;2;2;1;6;2;5;4;4;5;5;4;4;4;4;4;4;2;2;4;4;4;4;4;4;4;4;4;4;4;4;2;2;3;3;3;3;3;3;3;3;3;2;3;3;3;3;3;3;-1;-1;6;6;3;6;3;1;13.06085258
2036;2024Q2;ES703A0;ES703;6;2;26;1;1;1;7;1;6;2;4;6;-1;-1;-1;61;1;5;-1;-1;-1;5;0;0;1;2;1;1;5;3;0;0;1;1;0;0;0;7;7;4;5;4;4;3;1;6;3;2;4;3;4;4;5;3;4;2;4;2;4;5;3;2;3;2;3;2;3;4;3;3;4;3;3;3;3;3;3;4;3;2;2;3;3;3;1;1;3;1;2;1;5;3;1;6;1;6;4;1;30.878911839
2037;2024Q2;ES703A0;ES703;1;1;55;1;1;1;5;10;-1;-1;-1;1;-1;1;7;-1;-1;-1;-1;-1;-1;1;0;0;0;0;1;0;1;0;0;1;0;0;0;0;0;1;2;3;4;4;3;3;1;6;4;4;4;4;4;4;5;4;5;4;4;4;2;4;2;4;4;2;2;2;4;4;4;4;4;4;2;4;2;2;3;4;2;2;4;4;4;2;2;3;3;1;3;2;-1;-1;6;6;5;6;4;3;4.3536175266
2038;2024Q2;ES703A0;ES703;1;1;63;1;1;1;10;12;-1;-1;-1;6;-1;-1;-1;54;1;2;-1;-1;-1;3;0;0;1;0;2;0;3;1;0;0;0;1;1;0;0;8;7;6;-1;5;1;2;1;6;1;1;1;2;2;5;5;2;5;1;5;1;5;3;3;1;2;1;1;4;3;3;5;5;5;5;1;1;-7;-7;-7;-7;-7;-7;-7;-7;-7;1;-3;1;1;1;1;1;3;4;6;6;5;6;5;1;154.91545633
2039;2024Q2;ES703A0;ES703;1;1;76;1;1;5;5;12;-1;-1;-1;1;-1;1;9;-1;-1;-1;-1;-1;-1;1;0;0;0;0;0;1;1;0;0;0;0;1;0;0;0;1;2;3;6;5;5;3;1;6;4;4;4;4;4;2;4;4;4;4;3;4;4;4;4;4;4;4;3;3;4;4;4;3;4;3;4;4;4;4;5;5;4;3;4;4;3;4;2;4;5;5;2;2;-1;-1;6;6;5;6;3;1;136.47450341
2040;2024Q2;ES703A0;ES703;6;2;50;1;1;1;8;1;6;1;4;1;-1;-1;-1;-1;-1;-1;-1;-1;-1;1;0;2;0;0;1;0;3;1;0;0;0;0;0;0;0;6;3;2;3;4;3;3;3;6;4;4;4;4;4;4;5;4;4;4;4;4;3;2;4;4;4;4;4;4;4;4;3;3;3;2;3;3;4;4;3;4;4;4;4;4;4;4;4;3;4;4;2;2;-1;-1;6;6;1;6;4;1;11.120810801
2041;2024Q2;ES703A0;ES703;1;1;48;1;1;1;7;1;1;2;7;1;-1;-1;-1;-1;-1;-1;-1;-1;-1;2;1;1;0;0;2;0;4;1;1;0;0;0;0;0;0;2;6;3;5;3;3;3;3;6;3;5;3;5;5;2;5;4;3;3;3;3;3;3;3;4;3;3;3;3;3;3;3;3;3;3;3;3;4;3;3;2;3;3;3;3;3;3;3;3;3;3;2;-9;-1;-1;6;6;5;6;5;1;50.31507044
2042;2024Q2;ES703A0;ES703;1;1;45;1;1;1;6;7;-1;-1;3;6;-1;-1;-1;41;1;2;-1;-1;-1;2;0;2;0;1;1;0;4;1;1;0;0;0;0;0;0;2;6;3;2;3;3;2;1;6;2;4;4;4;1;5;5;4;5;2;4;2;3;2;4;3;4;2;2;4;4;4;5;5;5;5;1;1;1;2;3;1;3;3;4;2;1;1;2;1;3;2;2;2;-1;-1;6;6;4;6;4;1;50.31507044
2043;2024Q2;ES703A0;ES703;1;1;52;1;1;1;4;1;6;2;7;1;-1;-1;-1;-1;-1;-1;-1;-1;-1;1;0;0;0;0;1;0;1;1;0;0;0;0;0;0;0;1;3;5;5;3;3;3;2;6;4;5;4;4;4;4;4;4;2;4;3;4;2;2;2;4;4;3;2;2;4;4;2;2;4;2;4;4;2;4;3;3;4;4;4;3;3;3;4;4;4;3;3;2;-1;-1;6;6;5;6;4;1;25.15753522
2044;2024Q2;ES703A0;ES703;6;2;50;3;1;5;5;10;-1;-1;-1;6;-1;-1;-1;62;1;7;-1;-1;-1;2;0;2;0;0;2;0;4;1;0;0;1;0;0;0;0;2;2;1;5;4;3;3;2;6;4;3;3;4;-9;2;2;-9;-9;4;2;4;3;2;2;4;4;3;3;3;3;4;2;3;3;3;4;3;3;3;3;3;3;4;3;-3;3;-3;-3;3;3;3;2;2;-1;-1;1;6;4;6;3;3;8.7072350532
2045;2024Q2;ES703A0;ES703;1;1;57;3;3;3;3;10;-1;-1;-1;1;-1;1;9;-1;-1;-1;-1;-1;-1;3;0;0;0;0;2;1;3;0;0;0;1;1;0;1;0;5;2;1;6;4;3;3;2;6;5;5;4;4;5;3;3;4;4;3;2;3;3;3;4;4;4;4;4;4;4;5;3;3;3;3;4;4;5;4;5;5;5;5;5;4;4;4;4;4;4;4;3;2;-1;-1;6;6;3;6;-7;-9;271.93731188
2046;2024Q2;ES703A0;ES703;1;1;61;1;1;1;4;1;1;1;7;1;-1;-1;-1;-1;-1;-1;-1;-1;-1;1;0;0;0;0;1;0;1;1;0;0;0;0;0;0;0;1;3;5;5;3;3;3;2;6;4;4;4;4;4;4;4;4;4;4;4;4;2;2;2;4;4;4;4;4;4;4;2;2;2;2;2;2;3;3;3;3;2;4;4;4;3;3;3;3;3;2;2;2;-1;-1;6;6;1;6;3;2;24.933739513
2047;2024Q2;ES703A0;ES703;1;1;48;1;1;1;5;10;-1;-1;-1;6;-1;-1;-1;76;5;-1;-1;1;7;3;0;0;0;1;1;1;3;0;0;0;2;1;0;0;0;5;3;2;5;3;3;3;2;6;4;3;4;4;3;3;4;2;3;3;2;4;4;4;3;3;4;4;4;4;4;4;2;4;3;4;4;3;3;3;3;3;4;3;3;3;4;3;3;1;2;3;3;2;-1;-1;6;6;1;6;4;1;13.06085258
2048;2024Q2;ES703A0;ES703;1;1;33;3;1;5;8;10;-1;-1;-1;6;-1;-1;-1;60;1;5;-1;-1;-1;3;0;0;0;1;1;1;3;1;0;0;1;1;0;0;0;-9;3;2;5;5;5;3;1;6;3;1;3;3;2;5;5;2;5;2;4;2;4;3;1;1;1;1;1;1;1;2;4;5;5;4;2;1;1;2;1;1;2;2;3;1;2;2;2;1;1;1;1;1;1;4;1;6;4;6;5;1;13.06085258
2049;2024Q2;ES703A0;ES703;1;1;41;1;1;1;5;7;-1;-1;3;1;-1;-1;-1;-1;-1;-1;-1;-1;-1;1;0;1;0;1;0;0;2;0;1;0;0;0;0;0;0;6;2;2;2;4;3;2;1;6;3;3;3;4;5;2;4;4;4;4;5;1;3;4;3;4;4;2;4;2;4;4;4;4;4;4;1;4;3;3;3;3;3;4;3;3;3;3;3;1;3;3;3;2;-1;-1;6;6;4;6;4;1;32.365719433
2050;2024Q2;ES703A0;ES703;1;1;73;1;1;5;5;12;-1;-1;-1;1;-1;1;5;-1;-1;-1;-1;-1;-1;1;0;0;0;0;0;1;1;0;0;0;0;1;0;0;0;1;1;2;5;4;3;3;3;6;1;2;2;4;1;4;2;4;5;5;5;4;2;5;2;2;2;2;2;2;4;5;5;5;4;5;2;2;3;3;2;1;3;3;2;1;3;3;3;2;1;3;3;1;3;4;1;1;5;6;5;3;136.47450341
2051;2024Q2;ES703A0;ES703;6;2;49;1;1;1;9;2;6;2;2;1;-1;-1;-1;-1;-1;-1;-1;-1;-1;2;0;3;0;0;2;0;5;2;0;0;0;0;0;0;0;2;6;3;1;4;4;4;1;6;4;3;2;4;4;2;3;4;3;4;3;4;2;2;4;4;3;4;4;4;5;5;2;2;4;3;3;4;3;3;4;2;3;2;2;3;3;3;3;2;3;3;2;2;-1;-1;1;6;5;6;5;1;22.241621603
2052;2024Q2;ES709A3;ES709;6;2;31;1;1;1;9;1;6;2;5;6;-1;-1;-1;37;1;2;-1;-1;-1;2;0;1;0;2;0;0;3;2;0;0;0;0;0;0;0;2;5;3;1;5;5;5;1;6;2;1;1;1;2;5;5;2;5;1;5;1;5;5;4;1;1;1;1;4;4;4;5;5;5;5;1;2;-3;-3;-3;1;1;1;1;1;2;1;1;1;1;1;1;1;5;3;1;6;1;6;5;1;661.44693844
2053;2024Q2;ES709A3;ES709;6;2;75;1;1;1;2;12;-1;-1;-1;6;-1;-1;-1;78;5;-1;-1;1;6;2;0;0;0;0;0;2;2;0;0;0;0;2;0;0;0;4;2;2;5;5;5;5;1;6;5;2;-9;4;4;4;4;2;5;2;5;2;2;2;4;2;2;2;1;2;4;4;5;5;5;5;2;2;4;4;4;1;4;1;1;3;3;-3;-3;2;2;1;1;1;1;1;1;6;1;6;3;3;1892.8080168
2054;2024Q2;ES706A0;ES706;1;1;53;3;1;5;5;10;-1;-1;-1;1;-1;2;5;-1;-1;-1;-1;-1;-1;4;0;1;2;1;1;0;5;0;0;1;1;0;2;0;0;2;2;1;3;5;5;5;5;6;4;4;4;4;4;2;4;4;4;4;4;2;2;2;4;4;4;2;2;4;4;4;4;4;4;4;2;2;4;4;4;2;4;4;2;4;3;4;4;2;4;2;1;1;3;2;1;6;5;6;5;1;147.76803218
2055;2024Q2;ES706A0;ES706;1;1;59;1;1;1;7;2;6;2;9;1;-1;-1;-1;-1;-1;-1;-1;-1;-1;1;0;0;0;0;1;0;1;1;0;0;0;0;0;0;0;1;3;5;6;5;5;3;2;6;4;4;4;4;4;2;3;4;4;4;2;3;4;3;4;4;4;4;2;4;3;4;4;2;4;3;4;4;5;5;5;5;2;3;5;-3;3;5;5;4;5;5;2;2;-1;-1;6;6;1;6;3;2;95.81737069
2056;2024Q2;ES706A0;ES706;6;2;43;1;1;1;8;10;-1;-1;-1;1;-1;1;9;-1;-1;-1;-1;-1;-1;2;0;2;0;1;1;0;4;0;0;2;0;0;0;0;0;2;2;1;6;3;2;2;2;6;3;4;4;4;4;2;5;4;2;2;2;2;2;2;2;4;2;2;2;2;2;4;4;4;4;2;4;2;4;4;4;3;4;4;3;3;3;2;3;1;2;4;2;2;-1;-1;6;6;5;6;5;1;38.035990913
2057;2024Q2;ES706A0;ES706;1;1;27;1;1;1;8;10;-1;-1;-1;6;-1;-1;-1;51;1;2;-1;-1;-1;4;0;0;1;1;2;0;4;3;0;0;1;0;0;0;0;7;7;5;1;3;3;3;3;6;2;1;3;4;4;4;5;3;3;3;3;2;3;3;3;3;3;4;4;4;3;3;4;4;4;4;4;4;4;3;4;5;4;5;3;4;3;4;4;4;4;4;1;1;5;3;1;6;1;6;1;1;55.856102829
2058;2024Q2;ES706A0;ES706;1;1;57;1;1;1;5;1;1;2;7;6;-1;-1;-1;56;1;5;-1;-1;-1;3;0;0;1;0;2;0;3;2;0;0;0;0;1;0;0;2;6;4;5;5;4;3;2;6;4;4;2;4;4;5;4;2;4;3;4;3;2;2;5;2;3;3;2;4;4;4;2;4;4;4;4;2;3;3;4;2;2;2;3;1;2;1;1;1;3;1;2;3;-1;-1;6;6;1;6;3;1;287.45211207
2059;2024Q2;ES706A0;ES706;6;2;65;1;1;1;5;10;-1;-1;-1;6;-1;-1;-1;67;5;-1;-1;1;4;2;0;0;0;0;0;2;2;0;0;0;1;1;0;0;0;4;3;3;3;4;2;2;3;6;3;2;2;4;4;4;4;4;4;3;4;2;2;4;2;-9;2;2;4;2;4;4;2;2;4;2;-9;2;4;4;3;-7;4;4;3;-7;3;-7;4;2;3;2;1;1;5;-9;1;6;5;6;4;1;130.18826536
2060;2024Q2;ES706A0;ES706;1;1;71;1;1;1;4;12;-1;-1;-1;1;-1;1;7;-1;-1;-1;-1;-1;-1;1;0;0;0;0;0;1;1;0;0;0;0;1;0;0;0;1;2;4;5;3;3;2;2;6;5;4;3;4;4;4;4;4;4;4;-9;4;2;2;2;4;3;4;4;4;4;3;2;2;2;2;4;-9;3;3;3;4;2;2;3;3;3;3;3;3;3;2;3;3;-1;-1;6;6;1;6;3;1;124.13291543
2061;2024Q2;ES706A0;ES706;6;2;42;1;1;1;5;10;-1;-1;-1;6;-1;-1;-1;41;1;7;-1;-1;-1;2;0;2;0;2;0;0;4;1;0;0;1;0;0;0;0;2;4;2;4;5;3;2;1;6;3;3;3;4;4;4;4;4;4;3;4;2;2;2;3;3;2;3;3;3;4;4;2;4;4;3;2;2;3;3;2;3;3;3;3;3;3;3;2;2;3;2;2;3;-1;-1;6;6;5;6;4;1;38.035990913
2062;2024Q2;ES706A0;ES706;6;2;54;1;1;1;8;2;6;2;4;1;-1;-1;-1;-1;-1;-1;-1;-1;-1;2;0;0;0;1;1;0;2;1;0;0;1;0;0;0;0;6;3;3;3;4;3;3;2;-9;4;3;4;4;4;3;3;4;4;5;5;5;4;5;-9;5;4;4;4;3;3;4;4;3;4;4;4;3;5;5;2;3;-3;4;3;4;-3;4;5;5;3;-3;1;1;4;2;1;6;5;6;3;3;68.548241289
2063;2024Q2;ES709A1;ES709;1;1;27;1;1;1;10;1;6;2;3;-9;-1;-1;-1;-1;-1;-1;-1;-1;-1;4;0;0;0;2;2;0;4;4;0;0;0;0;0;0;0;8;-9;-9;-1;2;2;2;1;1;1;1;1;1;1;5;5;1;5;1;5;1;5;4;1;1;1;1;1;1;1;1;5;5;5;5;1;1;1;1;1;1;1;1;1;1;1;1;1;1;1;1;1;2;-1;-1;1;6;1;6;5;1;1677.3575682
2064;2024Q2;ES709A1;ES709;1;1;63;1;1;1;4;10;-1;-1;-1;6;-1;-1;-1;62;1;3;-1;-1;-1;3;1;0;0;1;2;0;4;2;0;1;0;0;0;0;0;3;6;3;3;4;3;4;2;6;4;4;4;4;4;2;4;4;2;4;2;4;2;2;4;4;5;4;4;4;4;4;2;2;4;4;4;4;4;4;3;3;4;4;3;3;3;3;4;3;3;4;3;3;-1;-1;6;6;1;6;1;2;486.88271698
2065;2024Q2;ES709A1;ES709;1;1;63;1;1;1;10;2;1;1;2;1;-1;-1;-1;-1;-1;-1;-1;-1;-1;2;0;0;0;0;2;0;2;1;1;0;0;0;0;0;0;4;7;6;1;4;4;3;1;6;1;1;1;1;1;5;5;1;5;1;5;1;4;3;3;1;2;1;2;1;2;2;5;4;4;4;1;1;-3;-3;1;1;1;2;1;1;1;1;1;1;1;1;3;1;5;-9;1;6;1;6;5;1;1305.0485503
2066;2024Q2;ES707A0;ES707;6;2;26;1;1;1;9;10;-1;-1;-1;6;-1;-1;-1;62;1;2;-1;-1;-1;3;0;0;0;2;1;0;3;2;0;0;1;0;0;0;0;2;7;6;1;4;4;3;1;6;4;4;4;4;4;2;3;4;4;4;5;4;3;3;4;3;4;4;4;4;4;4;5;4;3;-9;4;-9;4;4;2;3;4;3;4;4;-3;4;4;5;-3;-3;2;2;-1;-1;6;6;5;6;4;1;213.18782241
2067;2024Q2;ES707A0;ES707;6;2;41;3;1;5;6;7;-1;-1;5;1;-1;-1;-1;-1;-1;-1;-1;-1;-1;2;0;2;0;1;1;0;4;0;2;0;0;0;0;0;0;3;4;2;3;1;3;3;3;6;5;5;4;4;4;4;4;4;4;4;2;4;2;2;4;4;4;4;4;4;4;4;3;2;2;2;4;4;5;4;4;4;4;4;4;4;4;4;4;4;4;4;3;3;-1;-1;6;6;5;6;1;2;154.54495107
2068;2024Q2;ES707A0;ES707;6;2;80;1;1;5;4;14;-1;-1;-1;6;-1;-1;-1;62;3;-1;-1;1;5;3;0;0;0;0;2;1;3;0;1;1;0;0;0;1;0;8;4;3;5;4;4;4;1;6;4;5;-9;4;4;-9;-9;4;-9;4;-9;4;-9;4;4;4;-9;-9;4;4;4;4;-9;-9;4;2;-9;-9;3;3;-7;-7;4;4;4;-7;-7;-7;-7;4;-7;-7;2;-9;-1;-1;6;6;3;6;-3;-9;1384.2120499
2069;2024Q2;ES707A0;ES707;1;1;52;1;1;1;5;7;-1;-1;7;1;-1;-1;-1;-1;-1;-1;-1;-1;-1;2;0;2;0;1;1;0;4;1;1;0;0;0;0;0;0;2;4;2;4;4;2;1;1;6;2;2;2;4;3;4;5;2;4;2;4;2;4;4;2;2;2;4;2;2;2;2;4;4;4;4;2;2;3;3;3;1;3;3;3;3;3;3;3;3;2;2;3;1;5;3;1;6;1;6;3;1;195.70438433
2070;2024Q2;ES707A0;ES707;1;1;68;1;1;1;4;12;-1;-1;-1;1;-1;1;7;-1;-1;-1;-1;-1;-1;2;0;0;0;0;0;2;2;0;0;1;0;1;0;0;0;4;3;3;4;3;2;3;2;6;2;2;3;4;4;4;4;4;4;4;4;4;2;4;2;4;4;1;2;2;2;4;2;4;4;2;4;4;2;3;3;3;2;3;3;3;2;2;3;3;3;3;3;-9;-1;-1;1;6;1;6;2;3;401.34556679
2071;2024Q2;ES707A0;ES707;6;2;44;1;1;1;10;1;6;2;2;6;-1;-1;-1;47;1;2;-1;-1;-1;2;0;2;0;1;1;0;4;2;0;0;0;0;0;0;0;2;6;3;1;3;3;3;2;6;4;4;3;4;4;3;2;4;2;3;3;4;2;1;4;3;4;4;4;4;4;4;2;2;2;2;3;3;4;4;3;3;3;4;3;3;3;3;3;4;4;3;2;2;-1;-1;6;6;5;6;4;1;154.54495107
2072;2024Q2;ES707A0;ES707;6;2;40;1;1;1;8;1;1;1;4;1;-1;-1;-1;-1;-1;-1;-1;-1;-1;2;0;1;0;2;0;0;3;2;0;0;0;0;0;0;0;2;4;3;3;-9;-9;-9;-9;-9;4;-9;-9;-9;-9;-9;-9;-9;-9;-9;-9;-9;-9;-9;-9;-9;-9;-9;-9;-9;-9;-9;-9;-9;-9;-9;-9;-9;-7;-7;-7;-7;-7;-7;-7;-7;-7;-7;-7;-7;-7;-7;2;-9;-1;-1;6;-9;2;6;-3;-9;154.54495107
2073;2024Q2;ES709A2;ES709;6;2;45;1;1;1;3;1;6;1;-9;6;-1;-1;-1;45;1;-9;-1;-1;-1;2;0;2;0;0;2;0;4;2;0;0;0;0;0;0;0;2;5;3;-1;4;4;4;3;1;4;4;2;4;4;4;4;3;3;4;4;4;4;4;4;3;3;2;2;2;4;4;4;4;4;4;2;2;3;3;3;3;3;3;3;4;3;3;3;3;3;3;1;2;-1;-1;6;6;5;6;3;-9;582.32199269
2074;2024Q2;ES709A2;ES709;1;1;58;1;1;1;4;15;-1;-1;-1;6;-1;-1;-1;80;9;-1;1;1;9;2;0;0;0;0;1;1;2;0;0;0;0;2;0;0;0;6;2;2;6;2;2;2;2;6;2;4;2;2;4;4;4;4;4;2;4;4;4;4;4;2;4;2;2;2;4;2;4;4;4;4;2;2;2;2;2;2;2;3;2;2;2;3;3;2;2;3;3;2;-1;-1;6;6;1;6;3;1;1624.0553734
2075;2024Q2;ES709A2;ES709;6;2;39;1;1;1;10;1;1;2;1;1;-1;-1;-1;-1;-1;-1;-1;-1;-1;3;0;0;0;2;0;1;3;2;0;0;0;1;0;0;0;5;6;4;1;5;5;5;2;6;4;1;2;4;4;5;5;2;5;2;5;2;4;2;4;4;2;4;4;4;4;4;4;5;5;5;2;2;5;5;5;3;4;4;4;4;4;3;2;1;4;1;1;1;2;3;1;6;3;6;3;1;1412.5901938
2076;2024Q2;ES709A2;ES709;6;2;61;1;1;1;5;10;-1;-1;-1;6;-1;-1;-1;52;1;5;-1;-1;-1;2;0;0;0;0;2;0;2;1;0;0;1;0;0;0;0;4;-9;-9;5;5;5;2;4;1;4;2;3;4;2;5;5;3;4;2;4;2;5;4;3;1;1;1;-9;4;3;4;2;5;4;4;1;1;1;1;1;1;-3;1;1;1;1;2;2;1;1;2;2;-9;-1;-1;6;6;5;6;-3;1;247.90301212
2077;2024Q2;ES709A2;ES709;6;2;64;1;1;1;3;16;-1;-1;-1;1;1;1;5;-1;-1;-1;-1;-1;-1;1;0;0;0;0;1;0;1;0;0;0;0;1;0;0;0;1;3;5;5;5;4;4;4;6;5;4;4;5;5;2;4;5;4;5;4;4;5;5;5;4;4;5;4;4;4;4;2;3;3;3;4;4;3;3;3;3;3;2;3;3;4;3;3;1;2;3;3;2;-1;-1;6;6;1;6;1;1;612.94663928
2078;2024Q2;ES707A0;ES707;1;1;58;1;1;1;6;10;-1;-1;-1;6;-1;-1;-1;80;8;-1;6;-1;-1;2;0;0;0;0;1;1;2;0;0;0;1;1;0;0;0;8;2;2;-1;4;4;4;1;6;4;4;2;5;4;4;4;4;4;4;4;3;4;4;5;4;4;4;4;4;5;5;4;2;2;3;4;4;5;5;4;4;4;4;4;4;5;5;3;5;2;2;1;1;3;3;6;6;5;6;-3;3;117.79925797
2079;2024Q2;ES707A0;ES707;1;1;58;1;1;1;6;5;-1;-1;6;1;-1;-1;-1;-1;-1;-1;-1;-1;-1;2;0;0;2;0;2;0;4;1;1;0;0;0;2;0;0;2;7;4;5;4;4;3;1;6;2;3;3;3;2;3;5;3;3;4;4;2;3;4;3;4;4;4;2;3;4;4;4;2;4;3;4;4;5;5;5;3;4;4;5;5;5;5;5;5;4;3;1;1;4;2;1;6;1;6;-3;1;238.17614173
2080;2024Q2;ES707A0;ES707;6;2;58;3;1;4;5;10;-1;-1;-1;6;-1;-1;-1;65;1;9;-1;-1;-1;2;0;0;0;0;1;1;2;1;0;0;1;0;0;0;0;4;3;3;6;3;3;1;1;6;5;5;5;5;5;1;1;5;4;5;5;4;4;5;5;4;4;5;4;4;4;5;4;4;4;2;4;4;4;4;4;4;4;4;5;4;4;4;4;4;4;4;3;2;-1;-1;-9;1;4;6;2;-9;52.60427238
2081;2024Q2;ES707A0;ES707;6;2;42;1;1;1;10;1;1;1;2;6;-1;-1;-1;44;1;4;-1;-1;-1;2;0;2;0;2;0;0;4;2;0;0;0;0;0;0;0;2;7;5;3;5;4;3;2;6;3;2;3;4;2;5;5;3;5;3;3;2;3;2;4;2;2;3;2;3;4;3;3;3;4;3;2;2;3;3;3;3;3;2;4;3;1;1;1;1;2;2;2;-9;-1;-1;1;6;4;6;4;1;190.30608387
2082;2024Q2;ES707A0;ES707;6;2;36;1;1;1;11;1;6;1;5;6;-1;-1;-1;37;1;7;-1;-1;-1;2;0;1;0;2;0;0;3;2;0;0;0;0;0;0;0;2;4;3;4;3;3;2;2;6;4;4;3;4;4;2;4;4;4;3;4;3;4;3;2;4;3;3;4;3;4;4;2;2;2;2;4;4;4;3;3;3;3;3;3;3;3;3;3;3;3;3;1;2;-1;-1;6;6;1;6;2;-9;190.30608387
2083;2024Q2;ES706A0;ES706;6;2;51;1;1;1;10;2;6;2;2;1;-1;-1;-1;-1;-1;-1;-1;-1;-1;1;0;0;0;0;1;0;1;1;0;0;0;0;0;0;0;1;4;6;1;5;4;4;1;6;3;3;3;4;4;5;5;1;5;1;5;3;5;5;2;4;3;1;2;4;4;3;5;5;5;5;2;2;3;3;3;3;3;4;3;3;4;3;3;1;3;3;2;1;3;1;6;6;5;6;1;1;31.001961389
2084;2024Q2;ES706A0;ES706;6;2;44;1;1;1;10;7;-1;-1;-9;6;-1;-1;-1;50;1;-9;-1;-1;-1;2;0;1;0;1;1;0;3;1;1;0;0;0;0;0;0;2;-9;-9;-1;5;5;4;-9;6;5;5;5;5;5;5;5;5;5;5;5;5;5;5;5;5;5;5;5;5;5;5;4;5;5;5;5;2;3;3;4;2;3;2;2;3;2;2;5;1;1;1;1;1;2;3;1;1;5;-9;-7;-9;86.546776471
2085;2024Q2;ES706A0;ES706;1;1;23;1;1;5;6;13;-1;-1;-1;6;-1;-1;-1;64;1;2;-1;-1;-1;2;0;0;1;0;1;0;2;1;0;0;0;0;1;0;0;6;4;4;1;4;4;4;1;6;5;5;4;5;5;3;3;5;5;4;4;4;4;3;3;4;4;5;4;4;3;4;4;4;5;4;2;4;4;5;4;3;4;4;4;5;5;4;4;4;3;5;2;2;-1;-1;6;6;5;6;2;3;240.42012027
2086;2024Q2;ES706A0;ES706;6;2;27;1;1;1;6;10;-1;-1;-1;6;-1;-1;-1;65;1;6;-1;-1;-1;4;0;0;0;2;1;1;4;1;0;0;1;2;0;0;0;5;6;3;5;4;3;2;2;6;4;4;4;3;3;3;5;2;2;4;4;2;3;4;4;4;4;4;2;3;4;4;4;3;4;2;4;4;5;5;5;3;4;4;5;5;5;5;5;5;4;3;2;1;1;1;1;6;5;6;3;1;275.28400131
2087;2024Q2;ES706A0;ES706;6;2;40;1;1;1;7;1;6;1;5;1;-1;-1;-1;-1;-1;-1;-1;-1;-1;2;0;1;0;2;0;0;3;1;0;0;1;0;0;0;0;2;3;2;5;3;2;2;2;6;1;4;4;4;4;4;4;4;2;4;2;4;2;2;2;4;3;4;2;2;4;4;4;2;2;2;2;4;3;2;3;3;3;2;3;3;3;3;3;3;3;3;2;2;-1;-1;6;6;1;6;3;1;86.546776471
2088;2024Q2;ES706A0;ES706;1;2;42;1;1;1;6;1;6;1;5;6;-1;-1;-1;78;5;-1;-1;1;-9;2;0;0;0;1;0;1;2;1;0;0;0;1;0;0;0;8;1;1;-1;-9;-9;-9;-9;6;3;2;3;3;3;4;3;3;3;2;2;2;3;2;2;2;3;2;2;2;2;2;3;3;3;3;3;3;3;-3;-3;-3;-3;-3;-3;-3;-3;-3;-3;-3;-3;-3;1;1;1;4;6;6;1;6;1;-9;203.98181474
2089;2024Q2;ES706A0;ES706;1;1;34;1;1;5;5;1;6;2;6;1;-1;-1;-1;-1;-1;-1;-1;-1;-1;1;0;0;0;1;0;0;1;1;0;0;0;0;0;0;0;1;3;5;5;5;5;5;2;6;2;2;-9;4;4;5;5;4;5;2;4;2;4;4;2;2;2;2;2;4;2;4;4;4;4;4;4;2;1;1;1;1;3;1;1;1;4;1;1;1;1;1;1;1;2;4;6;6;3;6;1;1;95.064335743
2090;2024Q2;ES706A0;ES706;1;1;44;1;1;1;7;10;-1;-1;-1;1;-1;1;5;-1;-1;-1;-1;-1;-1;2;0;1;0;2;0;0;3;1;0;1;0;0;0;0;0;2;4;3;5;5;4;5;2;6;5;4;4;4;4;4;2;4;1;4;2;4;1;2;4;4;4;4;4;4;4;4;2;1;2;2;4;4;4;3;3;4;3;2;3;3;4;3;4;2;3;3;2;3;-1;-1;6;6;5;6;4;1;39.114896303
2091;2024Q2;ES706A0;ES706;6;2;62;1;1;1;5;10;-1;-1;-1;1;-1;1;5;-1;-1;-1;-1;-1;-1;1;0;0;0;0;1;0;1;0;0;0;1;0;0;0;0;1;3;5;6;4;3;3;2;6;3;2;3;2;2;4;4;3;4;2;4;3;4;2;2;2;2;2;2;2;4;2;4;4;4;4;2;2;3;3;3;3;3;3;1;3;1;2;2;1;3;3;3;1;1;4;1;6;1;1;5;1;10.933649958
2092;2024Q2;ES706A0;ES706;6;2;24;1;1;1;8;10;-1;-1;-1;1;-1;1;5;-1;-1;-1;-1;-1;-1;1;0;0;1;0;0;0;1;0;0;1;0;0;0;0;0;1;2;3;5;4;4;4;4;1;4;4;4;4;4;4;4;2;4;2;4;4;4;4;2;4;4;4;2;4;2;4;4;4;4;4;2;2;3;3;3;3;3;3;3;3;3;3;3;3;3;3;1;2;-1;-1;6;1;1;6;3;1;68.821000328
2093;2024Q2;ES706A0;ES706;1;1;65;1;1;1;5;1;1;2;3;1;-1;-1;-1;-1;-1;-1;-1;-1;-1;2;1;1;0;1;0;1;4;1;0;0;0;0;0;1;0;2;4;2;4;2;2;2;1;6;4;4;3;4;4;4;4;4;4;4;3;2;2;2;4;4;4;2;2;2;4;4;3;2;3;3;4;4;3;3;3;4;4;3;3;3;4;3;3;3;3;3;2;1;3;-9;6;6;1;6;1;3;174.27237831
2094;2024Q2;ES706A0;ES706;1;1;40;3;1;5;5;7;-1;-1;7;6;-1;-1;-1;43;1;2;-1;-1;-1;2;0;0;0;2;0;0;2;1;1;0;0;0;0;0;0;4;7;6;1;5;5;4;1;6;4;4;2;4;2;2;4;4;4;2;4;3;2;2;4;4;4;4;4;3;4;4;4;2;4;4;4;2;4;3;4;3;3;4;4;3;4;3;3;2;3;3;1;3;-1;-1;1;6;5;6;3;1;203.98181474
2095;2024Q2;ES706A0;ES706;1;1;50;1;1;1;6;11;-1;-1;-1;6;-1;-1;-1;79;7;-1;6;-1;-1;2;0;0;0;0;1;1;2;0;0;0;1;0;0;1;0;6;2;2;-1;4;3;3;1;6;-9;-9;-9;4;4;4;4;4;4;-9;-9;-9;-9;-9;-9;-9;-9;-9;-9;-9;-9;-9;5;-9;-9;-9;-9;-9;-7;-7;-7;-7;-7;-7;-7;-7;-7;-7;-7;-7;-7;-7;3;1;1;2;6;6;1;6;-7;1;66.830289765
2096;2024Q2;ES706A0;ES706;6;2;18;1;1;1;7;13;-1;-1;-1;6;-1;-1;-1;54;1;9;-1;-1;-1;2;0;0;1;0;1;0;2;1;0;0;0;0;1;0;0;6;3;3;6;4;5;4;1;6;4;4;4;4;4;4;4;4;4;3;-9;4;-9;4;4;4;4;4;4;4;4;4;4;4;4;4;4;4;5;4;4;4;5;5;4;4;5;4;4;3;4;3;3;2;-1;-1;1;6;5;6;5;1;322.78130296
2097;2024Q2;ES706A0;ES706;6;2;80;1;1;1;2;12;-1;-1;-1;1;-1;-9;-1;-1;-1;-1;-1;-1;-1;1;0;0;0;0;0;1;1;0;0;0;0;1;0;0;0;1;2;3;-1;-9;-9;-9;-9;-9;-9;-9;-9;-9;-9;-9;-9;-9;-9;-9;-9;-9;-9;-9;-9;-9;-9;-9;-9;-9;-9;-9;-9;-9;-9;-9;-9;-9;-7;-7;-7;-7;-7;-7;-7;-7;-7;-7;-7;-7;-7;-7;2;-9;-1;-1;-9;-9;2;-9;-7;-9;151.44922997
2098;2024Q2;ES706A0;ES706;1;1;23;1;1;1;6;13;-1;-1;-1;6;-1;-1;-1;54;2;2;-1;-1;-1;3;0;0;1;0;2;0;3;1;1;0;0;0;1;0;0;2;3;2;1;4;4;5;3;6;2;3;3;3;3;3;3;3;3;3;3;3;3;3;3;3;3;3;3;3;3;3;3;3;3;3;3;3;-7;-7;-7;-7;-7;-7;-7;-7;-7;-7;-7;-7;-7;-7;3;1;1;3;1;6;1;-9;-3;-9;360.6301804
2099;2024Q2;ES706A0;ES706;6;2;68;1;1;5;6;12;-1;-1;-1;1;-1;2;5;-1;-1;-1;-1;-1;-1;1;0;0;0;0;0;1;1;0;0;0;0;1;0;0;0;1;2;3;5;4;3;2;1;6;4;4;-9;4;4;2;2;4;2;4;2;2;2;2;2;2;4;4;2;2;4;4;2;2;2;3;-9;4;5;5;5;4;5;5;5;5;5;5;5;3;5;5;3;1;5;1;1;1;5;6;1;1;151.44922997
2100;2024Q2;ES706A0;ES706;6;2;23;1;1;1;9;2;6;2;2;6;-1;-1;-1;51;2;4;-1;-1;-1;2;0;0;2;0;1;0;3;1;1;0;0;1;0;0;0;7;7;5;3;5;5;5;1;6;4;2;1;4;4;5;5;4;5;1;5;-9;-9;5;4;1;1;3;4;5;3;3;5;5;5;5;1;3;3;5;5;4;5;4;4;-3;-3;-3;2;1;1;1;1;2;-1;-1;6;6;1;6;4;1;189.78409221
2101;2024Q2;ES707A0;ES707;1;1;43;1;1;5;8;10;-1;-1;-1;1;-1;1;2;-1;-1;-1;-1;-1;-1;2;0;0;0;2;0;0;2;0;0;1;0;0;1;0;0;4;4;4;1;4;3;2;1;6;3;4;3;4;4;4;4;3;3;3;2;2;2;2;3;2;4;4;2;3;2;3;4;4;4;4;2;3;2;1;3;2;4;3;3;2;3;-7;-7;1;2;2;2;2;-1;-1;6;6;5;6;4;1;131.00516851
2102;2024Q2;ES707A0;ES707;1;1;51;1;1;1;5;10;-1;-1;-1;1;-1;1;7;-1;-1;-1;-1;-1;-1;1;0;0;0;0;1;0;1;0;0;1;0;0;0;0;0;1;2;4;5;3;3;2;2;6;4;4;3;4;4;4;5;4;4;3;4;3;3;3;4;4;4;4;4;3;4;4;3;4;3;3;4;4;4;4;4;4;4;4;4;4;4;4;4;3;4;4;2;3;-1;-1;1;6;5;6;4;2;81.202299207
2103;2024Q2;ES707A0;ES707;6;2;70;1;1;1;10;7;-1;-1;2;1;-1;-1;-1;-1;-1;-1;-1;-1;-1;1;0;0;0;0;0;1;1;0;1;0;0;0;0;0;0;1;2;4;1;5;5;5;1;6;4;2;-9;3;2;4;4;2;4;2;4;3;2;2;4;3;3;4;4;2;2;4;3;4;4;3;4;4;4;3;3;4;4;3;4;4;3;3;4;2;3;4;2;1;1;1;1;6;5;6;3;1;457.10218613
2104;2024Q2;ES707A0;ES707;1;1;47;2;1;5;5;7;-1;-1;1;1;-1;-1;-1;-1;-1;-1;-1;-1;-1;3;0;0;0;1;2;0;3;0;1;1;1;0;0;0;0;2;5;4;1;5;5;5;3;6;4;3;3;4;4;5;5;3;5;2;5;3;4;3;3;2;4;3;3;3;3;4;5;4;4;3;3;3;3;3;3;2;2;3;2;3;3;2;2;1;1;1;1;1;4;3;1;6;5;6;4;1;486.73735596
2105;2024Q2;ES707A0;ES707;6;2;71;3;1;5;5;14;-1;-1;-1;1;6;-1;-1;-1;-1;-1;-1;-1;-1;1;0;0;0;0;0;1;1;0;0;0;0;0;0;1;0;1;2;3;-1;3;2;3;3;6;4;4;4;4;4;4;4;4;4;4;4;4;4;4;4;4;4;4;4;4;4;4;4;4;4;4;4;4;3;3;3;3;3;3;3;3;3;3;3;3;3;3;2;1;3;1;1;1;5;6;-3;3;765.04016285
2106;2024Q2;ES707A0;ES707;1;1;45;2;1;5;5;1;6;2;7;1;-1;-1;-1;-1;-1;-1;-1;-1;-1;2;0;0;0;1;1;0;2;2;0;0;0;0;0;0;0;4;5;5;5;5;4;3;3;6;5;5;5;5;5;4;5;2;4;2;5;2;2;1;4;4;4;4;4;4;4;4;2;4;5;2;4;4;4;4;4;3;4;5;5;4;4;4;4;4;4;3;2;3;-1;-1;6;6;5;6;3;1;324.49157064
2107;2024Q2;ES707A0;ES707;1;1;23;1;1;1;5;1;6;1;5;6;-1;-1;-1;49;1;5;-1;-1;-1;3;0;0;1;0;1;1;3;2;0;0;0;0;0;1;0;8;4;3;5;4;4;4;1;1;4;4;1;4;4;4;4;4;3;3;4;2;2;3;4;2;4;4;4;3;4;5;4;3;3;3;3;4;3;4;4;4;4;4;2;-3;2;2;2;-3;4;4;2;3;-1;-1;6;6;5;6;2;3;351.1126444
2108;2024Q2;ES707A0;ES707;1;1;39;1;1;1;4;1;6;1;7;6;-1;-1;-1;60;1;9;-1;-1;-1;2;0;0;0;1;1;0;2;2;0;0;0;0;0;0;0;6;3;3;6;3;3;3;2;6;3;3;3;4;4;3;4;3;3;4;3;3;3;3;4;3;4;4;4;3;3;4;4;4;3;3;4;3;3;3;3;4;4;4;3;4;4;3;4;3;3;3;2;2;-1;-1;6;6;1;6;3;2;293.09214073
2109;2024Q2;ES707A0;ES707;6;2;60;3;1;5;6;10;-1;-1;-1;6;-1;-1;-1;46;1;9;-1;-1;-1;2;0;0;0;0;2;0;2;1;0;0;1;0;0;0;0;9;3;3;6;4;4;4;2;6;3;3;3;3;3;1;4;3;4;3;4;2;2;3;2;2;3;4;3;3;4;4;2;2;2;2;3;3;3;4;4;4;4;4;4;4;4;4;4;3;4;4;2;1;2;4;1;6;5;6;-3;1;70.831433494
2110;2024Q2;ES707A0;ES707;1;1;67;1;1;1;10;12;-1;-1;-1;1;-1;1;1;-1;-1;-1;-1;-1;-1;3;0;0;0;1;1;1;3;2;0;0;0;1;0;0;0;2;7;6;1;5;3;3;3;6;5;4;4;5;4;3;3;3;4;4;2;4;3;2;4;3;4;4;3;2;4;4;2;3;2;2;4;4;3;3;3;3;4;3;3;3;4;2;2;2;3;3;1;1;3;4;1;1;1;6;3;1;998.18857242
2111;2024Q2;ES709A1;ES709;6;2;49;1;1;1;5;10;-1;-1;-1;1;-1;1;9;-1;-1;-1;-1;-1;-1;2;0;0;1;0;1;0;2;0;0;1;1;0;0;0;0;6;1;1;6;2;3;2;2;6;3;4;3;4;4;2;5;4;4;4;4;3;4;2;4;4;4;4;4;4;4;4;4;2;1;2;2;2;3;3;4;4;4;3;3;3;4;4;4;4;4;3;3;1;1;4;1;6;3;6;2;1;223.53224529
2112;2024Q2;ES709A1;ES709;1;1;28;3;1;4;8;1;6;1;4;6;-1;-1;-1;73;5;-1;-1;1;2;4;0;0;0;2;1;1;4;1;0;0;1;1;0;1;0;2;7;4;1;5;4;3;3;6;4;3;3;5;4;5;5;5;5;3;4;3;3;4;3;4;4;3;3;4;4;4;4;5;3;5;2;3;3;3;5;2;4;3;4;3;3;2;2;3;2;3;2;2;-1;-1;1;6;4;6;2;1;1514.4013539
2113;2024Q2;ES709A2;ES709;6;2;36;1;1;1;8;2;6;2;4;6;-1;-1;-1;73;5;-1;-1;1;5;2;0;0;0;1;0;1;2;1;0;0;0;1;0;0;0;6;4;4;5;5;5;2;4;1;4;4;4;4;4;2;4;4;2;3;2;4;3;2;4;4;4;4;4;4;5;5;4;4;4;3;4;4;4;3;4;3;4;3;3;4;4;3;3;3;3;3;2;3;-1;-1;1;6;1;6;4;1;1101.3467405
2114;2024Q2;ES709A2;ES709;6;2;20;1;1;1;6;13;-1;-1;-1;6;-1;-1;-1;53;1;2;-1;-1;-1;4;0;0;2;0;2;0;4;2;0;0;1;0;1;0;0;2;7;5;2;5;4;4;3;6;3;2;1;4;5;3;4;2;2;5;4;4;3;4;2;4;3;1;4;3;4;5;5;5;4;4;3;2;3;4;3;2;3;2;2;3;2;2;3;2;4;4;2;3;-1;-1;6;6;1;6;3;1;1828.5687828
2115;2024Q2;ES709A2;ES709;6;2;59;1;1;1;4;10;-1;-1;-1;1;-1;1;9;-1;-1;-1;-1;-1;-1;1;0;0;0;0;1;0;1;0;0;0;1;0;0;0;0;1;2;4;6;4;3;2;2;6;4;4;4;4;4;4;2;2;2;4;2;4;2;2;4;4;3;4;4;4;4;4;2;2;2;2;2;4;3;4;3;4;4;3;3;3;3;4;4;3;3;3;2;2;-1;-1;6;6;1;6;3;1;144.96092474
2116;2024Q2;ES709A2;ES709;6;2;34;1;1;1;5;3;6;2;5;6;-1;-1;-1;37;8;-1;1;1;7;2;0;1;0;2;0;0;3;1;0;0;0;1;0;0;0;2;3;2;4;5;5;3;2;6;4;4;2;5;5;2;3;5;2;4;4;4;2;4;5;5;4;5;5;4;5;5;2;2;2;3;2;5;4;5;4;4;4;3;3;4;3;2;3;2;3;3;2;2;-1;-1;6;6;1;6;4;1;643.49259939
2117;2024Q2;ES709A2;ES709;6;2;60;1;1;1;5;16;-1;-1;-1;1;1;1;9;-1;-1;-1;-1;-1;-1;1;1;0;0;0;1;0;2;0;0;0;0;1;0;0;0;8;1;1;6;3;3;3;2;6;4;4;4;4;4;4;-9;5;2;4;5;4;4;2;2;4;4;4;4;4;4;4;2;2;2;2;-9;-9;5;3;4;4;4;3;3;3;3;4;3;3;3;3;2;-9;-1;-1;1;-9;5;6;1;-9;612.94663928
2118;2024Q2;ES709A2;ES709;6;2;68;1;1;1;4;15;-1;-1;-1;1;1;1;5;-1;-1;-1;-1;-1;-1;1;0;0;0;0;0;1;1;0;0;0;0;1;0;0;0;1;2;3;5;2;2;2;2;6;4;4;-9;4;4;2;2;4;2;4;4;2;2;4;4;4;4;4;4;4;4;4;2;2;2;2;4;4;2;2;2;4;4;4;3;4;3;3;3;2;3;2;3;2;-1;-1;6;6;5;6;1;1;1190.2869904
2119;2024Q2;ES709A2;ES709;1;1;53;2;1;1;5;1;6;1;5;1;-1;-1;-1;-1;-1;-1;-1;-1;-1;2;0;0;0;0;2;0;2;1;0;0;0;1;0;0;0;4;3;3;5;4;4;3;2;6;3;3;3;3;4;3;3;3;3;2;3;3;3;3;3;4;2;3;3;3;3;4;3;3;3;3;3;3;2;3;3;3;3;3;3;3;3;3;3;3;3;3;3;1;3;1;-9;6;5;6;1;1;1526.0742402
2120;2024Q2;ES703A0;ES703;1;1;39;1;1;1;6;10;-1;-1;-1;1;-1;1;7;-1;-1;-1;-1;-1;-1;2;0;1;0;2;0;0;3;1;0;1;0;0;0;0;0;2;5;4;5;3;2;2;2;6;2;4;4;4;4;4;4;4;2;2;2;2;4;4;4;2;2;2;2;4;4;4;2;2;4;4;4;2;4;3;3;4;4;4;4;3;3;3;4;2;2;3;1;3;-1;-1;6;6;5;1;4;1;8.5594012204
2121;2024Q2;ES703A0;ES703;6;2;44;2;1;4;10;2;1;2;2;1;-1;-1;-1;-1;-1;-1;-1;-1;-1;1;0;0;0;1;0;0;1;1;0;0;0;0;0;0;0;1;5;6;1;5;5;2;1;6;4;2;4;4;3;2;-9;-9;4;4;4;2;2;3;4;4;4;4;2;3;4;4;2;2;4;4;3;3;5;3;2;-3;4;5;5;5;5;5;-3;2;4;3;2;1;1;4;1;1;4;6;-3;1;34.926773656
2122;2024Q2;ES703A0;ES703;1;1;45;3;1;5;5;10;-1;-1;-1;1;-1;1;9;-1;-1;-1;-1;-1;-1;1;0;0;0;0;1;0;1;0;0;0;1;0;0;0;0;1;1;1;6;3;3;3;2;6;3;4;4;3;4;3;5;4;3;3;4;3;2;2;3;3;3;4;4;3;3;4;3;3;3;3;3;3;4;4;4;4;4;4;4;3;4;4;4;2;4;4;3;2;-1;-1;6;6;5;6;3;1;4.2797006102
2123;2024Q2;ES703A0;ES703;6;2;36;3;1;5;8;2;6;2;-9;6;-1;-1;-1;35;1;-9;-1;-1;-1;2;0;2;0;2;0;0;4;2;0;0;0;0;0;0;0;2;7;4;-1;4;4;4;4;1;4;4;-9;5;-9;-9;4;4;4;-9;4;-9;-9;4;-9;4;-9;4;4;-9;4;4;4;3;-9;-9;-9;4;2;2;2;2;2;2;3;-7;-7;-3;-3;2;2;-3;3;2;-1;-1;6;6;5;1;5;1;69.853547311
2124;2024Q2;ES703A0;ES703;1;1;31;1;1;1;8;1;6;1;8;6;-1;-1;-1;69;5;-1;-1;1;3;3;0;0;0;1;0;2;3;1;0;0;0;2;0;0;0;2;6;4;3;3;3;3;3;1;2;4;3;4;4;3;5;3;5;3;5;3;2;1;3;3;1;1;3;1;4;5;5;5;5;5;1;1;1;1;1;1;3;3;3;3;1;3;3;1;3;3;1;2;-1;-1;6;6;1;6;4;1;102.01458586
2125;2024Q2;ES703A0;ES703;6;2;34;1;1;1;7;10;-1;-1;-1;6;-1;-1;-1;39;1;7;-1;-1;-1;2;1;3;0;2;0;0;6;1;0;1;0;0;0;0;0;2;3;1;4;3;3;3;2;6;4;4;4;4;4;4;5;4;4;4;2;4;2;4;4;4;2;4;2;2;4;4;4;2;4;4;4;4;4;4;4;2;3;2;2;3;4;2;2;1;3;3;2;3;-1;-1;6;6;5;6;5;1;8.5594012204
2126;2024Q2;ES703A0;ES703;6;2;51;1;1;1;5;15;-1;-1;-1;1;1;1;9;-1;-1;-1;-1;-1;-1;1;0;0;0;0;1;0;1;0;0;0;0;1;0;0;0;1;2;3;6;3;3;3;2;6;1;4;4;4;4;4;4;4;4;4;4;4;4;4;4;4;4;4;4;4;4;4;4;4;4;4;4;4;4;4;4;4;4;4;4;4;4;4;4;4;4;4;2;2;-1;-1;6;6;5;6;-3;3;134.82198399
2127;2024Q2;ES703A0;ES703;6;2;21;1;1;1;8;2;6;2;2;6;-1;-1;-1;50;1;9;-1;-1;-1;2;0;0;1;0;1;0;2;2;0;0;0;0;0;0;0;6;4;4;6;5;4;3;1;6;4;4;4;3;4;3;2;3;3;4;4;2;4;4;3;4;4;4;4;4;3;4;5;5;4;4;3;4;4;4;4;2;3;3;-3;4;4;4;4;4;4;-3;2;3;-1;-1;6;6;1;6;1;3;12.141856471
2128;2024Q2;ES703A0;ES703;1;1;59;1;1;1;5;1;6;2;7;1;-1;-1;-1;-1;-1;-1;-1;-1;-1;1;0;0;0;0;1;0;1;1;0;0;0;0;0;0;0;1;3;5;5;5;5;4;2;6;3;5;2;4;4;4;4;4;2;4;2;4;2;2;4;4;4;4;4;4;4;4;4;3;4;4;4;4;3;3;3;3;4;4;3;3;2;2;2;2;3;2;2;1;2;3;1;6;5;6;4;1;24.510407623
2129;2024Q2;ES703A0;ES703;1;1;54;1;1;1;9;15;-1;-1;-1;6;-1;-1;-1;45;1;2;-1;-1;-1;2;0;1;0;0;2;0;3;1;0;0;0;1;0;0;0;2;7;5;2;5;5;3;1;6;3;1;3;4;4;5;5;4;5;2;4;2;3;2;3;3;4;1;2;4;3;4;5;4;5;4;3;2;4;2;4;2;4;3;2;4;4;2;2;2;3;1;2;1;2;1;1;6;5;6;5;1;101.96349814
2130;2024Q2;ES703A0;ES703;6;2;48;1;1;1;5;10;-1;-1;-1;1;-1;1;9;-1;-1;-1;-1;-1;-1;2;0;0;1;0;1;0;2;0;0;1;0;1;0;0;0;6;2;2;6;2;2;3;2;6;2;3;2;3;3;3;1;3;2;3;3;3;2;2;2;2;4;4;4;2;2;2;3;2;4;1;2;4;3;3;4;4;4;2;4;4;3;3;3;1;3;3;3;1;5;2;1;1;5;6;4;3;8.5594012204
2131;2024Q2;ES703A0;ES703;1;1;45;2;1;4;6;14;-1;-1;-1;1;1;1;5;-1;-1;-1;-1;-1;-1;1;0;0;0;0;1;0;1;0;0;0;0;0;0;1;0;1;2;3;3;4;3;2;2;6;4;3;3;4;3;4;4;3;4;3;2;3;4;2;3;3;3;2;2;2;3;3;2;2;3;3;3;3;3;3;3;4;4;4;3;3;4;3;3;3;3;3;2;2;-1;-1;6;6;4;6;2;3;50.981749069
2132;2024Q2;ES703A0;ES703;6;2;24;1;1;1;5;1;6;1;5;6;-1;-1;-1;42;1;7;-1;-1;-1;2;1;1;1;1;0;0;4;2;0;0;0;0;0;0;0;2;3;2;5;4;4;2;1;6;4;2;4;4;4;4;3;2;4;4;4;-9;2;4;4;3;2;4;2;4;3;4;4;4;2;3;4;-9;4;4;5;4;4;3;4;3;-3;4;4;4;3;-3;1;2;-1;-1;1;6;1;6;2;2;12.141856471
2133;2024Q2;ES703A0;ES703;1;1;55;3;1;5;6;14;-1;-1;-1;1;1;1;5;-1;-1;-1;-1;-1;-1;1;0;0;0;0;1;0;1;0;0;0;0;0;0;1;0;1;1;1;3;5;4;3;1;1;4;3;4;3;4;3;2;3;3;4;4;2;4;3;3;4;4;4;2;2;3;4;4;4;3;3;4;4;5;5;5;5;3;3;5;-3;5;5;4;5;-3;2;1;1;2;3;1;6;5;6;3;1;50.761753028
2134;2024Q2;ES703A0;ES703;1;1;58;3;1;3;5;10;-1;-1;-1;1;-1;1;9;-1;-1;-1;-1;-1;-1;3;0;1;0;1;2;0;4;0;0;1;1;0;1;0;0;8;1;1;6;3;2;2;-9;6;1;1;-9;-9;1;2;1;1;2;1;2;-9;2;2;1;1;1;1;1;1;1;1;2;1;1;3;4;4;1;3;2;4;3;4;4;-3;4;-3;-3;2;3;3;2;3;-1;-1;6;6;3;6;4;1;12.839101831
2135;2024Q2;ES703A0;ES703;1;1;56;1;1;1;8;15;-1;-1;-1;1;1;1;4;-1;-1;-1;-1;-1;-1;1;0;0;0;0;1;0;1;0;0;0;0;1;0;0;0;1;2;3;3;4;4;3;2;6;4;4;3;4;4;3;4;4;3;4;3;4;3;4;3;4;4;4;4;3;4;5;4;4;4;4;3;3;4;5;4;3;3;3;3;3;3;2;2;3;3;2;2;2;-1;-1;6;6;1;6;4;1;50.761753028
2136;2024Q2;ES703A0;ES703;1;1;51;1;1;1;9;2;1;1;2;1;-1;-1;-1;-1;-1;-1;-1;-1;-1;2;0;1;0;0;2;0;3;2;0;0;0;0;0;0;0;6;6;4;2;5;4;2;2;6;4;4;3;4;4;4;4;3;4;3;4;4;4;3;3;4;3;2;4;3;4;4;4;4;4;4;3;3;4;3;4;3;4;3;3;4;3;3;3;3;4;3;3;1;5;3;1;6;5;6;3;-9;49.460807328
2137;2024Q2;ES703A0;ES703;1;1;70;1;1;1;5;5;-1;-1;6;1;-1;-1;-1;-1;-1;-1;-1;-1;-1;3;0;0;0;1;1;1;3;1;1;0;0;0;0;1;0;2;4;3;5;4;4;4;4;6;5;5;5;5;4;5;4;4;5;5;5;5;5;5;4;5;5;5;5;4;5;5;4;5;2;2;5;2;5;5;5;4;4;5;5;4;-3;4;4;5;4;5;2;1;3;3;1;1;1;6;-3;2;323.71816898
2138;2024Q2;ES703A0;ES703;6;2;41;1;1;1;7;10;-1;-1;-1;1;-1;1;5;-1;-1;-1;-1;-1;-1;3;0;1;1;1;1;0;4;0;0;2;0;0;1;0;0;2;3;2;5;3;3;3;2;6;4;4;4;4;4;4;4;4;4;4;2;2;2;2;4;4;4;4;4;4;4;4;2;2;4;4;2;4;4;4;4;4;4;3;3;3;4;3;3;3;3;3;2;3;-1;-1;6;6;1;6;4;3;12.839101831
2139;2024Q2;ES703A0;ES703;1;1;32;1;1;4;5;1;1;2;5;1;-1;-1;-1;-1;-1;-1;-1;-1;-1;1;0;0;0;1;0;0;1;1;0;0;0;0;0;0;0;1;3;5;6;5;4;3;2;6;4;4;4;4;4;4;4;4;4;4;4;3;3;4;4;4;4;4;4;4;4;4;4;4;4;4;4;4;3;4;4;3;3;4;4;-3;4;3;4;4;3;3;2;1;1;2;1;6;4;6;3;1;34.004861952
2140;2024Q2;ES703A0;ES703;6;2;37;1;1;1;6;1;6;2;5;6;-1;-1;-1;36;1;7;-1;-1;-1;2;0;2;0;2;0;0;4;2;0;0;0;0;0;0;0;2;5;3;4;5;4;2;1;6;4;4;4;4;2;4;3;4;4;4;4;1;4;3;4;4;4;4;4;2;4;4;3;4;3;2;3;3;4;4;4;4;2;3;4;4;4;4;4;4;2;3;3;1;2;3;6;6;5;6;3;-9;69.853547311
2141;2024Q2;ES703A0;ES703;6;2;40;1;1;1;5;10;-1;-1;-1;6;-1;-1;-1;47;1;5;-1;-1;-1;3;0;0;1;1;1;0;3;1;0;2;0;0;0;0;0;2;4;3;3;3;2;2;2;6;3;3;4;3;4;3;4;2;4;4;4;3;2;2;3;2;4;2;2;4;4;4;5;5;4;5;3;1;1;1;1;1;3;1;1;3;2;2;2;2;3;3;3;1;1;4;6;6;1;6;3;3;12.839101831
2142;2024Q2;ES703A0;ES703;1;1;45;1;1;1;5;2;6;2;4;1;-1;-1;-1;-1;-1;-1;-1;-1;-1;1;0;0;0;0;1;0;1;1;0;0;0;0;0;0;0;1;3;5;3;2;2;1;1;6;2;2;2;2;2;5;5;3;5;2;5;2;3;4;4;2;2;2;2;2;4;4;4;4;5;5;2;2;3;3;2;1;3;3;3;3;3;1;1;1;3;2;3;1;5;4;1;6;5;6;5;1;24.730403664
2143;2024Q2;ES703A0;ES703;6;2;75;1;1;1;3;12;-1;-1;-1;6;-1;-1;-1;76;5;-1;-1;1;8;2;0;0;0;0;0;2;2;0;0;0;0;2;0;0;0;4;2;2;5;4;4;2;1;6;4;4;4;3;3;3;2;4;4;4;4;2;4;4;3;4;4;4;2;2;4;4;4;4;2;2;4;4;4;4;4;4;1;1;3;4;4;3;4;1;1;1;2;2;-1;-1;6;1;5;6;3;1;153.94705669
2144;2024Q2;ES703A0;ES703;6;2;56;1;1;1;5;2;6;2;9;1;-1;-1;-1;-1;-1;-1;-1;-1;-1;2;0;0;0;0;1;1;2;1;0;0;0;1;0;0;0;6;4;4;6;4;4;4;2;6;4;4;4;4;2;4;3;4;4;4;4;2;3;4;4;4;4;4;5;4;4;4;4;5;4;5;3;4;4;3;3;4;4;5;4;4;4;4;4;5;4;4;3;2;-1;-1;6;6;5;6;3;1;8.5594012204
2145;2024Q2;ES703A0;ES703;1;1;55;2;1;5;5;10;-1;-1;-1;6;-1;-1;-1;64;3;-1;-1;1;4;2;0;0;0;0;2;0;2;0;0;2;0;0;0;0;0;4;2;2;3;5;5;4;1;6;4;2;4;4;2;4;3;4;4;4;4;3;4;4;3;4;4;4;2;3;4;4;4;4;2;3;4;4;4;4;3;4;4;3;4;3;4;2;4;4;5;4;1;2;-1;-1;6;6;4;6;3;1;8.5594012204
2146;2024Q2;ES703A0;ES703;1;1;51;1;1;1;5;2;6;2;6;1;-1;-1;-1;-1;-1;-1;-1;-1;-1;2;0;0;0;0;2;0;2;1;0;1;0;0;0;0;0;4;4;4;5;5;3;3;3;1;5;4;4;4;4;2;4;4;4;4;2;4;2;4;4;4;4;4;4;4;4;4;4;4;4;4;2;4;4;4;4;1;5;4;4;4;4;4;4;4;2;2;2;2;-1;-1;6;6;1;1;3;3;49.460807328
2147;2024Q2;ES703A0;ES703;1;1;37;1;1;1;8;1;6;2;7;1;-1;-1;-1;-1;-1;-1;-1;-1;-1;2;1;1;0;2;0;0;4;2;0;0;0;0;0;0;0;2;5;3;4;5;3;3;2;1;3;3;3;4;4;3;4;3;4;1;4;2;2;2;2;4;4;2;3;2;3;3;4;4;4;4;3;2;4;3;2;2;3;3;3;3;3;3;3;2;3;2;1;2;-1;-1;6;6;1;6;4;3;63.632410684
2148;2024Q2;ES703A0;ES703;6;2;35;1;1;1;8;2;6;2;4;6;-1;-1;-1;59;1;5;-1;-1;-1;2;0;0;1;1;1;0;3;2;0;0;0;0;1;0;0;6;3;2;5;4;4;4;2;6;2;2;2;2;2;4;5;2;5;2;4;2;4;4;2;2;2;2;2;2;2;2;4;4;4;4;2;2;2;2;1;1;5;1;2;-3;2;2;2;2;2;-3;1;1;5;4;1;6;1;6;5;1;69.853547311
2149;2024Q2;ES703A0;ES703;1;1;59;1;1;1;6;1;6;1;5;1;-1;-1;-1;-1;-1;-1;-1;-1;-1;1;0;0;0;0;1;0;1;1;0;0;0;0;0;0;0;1;3;5;5;5;5;3;3;6;5;5;4;4;4;4;4;3;3;3;4;4;4;3;3;4;4;3;3;3;3;4;4;3;4;4;2;2;3;3;4;4;4;3;3;3;4;1;1;1;3;1;2;2;-1;-1;6;6;5;6;4;1;24.510407623
2150;2024Q2;ES703A0;ES703;6;1;64;1;1;1;2;10;-1;-1;-1;1;-1;1;5;-1;-1;-1;-1;-1;-1;1;0;0;0;0;1;0;1;0;0;1;0;0;0;0;0;1;1;2;5;5;4;3;1;6;4;2;4;4;4;4;5;2;4;2;4;4;4;4;2;2;2;2;2;2;2;2;4;4;4;4;2;2;3;3;3;2;2;2;2;2;2;2;2;2;2;2;2;1;1;4;1;6;1;6;3;1;4.2797006102
2151;2024Q2;ES703A0;ES703;6;2;57;3;1;5;6;2;6;1;5;1;-1;-1;-1;-1;-1;-1;-1;-1;-1;3;0;0;0;1;1;1;3;1;1;0;0;1;0;0;0;2;4;3;5;4;4;4;3;1;4;4;4;4;4;4;4;4;4;4;2;4;4;4;4;4;4;4;2;4;4;4;2;2;2;2;4;4;3;5;5;5;5;5;5;3;4;3;4;4;4;3;2;3;-1;-1;6;6;5;1;3;3;12.839101831
2152;2024Q2;ES703A0;ES703;1;1;30;1;1;1;7;1;6;2;5;1;-1;-1;-1;-1;-1;-1;-1;-1;-1;1;0;0;0;1;0;0;1;1;0;0;0;0;0;0;0;1;4;6;5;4;3;2;4;1;4;1;4;4;4;4;4;2;4;2;4;4;4;2;4;4;4;2;2;2;2;4;4;4;4;4;2;2;1;2;3;1;1;2;3;3;3;3;3;1;2;3;2;1;3;4;1;6;5;6;4;1;34.004861952
2153;2024Q2;ES703A0;ES703;1;1;46;1;1;1;5;10;-1;-1;-1;6;-1;-1;-1;72;5;-1;-1;1;8;5;0;0;0;1;2;2;5;1;0;0;2;1;0;1;0;3;4;2;5;3;2;2;2;6;4;4;3;3;4;4;4;3;4;4;3;2;4;4;4;2;2;2;2;2;2;4;4;4;4;4;4;2;3;3;3;3;3;4;2;3;3;2;2;1;3;3;3;1;1;2;1;6;5;6;5;1;21.398503051
2154;2024Q2;ES703A0;ES703;6;2;28;1;1;1;7;7;-1;-1;5;6;-1;-1;-1;80;8;-1;1;1;-9;2;0;0;0;1;0;1;2;0;1;0;0;1;0;0;0;8;2;2;-1;5;5;4;3;6;4;4;3;4;4;3;5;5;4;4;3;3;3;4;3;4;4;2;2;3;4;4;3;2;3;4;2;3;3;4;4;3;4;3;4;3;3;3;4;3;4;4;2;2;-1;-1;1;6;3;6;4;2;12.141856471
2155;2024Q2;ES703A0;ES703;6;2;56;1;1;1;5;1;1;1;5;1;-1;-1;-1;-1;-1;-1;-1;-1;-1;1;0;0;0;0;1;0;1;1;0;0;0;0;0;0;0;1;3;5;5;5;4;3;2;1;5;5;-9;5;4;4;5;5;5;3;4;3;-9;-9;-9;4;-9;4;5;-9;4;5;-9;3;-9;-9;-9;5;5;-7;4;5;5;5;5;-7;-7;-7;-7;-7;-7;-7;2;2;-1;-1;6;6;5;1;4;3;4.2797006102
2156;2024Q2;ES703A0;ES703;6;2;69;3;1;5;5;12;-1;-1;-1;1;-1;1;5;-1;-1;-1;-1;-1;-1;1;0;0;0;0;0;1;1;0;0;0;0;1;0;0;0;1;2;3;5;5;4;4;2;6;4;4;-9;4;4;4;4;4;4;3;4;4;4;4;4;4;4;3;4;4;4;4;4;4;4;4;3;2;3;3;3;3;3;3;2;3;2;2;3;2;2;3;3;1;5;3;1;1;5;6;4;1;76.973528346
2157;2024Q2;ES703A0;ES703;6;2;65;3;2;5;8;2;6;2;3;1;-1;-1;-1;-1;-1;-1;-1;-1;-1;2;0;0;0;1;0;1;2;1;0;0;0;1;0;0;0;6;4;4;3;4;5;4;1;1;1;1;1;4;2;5;5;2;4;2;4;1;3;5;1;4;4;1;1;2;2;2;5;5;5;5;2;2;1;2;2;2;4;3;4;2;3;1;1;1;3;3;3;2;-1;-1;6;6;5;6;5;1;145.80277059
2158;2024Q2;ES703A0;ES703;6;2;56;1;1;1;6;2;6;1;4;1;-1;-1;-1;-1;-1;-1;-1;-1;-1;2;0;2;0;0;1;1;4;1;1;0;0;0;0;0;0;2;4;2;3;4;4;4;4;1;4;4;2;4;2;4;4;4;4;2;4;4;4;2;4;4;4;2;2;2;4;4;4;4;4;4;2;2;4;4;3;3;4;3;3;3;3;2;2;2;3;2;2;1;5;3;1;1;5;6;4;1;8.5594012204
2159;2024Q2;ES703A0;ES703;6;2;60;3;2;2;10;2;6;2;2;1;-1;-1;-1;-1;-1;-1;-1;-1;-1;1;0;0;0;0;1;0;1;1;0;0;0;0;0;0;0;1;6;6;2;4;3;3;3;6;4;4;-9;4;4;3;-9;4;3;3;3;3;3;3;4;3;3;4;4;4;4;4;3;2;3;3;3;3;-3;-3;-3;-3;-3;-3;-3;-3;-3;-3;-3;-3;-3;-3;1;3;-1;-1;-9;6;2;6;3;3;97.414971876
2160;2024Q2;ES706A0;ES706;6;2;28;1;1;1;4;2;6;1;5;1;-1;-1;-1;-1;-1;-1;-1;-1;-1;2;0;0;0;2;0;0;2;2;0;0;0;0;0;0;0;4;3;3;5;4;4;4;2;6;4;4;4;4;3;4;3;4;4;4;5;4;5;4;3;4;4;4;4;4;4;4;4;4;4;4;4;4;5;4;4;4;5;5;-3;-3;5;3;5;5;-3;-3;2;2;-1;-1;6;6;1;6;3;1;209.81520463
2161;2024Q2;ES706A0;ES706;6;2;50;1;1;1;8;1;6;1;9;6;-1;-1;-1;45;2;8;-1;-1;-1;3;0;0;2;0;2;0;4;1;1;0;0;0;2;0;0;2;5;3;5;5;5;5;5;1;5;4;3;5;5;4;5;3;5;3;5;3;3;3;4;4;3;2;4;3;4;5;4;3;3;3;4;3;4;4;3;3;3;3;3;-3;3;-3;2;1;3;2;2;2;-1;-1;6;6;5;6;4;1;102.82236193
2162;2024Q2;ES706A0;ES706;6;2;53;3;2;5;6;5;-1;-1;5;1;-1;-1;-1;-1;-1;-1;-1;-1;-1;1;0;0;0;0;1;0;1;0;1;0;0;0;0;0;0;1;3;5;3;5;5;5;5;1;5;4;4;4;4;5;4;4;5;5;5;4;4;5;2;4;5;2;2;2;4;2;4;2;5;5;2;1;3;4;3;3;3;4;5;3;3;4;4;4;3;3;1;1;3;4;1;6;5;6;5;1;34.274120644
2163;2024Q2;ES706A0;ES706;6;2;56;3;1;5;4;2;6;2;5;1;-1;-1;-1;-1;-1;-1;-1;-1;-1;1;0;1;0;0;1;0;2;1;0;0;0;0;0;0;0;6;3;3;5;3;3;3;3;1;4;5;3;5;5;5;4;4;5;4;3;4;3;2;4;4;4;3;4;4;4;4;2;3;3;2;4;4;4;4;4;4;4;4;3;4;4;4;4;5;4;4;1;1;4;1;1;6;5;6;5;-9;30.04161044
2164;2024Q2;ES706A0;ES706;1;1;57;1;1;1;2;7;-1;-1;6;1;-1;-1;-1;-1;-1;-1;-1;-1;-1;1;0;0;0;0;1;0;1;0;1;0;0;0;0;0;0;1;1;2;5;5;5;2;1;6;4;3;4;4;3;3;4;4;4;4;4;4;2;3;4;4;4;4;2;3;4;4;4;4;5;4;4;3;4;4;4;4;3;4;4;5;5;4;3;4;4;4;2;3;-1;-1;1;-9;1;6;3;1;95.81737069
2165;2024Q2;ES706A0;ES706;1;1;46;1;1;1;3;1;6;1;9;1;-1;-1;-1;-1;-1;-1;-1;-1;-1;1;0;0;0;0;1;0;1;1;0;0;0;0;0;0;0;1;3;5;6;4;4;2;3;6;4;4;4;5;5;5;4;4;4;4;4;4;5;4;4;4;4;4;4;4;4;4;4;4;4;4;4;4;5;5;4;4;4;4;4;4;4;4;4;4;4;4;3;1;3;3;1;1;1;6;3;3;128.07605892
2166;2024Q2;ES706A0;ES706;6;2;41;3;2;5;9;7;-1;-1;7;1;-1;-1;-1;-1;-1;-1;-1;-1;-1;2;0;0;0;1;1;0;2;0;2;0;0;0;0;0;0;4;-9;-9;5;5;5;5;5;6;3;2;4;4;5;4;5;5;5;2;5;4;3;4;3;4;3;2;2;4;4;4;3;5;5;5;1;1;1;4;-3;1;-3;1;4;-3;-3;-3;-3;-3;-3;2;2;3;-1;-1;6;1;5;6;4;1;95.681515791
2167;2024Q2;ES706A0;ES706;1;1;63;1;1;5;4;10;-1;-1;-1;1;-1;1;9;-1;-1;-1;-1;-1;-1;1;0;0;0;0;1;0;1;0;0;1;0;0;0;0;0;1;1;2;6;4;3;2;2;6;4;4;4;5;2;2;4;4;4;4;4;4;2;2;4;4;4;4;2;2;3;4;3;2;4;2;4;5;4;4;5;5;3;5;4;3;4;3;3;1;2;4;3;3;-1;-1;6;6;5;6;5;2;12.087662231
2168;2024Q2;ES706A0;ES706;1;1;56;1;1;1;5;10;-1;-1;-1;1;-1;1;9;-1;-1;-1;-1;-1;-1;1;0;0;0;0;1;0;1;0;0;1;0;0;0;0;0;1;2;3;6;5;4;3;2;6;4;3;3;2;4;3;4;2;4;4;2;3;2;3;3;3;2;3;4;3;4;4;3;3;4;4;4;4;3;3;3;4;3;4;3;3;3;3;3;2;2;3;3;2;-1;-1;1;6;5;6;4;1;12.087662231
2169;2024Q2;ES706A0;ES706;1;1;68;1;1;1;5;12;-1;-1;-1;1;-1;2;5;-1;-1;-1;-1;-1;-1;2;0;0;0;0;0;2;2;0;0;0;0;1;0;1;0;4;2;2;3;4;4;1;2;6;4;4;4;4;4;2;4;2;4;4;4;4;4;4;4;4;4;2;4;4;4;4;2;2;4;4;4;4;3;3;4;2;4;3;1;2;2;2;2;2;2;1;1;3;-1;-1;6;6;5;6;3;1;248.26583085
2170;2024Q2;ES706A0;ES706;6;2;57;1;1;1;8;2;6;2;4;6;-1;-1;-1;58;2;7;-1;-1;-1;3;0;0;1;0;2;0;3;1;1;0;1;0;0;0;0;2;6;4;4;5;5;4;3;6;4;4;2;4;4;4;5;2;4;3;3;2;2;3;4;4;4;2;4;3;4;4;3;4;4;4;2;2;4;-3;3;2;3;3;4;-3;-3;1;1;1;2;2;2;1;5;1;6;6;1;6;4;1;90.124831319
2171;2024Q2;ES706A0;ES706;6;2;54;1;1;1;7;2;6;2;5;1;-1;-1;-1;-1;-1;-1;-1;-1;-1;1;0;1;0;0;1;0;2;1;0;0;0;0;0;0;0;6;3;3;5;4;4;1;2;6;2;2;2;2;2;2;4;1;4;5;2;2;2;2;4;2;2;1;1;1;1;4;1;1;5;4;5;4;3;4;3;3;4;3;3;3;3;4;3;3;4;3;3;2;-1;-1;6;6;5;6;4;3;34.274120644
2172;2024Q2;ES706A0;ES706;6;2;56;1;1;1;5;10;-1;-1;-1;1;-1;1;9;-1;-1;-1;-1;-1;-1;2;0;0;0;0;2;0;2;1;0;0;1;0;0;0;0;4;2;2;6;2;2;2;3;6;4;4;4;4;4;2;4;4;4;4;4;4;4;2;4;4;4;4;4;4;4;4;2;2;2;2;2;4;3;4;4;4;3;3;3;3;3;3;3;2;2;3;3;2;-1;-1;6;6;5;6;3;1;24.175324461
2173;2024Q2;ES706A0;ES706;6;2;45;1;1;1;8;10;-1;-1;-1;6;-1;-1;-1;48;2;7;-1;-1;-1;4;0;0;2;0;2;0;4;0;1;0;1;0;2;0;0;2;3;2;4;5;5;3;5;-9;5;3;3;5;3;3;4;3;4;3;4;3;2;2;4;3;3;3;3;3;4;4;2;3;3;3;3;3;3;-3;3;3;3;3;-3;1;2;-3;-3;-3;-3;-3;2;3;-1;-1;6;6;1;1;3;-9;48.350648922
2174;2024Q2;ES703A0;ES703;1;1;25;1;1;1;8;8;-1;-1;8;6;-1;-1;-1;49;-9;-1;-1;-1;-1;3;0;0;0;1;2;0;3;1;1;0;0;0;0;1;0;-9;3;2;-1;5;4;4;2;6;3;2;2;3;4;4;4;3;4;3;3;3;3;3;3;3;3;2;3;3;3;4;3;3;3;3;3;3;3;3;3;2;3;3;4;3;-3;-3;-3;3;3;3;3;3;-1;-1;-9;6;1;6;4;-9;103.77653238
2175;2024Q2;ES703A0;ES703;6;2;43;1;1;1;6;2;6;2;4;6;-1;-1;-1;42;1;5;-1;-1;-1;2;0;2;0;2;0;0;4;2;0;0;0;0;0;0;0;2;5;3;5;4;4;2;2;6;4;4;4;4;3;3;4;3;4;2;2;4;4;4;2;4;4;2;4;2;4;4;3;2;3;3;4;4;4;4;4;3;3;2;1;3;4;3;3;4;3;1;1;1;5;4;1;6;5;1;4;3;71.060023952
2176;2024Q2;ES703A0;ES703;1;1;49;1;1;1;8;2;1;1;3;1;-1;-1;-1;-1;-1;-1;-1;-1;-1;4;0;0;2;0;2;0;4;2;0;0;0;0;2;0;0;2;6;4;2;5;2;2;2;6;4;4;5;5;5;5;1;5;5;4;5;5;5;1;2;5;5;5;5;5;5;4;4;2;4;1;5;4;4;3;3;4;5;2;3;2;4;4;5;5;4;4;2;3;-1;-1;6;6;1;6;3;1;100.63014088
2177;2024Q2;ES703A0;ES703;6;2;52;1;1;1;8;2;1;2;4;1;-1;-1;-1;-1;-1;-1;-1;-1;-1;3;0;0;1;0;2;0;3;2;0;0;0;0;1;0;0;2;6;4;3;5;4;4;1;6;4;3;3;5;5;3;4;4;4;3;3;3;4;2;4;4;4;2;3;3;4;4;3;2;2;3;3;3;4;3;3;3;4;2;2;-3;3;4;4;-3;-3;-3;2;2;-1;-1;6;6;1;6;5;-9;33.362432404
2178;2024Q2;ES703A0;ES703;1;1;53;3;1;5;6;1;6;1;3;1;-1;-1;-1;-1;-1;-1;-1;-1;-1;1;0;0;0;0;1;0;1;1;0;0;0;0;0;0;0;1;2;4;3;5;5;5;3;-9;5;5;5;5;5;1;5;5;5;5;5;5;1;3;5;5;5;1;5;2;4;3;5;5;2;2;4;5;1;2;2;1;1;4;1;-3;2;1;1;1;1;1;3;1;1;-9;6;6;5;6;5;1;25.15753522
2179;2024Q2;ES703A0;ES703;1;1;23;1;1;1;8;10;-1;-1;-1;6;-1;-1;-1;49;1;5;-1;-1;-1;6;0;0;3;0;1;2;6;3;0;1;0;0;2;0;0;2;7;3;5;4;4;2;2;6;4;2;4;5;4;4;4;4;4;4;4;5;5;4;4;5;4;4;2;2;4;5;4;4;2;2;4;4;5;5;5;5;5;4;4;5;5;-3;5;5;5;5;1;1;5;3;6;6;1;6;3;1;26.12170516
2180;2024Q2;ES703A0;ES703;6;2;38;1;1;1;7;1;6;1;4;1;-1;-1;-1;-1;-1;-1;-1;-1;-1;2;0;2;1;1;0;0;4;1;0;0;0;0;1;0;0;6;3;2;3;5;5;5;4;1;5;5;5;5;5;4;2;5;2;2;2;2;5;2;2;2;5;4;2;4;4;4;4;2;2;2;4;3;2;4;2;3;3;3;2;2;2;3;3;2;2;2;2;3;-1;-1;6;6;1;6;5;3;71.060023952
2181;2024Q2;ES703A0;ES703;6;2;38;1;1;5;5;10;-1;-1;-1;6;-1;-1;-1;55;1;4;-1;-1;-1;2;0;2;0;1;1;0;4;1;0;1;0;0;0;0;0;2;4;2;3;5;4;3;1;6;5;5;4;5;2;4;5;5;5;5;5;4;5;2;3;5;5;4;4;2;4;4;5;5;3;3;5;5;-3;5;-3;4;3;-3;3;5;3;4;-3;5;4;-3;1;1;5;4;6;6;5;6;3;1;8.7072350532
2182;2024Q2;ES703A0;ES703;6;2;42;3;1;4;7;1;6;1;5;6;-1;-1;-1;43;1;5;-1;-1;-1;2;0;1;1;2;0;0;4;2;0;0;0;0;1;0;0;2;4;2;4;4;2;1;1;6;3;4;-9;4;4;2;4;4;2;3;3;3;4;3;2;2;3;4;4;4;4;4;4;4;4;4;2;2;3;3;3;3;3;3;3;3;3;1;1;1;3;1;1;1;3;-9;1;1;3;6;5;1;71.060023952
2183;2024Q2;ES703A0;ES703;6;2;56;1;1;1;5;10;-1;-1;-1;1;-1;1;9;-1;-1;-1;-1;-1;-1;2;0;0;1;0;1;0;2;0;0;0;2;0;0;0;0;6;1;1;6;4;3;3;1;6;4;3;4;4;4;2;3;4;4;4;4;2;4;2;4;4;4;5;4;3;3;4;5;5;3;4;5;5;4;4;5;4;5;2;4;4;4;4;4;4;4;4;1;2;-1;-1;6;6;5;6;-3;3;8.7072350532
2184;2024Q2;ES703A0;ES703;1;1;63;1;1;5;3;10;-1;-1;-1;1;-1;1;7;-1;-1;-1;-1;-1;-1;1;0;0;0;0;1;0;1;0;0;1;0;0;0;0;0;1;1;2;5;3;2;2;2;6;4;4;4;4;4;2;2;4;2;5;2;4;2;2;4;4;4;4;4;4;4;4;2;2;2;2;4;4;2;2;2;2;2;2;2;2;1;-3;-3;2;2;1;2;3;-1;-1;6;6;5;6;2;1;4.3536175266
2185;2024Q2;ES703A0;ES703;6;2;67;1;1;5;6;12;-1;-1;-1;1;-1;1;5;-1;-1;-1;-1;-1;-1;2;0;0;0;0;0;2;2;0;0;0;0;2;0;0;0;4;3;3;5;4;5;3;2;6;4;5;4;4;2;4;3;4;4;5;3;3;5;3;3;5;5;4;4;3;2;4;4;4;2;2;4;4;4;4;4;4;-3;4;4;2;4;4;3;4;4;4;3;3;-1;-1;6;6;5;1;3;1;156.6059557
2186;2024Q2;ES703A0;ES703;6;2;80;1;1;5;3;12;-1;-1;-1;1;-1;1;7;-1;-1;-1;-1;-1;-1;1;0;0;0;0;0;1;1;0;0;0;0;1;0;0;0;1;1;2;4;-9;3;1;-9;6;3;3;-9;3;3;3;4;-9;-9;-9;2;2;2;5;-9;2;2;2;-9;-9;2;4;4;4;4;4;4;3;3;3;3;4;4;3;4;3;3;-3;3;4;3;-3;1;2;-1;-1;6;6;5;6;3;1;78.302977851
2187;2024Q2;ES703A0;ES703;1;1;38;1;1;5;5;15;-1;-1;-1;1;6;-1;-1;-1;-1;-1;-1;-1;-1;1;0;0;0;1;0;0;1;0;0;0;0;1;0;0;0;1;2;3;-1;5;4;5;2;6;3;2;4;2;2;4;4;2;4;2;4;2;4;4;4;2;2;2;4;4;2;4;2;4;2;2;4;2;2;2;1;2;1;1;1;2;1;1;2;3;2;1;2;3;-1;-1;6;6;5;6;1;1;59.070465363
2188;2024Q2;ES704A0;ES704;1;1;40;1;1;1;4;1;6;1;9;1;-1;-1;-1;-1;-1;-1;-1;-1;-1;2;0;1;0;2;0;0;3;2;0;0;0;0;0;0;0;2;4;3;6;4;4;3;3;6;4;4;3;4;4;4;3;5;3;3;2;5;5;3;3;2;3;4;5;3;5;5;4;5;4;4;2;3;4;2;2;3;3;2;1;4;2;3;2;1;3;4;3;1;1;2;1;6;1;6;3;3;573.759917
2189;2024Q2;ES704A0;ES704;6;2;40;1;1;1;6;2;6;2;4;-9;-1;-1;-1;-1;-1;-1;-1;-1;-1;2;0;2;0;1;1;0;4;1;0;0;0;1;0;0;0;2;6;4;-1;5;5;4;2;6;2;2;1;3;3;4;5;3;4;3;3;2;5;2;3;2;2;2;3;2;3;3;4;3;5;4;1;2;4;4;3;2;3;3;3;-3;4;-3;-3;3;2;-3;2;2;-1;-1;1;6;5;6;5;1;219.93314601
2190;2024Q2;ES704A0;ES704;6;2;46;1;1;1;5;1;1;1;4;6;-1;-1;-1;54;1;8;-1;-1;-1;3;0;0;1;0;2;0;3;3;0;0;0;0;0;0;0;2;6;5;5;4;4;4;2;1;4;4;4;4;4;4;4;4;4;2;2;2;4;2;4;2;4;2;4;2;4;4;4;4;4;4;2;2;3;3;2;2;3;3;2;2;3;3;3;2;2;2;2;3;-1;-1;6;6;1;6;3;1;373.3537469
2191;2024Q2;ES704A0;ES704;6;2;61;3;2;5;6;16;-1;-1;-1;1;1;1;4;-1;-1;-1;-1;-1;-1;2;0;0;1;0;1;0;2;0;0;0;0;2;0;0;0;6;2;2;3;5;5;5;5;6;2;1;1;2;2;5;5;3;5;2;-9;2;4;3;2;1;2;3;2;3;3;3;3;5;5;5;2;2;3;3;2;1;1;1;2;2;2;1;1;1;1;1;1;3;-1;-1;-9;6;5;6;3;1;1085.7256866
2192;2024Q2;ES704A0;ES704;6;2;26;2;1;5;8;10;-1;-1;-1;6;-1;-1;-1;64;2;2;-1;-1;-1;3;0;0;0;1;2;0;3;0;2;0;1;0;0;0;0;2;7;5;1;5;5;5;4;1;4;2;-9;4;4;4;5;2;5;2;5;2;5;5;4;4;2;2;4;2;4;4;4;5;5;5;4;1;4;4;4;2;5;2;2;2;3;3;2;1;2;3;1;1;1;4;1;6;5;6;3;1;288.48655175
2193;2024Q2;ES704A0;ES704;6;2;73;1;3;5;6;12;-1;-1;-1;6;-1;-1;-1;66;5;-1;-1;2;7;3;0;0;0;1;0;2;3;1;0;0;0;2;0;0;0;2;5;4;-1;4;4;4;2;6;2;2;1;2;2;5;5;1;5;1;4;5;5;5;2;5;2;2;2;2;2;2;4;5;5;5;5;5;-3;-3;2;2;2;3;4;3;3;2;2;-3;-3;-3;2;1;3;-9;6;6;5;6;-3;3;2533.4360386
2194;2024Q2;ES704A0;ES704;6;2;44;1;1;1;5;1;6;2;9;1;-1;-1;-1;-1;-1;-1;-1;-1;-1;3;0;1;1;2;0;0;4;2;0;1;0;0;0;0;0;2;4;2;6;4;4;4;4;1;4;4;2;4;4;4;5;4;4;2;4;2;4;3;2;2;2;3;3;4;4;4;4;4;4;4;2;2;3;2;4;3;3;2;3;3;2;2;2;1;3;3;2;2;-1;-1;6;6;4;6;-3;1;329.89971901
2195;2024Q2;ES704A0;ES704;1;1;44;1;1;1;9;2;6;2;5;1;-1;-1;-1;-1;-1;-1;-1;-1;-1;3;0;1;0;1;0;2;4;1;0;0;0;2;0;0;0;8;6;3;5;5;5;4;3;6;4;5;5;5;5;2;4;4;3;4;4;4;3;2;4;4;4;4;4;4;4;5;2;2;2;2;4;4;3;3;3;3;2;2;2;3;2;2;3;2;2;3;2;1;1;1;6;6;1;6;3;1;860.63987551
2196;2024Q2;ES704A0;ES704;6;2;54;3;1;5;5;14;-1;-1;-1;1;1;1;9;-1;-1;-1;-1;-1;-1;1;0;0;0;0;1;0;1;0;0;0;0;0;0;1;0;1;1;1;6;3;3;3;1;6;4;5;4;4;4;4;4;2;4;4;4;4;4;2;4;4;4;4;4;4;4;4;2;2;2;2;4;4;3;4;4;4;2;3;3;4;3;2;2;4;4;4;2;3;-1;-1;6;6;5;6;3;3;484.18149579
2197;2024Q2;ES704A0;ES704;1;1;51;3;1;5;10;2;6;2;2;1;-1;-1;-1;-1;-1;-1;-1;-1;-1;2;0;1;0;0;2;0;3;2;0;0;0;0;0;0;0;2;7;6;1;5;5;4;3;6;5;5;5;5;4;5;5;4;4;4;4;4;5;4;4;4;4;2;4;4;4;4;4;4;4;4;2;3;3;3;3;2;3;2;3;3;2;1;1;3;3;2;1;1;5;3;1;6;5;6;3;1;273.31754126
2198;2024Q2;ES704A0;ES704;1;1;58;3;1;5;6;1;6;1;8;1;-1;-1;-1;-1;-1;-1;-1;-1;-1;2;0;0;0;0;2;0;2;1;0;1;0;0;0;0;0;4;4;4;5;4;2;3;3;6;4;4;4;4;4;4;4;4;4;4;2;4;4;2;4;4;4;4;4;4;4;4;2;2;4;4;4;4;3;4;4;4;5;4;5;4;5;4;4;4;5;4;1;1;2;4;1;1;5;6;3;3;329.89513839
2199;2024Q2;ES708A0;ES708;1;1;63;1;1;1;8;12;-1;-1;-1;1;-1;1;5;-1;-1;-1;-1;-1;-1;2;0;0;1;0;1;0;2;1;0;0;0;1;0;0;0;6;6;5;3;3;3;3;2;1;4;5;4;4;4;4;2;4;3;3;2;4;2;2;4;4;4;3;3;3;3;3;3;3;3;3;3;3;1;1;1;1;1;3;3;-3;3;1;1;-3;3;1;2;3;-1;-1;6;6;1;6;3;-9;1531.1968907
2200;2024Q2;ES708A0;ES708;1;1;49;1;1;1;5;15;-1;-1;-1;6;-1;-1;-1;58;2;-9;-1;-1;-1;3;0;0;1;0;2;0;3;1;1;0;0;1;0;0;0;2;-9;-9;-1;4;4;4;5;1;5;5;4;5;5;2;2;5;3;4;2;5;2;2;5;5;5;5;5;5;5;5;3;2;2;4;3;4;5;4;4;4;4;4;4;-3;4;4;4;-3;-3;-3;3;2;-1;-1;6;6;5;6;3;-9;2423.8631071
2201;2024Q2;ES708A0;ES708;6;2;42;3;2;3;10;10;-1;-1;-1;6;-1;-1;-1;43;2;2;-1;-1;-1;2;0;0;1;2;0;0;3;0;1;1;0;0;0;0;1;8;5;4;2;5;5;3;2;6;4;3;3;4;3;3;5;4;4;4;4;4;2;3;3;3;4;3;4;4;2;3;4;4;4;4;2;1;3;4;4;4;4;4;4;3;3;-3;-3;-3;-3;3;1;1;3;-9;1;6;3;6;4;1;959.50640187
2202;2024Q2;ES708A0;ES708;1;1;59;1;1;1;6;10;-1;-1;-1;1;-1;1;7;-1;-1;-1;-1;-1;-1;1;0;0;0;0;1;0;1;0;0;1;0;0;0;0;0;1;1;2;4;5;5;1;1;6;4;1;3;4;4;4;4;1;2;4;4;1;4;4;1;4;4;4;4;4;4;4;4;4;4;4;1;1;2;2;2;2;4;4;2;2;1;2;2;1;2;1;3;2;-1;-1;6;6;5;6;1;1;51.748269148
2203;2024Q2;ES708A0;ES708;1;1;56;1;1;5;5;1;1;1;5;1;-1;-1;-1;-1;-1;-1;-1;-1;-1;1;0;0;0;0;1;0;1;1;0;0;0;0;0;0;0;1;3;5;6;4;5;4;4;1;4;4;4;5;5;4;4;4;4;4;2;4;4;2;4;4;4;2;4;4;4;4;4;4;4;4;-9;4;3;4;3;4;3;3;3;4;3;3;3;3;4;3;1;1;5;2;1;1;5;6;4;1;106.07521707
2204;2024Q2;ES708A0;ES708;6;2;59;1;1;1;5;10;-1;-1;-1;6;-1;-1;-1;62;3;-1;-1;1;5;3;0;0;0;1;2;0;3;1;0;2;0;0;0;0;0;2;4;3;5;4;4;3;2;1;3;4;4;4;4;2;4;4;2;4;2;4;2;2;4;4;4;4;4;4;4;4;2;2;2;2;2;4;4;4;4;4;4;4;4;4;4;4;4;4;4;4;2;2;-1;-1;6;6;1;6;4;1;71.377659663
2205;2024Q2;ES708A0;ES708;6;2;64;1;1;1;6;12;-1;-1;-1;1;-1;1;3;-1;-1;-1;-1;-1;-1;2;0;0;0;1;1;0;2;0;0;0;1;1;0;0;0;6;4;4;3;5;5;4;3;1;2;2;2;4;4;4;4;4;4;4;2;2;4;2;4;4;5;5;5;4;5;5;4;4;4;4;2;2;2;3;3;2;2;3;3;3;2;2;2;3;3;2;1;1;5;4;1;1;5;1;4;3;583.87044587
2206;2024Q2;ES708A0;ES708;6;2;34;1;1;1;5;1;6;1;9;1;-1;-1;-1;-1;-1;-1;-1;-1;-1;2;0;2;0;2;0;0;4;1;0;1;0;0;0;0;0;2;3;2;6;5;5;1;4;1;3;2;2;4;2;4;5;4;5;2;5;3;5;4;4;2;2;2;2;4;4;4;3;4;5;5;3;2;4;4;4;3;4;4;4;4;2;3;3;1;3;1;2;3;-1;-1;6;6;5;6;4;1;542.86896746
2207;2024Q2;ES708A0;ES708;1;1;49;3;1;4;10;10;-1;-1;-1;1;-1;1;3;-1;-1;-1;-1;-1;-1;2;1;2;0;1;1;0;5;0;0;0;1;0;0;1;0;2;1;1;3;5;5;4;3;6;5;5;5;5;5;2;4;4;2;4;2;4;2;2;4;4;4;4;4;4;4;4;2;2;4;4;4;4;5;5;5;4;4;4;5;4;4;4;4;4;4;4;1;3;-1;-1;6;6;4;6;4;3;188.20838574
2208;2024Q2;ES708A0;ES708;6;2;58;1;1;1;5;1;6;2;9;6;-1;-1;-1;62;1;-9;-1;-1;-1;3;0;0;0;1;2;0;3;3;0;0;0;0;0;0;0;2;7;5;-1;4;4;3;4;1;4;4;4;4;4;3;3;4;2;4;3;2;2;2;4;4;4;2;2;2;4;4;2;2;4;4;3;3;4;4;4;5;5;4;4;3;4;4;4;3;4;3;3;2;-1;-1;6;6;1;6;3;1;71.377659663
2209;2024Q2;ES708A0;ES708;1;1;36;1;1;1;8;10;-1;-1;-1;1;-1;1;5;-1;-1;-1;-1;-1;-1;1;0;0;0;1;0;0;1;0;0;1;0;0;0;0;0;1;3;5;5;4;4;3;2;6;3;4;4;4;4;2;5;4;5;3;5;2;3;3;3;3;3;2;2;2;4;4;3;5;3;4;2;2;3;3;3;1;3;3;3;3;3;3;3;1;1;1;2;1;5;4;6;6;1;6;2;1;213.33131339
2210;2024Q2;ES708A0;ES708;1;1;43;1;1;1;7;1;6;1;5;6;-1;-1;-1;64;1;9;-1;-1;-1;4;0;0;0;2;1;1;4;3;0;0;0;1;0;0;0;3;6;3;6;5;5;4;4;1;4;1;5;2;4;4;4;2;5;2;4;3;5;5;4;3;5;1;2;4;4;4;5;5;4;5;2;2;2;2;1;3;1;2;2;2;2;2;2;2;2;2;1;1;3;4;1;1;1;6;5;1;1130.038458
2211;2024Q2;ES708A0;ES708;1;1;61;1;1;1;3;10;-1;-1;-1;6;-1;-1;-1;21;1;5;-1;-1;-1;3;0;0;1;0;2;0;3;2;0;1;0;0;0;0;0;2;3;2;5;4;5;4;2;6;4;3;3;4;2;3;5;3;3;2;4;3;3;2;3;2;3;2;3;2;4;4;3;4;3;3;2;3;4;5;4;4;4;5;4;-3;-3;-3;-3;-3;-3;-3;2;1;1;3;1;6;5;6;-3;-9;197.68406739
2212;2024Q2;ES708A0;ES708;6;2;24;1;1;1;5;10;-1;-1;-1;6;-1;-1;-1;75;5;-1;-1;2;7;4;0;0;2;0;1;1;4;0;1;0;1;1;1;0;0;7;7;4;5;5;5;3;4;1;1;4;2;4;3;3;2;4;4;4;4;3;5;3;2;3;3;2;4;4;4;4;2;2;2;2;4;2;3;3;3;2;3;3;2;3;2;3;3;3;3;3;1;3;-1;-1;1;6;5;6;5;1;121.18688597
2213;2024Q2;ES708A0;ES708;6;2;26;1;1;1;8;1;6;2;5;6;-1;-1;-1;25;2;7;-1;-1;-1;4;0;1;1;2;1;0;5;1;1;0;0;1;1;0;0;5;3;2;5;4;5;5;4;1;4;4;2;4;4;3;5;4;5;2;5;3;3;3;3;3;3;4;3;3;4;4;4;4;4;4;3;3;3;2;3;3;3;2;3;3;2;2;2;1;3;2;3;1;1;3;1;6;1;6;4;1;1382.5460228
2214;2024Q2;ES708A0;ES708;6;2;48;1;1;1;7;10;-1;-1;-1;6;-1;-1;-1;48;2;8;-1;-1;-1;2;0;1;1;0;2;0;4;0;1;0;1;0;1;0;0;2;4;2;5;3;3;3;3;1;5;5;5;4;5;2;1;4;2;5;5;4;4;4;4;4;4;4;4;4;4;4;4;4;4;4;4;4;4;4;4;3;4;3;2;2;3;3;3;2;3;3;2;2;-1;-1;6;6;5;6;1;1;60.593442985
2215;2024Q2;ES708A0;ES708;1;1;34;1;1;1;4;1;6;2;9;1;-1;-1;-1;-1;-1;-1;-1;-1;-1;2;0;1;0;2;0;0;3;2;0;0;0;0;0;0;0;2;5;4;6;5;5;5;5;1;5;4;1;4;4;2;4;3;4;3;3;3;3;3;3;3;3;3;3;3;4;4;4;3;4;4;5;3;3;4;4;4;4;4;4;4;4;3;4;4;4;4;2;1;2;4;6;6;1;1;3;3;305.3903305
2216;2024Q2;ES708A0;ES708;1;1;44;1;1;1;6;2;6;1;8;1;-1;-1;-1;-1;-1;-1;-1;-1;-1;3;0;0;0;1;0;2;3;1;0;0;0;1;0;1;0;2;4;3;5;5;5;5;2;6;4;4;3;5;5;4;5;5;5;5;3;5;4;4;2;4;4;4;3;5;3;5;5;5;5;4;3;1;4;3;3;1;3;2;3;2;1;3;3;1;3;1;3;3;-1;-1;6;6;1;6;5;1;847.5288435
2217;2024Q2;ES708A0;ES708;6;2;32;1;1;5;10;2;6;2;2;6;-1;-1;-1;60;1;3;-1;-1;-1;4;0;0;0;2;2;0;4;4;0;0;0;0;0;0;0;8;4;2;3;3;2;1;3;6;4;4;4;2;2;5;5;2;5;1;5;1;5;4;4;2;1;2;2;2;4;4;5;5;5;4;2;2;2;2;3;3;4;4;3;2;3;2;2;1;1;1;1;3;-1;-1;1;6;5;6;4;1;1382.5460228
2218;2024Q2;ES709A3;ES709;6;2;64;1;1;1;3;10;-1;-1;-1;1;-1;1;9;-1;-1;-1;-1;-1;-1;3;0;0;0;0;2;1;3;0;0;1;0;2;0;0;0;6;3;2;6;4;4;2;2;6;4;4;4;4;4;4;4;4;1;4;4;-9;-9;2;4;4;-9;4;4;4;4;4;-9;2;2;2;2;4;4;3;3;3;3;3;-3;-3;-3;-3;-3;-3;-3;-3;3;2;-1;-1;6;6;1;6;3;-9;568.97192704
2219;2024Q2;ES709A3;ES709;1;1;33;1;1;1;10;1;1;1;-9;1;-1;-1;-1;-1;-1;-1;-1;-1;-1;5;0;0;0;2;2;1;5;4;0;0;0;1;0;0;0;3;7;6;-1;4;4;4;4;1;3;3;2;4;4;5;5;3;5;3;5;1;5;5;3;3;3;1;1;1;4;4;5;5;5;5;1;1;3;3;2;1;3;1;3;1;3;1;1;1;3;1;1;1;3;3;1;6;1;6;3;1;3377.3874525
2220;2024Q2;ES709A3;ES709;6;2;56;1;1;1;8;10;-1;-1;-1;1;-1;1;3;-1;-1;-1;-1;-1;-1;2;0;0;1;0;1;0;2;0;0;1;0;0;1;0;0;6;3;3;3;4;4;3;2;6;5;5;5;5;5;4;2;2;2;5;4;4;2;2;3;4;5;3;3;3;5;5;4;3;2;2;3;2;4;4;4;3;4;4;3;3;3;2;2;4;3;3;1;1;3;2;1;6;5;6;2;1;379.31461803
2221;2024Q2;ES709A3;ES709;6;2;35;3;1;5;6;1;1;2;3;1;-1;-1;-1;-1;-1;-1;-1;-1;-1;1;0;0;0;1;0;0;1;1;0;0;0;0;0;0;0;1;3;5;3;5;5;5;3;6;4;4;2;4;4;4;5;4;3;4;5;1;5;2;5;3;5;5;5;5;5;5;5;5;5;5;2;2;2;2;5;2;4;5;5;4;4;4;4;2;2;1;1;1;3;4;1;6;4;6;3;3;629.88333819
2222;2024Q2;ES709A3;ES709;1;1;24;1;1;1;6;2;6;2;0;6;-1;-1;-1;50;2;5;-1;-1;-1;3;0;0;2;0;2;0;4;2;1;0;0;0;1;0;0;2;7;5;3;5;5;4;2;6;1;1;4;1;1;4;5;1;4;1;4;1;4;4;1;1;1;1;1;1;1;1;4;4;4;4;4;1;2;2;1;1;2;1;1;1;1;1;1;1;1;1;1;1;1;3;1;6;1;1;3;1;2026.4324715
2223;2024Q2;ES709A3;ES709;6;2;72;3;1;5;6;16;-1;-1;-1;1;1;1;9;-1;-1;-1;-1;-1;-1;2;0;0;0;1;0;1;2;0;0;0;0;2;0;0;0;6;4;4;6;4;4;4;3;6;4;4;4;5;4;4;4;4;3;3;4;3;4;3;3;2;3;2;2;2;4;4;3;2;4;2;2;2;3;4;3;2;3;1;3;3;3;2;2;2;2;3;3;1;3;4;1;6;5;6;-3;1;2620.4376835
2224;2024Q2;ES707A0;ES707;6;2;80;1;1;1;2;14;-1;-1;-1;6;-1;-1;-1;80;8;-1;1;1;9;2;0;0;0;0;0;2;2;0;0;0;0;1;0;1;0;4;2;2;6;4;3;2;2;6;2;2;4;4;4;2;2;4;4;4;4;4;4;4;4;4;4;2;4;4;4;4;2;4;4;4;4;2;4;4;4;3;3;3;2;3;4;3;3;2;2;3;3;1;2;3;1;6;1;6;-3;3;1520.10538
2225;2024Q2;ES707A0;ES707;1;1;65;1;1;1;5;10;-1;-1;-1;1;-1;1;7;-1;-1;-1;-1;-1;-1;1;0;0;0;0;0;1;1;0;0;1;0;0;0;0;0;1;2;3;5;4;3;3;2;6;4;4;4;4;2;4;3;4;4;4;4;2;4;3;4;4;4;4;4;2;3;4;4;4;2;3;4;5;4;4;4;4;2;3;4;4;3;4;4;4;5;3;2;3;-1;-1;6;6;5;6;3;1;35.184833541
2226;2024Q2;ES707A0;ES707;6;2;57;3;1;3;9;10;-1;-1;-1;1;-1;1;3;-1;-1;-1;-1;-1;-1;1;0;0;0;0;1;0;1;0;0;1;0;0;0;0;0;1;1;2;3;5;5;5;5;6;4;4;2;4;4;3;4;4;2;2;-9;2;2;4;4;4;2;4;4;4;4;4;4;4;2;4;-9;2;4;4;4;4;4;4;4;4;4;3;3;3;3;4;2;1;5;2;1;6;3;6;5;1;35.184833541
2227;2024Q2;ES707A0;ES707;6;2;55;3;1;5;8;14;-1;-1;-1;1;1;1;4;-1;-1;-1;-1;-1;-1;2;0;0;1;0;1;0;2;1;0;0;0;0;0;1;0;6;3;3;3;4;4;3;2;6;4;4;4;4;4;2;4;4;4;3;3;4;2;2;4;3;3;4;4;4;4;2;2;2;4;3;3;3;3;3;3;3;4;4;3;-3;3;-3;-3;-3;3;3;3;3;-1;-1;6;6;5;6;3;-9;811.23214968
2228;2024Q2;ES707A0;ES707;1;1;46;1;1;1;5;10;-1;-1;-1;6;-1;-1;-1;80;5;-1;-1;1;9;3;0;0;0;0;1;2;3;0;0;1;0;2;0;0;0;2;3;2;6;3;3;2;2;6;4;4;4;4;4;4;4;4;4;4;4;4;4;4;4;4;4;4;4;4;4;4;4;4;4;4;4;4;4;4;4;4;4;4;4;4;4;4;4;4;4;4;2;2;-1;-1;6;6;1;6;1;3;242.01876821
2229;2024Q2;ES707A0;ES707;1;1;61;1;1;1;6;1;1;2;3;1;-1;-1;-1;-1;-1;-1;-1;-1;-1;5;0;0;2;0;2;1;5;1;0;1;0;1;2;0;0;3;5;2;3;3;3;2;2;1;2;5;4;5;5;4;2;5;2;4;4;4;2;2;4;4;4;4;4;4;4;4;2;2;2;2;4;4;3;3;3;3;3;3;3;3;3;3;3;3;3;3;3;3;-1;-1;6;6;1;6;3;2;796.5311106
2230;2024Q2;ES707A0;ES707;1;1;60;1;1;1;4;2;6;2;9;1;-1;-1;-1;-1;-1;-1;-1;-1;-1;2;0;0;1;1;1;0;3;1;0;0;1;0;1;0;0;2;4;3;6;5;4;2;2;1;2;4;3;3;3;5;5;4;4;2;4;2;3;5;2;4;4;3;2;4;4;4;4;4;4;4;2;2;4;3;3;1;4;2;4;1;3;1;1;1;3;1;3;3;-1;-1;6;6;5;6;4;1;318.61244424
2231;2024Q2;ES707A0;ES707;6;2;50;1;1;1;5;10;-1;-1;-1;1;-1;1;9;-1;-1;-1;-1;-1;-1;3;0;1;2;0;1;0;4;0;0;1;0;0;2;0;0;6;1;1;6;5;4;3;1;6;4;4;4;5;3;5;4;5;5;5;4;4;5;4;5;5;3;4;3;4;2;4;4;4;2;3;4;4;5;5;5;2;5;3;5;5;4;5;5;5;3;5;2;3;-1;-1;6;6;5;6;3;3;105.55450062
2232;2024Q2;ES707A0;ES707;1;1;62;1;1;1;5;10;-1;-1;-1;1;-1;1;9;-1;-1;-1;-1;-1;-1;4;0;0;0;1;3;0;4;1;0;2;0;1;0;0;0;8;6;3;6;4;3;2;2;6;3;4;4;4;4;4;4;4;4;4;4;2;2;2;4;4;4;2;2;2;4;4;2;4;4;4;2;2;3;4;3;3;3;4;3;3;2;3;2;-3;2;2;2;1;5;1;1;6;5;6;-3;-9;315.16430856
2233;2024Q2;ES707A0;ES707;6;2;80;1;1;1;3;14;-1;-1;-1;1;1;1;9;-1;-1;-1;-1;-1;-1;1;0;0;0;0;0;1;1;0;0;0;0;0;0;1;0;1;2;3;6;3;3;3;3;6;4;4;1;4;3;4;2;4;4;4;2;4;4;2;2;1;4;4;5;4;4;5;3;2;4;2;4;4;-3;3;3;3;-3;3;3;-3;3;-3;3;3;-3;3;3;2;-1;-1;1;-9;5;1;5;3;760.05269001
