id_pub;periodos;gcomarca_nut;isla_nut;P1;P1B;edad;P3;P4;D5;P6;P7;P8;P9;P10B_CNO1;P80;P81;P82;P83B_CNO1;edad_PP;P85;P86B_CNO1;P87;P88;P89B_CNO1;DP11C;DTAM_HOG;P12;ing_hog;ing_percap;clase_social;P215A;P215B;P215C;P215D;P216;P50A;P50B;P50C;P217A;P217B;P217C;P217D;P217E;P217F;P218A;P218B;P218C;P218D;P218E;P218F;P218G;P218H;P219A;P219B;P219C;P219D;P219E;P220A;P220B;P220C;P220D;P220E;P220F;P221A;P221B;P221C;P221D;P221E;P221F;P221G;P221H;P221I;P221J;P221K;P221L;P221M;P221N;P222;P223;P224;P225;P226;P227;D228;P229;P53;P230;peso
1;2026Q2;ES705A2;ES705;6;2;63;1;1;1;8;15;-1;-1;-1;6;-1;-1;-1;66;1;3;-1;-1;-1;2;2;8;7;6;3;4;4;3;-9;6;4;3;3;3;3;4;5;3;3;3;4;3;1;2;4;4;3;5;3;3;5;5;3;3;2;2;2;2;3;-3;-3;-3;-3;-3;-3;-3;3;-3;-3;1;-3;-3;2;1;2;2;1;6;5;6;4;1;592.14687764
2;2026Q2;ES705A2;ES705;6;2;40;1;1;1;7;2;6;2;-9;1;-1;-1;-1;-1;-1;-1;-1;-1;-1;2;2;6;4;4;-1;-9;-9;-9;-9;6;-9;-9;-9;-9;-9;-9;-9;-9;-9;-9;-9;-9;-9;-9;-9;-9;-9;-9;-9;-9;-9;-9;-9;-9;-9;-9;-9;-9;-7;-7;-7;-7;-7;-7;-3;-7;-7;-7;-7;-7;-7;-7;3;-9;-1;-1;-9;-9;1;-9;-7;-7;1112.4285379
3;2026Q2;ES705A2;ES705;6;2;34;1;1;1;8;1;6;2;5;6;-1;-1;-1;33;1;5;-1;-1;-1;2;2;4;6;5;5;5;5;5;2;6;2;2;2;4;2;4;5;2;5;2;5;1;1;4;3;3;2;1;4;4;3;4;5;5;5;5;2;1;3;2;2;2;2;1;2;2;2;2;3;1;1;1;2;1;3;2;6;6;5;6;5;1;658.4076021
4;2026Q2;ES705A2;ES705;6;2;52;1;1;1;6;10;-1;-1;-1;6;-1;-1;-1;51;1;8;-1;-1;-1;2;4;5;6;3;6;2;2;2;3;1;4;4;4;4;4;2;4;4;4;4;4;4;2;2;4;4;4;4;4;4;4;4;5;2;2;2;4;4;5;4;5;4;4;4;4;4;4;-3;4;3;4;3;1;1;1;4;1;6;1;6;5;1;146.36925179
5;2026Q2;ES705A2;ES705;6;2;58;1;1;1;8;10;-1;-1;-1;1;-1;1;5;-1;-1;-1;-1;-1;-1;1;1;1;1;2;5;4;4;4;1;6;4;4;4;4;4;2;4;4;2;4;4;4;2;2;4;2;2;2;2;2;4;4;2;4;4;2;2;2;4;3;4;3;5;2;2;2;2;2;2;1;3;1;3;1;2;4;1;6;1;6;5;1;73.184625894
6;2026Q2;ES705A2;ES705;6;2;27;1;1;1;7;1;6;2;5;1;-1;-1;-1;-1;-1;-1;-1;-1;-1;1;2;6;3;3;5;5;4;3;1;6;4;4;4;4;4;2;4;4;4;2;4;-9;4;4;2;2;2;2;2;4;3;4;4;4;4;4;4;4;3;3;3;3;3;3;3;3;3;3;3;1;2;3;2;-9;-1;-1;-9;-9;4;6;5;2;329.20380105
7;2026Q2;ES705A2;ES705;1;1;39;1;1;1;7;1;6;2;-9;1;-1;-1;-1;-1;-1;-1;-1;-1;-1;1;1;1;2;4;-1;4;3;3;3;6;3;3;-9;-9;4;-9;-9;-9;-9;-9;-9;3;-9;-9;-9;-9;-9;3;3;4;4;4;3;2;3;3;3;3;4;4;4;5;4;3;4;-3;3;4;3;-3;-3;-3;3;2;-1;-1;-9;6;1;6;3;2;373.53044592
8;2026Q2;ES705A2;ES705;1;1;29;1;1;1;7;1;6;2;5;6;-1;-1;-1;57;1;5;-1;-1;-1;2;2;6;7;6;5;4;4;4;1;6;4;4;2;4;4;4;4;4;4;2;4;2;4;2;3;2;2;2;3;2;4;4;4;4;4;4;2;2;3;3;3;1;3;1;1;3;3;1;1;1;2;2;1;1;3;4;1;6;1;6;5;1;1319.823691
9;2026Q2;ES705A2;ES705;6;2;56;3;2;5;7;7;-1;-1;3;1;-1;-1;-1;-1;-1;-1;-1;-1;-1;1;1;1;4;6;3;4;4;4;3;1;4;3;4;4;3;4;4;4;4;3;4;3;3;2;4;4;4;4;4;4;4;4;4;2;4;2;3;3;4;3;3;3;3;4;3;3;3;3;3;3;3;4;1;3;-1;-1;6;6;4;6;3;-3;869.31828269
10;2026Q2;ES705A2;ES705;6;2;80;1;1;1;3;16;-1;-1;-1;6;-1;-1;-1;47;1;5;-1;-1;-1;2;2;8;6;5;5;4;4;3;3;6;4;4;2;5;4;3;5;4;4;4;3;4;3;4;4;4;4;3;4;4;4;4;5;4;5;5;2;2;4;3;2;2;4;3;4;1;4;1;2;1;2;1;1;1;1;2;1;1;5;6;3;1;1033.0154009
11;2026Q2;ES705A2;ES705;1;1;23;1;1;1;5;1;6;1;4;6;-1;-1;-1;57;1;2;-1;-1;-1;3;3;8;6;4;1;5;4;5;1;6;5;5;4;5;5;2;4;4;4;4;2;4;1;1;4;5;5;4;5;5;4;3;4;3;3;1;1;2;4;4;4;2;4;2;1;4;4;3;3;4;4;4;2;3;-1;-1;6;6;1;6;3;2;1979.7355365
12;2026Q2;ES705A2;ES705;6;2;60;1;1;1;5;2;6;2;9;1;-1;-1;-1;-1;-1;-1;-1;-1;-1;1;1;1;3;5;6;-9;4;-9;1;6;2;2;1;3;2;5;5;2;5;1;5;2;3;4;3;2;3;2;2;1;2;2;3;5;5;5;1;1;3;3;2;1;1;1;1;1;1;1;1;1;1;1;1;1;1;4;1;6;1;6;4;1;117.14895047
13;2026Q2;ES705A2;ES705;1;1;61;1;1;1;5;1;6;2;6;1;-1;-1;-1;-1;-1;-1;-1;-1;-1;3;3;2;6;4;5;5;4;3;1;1;4;4;-9;4;4;-9;-9;4;3;3;-9;3;2;2;4;4;4;4;-9;-9;4;4;-9;-9;-9;-9;-9;-9;4;4;3;-3;3;4;4;-3;4;-3;-3;-3;-3;-3;3;-9;-1;-1;6;6;1;6;-3;-3;1062.7015181
14;2026Q2;ES705A2;ES705;1;1;64;1;1;1;7;10;-1;-1;-1;1;-1;1;7;-1;-1;-1;-1;-1;-1;2;2;8;1;1;4;5;5;-9;1;6;2;4;-9;4;4;-9;4;4;4;4;4;2;4;4;2;4;2;-9;4;4;4;4;4;4;4;4;4;4;-3;-3;-3;3;3;2;2;-3;-3;-3;-3;2;-3;2;3;1;3;4;6;6;1;6;-3;1;146.36925179
15;2026Q2;ES705A2;ES705;6;2;60;1;1;1;1;15;-1;-1;-1;1;6;-1;-1;-1;-1;-1;-1;-1;-1;4;4;8;6;3;-1;3;3;2;1;6;3;3;3;3;3;3;5;4;3;3;3;3;3;3;3;3;3;3;3;3;3;3;3;3;3;3;3;3;3;3;3;3;3;3;3;3;3;3;3;3;3;3;2;2;-1;-1;1;6;1;6;4;-3;1184.2937553
16;2026Q2;ES705A2;ES705;6;2;56;1;1;1;9;2;6;2;2;1;-1;-1;-1;-1;-1;-1;-1;-1;-1;2;2;6;5;5;1;4;4;4;4;6;5;5;5;5;5;4;5;5;5;5;5;5;2;3;4;5;5;5;5;5;5;5;3;2;5;5;4;5;4;5;5;5;5;5;4;4;5;4;4;5;5;5;1;2;-1;-1;6;-9;5;1;5;2;234.29790094
17;2026Q2;ES705A3;ES705;6;2;62;1;1;1;5;1;6;1;9;1;-1;-1;-1;-1;-1;-1;-1;-1;-1;1;1;1;1;2;6;5;5;4;4;6;4;2;2;4;3;5;5;2;5;2;5;1;5;5;3;1;3;1;1;3;3;3;5;5;5;5;2;1;5;3;3;2;2;2;3;1;2;1;1;1;1;1;2;1;3;2;6;6;1;6;5;1;230.37596325
18;2026Q2;ES705A3;ES705;6;2;53;1;1;1;6;10;-1;-1;-1;6;-1;-1;-1;54;1;5;-1;-1;-1;3;4;2;4;2;3;4;4;3;2;6;4;4;-9;4;4;5;3;4;4;1;4;1;3;1;4;1;1;4;4;4;4;4;1;1;1;2;4;2;-3;-3;-3;-3;-3;-3;3;-3;-3;-3;-3;-3;-3;-7;2;2;-1;-1;-9;6;1;6;3;-3;390.73921917
19;2026Q2;ES705A3;ES705;1;1;65;2;1;5;7;12;-1;-1;-1;1;-1;1;3;-1;-1;-1;-1;-1;-1;2;2;4;6;6;3;5;5;3;2;6;4;4;2;4;4;4;5;2;4;2;4;4;2;4;3;4;3;2;3;2;5;4;3;2;4;5;2;2;3;4;-3;4;4;3;4;2;2;2;2;-3;3;-3;2;1;1;1;6;6;5;6;1;1;2034.5377516
20;2026Q2;ES705A3;ES705;6;2;45;1;1;1;9;2;6;2;2;6;-1;-1;-1;49;1;5;-1;-1;-1;2;2;4;7;6;3;5;5;4;1;6;5;2;3;5;5;3;5;5;3;3;2;5;2;3;2;5;4;3;5;3;5;3;2;2;2;3;3;3;3;4;4;3;4;3;3;1;1;3;3;1;3;3;2;2;-1;-1;1;6;1;6;2;-3;528.35407372
21;2026Q2;ES705A3;ES705;1;1;49;1;1;1;7;15;-1;-1;-1;1;1;1;5;-1;-1;-1;-1;-1;-1;3;4;5;6;4;6;5;5;2;3;6;4;4;3;4;4;4;5;4;4;2;4;2;5;5;4;2;4;2;2;4;4;4;4;4;5;4;2;2;4;2;4;2;2;4;5;2;2;-3;-3;2;2;2;1;1;3;2;6;6;1;6;1;1;3158.6489412
22;2026Q2;ES705A3;ES705;1;1;54;1;1;1;3;1;6;1;7;1;-1;-1;-1;-1;-1;-1;-1;-1;-1;3;3;8;4;3;4;1;1;1;1;6;3;3;3;3;3;3;4;3;3;-9;-9;-9;5;-9;-9;-9;-9;3;3;3;4;4;-9;-9;4;-9;-9;-9;-7;-7;-7;-7;-7;-7;-7;-7;-7;-7;-7;-7;-7;-7;2;1;2;-9;6;6;5;6;1;-3;1604.2498384
23;2026Q2;ES705A3;ES705;1;1;33;1;1;1;10;2;6;2;2;1;-1;-1;-1;-1;-1;-1;-1;-1;-1;2;3;2;7;5;-1;5;5;3;1;6;4;3;2;4;3;5;5;3;5;2;5;2;2;4;3;2;3;3;3;3;3;4;5;4;5;4;3;2;5;5;5;3;5;4;4;4;4;2;2;1;3;3;1;1;1;4;1;6;1;6;5;1;1114.696116
24;2026Q2;ES705A3;ES705;1;1;60;1;1;1;6;10;-1;-1;-1;1;-1;1;3;-1;-1;-1;-1;-1;-1;1;1;1;2;3;2;4;4;3;2;6;4;4;4;4;4;3;4;4;3;4;3;3;2;2;4;4;4;3;3;4;4;4;2;2;3;2;3;4;4;4;4;4;4;4;4;3;4;3;3;3;3;3;2;2;-1;-1;1;6;1;6;2;-3;94.06470053
25;2026Q2;ES705A3;ES705;1;1;50;1;1;1;5;1;1;2;3;1;-1;-1;-1;-1;-1;-1;-1;-1;-1;1;2;6;7;6;4;4;4;3;3;6;4;4;4;4;4;1;2;4;3;4;3;4;2;3;4;4;4;4;3;3;4;4;3;2;3;2;3;4;4;4;4;4;4;4;4;4;4;4;4;4;4;4;3;2;-1;-1;6;6;5;6;3;3;534.74994613
26;2026Q2;ES705A3;ES705;6;2;36;1;1;1;4;2;6;1;5;6;-1;-1;-1;67;5;-1;-1;1;-9;3;3;8;7;5;-1;3;3;3;4;6;4;4;4;4;2;-9;5;4;4;5;5;4;4;4;-9;-9;-9;4;4;4;4;4;4;5;5;4;4;4;3;3;3;3;4;4;4;4;4;4;4;3;3;3;2;1;1;3;1;1;1;6;4;3;944.13518392
27;2026Q2;ES705A3;ES705;6;2;46;1;1;1;7;10;-1;-1;-1;1;-1;1;4;-1;-1;-1;-1;-1;-1;1;2;6;2;2;3;-9;-9;-9;-9;6;3;3;3;3;3;3;3;4;3;3;3;3;3;3;3;3;3;3;3;3;3;4;3;3;3;3;2;2;3;3;3;3;3;3;3;-3;4;-3;3;-3;3;3;2;2;-1;-1;6;6;5;6;4;-3;130.24640639
28;2026Q2;ES705A3;ES705;6;2;26;1;1;1;10;1;6;1;2;6;-1;-1;-1;63;1;3;-1;-1;-1;3;3;2;7;5;3;5;4;1;1;6;4;4;3;5;5;-9;5;2;4;2;4;2;1;1;3;4;2;1;4;1;2;3;5;5;5;3;-9;2;-3;-3;5;3;5;5;4;-3;-3;-3;-3;-3;-3;-3;3;2;-1;-1;6;1;5;6;3;-3;953.08361452
29;2026Q2;ES705A3;ES705;6;2;50;1;1;1;10;2;6;2;2;1;-1;-1;-1;-1;-1;-1;-1;-1;-1;1;2;6;5;5;2;4;4;3;2;6;4;3;2;4;4;4;5;4;4;2;4;2;4;4;2;4;2;4;2;4;4;4;4;2;5;2;2;2;4;4;4;3;3;4;4;4;3;3;3;1;3;4;2;1;3;1;6;6;5;6;4;1;264.17703686
30;2026Q2;ES705A3;ES705;1;1;47;1;1;1;7;11;-1;-1;-1;1;-1;-1;-1;-1;-1;-1;-1;-1;-1;1;1;1;2;4;-1;4;4;2;2;6;4;4;4;4;2;5;5;4;5;2;4;2;2;4;4;2;4;4;2;4;4;4;4;5;4;4;1;1;4;2;4;2;4;4;4;4;4;2;2;1;4;4;2;3;-1;-1;6;6;5;6;4;1;94.06470053
31;2026Q2;ES705A3;ES705;6;2;73;1;1;1;6;12;-1;-1;-1;1;-1;1;5;-1;-1;-1;-1;-1;-1;1;1;1;3;5;6;5;5;4;1;6;4;4;3;4;2;4;5;2;4;4;5;4;2;2;4;2;4;2;4;2;4;4;4;4;4;4;1;2;3;1;2;2;4;4;3;4;4;-3;-3;2;3;4;1;1;1;4;1;6;5;6;5;-3;682.59831918
32;2026Q2;ES705A3;ES705;6;2;59;1;1;1;9;15;-1;-1;-1;1;1;1;2;-1;-1;-1;-1;-1;-1;1;1;1;6;6;2;4;4;3;1;6;4;4;4;4;4;4;4;4;4;3;2;2;3;2;3;4;3;4;3;3;4;4;3;2;3;3;4;4;4;4;4;4;4;4;4;5;4;4;4;4;4;4;2;3;-1;-1;1;6;5;6;-3;-3;641.94410118
33;2026Q2;ES705A3;ES705;6;2;62;1;1;1;2;10;-1;-1;-1;1;-1;1;9;-1;-1;-1;-1;-1;-1;1;1;1;3;5;6;4;5;2;5;1;4;4;3;4;4;3;5;5;4;2;3;3;1;2;4;3;3;3;2;2;3;4;2;4;4;3;3;2;4;4;4;4;4;4;3;3;2;4;3;2;2;-3;2;1;1;1;1;1;5;6;-3;-3;96.445332776
34;2026Q2;ES705A3;ES705;6;2;45;1;1;1;5;1;6;2;5;1;-1;-1;-1;-1;-1;-1;-1;-1;-1;3;3;6;6;4;5;4;4;4;1;6;4;4;2;4;2;4;5;4;4;2;5;4;4;4;4;4;2;2;4;4;4;4;4;4;4;4;2;2;5;4;5;4;3;4;3;3;3;3;4;1;3;4;3;1;2;4;1;1;1;6;4;1;792.53111058
35;2026Q2;ES705A3;ES705;6;2;41;1;1;5;5;2;6;2;5;1;-1;-1;-1;-1;-1;-1;-1;-1;-1;2;3;8;6;4;3;5;4;3;2;6;4;4;4;4;4;4;5;2;4;2;4;4;4;2;4;4;4;4;4;2;4;4;4;2;2;4;2;2;4;4;4;2;4;4;4;4;4;4;4;4;4;4;2;3;-1;-1;6;6;4;6;4;1;629.42345594
36;2026Q2;ES705A3;ES705;1;1;25;1;1;1;9;1;6;1;7;6;-1;-1;-1;60;1;2;-1;-1;-1;3;3;2;6;4;-1;3;3;3;1;6;2;2;2;2;2;4;5;2;5;2;4;2;4;4;3;2;2;2;2;2;2;2;5;5;5;5;1;2;1;5;4;1;1;1;1;1;1;1;1;1;1;1;3;1;5;4;6;6;1;6;4;1;1672.0441741
37;2026Q2;ES705A3;ES705;6;2;32;1;1;1;10;1;1;2;-9;6;-1;-1;-1;67;5;-1;-1;2;-9;3;3;2;-9;-9;-1;-9;-9;-9;-9;6;3;3;3;3;3;3;3;4;4;2;3;5;5;5;3;3;3;4;4;3;4;4;4;4;3;4;3;3;4;4;4;4;4;4;4;4;4;4;4;4;4;4;2;1;1;4;6;6;1;6;-7;1;953.08361452
38;2026Q2;ES705A3;ES705;6;2;60;3;1;5;10;5;-1;-1;1;6;-1;-1;-1;73;5;-1;-1;1;1;3;3;2;7;5;1;4;4;1;3;1;4;2;2;2;2;5;5;4;4;3;5;2;5;2;2;2;2;2;4;2;4;4;2;2;2;4;2;2;3;4;4;3;4;4;4;-3;-3;-3;-3;-3;-3;-3;1;1;3;3;6;6;5;6;4;1;691.12788974
39;2026Q2;ES704A0;ES704;6;2;63;1;1;1;10;10;-1;-1;-1;6;-1;-1;-1;62;8;-1;1;1;2;3;3;6;6;4;2;5;5;3;1;6;4;1;2;3;2;4;4;4;5;2;4;4;4;4;3;3;2;2;2;2;3;3;4;4;4;4;2;2;-7;1;-7;1;4;1;1;1;5;1;1;1;1;1;1;1;3;2;6;6;5;6;-7;1;168.20134916
40;2026Q2;ES704A0;ES704;6;2;26;1;1;1;9;1;1;1;2;6;-1;-1;-1;62;1;2;-1;-1;-1;3;3;5;7;6;1;4;4;3;4;-9;4;4;4;3;3;4;3;3;4;3;5;3;3;3;5;3;3;4;3;4;4;4;3;3;4;4;3;4;4;3;2;3;3;4;4;3;5;4;3;4;5;4;1;1;3;3;1;6;1;1;3;2;1281.7578151
41;2026Q2;ES704A0;ES704;6;2;45;1;1;1;10;2;1;1;2;1;-1;-1;-1;-1;-1;-1;-1;-1;-1;3;4;2;7;4;1;5;5;3;1;6;4;3;2;4;3;2;4;2;4;3;3;3;2;2;2;4;2;3;3;2;4;4;4;3;3;4;2;2;4;4;4;2;4;3;3;3;3;3;3;3;3;3;1;1;3;2;1;6;5;6;3;-3;237.72096769
42;2026Q2;ES704A0;ES704;1;1;55;1;1;1;8;1;6;2;3;6;-1;-1;-1;55;1;4;-1;-1;-1;2;2;4;6;6;3;5;5;4;2;6;3;3;2;3;3;4;4;3;4;2;4;2;5;4;3;4;2;2;2;2;2;2;5;5;5;4;2;2;3;3;3;1;3;1;2;3;2;3;2;1;2;2;2;1;3;3;1;1;5;6;4;1;721.61143558
43;2026Q2;ES704A0;ES704;1;1;64;1;1;5;5;12;-1;-1;-1;1;-1;1;5;-1;-1;-1;-1;-1;-1;1;1;1;2;3;5;4;3;4;1;6;4;5;4;4;4;-9;2;5;2;4;2;4;2;2;4;4;5;-9;4;4;5;4;2;2;2;2;4;4;4;4;4;-3;-3;4;4;3;-3;-3;4;-3;-3;4;2;-9;-1;-1;-9;-9;5;6;-7;-3;962.04354396
44;2026Q2;ES704A0;ES704;6;2;62;1;1;1;7;11;-1;-1;-1;6;-1;-1;-1;67;5;-1;-1;1;7;2;2;4;4;4;5;3;3;3;2;6;4;4;4;4;4;4;5;4;5;2;4;4;4;4;4;4;4;4;4;4;4;4;2;2;4;2;4;4;3;3;3;4;4;4;3;3;3;3;3;3;3;3;3;3;-1;-1;6;6;5;6;3;3;112.13423277
45;2026Q2;ES704A0;ES704;6;2;30;2;1;2;7;2;6;2;-9;1;-1;-1;-1;-1;-1;-1;-1;-1;-1;1;1;1;1;2;-1;4;5;4;1;6;3;3;3;4;4;4;5;5;2;3;4;4;2;5;3;4;3;3;5;4;4;5;3;3;3;3;-9;3;4;4;4;5;5;4;5;3;5;4;4;3;3;3;2;2;-1;-1;1;6;2;1;4;2;427.25260505
46;2026Q2;ES704A0;ES704;6;2;41;3;1;5;5;2;6;2;5;6;-1;-1;-1;52;1;5;-1;-1;-1;2;4;2;6;3;5;5;5;5;5;1;4;4;4;4;4;5;4;4;4;4;4;4;2;2;4;4;4;4;4;4;4;4;4;2;2;2;4;4;4;3;4;4;4;4;3;4;3;3;3;2;3;3;3;2;-1;-1;6;6;5;6;5;1;112.13423277
47;2026Q2;ES704A0;ES704;1;1;76;3;3;5;3;12;-1;-1;-1;-9;-1;-1;-1;-1;-1;-1;-1;-1;-1;2;2;8;-9;-9;-1;5;5;5;5;6;4;4;-9;4;4;4;4;4;2;4;4;4;2;2;4;4;4;4;3;2;4;2;4;2;4;4;4;2;3;3;3;3;3;3;3;3;3;3;3;3;3;3;1;3;-1;-1;6;6;4;1;4;2;1628.8880893
48;2026Q2;ES704A0;ES704;6;2;48;2;1;5;6;18;-1;-1;-1;6;-1;-1;-1;43;2;1;-1;-1;-1;3;4;5;7;4;1;5;5;5;5;1;-9;4;4;4;4;4;4;3;4;3;4;2;4;4;2;2;4;2;2;4;4;4;4;4;4;4;2;2;4;1;1;1;1;1;1;2;1;2;2;2;1;1;1;1;4;3;1;6;5;1;3;3;1908.1563823
49;2026Q2;ES708A0;ES708;6;2;38;1;1;1;10;2;1;2;-9;1;-1;-1;-1;-1;-1;-1;-1;-1;-1;1;2;6;6;5;-1;5;5;3;1;6;3;3;2;4;3;3;5;4;4;3;5;2;3;3;2;4;3;4;4;4;4;4;3;3;3;4;3;3;-3;-3;-3;-3;-3;4;-3;-3;-3;-3;2;2;2;-7;1;1;3;2;1;6;1;6;5;1;255.37232778
50;2026Q2;ES708A0;ES708;1;1;40;1;1;1;9;6;-1;-1;1;1;-1;-1;-1;-1;-1;-1;-1;-1;-1;2;4;2;7;5;1;5;5;5;5;6;5;5;5;5;5;2;2;4;2;5;3;5;2;3;3;5;5;5;5;5;3;5;4;2;4;1;4;3;3;4;3;4;4;3;5;4;3;4;2;2;3;3;1;1;4;4;1;1;5;1;4;2;779.4123825
51;2026Q2;ES708A0;ES708;6;2;39;3;2;4;3;2;6;2;9;6;-1;-1;-1;45;1;7;-1;-1;-1;4;4;8;-9;-9;5;5;5;5;3;6;4;4;-9;4;-9;4;4;4;4;2;4;2;2;2;-9;3;2;4;2;3;3;4;2;5;-9;4;-9;2;1;1;3;1;3;3;4;-3;-3;-3;-3;-3;-3;1;2;3;-1;-1;6;6;4;6;3;1;2277.9864384
52;2026Q2;ES708A0;ES708;6;2;55;3;1;5;8;1;6;1;5;1;-1;-1;-1;-1;-1;-1;-1;-1;-1;1;1;1;2;3;5;3;3;3;1;6;4;4;3;4;4;2;4;4;4;4;2;2;2;2;4;4;4;4;4;4;4;4;2;2;4;4;2;4;-3;-3;-3;-3;-3;4;4;-3;-3;4;-3;-3;-3;-3;2;1;3;-9;1;6;5;6;5;1;197.52918944
53;2026Q2;ES708A0;ES708;1;1;50;1;1;1;6;6;-1;-1;2;6;-1;-1;-1;45;1;2;-1;-1;-1;2;2;4;7;6;1;5;5;4;3;1;4;2;5;5;5;4;5;3;4;4;4;2;4;2;4;4;3;2;4;4;4;4;3;4;4;4;2;2;4;4;3;3;4;4;4;3;3;4;3;3;3;1;2;1;1;1;6;6;5;6;3;1;1188.2000519
54;2026Q2;ES708A0;ES708;1;1;44;1;1;1;8;13;-1;-1;-1;1;1;1;5;-1;-1;-1;-1;-1;-1;1;1;1;2;4;5;5;5;3;2;6;2;1;2;4;3;5;5;3;5;2;5;2;5;4;2;2;3;2;4;3;3;4;5;5;5;5;2;2;5;4;4;3;4;3;5;3;2;2;2;3;3;3;2;1;1;4;1;6;5;6;5;-3;475.46304922
55;2026Q2;ES708A0;ES708;6;2;58;3;1;4;7;2;6;2;5;-9;-1;-1;-1;-1;-1;-1;-1;-1;-1;4;4;8;-9;-9;-1;5;5;-9;2;6;5;5;-9;4;4;2;4;5;4;2;4;-9;2;2;-9;4;4;4;4;4;4;4;4;2;2;2;4;4;4;-3;4;4;4;4;-3;-3;4;-3;-3;2;-3;-3;3;-9;-1;-1;6;6;4;6;-3;-7;1185.1751366
56;2026Q2;ES708A0;ES708;6;2;56;2;2;5;3;10;-1;-1;-1;6;-1;-1;-1;52;1;5;-1;-1;-1;2;2;8;4;4;5;5;5;2;2;6;5;5;-9;4;5;5;5;4;-9;4;-9;5;5;5;5;5;3;5;5;5;5;5;4;-9;5;-9;3;4;-3;-3;-3;4;4;4;-3;-3;2;-3;-3;3;-3;-3;3;1;4;4;6;6;5;6;5;-3;421.97999592
57;2026Q2;ES708A0;ES708;1;1;80;1;1;1;3;12;-1;-1;-1;1;-1;1;8;-1;-1;-1;-1;-1;-1;1;1;1;3;5;6;3;3;3;3;6;4;4;3;4;4;4;4;4;4;3;3;3;5;4;3;3;3;2;2;2;3;4;4;5;4;4;3;3;3;2;3;3;3;3;3;3;3;2;2;2;2;3;2;2;-1;-1;-9;-9;1;-9;4;1;1060.7236244
58;2026Q2;ES708A0;ES708;1;1;55;2;1;5;8;10;-1;-1;-1;6;-1;-1;-1;56;3;-1;-1;1;-9;2;2;4;2;2;-1;5;5;5;-9;6;3;2;1;2;2;5;5;1;5;2;4;2;5;4;3;2;2;2;2;3;2;2;5;5;5;5;1;1;2;2;2;1;2;2;3;1;2;2;2;2;2;2;1;1;1;4;1;6;5;6;4;1;196.93651365
59;2026Q2;ES708A0;ES708;6;2;39;1;1;1;4;2;6;1;5;1;-1;-1;-1;-1;-1;-1;-1;-1;-1;3;3;8;6;5;5;5;5;5;5;1;4;4;-9;4;3;4;4;5;4;4;2;4;2;3;2;2;4;2;2;2;4;4;2;4;4;4;2;2;4;4;4;2;4;3;3;-3;4;3;3;1;3;3;1;1;5;1;6;6;1;6;2;-3;766.11698334
60;2026Q2;ES708A0;ES708;6;2;52;1;1;1;3;2;1;1;5;-9;-1;-1;-1;-1;-1;-1;-1;-1;-1;4;4;8;-9;-9;-1;5;5;4;5;1;5;5;-9;5;5;5;4;5;3;4;2;-9;4;-9;-9;4;4;-9;3;2;4;4;4;3;-9;2;2;4;-3;-3;-3;4;1;4;2;-3;2;-3;-3;-3;-3;-3;3;-9;-1;-1;6;6;1;6;1;-3;1696.5304043
61;2026Q2;ES708A0;ES708;1;1;38;3;1;3;10;18;-1;-1;-1;1;1;1;2;-1;-1;-1;-1;-1;-1;2;2;4;3;3;1;4;4;4;4;6;4;4;4;4;4;2;5;4;4;4;4;4;4;4;2;4;4;4;4;4;4;4;4;4;4;4;4;4;4;4;4;4;4;4;4;4;4;4;4;4;4;4;2;3;-1;-1;6;6;3;6;-7;1;950.92609844
62;2026Q2;ES708A0;ES708;6;2;62;2;1;5;8;2;6;2;5;1;-1;-1;-1;-1;-1;-1;-1;-1;-1;3;3;2;6;5;5;5;5;3;1;6;5;2;3;4;4;4;5;2;5;2;5;2;4;3;4;3;4;4;4;2;3;4;4;4;5;5;2;4;4;3;3;4;4;3;3;-3;3;-3;2;1;2;3;1;2;-1;-1;6;6;5;6;3;1;592.58756831
63;2026Q2;ES708A0;ES708;1;1;48;2;1;5;5;2;1;2;5;1;-1;-1;-1;-1;-1;-1;-1;-1;-1;2;2;8;6;6;5;5;5;5;5;1;5;5;5;5;5;5;1;4;2;4;2;4;4;2;4;4;2;4;4;4;4;4;2;3;2;2;4;4;4;4;4;3;4;3;4;-3;1;1;1;1;1;2;1;3;-1;-1;6;6;5;6;2;-3;1188.2000519
64;2026Q2;ES708A0;ES708;1;1;28;3;1;5;4;11;-1;-1;-1;6;-1;-1;-1;70;5;-1;-1;1;5;2;2;8;2;2;5;5;5;2;2;6;2;4;2;4;2;4;4;2;4;2;2;2;2;2;2;2;2;2;2;2;2;4;2;2;2;2;2;2;2;2;2;4;4;4;4;4;4;4;-3;1;4;2;2;3;-1;-1;6;6;5;6;2;1;625.11933348
65;2026Q2;ES708A0;ES708;1;1;66;1;1;1;5;11;-1;-1;-1;1;-1;-1;-1;-1;-1;-1;-1;-1;-1;1;1;1;1;2;-1;5;5;4;5;6;4;4;2;4;4;4;2;4;2;4;2;4;2;2;4;4;4;2;4;4;4;4;4;2;4;4;2;2;3;3;3;3;3;3;3;3;3;3;3;3;3;3;2;1;2;2;1;6;5;6;3;3;428.67008237
66;2026Q2;ES708A0;ES708;1;1;29;3;3;5;5;1;6;1;8;6;-1;-1;-1;29;1;5;-1;-1;-1;2;4;2;6;2;6;5;5;4;5;1;5;5;4;5;5;3;5;5;4;5;4;4;5;4;5;5;4;4;5;4;5;5;5;3;4;3;3;4;4;5;5;4;4;5;5;4;4;4;4;2;4;4;1;3;-1;-1;1;6;5;6;4;1;2667.904635
67;2026Q2;ES708A0;ES708;1;1;56;1;1;1;7;7;-1;-1;7;1;-1;-1;-1;-1;-1;-1;-1;-1;-1;2;2;4;2;2;4;5;5;3;2;6;3;4;2;5;5;2;4;4;2;2;3;3;4;2;3;2;4;3;3;2;4;3;5;4;4;2;4;3;4;4;3;3;3;2;2;-3;3;2;2;1;2;3;2;2;-1;-1;6;6;5;6;-7;1;677.16414634
68;2026Q2;ES708A0;ES708;6;2;68;1;1;1;3;10;-1;-1;-1;6;-1;-1;-1;68;5;-1;-1;1;7;2;2;4;3;3;4;3;3;2;3;6;3;4;4;4;4;3;4;3;2;4;4;2;2;2;2;2;2;4;4;4;2;2;2;4;3;2;2;2;2;3;3;2;3;4;3;3;3;3;2;3;3;2;3;2;-1;-1;6;6;5;6;4;1;196.93651365
69;2026Q2;ES708A0;ES708;1;1;47;3;1;5;3;2;1;2;9;1;-1;-1;-1;-1;-1;-1;-1;-1;-1;3;4;8;7;5;6;5;5;3;4;1;5;5;5;5;5;5;4;5;4;3;4;4;2;2;4;5;5;4;5;5;4;5;2;2;4;5;4;4;5;5;5;5;5;5;4;4;4;4;3;3;3;4;2;1;3;2;1;1;5;6;4;3;1782.3000779
70;2026Q2;ES708A0;ES708;1;1;51;3;1;5;9;1;1;2;5;-9;-1;-1;-1;-1;-1;-1;-1;-1;-1;2;3;2;-9;-9;-1;-9;-9;-9;-9;-9;-9;5;-9;4;4;-9;5;3;3;-9;-9;-9;-9;-9;-9;-9;-9;-9;4;-9;4;4;-9;-9;-9;-9;-9;-9;-3;-3;-3;-3;-3;3;3;-3;-3;-3;-3;-3;-3;-3;2;1;3;-9;-9;6;5;6;-7;1;1188.2000519
71;2026Q2;ES708A0;ES708;1;1;22;3;3;5;6;13;-1;-1;-1;6;-1;-1;-1;18;1;5;-1;-1;-1;4;4;5;3;2;5;5;5;5;5;6;4;4;4;5;5;4;3;5;4;4;3;4;-9;3;3;4;4;4;4;4;4;5;3;3;5;3;-9;3;4;4;3;4;5;5;4;-3;4;4;-3;3;3;-3;1;2;-1;-1;6;6;5;6;-3;-3;5678.836702
72;2026Q2;ES708A0;ES708;6;2;48;3;3;4;5;1;6;2;9;1;-1;-1;-1;-1;-1;-1;-1;-1;-1;4;4;8;7;5;6;4;4;4;2;1;4;4;4;4;4;4;4;4;4;4;4;4;4;4;4;4;4;4;4;4;4;4;2;4;4;4;4;4;4;4;4;4;4;4;4;4;4;4;4;3;4;4;1;1;3;4;1;1;4;6;-3;-3;3746.1453658
73;2026Q2;ES708A0;ES708;6;2;48;3;1;5;6;10;-1;-1;-1;1;-1;1;5;-1;-1;-1;-1;-1;-1;2;2;6;3;3;5;4;4;4;2;6;4;4;4;4;4;3;4;4;4;2;4;2;4;4;2;4;4;4;4;4;4;4;4;4;4;4;3;3;4;-3;-3;4;4;4;4;4;-3;-3;3;3;-3;-3;1;1;1;2;1;1;5;6;-3;-3;474.73689941
74;2026Q2;ES708A0;ES708;6;2;36;3;2;5;9;1;6;2;4;1;-1;-1;-1;-1;-1;-1;-1;-1;-1;2;2;8;4;4;3;4;5;5;4;1;4;5;4;4;5;3;5;5;5;3;4;4;3;3;3;4;4;4;4;4;4;4;4;4;4;4;3;3;4;4;4;4;4;3;3;4;4;4;4;4;4;4;1;3;-1;-1;1;6;5;6;3;3;911.19457536
75;2026Q2;ES708A0;ES708;1;1;37;1;1;1;5;2;6;2;5;1;-1;-1;-1;-1;-1;-1;-1;-1;-1;3;3;8;5;4;5;5;5;5;2;6;4;4;4;4;4;4;2;4;2;4;4;4;3;4;2;4;4;4;4;4;4;4;2;2;4;4;4;4;4;4;4;5;5;5;4;-3;4;3;5;2;5;4;3;1;4;3;6;6;1;6;2;-3;1169.1185738
76;2026Q2;ES708A0;ES708;6;2;69;1;1;1;2;12;-1;-1;-1;-9;-1;-1;-1;-1;-1;-1;-1;-1;-1;3;4;8;-9;-9;-1;5;5;3;4;6;4;5;-9;4;4;4;3;3;4;4;3;-9;4;2;-9;4;5;-9;4;4;4;4;3;2;-9;-9;-9;-9;-3;-3;-3;-3;-3;-3;-3;-3;-3;-3;-3;-3;-3;-3;3;-9;-1;-1;6;6;5;6;1;-3;2605.605119
77;2026Q2;ES708A0;ES708;6;2;29;3;2;4;7;1;6;1;5;6;-1;-1;-1;31;1;4;-1;-1;-1;2;2;9;6;5;3;4;5;4;2;1;3;2;4;4;4;4;5;2;4;2;4;2;5;5;2;2;2;2;2;4;4;2;4;4;5;4;2;2;4;4;4;2;-3;3;3;-3;3;2;2;1;1;1;2;2;-1;-1;1;6;3;6;4;1;834.38721233
78;2026Q2;ES708A0;ES708;6;2;64;3;2;5;5;11;-1;-1;-1;1;-1;-1;-1;-1;-1;-1;-1;-1;-1;1;1;1;2;3;-1;5;4;2;2;6;4;5;3;4;4;4;5;4;4;4;4;4;2;2;4;4;4;2;2;4;2;2;2;2;4;4;2;2;5;4;-3;-3;4;-3;4;-3;-3;-3;-3;-3;-3;-3;2;1;4;-9;1;-9;5;6;1;3;210.98999796
79;2026Q2;ES708A0;ES708;6;2;60;2;1;5;6;10;-1;-1;-1;6;-1;-1;-1;58;1;5;-1;-1;-1;2;2;4;4;4;5;5;5;3;5;1;4;3;5;3;2;5;5;2;5;2;5;2;5;2;3;2;4;3;3;4;4;4;5;4;4;4;3;3;5;5;4;3;4;3;3;-3;3;2;2;3;3;2;1;1;3;4;1;1;5;6;3;1;196.93651365
80;2026Q2;ES708A0;ES708;6;2;61;1;1;1;8;2;6;2;3;1;-1;-1;-1;-1;-1;-1;-1;-1;-1;3;3;8;5;4;3;5;5;5;2;6;2;2;4;2;4;4;4;2;4;2;4;2;4;4;2;2;2;2;2;4;2;4;4;4;4;4;2;3;4;3;3;3;4;4;4;3;4;3;3;3;4;2;2;2;-1;-1;6;6;5;6;2;-3;592.58756831
81;2026Q2;ES708A0;ES708;6;2;43;2;1;5;8;1;6;1;5;1;-1;-1;-1;-1;-1;-1;-1;-1;-1;2;4;2;5;3;5;5;4;3;3;6;4;4;4;4;4;4;4;4;4;4;3;4;2;3;4;4;3;4;3;3;1;4;4;3;4;4;3;3;-3;2;-3;4;4;2;2;-3;-3;2;2;1;2;-3;2;2;-1;-1;6;6;5;6;1;-3;510.74465556
82;2026Q2;ES708A0;ES708;1;1;37;1;1;1;7;1;6;1;8;6;-1;-1;-1;66;5;-1;-1;1;3;3;3;2;6;4;4;5;5;3;3;6;5;5;5;5;5;2;5;5;4;5;2;5;2;2;5;1;5;5;5;5;4;5;2;4;2;4;5;5;5;3;5;3;3;3;3;3;3;1;1;3;3;3;2;3;-1;-1;6;6;1;6;2;1;1169.1185738
83;2026Q2;ES708A0;ES708;1;1;57;1;1;1;8;1;1;2;3;1;-1;-1;-1;-1;-1;-1;-1;-1;-1;2;2;4;7;6;2;5;5;5;5;1;4;4;4;4;4;2;3;2;4;4;2;4;2;2;3;4;4;4;4;4;4;4;2;2;2;2;2;4;3;4;3;3;4;4;4;3;4;4;4;2;3;1;2;3;-1;-1;1;6;5;6;4;2;677.16414634
84;2026Q2;ES708A0;ES708;1;1;51;3;1;5;3;2;6;1;8;1;-1;-1;-1;-1;-1;-1;-1;-1;-1;1;1;1;5;6;5;3;3;3;3;1;3;4;3;3;3;3;4;3;3;3;3;4;2;2;3;3;3;3;3;-9;-9;4;2;-9;2;-9;3;3;-3;3;3;3;3;3;4;3;3;3;3;1;-3;3;1;-9;-1;-1;-9;6;5;6;4;1;594.10002597
85;2026Q2;ES708A0;ES708;6;2;49;3;3;5;2;10;-1;-1;-1;6;-1;-1;-1;56;1;5;-1;-1;-1;3;3;2;4;3;5;5;5;5;5;1;5;5;5;5;5;2;2;4;1;5;4;5;1;1;5;5;5;4;5;5;5;5;2;2;2;2;5;5;4;4;4;4;4;4;4;4;4;4;4;1;4;4;1;3;-1;-1;1;6;5;6;3;1;1312.7802288
86;2026Q2;ES708A0;ES708;6;2;30;3;1;3;8;1;6;1;5;1;-1;-1;-1;-1;-1;-1;-1;-1;-1;2;4;7;5;3;5;5;5;3;5;1;4;4;4;3;3;4;5;4;5;1;5;2;2;3;3;3;3;2;2;2;3;4;5;5;5;5;2;1;3;4;3;1;3;3;3;3;4;3;3;1;3;1;2;1;1;2;1;6;3;6;-3;1;433.93729253
87;2026Q2;ES708A0;ES708;6;2;19;1;1;1;6;13;-1;-1;-1;6;-1;-1;-1;51;2;7;-1;-1;-1;3;3;8;6;5;4;4;4;4;3;1;3;1;2;2;2;4;5;2;5;1;5;1;5;5;2;1;1;1;1;4;3;3;5;5;5;5;1;1;1;1;1;1;3;1;2;1;4;2;2;1;2;3;2;1;4;2;1;6;1;6;4;1;4097.7433821
88;2026Q2;ES708A0;ES708;1;1;43;1;1;1;5;1;6;1;7;1;-1;-1;-1;-1;-1;-1;-1;-1;-1;2;2;8;6;6;4;5;5;3;2;6;4;3;4;4;4;3;5;4;3;3;5;3;4;3;4;4;3;4;4;4;4;4;3;4;5;4;2;2;5;4;4;5;5;5;4;4;4;3;4;2;3;3;2;1;1;1;1;-9;1;6;3;3;779.4123825
89;2026Q2;ES708A0;ES708;6;2;35;1;1;1;3;10;-1;-1;-1;1;-1;1;5;-1;-1;-1;-1;-1;-1;3;4;8;4;2;5;5;5;5;3;1;5;5;4;4;4;5;4;4;4;4;4;3;4;4;4;2;4;2;4;2;2;4;3;2;-9;3;2;2;2;2;-3;-3;4;4;4;-3;2;-3;-3;3;3;-3;2;3;-1;-1;6;6;1;6;2;-3;295.40477047
90;2026Q2;ES708A0;ES708;1;1;67;1;1;1;10;12;-1;-1;-1;1;-1;2;1;-1;-1;-1;-1;-1;-1;1;1;1;5;6;-1;5;5;4;1;6;4;4;4;4;4;2;4;4;4;4;3;4;4;4;4;4;4;3;4;4;3;3;3;4;4;5;2;3;2;2;3;2;4;3;3;2;3;2;2;3;2;1;2;1;2;4;6;6;5;6;3;2;1060.7236244
91;2026Q2;ES708A0;ES708;6;2;25;1;1;1;8;1;1;2;5;6;-1;-1;-1;45;1;5;-1;-1;-1;2;2;6;6;5;5;-9;-9;-9;-9;-9;-9;-9;-9;-9;-9;-9;-9;-9;-9;2;3;4;5;3;-9;4;4;2;4;4;4;4;5;5;5;5;2;2;-3;-3;-3;-3;-3;-3;-3;2;2;2;-3;-3;-3;-3;2;2;-1;-1;6;6;1;6;-3;1;433.93729253
92;2026Q2;ES708A0;ES708;1;1;38;2;1;5;8;2;6;2;8;-9;-1;-1;-1;-1;-1;-1;-1;-1;-1;2;4;8;6;3;-1;5;4;2;2;1;4;4;2;4;4;4;4;2;4;2;4;2;2;2;2;4;2;4;4;4;2;4;4;4;3;4;2;4;4;4;4;3;4;4;3;3;3;2;2;2;3;3;1;-9;-1;-1;-9;6;5;6;2;2;779.4123825
93;2026Q2;ES705A1;ES705;1;1;52;1;1;1;10;1;6;2;2;1;-1;-1;-1;-1;-1;-1;-1;-1;-1;2;2;4;7;6;2;5;5;2;1;1;5;5;5;4;2;3;5;4;2;4;4;4;2;2;4;4;3;4;4;4;2;2;4;3;3;3;2;2;3;3;4;4;3;4;4;3;4;4;3;3;3;3;2;3;-1;-1;6;6;5;6;1;-3;1036.0534432
94;2026Q2;ES705A1;ES705;1;1;48;2;1;5;10;2;1;2;2;1;-1;-1;-1;-1;-1;-1;-1;-1;-1;1;1;1;4;6;2;5;4;3;3;6;4;5;2;5;5;3;5;4;2;4;2;4;4;2;4;5;4;4;4;5;4;4;4;4;4;5;2;2;3;3;3;3;4;2;3;3;2;2;2;1;3;3;2;3;-1;-1;1;6;5;6;1;1;518.02672161
95;2026Q2;ES705A1;ES705;1;1;62;1;1;1;3;15;-1;-1;-1;1;1;1;8;-1;-1;-1;-1;-1;-1;4;4;6;6;3;-1;-9;-9;-9;-9;6;-9;-9;-9;-9;-9;-9;-9;-9;-9;3;3;4;3;2;3;4;3;3;3;3;3;3;5;4;3;4;3;3;-7;-7;-7;-7;-7;-7;-7;-7;-7;-3;-3;-7;-7;-7;1;1;3;3;6;6;5;6;5;3;5174.6229185
96;2026Q2;ES705A1;ES705;1;1;40;1;1;1;10;1;6;2;2;1;-1;-1;-1;-1;-1;-1;-1;-1;-1;2;4;2;5;2;-1;4;4;3;3;6;4;4;3;4;4;4;3;3;2;4;2;3;2;2;4;3;3;4;4;4;4;4;2;2;2;2;4;4;4;4;4;4;4;4;4;4;4;4;4;3;4;4;1;1;1;2;1;1;5;6;1;3;1464.1681671
97;2026Q2;ES705A1;ES705;6;2;63;1;1;1;7;14;-1;-1;-1;6;-1;-1;-1;62;5;-1;-1;1;8;2;2;4;4;4;5;3;3;3;2;6;4;4;4;4;4;4;3;3;3;3;3;4;3;3;3;4;3;4;4;4;4;4;4;3;4;3;3;3;4;2;4;4;4;2;2;4;4;2;2;4;4;2;3;1;3;2;-9;-9;5;6;1;1;3363.5952453
98;2026Q2;ES705A1;ES705;6;2;38;1;1;1;8;1;6;2;5;1;-1;-1;-1;-1;-1;-1;-1;-1;-1;2;2;4;3;3;5;5;5;2;1;6;4;-9;-9;4;4;4;4;4;3;4;-9;3;-9;2;4;4;3;4;-9;2;4;4;2;2;3;3;-9;4;4;4;3;4;3;4;4;-3;4;-3;-3;-3;-3;-3;2;-9;-1;-1;6;6;1;6;-3;-3;2240.0380352
99;2026Q2;ES705A1;ES705;6;2;70;1;1;1;6;12;-1;-1;-1;6;-1;-1;-1;72;5;-1;-1;1;5;2;2;4;5;5;5;4;4;3;1;6;4;4;4;4;4;-9;-9;4;-9;4;-9;3;-9;2;4;4;3;4;-9;-9;4;4;-9;-9;-9;-9;-9;-9;4;4;-3;4;2;4;4;-3;4;-3;-3;-3;-3;-3;3;-9;-1;-1;6;6;5;-9;-3;-3;2683.1624099
100;2026Q2;ES705A1;ES705;1;1;43;1;1;5;10;2;1;2;5;1;-1;-1;-1;-1;-1;-1;-1;-1;-1;1;1;1;-9;-9;-1;4;4;-9;-9;6;4;4;-9;4;4;4;4;4;-9;-9;-9;-9;-9;2;4;-9;-9;-9;-9;-9;-9;-9;-9;-9;-9;-9;-9;-9;-7;-7;-7;-7;-3;3;4;-7;-7;-7;-7;-7;-7;-7;1;-9;-1;-1;-9;-9;3;-9;-7;-7;732.08408356
101;2026Q2;ES705A1;ES705;1;1;50;1;1;1;8;1;6;1;8;1;-1;-1;-1;-1;-1;-1;-1;-1;-1;2;3;2;5;4;5;4;4;2;2;6;4;3;3;4;4;4;-9;4;3;3;3;3;2;2;4;4;3;4;4;2;4;4;3;2;2;2;3;3;4;4;2;4;2;4;4;-3;4;-3;-3;-3;-3;-3;2;-9;-1;-1;6;6;5;6;2;-3;1036.0534432
102;2026Q2;ES705A1;ES705;1;1;49;1;1;1;5;2;6;2;7;1;-1;-1;-1;-1;-1;-1;-1;-1;-1;1;1;1;3;5;4;2;2;3;2;6;4;4;4;4;4;2;2;4;4;4;4;4;1;2;4;4;4;4;4;4;4;4;4;4;4;4;4;4;4;4;4;4;4;4;4;4;4;4;4;4;4;4;2;1;4;3;1;1;1;6;4;3;518.02672161
103;2026Q2;ES705A1;ES705;1;1;25;1;1;1;9;1;6;2;3;6;-1;-1;-1;60;1;3;-1;-1;-1;4;4;2;7;5;3;5;4;2;2;6;4;3;3;4;4;4;2;4;4;2;4;4;2;2;3;4;2;3;3;2;4;4;2;4;2;3;2;2;4;3;4;4;4;4;3;3;3;2;2;1;3;3;2;3;-1;-1;1;1;1;6;1;1;3241.4562784
104;2026Q2;ES705A1;ES705;6;2;50;1;1;1;5;1;6;2;5;1;-1;-1;-1;-1;-1;-1;-1;-1;-1;2;2;6;3;3;5;4;4;3;1;6;4;4;-9;4;4;3;4;4;4;4;-9;4;3;4;2;4;2;3;3;3;3;4;3;3;4;3;3;2;4;4;3;3;3;4;3;3;2;3;3;3;4;3;2;1;1;3;6;6;1;6;4;3;1465.5531151
105;2026Q2;ES705A1;ES705;1;1;57;1;1;1;6;1;6;1;9;1;-1;-1;-1;-1;-1;-1;-1;-1;-1;3;3;2;3;2;6;5;-9;-9;-9;6;5;5;-9;5;5;1;1;5;1;-9;1;5;1;1;5;5;5;5;5;5;5;5;1;1;1;1;-9;5;1;1;1;1;1;1;1;-3;-3;-3;-3;-3;-3;1;2;3;-1;-1;6;6;5;6;-7;3;2241.8693453
106;2026Q2;ES705A1;ES705;6;2;57;1;1;1;5;11;-1;-1;-1;1;-1;-1;-1;-1;-1;-1;-1;-1;-1;2;2;4;2;2;-1;4;4;2;1;6;4;4;3;4;3;3;4;3;4;4;2;2;3;3;2;3;2;4;3;4;4;4;2;2;2;2;3;2;4;4;3;4;4;4;3;3;3;3;3;3;3;3;2;2;-1;-1;6;6;1;6;1;-3;805.09182676
107;2026Q2;ES705A1;ES705;1;1;29;1;1;1;7;7;-1;-1;7;6;-1;-1;-1;62;2;7;-1;-1;-1;4;4;8;6;3;5;5;5;4;2;6;4;4;4;4;4;4;5;3;5;2;4;3;4;5;3;3;4;3;2;3;4;4;5;4;4;5;2;1;1;4;4;1;4;1;2;2;1;2;2;1;2;2;2;3;-1;-1;6;6;5;6;4;1;3241.4562784
108;2026Q2;ES705A1;ES705;6;2;65;1;1;1;7;10;-1;-1;-1;6;-1;-1;-1;67;5;-1;-1;1;2;2;2;8;6;5;1;3;3;2;-9;6;4;5;5;5;4;3;5;5;3;3;5;-9;2;5;3;4;4;3;3;3;4;4;3;4;3;3;3;3;4;4;4;4;4;3;3;-3;-3;3;3;-3;-3;-3;1;1;1;1;1;6;5;6;1;-3;299.86995264
109;2026Q2;ES705A1;ES705;1;1;61;1;1;5;6;10;-1;-1;-1;1;-1;1;-9;-1;-1;-1;-1;-1;-1;1;1;1;2;3;-1;4;4;1;1;6;2;2;1;2;2;4;5;2;4;2;4;2;-9;2;2;2;1;2;2;2;2;2;2;4;4;4;2;2;3;2;1;2;3;3;-3;2;2;3;2;1;3;2;3;1;3;4;1;6;5;6;-7;1;365.33643449
110;2026Q2;ES705A1;ES705;1;1;54;1;1;5;7;2;6;2;3;1;-1;-1;-1;-1;-1;-1;-1;-1;-1;1;1;1;3;5;3;4;4;4;1;6;4;4;-9;4;4;4;4;4;3;3;2;3;2;2;4;3;3;4;3;2;3;4;2;2;2;3;-9;4;4;4;4;4;4;3;3;-3;3;-3;-3;3;3;3;2;2;-1;-1;6;6;5;6;1;-3;518.02672161
111;2026Q2;ES705A1;ES705;1;1;72;1;1;1;8;12;-1;-1;-1;1;-1;1;3;-1;-1;-1;-1;-1;-1;2;2;4;4;4;3;4;3;2;1;6;2;4;4;4;2;2;4;2;4;4;2;4;-9;2;2;4;2;2;2;2;4;4;4;4;4;4;2;3;4;3;3;2;2;4;3;2;4;3;3;2;3;2;3;1;4;2;1;1;5;6;3;1;2039.641169
112;2026Q2;ES705A1;ES705;1;1;32;1;1;5;11;2;1;1;2;1;-1;-1;-1;-1;-1;-1;-1;-1;-1;2;2;4;6;6;1;5;5;3;1;6;4;2;2;4;2;5;4;2;2;2;2;2;2;2;4;2;4;3;4;4;2;2;3;2;4;4;-9;2;5;4;5;2;4;4;4;2;4;-3;-3;1;1;1;1;1;1;3;1;6;5;6;4;1;1620.7281392
113;2026Q2;ES705A2;ES705;1;1;58;1;1;1;3;7;-1;-1;7;1;-1;-1;-1;-1;-1;-1;-1;-1;-1;2;2;4;4;4;5;-9;2;3;2;6;2;4;2;4;4;4;4;4;4;2;4;2;4;4;2;4;2;2;2;4;4;4;4;2;4;4;2;2;4;3;4;3;4;4;3;2;2;-3;4;2;3;3;2;1;2;-9;6;6;1;6;1;3;304.42941653
114;2026Q2;ES705A2;ES705;6;2;51;1;1;1;8;14;-1;-1;-1;6;-1;-1;-1;50;1;-9;-1;-1;-1;2;4;2;-9;-9;-1;5;3;3;1;6;2;3;3;4;4;3;5;5;5;2;5;1;1;4;2;2;2;4;4;3;3;3;4;2;4;4;2;2;4;4;4;1;1;1;1;1;1;1;1;1;1;1;2;3;-1;-1;6;6;5;6;2;1;411.89157567
115;2026Q2;ES705A2;ES705;6;2;53;1;1;1;2;1;6;1;6;1;-1;-1;-1;-1;-1;-1;-1;-1;-1;1;2;6;2;2;5;3;3;3;1;6;5;5;5;5;5;2;2;2;2;4;2;4;2;2;4;4;5;5;4;4;4;4;2;2;2;2;4;4;4;4;4;4;4;4;4;5;4;4;4;-3;4;4;3;1;4;4;1;1;1;6;-3;-3;129.06171927
116;2026Q2;ES705A2;ES705;1;1;45;1;1;1;3;1;6;2;6;6;-1;-1;-1;43;2;5;-1;-1;-1;2;4;2;4;2;3;-9;-9;-9;-9;6;-9;-9;-9;-9;-9;-9;-9;-9;-9;-9;-9;-9;-9;-9;-9;-9;-9;-9;-9;-9;-9;-9;-9;-9;-9;-9;-9;-9;-7;-7;-7;-7;-7;-7;-7;-7;-7;-7;-7;-7;-7;-7;3;-9;-1;-1;6;1;1;6;1;-3;580.27190883
117;2026Q2;ES705A2;ES705;6;2;42;1;1;1;5;7;-1;-1;7;1;-1;-1;-1;-1;-1;-1;-1;-1;-1;4;4;2;7;3;5;3;3;3;1;6;2;2;2;2;2;4;5;2;4;2;4;2;4;4;2;2;2;1;2;4;2;2;4;4;4;4;2;2;5;4;5;1;4;4;4;4;4;1;1;1;1;4;1;1;2;3;1;6;5;6;4;1;1195.029713
118;2026Q2;ES705A2;ES705;6;2;51;1;1;1;9;2;6;2;2;1;-1;-1;-1;-1;-1;-1;-1;-1;-1;2;2;4;7;6;1;5;5;4;1;6;4;4;4;4;4;2;2;4;2;3;4;4;2;4;4;4;4;4;4;4;4;5;2;2;2;2;4;4;4;4;4;5;5;5;4;-3;4;4;5;-3;5;4;1;1;2;1;1;1;1;6;1;-3;258.12343854
119;2026Q2;ES705A2;ES705;6;2;53;1;1;1;8;2;6;2;5;6;-1;-1;-1;55;1;8;-1;-1;-1;3;3;2;6;4;5;4;4;4;3;6;5;5;4;5;5;5;5;5;4;4;4;4;4;2;4;5;4;5;5;5;5;5;4;4;4;4;4;4;4;4;4;4;4;4;4;4;4;4;4;4;4;4;2;3;-1;-1;6;6;1;6;1;3;387.18515781
120;2026Q2;ES705A2;ES705;6;2;58;1;1;1;5;10;-1;-1;-1;6;-1;-1;-1;62;1;7;-1;-1;-1;2;2;4;4;4;4;4;4;4;1;6;4;4;3;4;4;4;4;2;3;4;4;4;4;4;4;4;4;4;4;4;4;4;2;2;2;4;4;4;4;4;3;3;3;3;3;4;3;3;3;3;3;3;2;-9;-1;-1;1;6;1;6;-7;2;62.895044129
121;2026Q2;ES705A2;ES705;6;2;70;1;1;1;10;12;-1;-1;-1;1;-1;1;1;-1;-1;-1;-1;-1;-1;2;2;6;6;5;-1;5;5;3;1;6;4;-9;-9;4;4;4;-9;4;3;3;-9;3;2;2;4;-9;3;3;4;4;4;4;2;3;3;-9;-9;3;4;4;4;-3;3;3;4;-3;4;-3;-3;-3;-3;-3;2;2;-1;-1;6;6;5;6;-3;-3;443.8879644
122;2026Q2;ES705A2;ES705;6;2;50;1;1;1;10;7;-1;-1;2;6;-1;-1;-1;56;1;-9;-1;-1;-1;2;2;4;-9;-9;-1;5;5;4;1;6;4;1;4;4;4;4;4;4;4;2;4;2;4;4;2;2;2;2;2;4;2;2;4;4;4;4;2;2;3;3;3;2;3;2;3;3;3;2;2;3;3;2;1;1;1;3;1;1;1;6;4;-3;258.12343854
123;2026Q2;ES705A2;ES705;6;2;30;1;1;1;5;11;-1;-1;-1;6;-1;-1;-1;62;3;-1;-1;1;9;4;4;8;4;2;6;3;3;3;3;6;4;4;4;2;4;2;4;2;4;4;4;4;2;4;4;4;4;4;4;4;4;4;4;2;4;4;2;2;4;4;4;4;4;4;4;4;4;4;4;4;4;3;2;3;-1;-1;6;6;1;6;1;-3;125.79008826
124;2026Q2;ES705A2;ES705;6;2;38;1;1;1;4;1;6;2;6;1;-1;-1;-1;-1;-1;-1;-1;-1;-1;2;2;4;3;3;5;4;4;3;2;6;4;4;4;4;4;4;2;4;4;4;4;4;2;4;4;4;4;4;4;4;4;4;4;2;4;4;4;4;4;4;4;3;4;4;3;4;4;4;4;4;4;3;2;1;4;3;1;1;1;6;1;3;478.01188519
125;2026Q2;ES705A2;ES705;1;1;70;1;1;1;5;12;-1;-1;-1;6;-1;-1;-1;69;5;-1;-1;1;6;2;2;4;3;3;5;4;3;2;1;6;4;4;4;4;4;4;4;4;4;4;2;4;2;2;4;4;4;4;4;4;4;4;2;4;2;2;4;4;1;2;1;1;4;2;4;-3;-3;-3;-3;-3;1;1;3;3;-1;-1;6;6;1;6;1;-3;666.39152923
126;2026Q2;ES705A2;ES705;6;2;30;1;1;1;10;2;6;2;5;1;-1;-1;-1;-1;-1;-1;-1;-1;-1;3;3;2;7;5;3;1;1;1;1;6;1;1;1;2;1;5;5;2;5;1;5;1;5;5;1;1;1;1;2;4;1;1;5;5;5;5;1;1;5;4;5;1;5;4;1;1;-3;1;1;1;1;1;1;1;2;3;1;6;1;6;3;1;424.37781176
127;2026Q2;ES705A2;ES705;1;1;54;1;1;1;5;2;6;2;7;1;-1;-1;-1;-1;-1;-1;-1;-1;-1;1;1;1;7;6;4;4;4;4;2;6;5;4;4;5;5;2;5;4;5;2;2;4;4;4;2;4;5;2;2;4;4;4;4;5;4;4;4;2;4;4;2;2;4;2;1;1;2;2;2;1;4;1;1;1;3;4;6;6;1;6;4;1;290.13595441
128;2026Q2;ES705A2;ES705;6;2;39;1;1;1;8;1;6;2;5;1;-1;-1;-1;-1;-1;-1;-1;-1;-1;2;2;4;5;5;5;4;4;2;2;1;4;2;-9;4;4;4;-9;3;-9;3;-9;3;2;-9;4;4;3;3;3;3;4;4;2;4;3;3;3;3;4;-3;3;3;3;3;3;-3;4;-3;3;-3;-3;3;2;-9;-1;-1;6;6;1;6;-3;-3;478.01188519
129;2026Q2;ES705A2;ES705;1;1;36;1;1;1;7;1;6;2;4;6;-1;-1;-1;63;3;-1;-1;1;1;4;4;8;5;3;1;4;4;3;1;6;4;4;4;4;5;2;5;4;4;4;4;4;2;4;4;4;4;4;4;4;4;4;4;2;2;4;2;4;5;5;4;4;5;5;5;4;5;4;5;4;4;4;2;1;1;4;1;1;1;6;1;1;642.02593352
130;2026Q2;ES705A2;ES705;1;1;67;1;1;1;5;12;-1;-1;-1;1;-1;1;7;-1;-1;-1;-1;-1;-1;2;2;4;4;4;4;4;4;3;3;6;4;4;4;4;4;2;4;4;4;4;2;4;2;4;4;4;4;4;4;4;4;4;2;2;2;2;2;4;4;4;4;4;4;4;1;-3;4;-3;4;-3;-3;-3;3;3;-1;-1;6;6;5;6;-3;-3;666.39152923
131;2026Q2;ES705A2;ES705;1;1;35;1;1;1;4;1;6;1;9;1;-1;-1;-1;-1;-1;-1;-1;-1;-1;1;1;1;1;2;6;1;1;1;1;6;2;-9;4;2;2;3;4;2;2;4;2;4;2;2;4;2;4;4;4;4;4;4;2;2;2;2;2;4;4;4;4;4;4;4;4;4;5;4;4;4;4;4;3;2;-1;-1;6;6;1;6;1;-3;160.50648338
132;2026Q2;ES705A2;ES705;6;2;32;1;1;1;9;1;6;2;2;6;-1;-1;-1;53;1;3;-1;-1;-1;4;4;2;7;5;4;3;2;2;2;6;2;2;2;2;2;3;5;2;5;2;4;4;5;4;2;2;2;2;2;3;2;2;4;3;3;3;2;3;-3;-3;-3;-3;-3;-3;-3;-3;-3;-3;-3;-3;-3;-3;1;1;1;2;1;6;1;6;-7;-7;565.83708235
133;2026Q2;ES705A2;ES705;1;1;58;1;1;1;8;1;6;1;7;1;-1;-1;-1;-1;-1;-1;-1;-1;-1;2;3;2;5;3;4;4;4;3;1;6;4;-9;-9;4;4;4;-9;4;4;3;-9;3;-9;2;4;3;3;3;3;-9;4;4;3;3;3;3;-9;3;4;3;3;3;3;3;3;-3;4;-3;-3;-3;-3;-3;2;2;-1;-1;6;6;1;6;-3;-3;304.42941653
134;2026Q2;ES705A2;ES705;1;1;25;2;1;5;7;10;-1;-1;-1;6;-1;-1;-1;59;2;8;-1;-1;-1;4;4;6;6;3;5;4;4;3;2;1;4;4;2;4;3;4;1;3;4;2;5;4;5;4;2;2;3;2;2;4;3;4;5;5;4;5;3;1;4;4;4;2;4;3;3;4;4;3;4;1;4;3;1;1;3;4;1;1;5;6;-3;1;554.9251631
135;2026Q2;ES705A2;ES705;1;1;53;1;1;1;7;1;6;1;7;1;-1;-1;-1;-1;-1;-1;-1;-1;-1;4;4;2;-9;-9;4;-9;-9;-9;-9;-9;-9;-9;-9;4;-9;-9;5;-9;5;-9;5;-9;-9;-9;-9;-9;-9;-9;-9;-9;-9;-9;5;5;5;5;-9;1;5;-3;-3;1;1;1;-3;-3;-3;-3;-3;1;-3;-3;3;1;1;1;6;6;5;6;-7;1;1160.5438177
136;2026Q2;ES705A2;ES705;6;2;52;1;1;1;4;10;-1;-1;-1;6;-1;-1;-1;51;1;8;-1;-1;-1;2;3;6;3;2;-1;4;4;3;3;6;4;2;4;3;4;4;2;4;4;4;4;4;4;4;4;4;4;4;4;4;4;4;4;4;4;4;4;4;4;3;3;4;5;5;4;4;4;4;4;4;3;4;3;3;-1;-1;1;6;1;6;2;1;62.895044129
137;2026Q2;ES705A2;ES705;6;2;56;1;1;1;5;1;6;2;9;1;-1;-1;-1;-1;-1;-1;-1;-1;-1;1;1;1;3;5;6;-9;-9;2;1;6;2;2;2;4;2;4;2;-9;-9;-9;2;-9;2;2;4;4;-9;2;4;4;4;4;2;3;2;2;4;4;-3;5;4;5;4;5;5;-3;3;3;3;-3;-3;-3;1;-9;-1;-1;6;6;1;6;1;-3;50.33904539
138;2026Q2;ES705A2;ES705;6;2;60;1;1;1;5;14;-1;-1;-1;6;-1;-1;-1;34;1;5;-1;-1;-1;4;4;3;2;1;5;3;4;4;2;6;4;4;4;4;4;2;2;2;2;4;2;4;2;2;4;4;4;2;4;2;4;4;2;4;2;3;4;2;4;4;4;4;5;4;5;3;4;4;4;2;2;2;3;3;-1;-1;6;6;5;6;1;1;508.89245582
139;2026Q2;ES705A2;ES705;6;2;59;1;1;1;4;11;-1;-1;-1;1;-1;-1;-1;-1;-1;-1;-1;-1;-1;2;2;6;2;2;-1;4;5;5;3;6;4;2;4;4;4;2;4;4;4;4;4;4;4;4;4;4;4;4;4;4;4;4;4;2;4;2;4;4;4;3;4;4;4;4;4;3;3;4;4;4;4;3;2;1;2;4;1;1;5;6;3;3;62.895044129
140;2026Q2;ES705A2;ES705;1;1;32;1;1;1;7;1;6;2;7;1;-1;-1;-1;-1;-1;-1;-1;-1;-1;2;2;4;4;4;4;4;-9;-9;2;6;2;2;2;4;2;4;4;-9;4;-9;-9;-9;2;-9;-9;-9;-9;-9;-9;-9;-9;-9;2;2;4;-9;-9;-9;3;2;3;-3;4;4;3;3;3;3;3;3;3;3;1;3;-1;-1;6;6;1;6;1;3;567.12983277
141;2026Q2;ES705A2;ES705;6;2;65;1;1;1;5;1;6;1;9;6;-1;-1;-1;64;5;-1;-1;1;7;2;2;4;4;4;4;5;5;5;1;6;4;4;4;4;4;4;4;4;2;4;4;4;4;4;2;4;4;4;4;4;4;4;2;4;4;4;3;4;4;3;4;3;4;3;3;3;3;3;4;1;4;3;1;3;-1;-1;1;6;5;6;4;1;290.11982727
142;2026Q2;ES705A2;ES705;1;1;40;2;1;5;10;2;6;2;2;1;-1;-1;-1;-1;-1;-1;-1;-1;-1;4;4;2;7;5;2;5;4;3;2;6;3;3;3;4;3;4;5;4;4;2;3;2;3;3;3;3;4;1;3;4;3;3;4;5;5;5;2;2;4;3;4;2;4;3;4;3;3;3;3;1;3;1;2;1;3;4;1;6;5;6;1;1;642.02593352
143;2026Q2;ES705A2;ES705;1;1;53;1;1;1;5;2;6;2;5;1;-1;-1;-1;-1;-1;-1;-1;-1;-1;3;4;2;4;2;5;3;2;2;3;6;4;4;4;5;4;4;4;2;2;4;4;4;5;5;4;3;2;4;4;2;4;3;3;4;4;3;3;4;4;4;4;3;3;4;4;3;5;4;3;4;3;3;2;2;-1;-1;6;6;1;6;2;-3;870.40786324
144;2026Q2;ES705A2;ES705;6;2;68;1;1;1;10;12;-1;-1;-1;1;-1;1;2;-1;-1;-1;-1;-1;-1;2;2;6;5;5;2;4;4;2;1;6;4;3;3;4;4;4;-9;4;3;4;-9;3;3;-9;4;4;3;4;3;4;4;4;3;3;3;3;3;3;4;-3;3;4;2;3;3;-3;4;-3;-3;-3;-3;-3;2;-9;-1;-1;6;6;5;6;-3;-3;443.8879644
145;2026Q2;ES705A2;ES705;6;2;59;2;1;5;3;2;6;1;5;1;-1;-1;-1;-1;-1;-1;-1;-1;-1;2;2;4;4;4;5;2;3;2;2;6;4;4;3;4;4;2;4;4;4;4;4;4;4;2;2;2;4;2;2;2;2;2;4;2;2;4;2;2;4;3;3;2;4;3;3;3;3;3;3;3;3;3;2;3;-1;-1;6;6;5;6;1;-3;100.67809078
146;2026Q2;ES705A2;ES705;1;1;49;1;1;1;9;2;1;2;2;1;-1;-1;-1;-1;-1;-1;-1;-1;-1;2;3;2;5;4;-1;5;5;2;1;6;4;2;3;4;2;4;5;4;4;2;5;3;3;4;3;4;4;3;3;4;3;3;3;4;5;4;2;2;5;4;2;2;4;2;3;-7;4;-7;-7;3;3;2;2;1;4;2;1;6;5;6;3;1;580.27190883
147;2026Q2;ES705A2;ES705;1;1;32;1;1;1;6;1;6;2;3;6;-1;-1;-1;53;5;-1;-1;1;5;2;2;8;6;5;5;3;3;2;2;6;2;4;4;2;4;2;4;2;4;2;4;2;-9;4;4;2;4;4;4;4;4;4;2;2;4;2;4;3;3;4;4;4;4;4;4;3;3;3;3;2;3;2;1;3;-1;-1;6;6;1;6;1;1;567.12983277
148;2026Q2;ES705A2;ES705;6;2;21;1;1;1;9;13;-1;-1;-1;6;-1;-1;-1;57;1;3;-1;-1;-1;4;4;2;3;2;3;4;4;3;2;6;3;2;3;3;3;4;5;3;4;2;4;2;4;4;3;3;3;3;2;4;4;4;4;4;4;4;3;2;-3;-3;-3;-3;-3;-3;-3;-3;-3;-3;-3;-3;-3;-3;1;1;3;3;1;6;1;6;2;1;873.37335661
149;2026Q2;ES705A2;ES705;6;2;70;1;1;1;5;12;-1;-1;-1;1;-1;-9;-1;-1;-1;-1;-1;-1;-1;1;1;1;2;4;-1;4;4;4;1;6;4;4;-9;4;-9;-9;-9;-9;-9;-9;-9;-9;-9;-9;4;4;4;4;-9;4;4;4;-9;-9;-9;-9;-9;-9;4;-3;-3;-3;-3;4;-3;-3;-3;-3;-3;-3;-3;-3;3;-9;-1;-1;6;-9;1;6;-7;-3;221.9439822
150;2026Q2;ES705A2;ES705;6;2;58;1;1;1;5;10;-1;-1;-1;6;-1;-1;-1;65;5;-1;-1;1;8;3;3;2;5;3;-1;5;5;3;1;6;4;2;-9;4;4;4;-9;3;3;3;-9;3;-9;3;4;4;4;3;4;-9;4;4;3;3;3;3;-9;3;5;-3;3;-3;-3;3;3;-3;-3;-3;-3;-3;-3;-3;3;-9;-1;-1;6;6;1;6;-3;-3;94.342566193
151;2026Q2;ES705A2;ES705;6;2;55;1;1;1;10;1;6;2;2;1;-1;-1;-1;-1;-1;-1;-1;-1;-1;2;2;4;6;5;1;5;5;4;2;6;3;3;3;4;3;4;5;4;5;3;5;4;3;3;4;5;4;4;4;5;4;4;4;3;4;5;3;4;5;4;5;4;5;5;5;-3;4;-7;-7;1;-7;-7;2;-9;-1;-1;-9;6;1;6;4;1;100.67809078
152;2026Q2;ES705A2;ES705;1;1;41;1;1;1;8;15;-1;-1;-1;6;-1;-1;-1;45;1;5;-1;-1;-1;2;3;2;4;3;5;4;4;3;1;6;4;4;-9;4;4;4;3;4;3;4;-9;3;3;2;4;4;3;4;3;3;4;4;-9;3;3;3;-9;-9;4;4;2;-3;3;4;3;-3;4;-3;-3;-3;-3;-3;3;-9;-1;-1;6;6;1;6;-3;-3;847.68393323
153;2026Q2;ES705A2;ES705;1;1;50;1;1;1;8;1;1;2;4;1;-1;-1;-1;-1;-1;-1;-1;-1;-1;2;3;2;6;4;3;5;5;3;2;6;4;3;3;4;4;4;3;4;3;3;4;3;2;3;3;4;4;3;4;-9;4;4;2;3;3;3;-9;-9;4;3;3;3;3;3;3;-3;4;-3;-3;-3;-3;-3;2;2;-1;-1;6;6;5;6;-3;-3;580.27190883
154;2026Q2;ES705A2;ES705;6;2;65;1;1;1;3;12;-1;-1;-1;1;-1;-9;-1;-1;-1;-1;-1;-1;-1;1;1;1;2;4;-1;5;5;3;3;6;5;5;4;5;5;5;5;3;3;3;3;3;5;5;3;4;3;2;4;4;4;4;5;5;5;5;3;4;4;4;4;4;4;4;4;4;4;4;4;4;4;2;1;1;4;1;6;6;5;6;4;-3;221.9439822
155;2026Q2;ES705A2;ES705;1;1;71;1;1;1;10;12;-1;-1;-1;1;-1;1;2;-1;-1;-1;-1;-1;-1;1;1;1;5;6;-1;4;4;2;1;6;4;3;3;4;4;4;-9;4;-9;4;-9;3;3;3;4;4;3;3;4;3;4;4;2;3;3;4;3;3;4;3;3;3;3;3;4;-3;4;-3;3;-3;3;-3;2;-9;-1;-1;6;6;5;6;-3;-3;333.19576462
156;2026Q2;ES705A2;ES705;6;2;45;1;1;1;5;2;6;1;9;6;-1;-1;-1;48;2;7;-1;-1;-1;3;4;2;6;3;5;2;2;2;2;6;-9;-9;-9;2;2;-9;2;-9;-9;-9;-9;-9;5;-9;2;2;-9;2;-9;-9;2;-9;2;2;2;2;2;2;3;3;3;3;3;3;3;3;3;3;3;3;-3;-3;2;-9;-1;-1;1;1;5;6;4;3;387.18515781
157;2026Q2;ES705A2;ES705;6;2;25;1;1;1;10;1;6;2;2;1;-1;-1;-1;-1;-1;-1;-1;-1;-1;1;1;1;3;5;1;4;4;3;3;6;4;4;3;4;4;4;4;4;4;3;4;4;2;3;4;4;4;4;4;4;4;4;2;4;4;4;3;2;3;3;4;3;3;2;3;3;3;-3;-3;2;3;3;1;1;1;4;1;6;3;6;4;3;141.45927059
158;2026Q2;ES705A2;ES705;1;1;72;1;1;1;5;12;-1;-1;-1;1;-1;1;6;-1;-1;-1;-1;-1;-1;2;2;4;4;4;5;4;4;3;2;6;4;4;-9;4;4;-9;-9;4;-9;3;-9;3;-9;-9;4;4;3;4;4;4;4;4;-9;-9;-9;-9;-9;-9;4;4;3;-3;-3;4;4;-3;4;-3;-3;-3;-3;-3;3;-9;-1;-1;6;6;5;6;-3;-3;666.39152923
159;2026Q2;ES705A2;ES705;6;2;70;1;1;1;6;12;-1;-1;-1;1;-1;1;7;-1;-1;-1;-1;-1;-1;1;1;1;4;6;4;4;4;-9;1;6;4;-9;-9;4;4;-9;-9;4;-9;4;-9;3;-9;-9;4;4;3;4;4;-9;4;4;2;-9;-9;-9;-9;-9;4;-3;3;-3;-3;3;-3;-3;4;-3;-3;-3;-3;-3;3;-9;-1;-1;6;6;5;6;-3;-3;221.9439822
160;2026Q2;ES708A0;ES708;1;1;56;1;1;1;3;1;6;1;6;6;-1;-1;-1;54;1;2;-1;-1;-1;3;3;8;7;6;2;5;5;1;1;6;2;5;4;5;5;5;3;2;4;1;3;2;5;5;2;4;2;2;2;2;2;2;4;4;4;4;2;2;3;3;2;3;3;3;3;-3;3;2;2;3;3;2;2;3;-1;-1;6;6;5;6;4;3;1090.805945
161;2026Q2;ES708A0;ES708;6;2;20;1;1;1;6;13;-1;-1;-1;6;-1;-1;-1;52;1;2;-1;-1;-1;3;3;2;6;5;1;5;5;4;1;6;5;5;2;4;3;5;5;5;5;3;5;2;2;3;3;3;4;5;5;5;5;5;4;5;5;5;2;5;5;5;5;2;5;2;3;3;3;3;5;2;2;2;2;1;1;3;1;6;1;6;5;1;4400.5508035
162;2026Q2;ES708A0;ES708;6;2;38;1;1;1;9;1;1;2;2;1;-1;-1;-1;-1;-1;-1;-1;-1;-1;2;2;4;7;6;1;5;5;5;3;1;1;1;5;4;-9;5;5;4;5;1;5;2;2;4;4;2;2;-9;4;-9;4;4;5;3;5;4;2;2;5;4;5;3;4;4;4;-3;-3;-3;-3;1;-3;-3;1;1;4;2;1;6;5;6;4;1;548.48671448
163;2026Q2;ES708A0;ES708;6;2;40;1;1;1;7;2;6;1;5;1;-1;-1;-1;-1;-1;-1;-1;-1;-1;3;3;8;5;4;5;5;5;2;1;6;4;4;4;4;-9;3;4;4;4;2;4;4;4;4;-9;3;2;2;-9;2;-9;4;4;4;4;4;2;2;5;5;5;2;4;2;2;-3;-3;1;-3;2;2;2;1;1;1;4;6;6;1;6;3;-3;822.73007172
164;2026Q2;ES708A0;ES708;1;1;36;1;1;1;8;10;-1;-1;-1;6;-1;-1;-1;35;1;1;-1;-1;-1;2;3;2;6;4;1;4;4;3;3;6;5;4;4;5;4;2;4;2;4;4;4;2;4;2;2;4;2;2;2;2;2;4;2;2;4;4;2;2;5;4;4;5;4;4;4;3;4;2;3;4;4;3;1;1;4;2;1;6;4;6;4;1;211.48936196
165;2026Q2;ES705A3;ES705;6;2;18;1;1;5;7;1;6;2;3;1;-1;-1;-1;-1;-1;-1;-1;-1;-1;1;1;1;4;6;3;4;4;-9;3;6;4;4;3;4;4;5;4;4;-9;1;4;2;-9;4;2;2;-9;3;3;-9;-9;-9;3;3;3;3;3;3;-3;3;-3;-3;-3;-3;-3;-3;-3;-3;-3;-3;-3;-3;3;-9;-1;-1;6;6;3;6;-7;-3;317.69453817
166;2026Q2;ES705A3;ES705;6;2;59;3;1;5;10;2;6;1;9;1;-1;-1;-1;-1;-1;-1;-1;-1;-1;4;4;5;6;3;6;3;3;1;1;6;4;4;2;4;5;4;5;5;5;3;5;4;5;4;1;5;4;1;2;3;4;4;5;5;5;5;3;4;3;3;3;3;3;3;2;3;3;3;3;1;3;3;2;3;-1;-1;6;6;5;6;3;1;921.50385299
167;2026Q2;ES705A3;ES705;6;2;64;1;1;1;5;15;-1;-1;-1;1;1;1;9;-1;-1;-1;-1;-1;-1;1;1;1;2;3;6;5;4;4;1;6;3;4;4;4;4;4;4;3;4;4;4;4;2;4;3;4;4;4;4;2;2;4;2;3;4;2;2;4;4;4;3;4;4;4;4;4;4;4;4;2;4;4;2;3;-1;-1;6;1;1;6;1;-3;641.94410118
168;2026Q2;ES705A3;ES705;6;2;26;1;1;1;5;6;-1;-1;7;6;-1;-1;-1;80;1;-9;-1;-1;-1;4;4;3;5;2;-1;4;4;2;3;1;4;4;-9;4;4;-9;5;-9;4;3;-9;-9;-9;3;-9;4;-9;4;3;4;4;4;4;2;3;3;-9;4;4;3;3;3;3;3;4;4;3;3;3;3;3;3;2;-9;-1;-1;6;6;1;6;1;-7;1588.4726909
169;2026Q2;ES705A3;ES705;1;1;22;1;1;1;6;1;6;2;5;6;-1;-1;-1;25;1;5;-1;-1;-1;3;3;6;5;3;5;4;4;3;2;6;5;4;3;5;5;2;5;4;5;4;4;4;5;3;4;3;4;3;3;3;4;4;2;3;2;2;3;3;-3;4;4;4;4;3;4;-3;-3;-3;4;2;-3;-3;1;2;-1;-1;6;6;1;6;4;1;1672.0441741
170;2026Q2;ES705A3;ES705;1;1;71;1;1;1;2;15;-1;-1;-1;1;1;1;5;-1;-1;-1;-1;-1;-1;2;2;4;6;5;5;5;5;5;3;6;3;3;2;3;3;4;4;3;3;3;3;3;3;3;3;3;3;3;3;3;3;3;3;3;3;4;3;3;3;3;3;3;3;3;3;3;3;3;3;3;3;3;2;2;-1;-1;6;6;1;6;2;1;2034.5377516
171;2026Q2;ES705A3;ES705;6;2;54;1;1;1;3;1;1;1;9;-9;-1;-1;-1;-1;-1;-1;-1;-1;-1;4;4;3;-9;-9;-1;4;5;2;4;1;3;3;3;4;4;5;5;4;5;1;5;1;5;2;2;1;2;1;4;4;4;4;5;4;5;4;3;1;4;4;-3;1;5;3;2;-3;-3;4;-3;1;1;1;3;3;-1;-1;6;6;5;6;4;-3;1849.239258
172;2026Q2;ES705A3;ES705;1;1;58;1;1;1;3;18;-1;-1;-1;6;-1;-1;-1;80;5;-1;-1;1;9;2;2;8;3;3;6;4;3;3;2;6;3;4;4;4;4;4;5;5;5;3;3;4;4;3;4;4;4;4;4;4;4;4;2;2;3;3;4;4;4;4;4;4;-3;4;4;-3;3;-3;-3;4;-3;4;1;2;-1;-1;-9;6;5;6;1;3;2270.192665
173;2026Q2;ES705A3;ES705;1;1;60;1;1;1;5;2;6;1;7;1;-1;-1;-1;-1;-1;-1;-1;-1;-1;4;4;8;4;2;5;3;3;3;2;6;4;4;3;4;4;3;4;2;4;4;4;4;2;4;2;4;4;3;3;4;4;4;4;4;4;4;4;4;3;4;3;3;3;4;3;3;4;-3;-3;2;4;3;2;3;-1;-1;6;6;5;6;1;1;2467.8531929
174;2026Q2;ES705A3;ES705;6;2;72;1;1;1;2;12;-1;-1;-1;6;-1;-1;-1;77;5;-1;-1;1;7;2;2;4;4;4;4;5;4;3;1;6;5;5;5;5;4;4;4;4;3;4;4;4;3;3;4;4;4;4;4;4;4;4;2;2;4;3;4;4;5;3;3;3;3;5;-3;-3;-3;-3;-3;4;3;4;3;1;3;-9;1;6;5;6;-3;-3;1365.1966384
175;2026Q2;ES705A3;ES705;6;2;66;3;1;5;6;1;6;2;9;1;-1;-1;-1;-1;-1;-1;-1;-1;-1;3;3;2;4;3;6;4;5;1;1;6;5;5;5;5;5;5;4;4;5;5;5;4;4;4;4;4;4;4;4;5;4;4;4;4;5;5;5;5;4;3;3;4;4;3;4;3;3;4;5;4;4;4;2;1;3;4;1;1;5;6;1;-3;813.09054375
176;2026Q2;ES705A3;ES705;6;2;34;3;1;5;10;10;-1;-1;-1;6;-1;-1;-1;56;3;-1;-1;1;5;2;3;6;3;2;5;4;4;3;2;6;4;4;3;4;4;3;4;4;3;3;3;3;4;4;3;4;3;4;3;4;4;4;3;4;3;3;3;3;4;4;4;3;4;3;3;3;4;3;3;3;3;3;2;2;-1;-1;6;6;5;6;4;-3;367.52781541
177;2026Q2;ES705A3;ES705;1;1;58;1;1;1;3;1;6;2;-9;1;-1;-1;-1;-1;-1;-1;-1;-1;-1;4;4;2;-9;-9;-1;4;4;4;4;1;4;4;4;4;4;4;4;4;2;4;4;4;4;-9;-9;4;4;4;4;4;4;4;2;2;4;4;4;4;4;4;4;4;4;4;5;4;4;4;3;3;3;3;2;3;-1;-1;6;6;1;6;-7;-3;2467.8531929
178;2026Q2;ES705A3;ES705;6;2;77;1;1;1;2;12;-1;-1;-1;6;-1;-1;-1;80;5;-1;-1;1;5;2;2;4;5;5;5;4;4;2;1;6;5;5;3;4;4;2;3;4;2;2;3;2;4;2;4;3;2;4;4;4;4;4;4;2;2;2;3;3;4;-3;4;4;-3;4;2;-3;-3;-3;-3;-3;-3;-3;3;1;2;2;1;6;5;6;2;1;1365.1966384
179;2026Q2;ES705A3;ES705;1;1;44;1;1;1;5;2;1;2;5;1;-1;-1;-1;-1;-1;-1;-1;-1;-1;3;3;2;6;5;3;5;5;2;2;6;5;5;3;5;5;3;4;5;4;2;4;4;2;4;2;4;2;2;4;4;4;4;2;3;4;5;2;4;4;4;4;4;4;3;4;-3;-3;4;4;-3;4;4;2;3;-1;-1;6;6;5;6;-3;1;1811.7254264
180;2026Q2;ES705A3;ES705;6;2;28;1;1;1;8;2;1;2;2;6;-1;-1;-1;63;8;-1;1;1;7;3;3;5;6;4;4;1;1;1;3;6;4;4;4;4;4;4;4;4;4;3;4;4;2;4;5;3;3;2;2;2;2;4;5;5;5;5;4;3;3;2;2;2;2;2;3;3;2;2;3;2;3;4;2;1;4;3;1;1;1;6;2;3;953.08361452
181;2026Q2;ES705A3;ES705;6;2;25;1;1;1;8;1;6;2;3;6;-1;-1;-1;56;1;8;-1;-1;-1;4;4;2;7;4;5;4;4;2;2;6;4;3;4;4;4;4;3;4;3;2;4;3;3;3;4;2;2;3;3;3;4;4;4;3;4;4;2;2;5;4;3;2;4;3;2;3;3;4;4;3;3;4;2;1;3;1;1;6;1;6;-7;3;1270.7781527
182;2026Q2;ES705A3;ES705;1;1;52;1;1;1;8;1;6;2;7;1;-1;-1;-1;-1;-1;-1;-1;-1;-1;2;2;4;6;6;4;4;4;1;1;6;4;5;4;5;4;2;5;3;3;2;3;5;2;1;4;5;1;5;4;3;5;5;5;3;3;2;2;1;4;4;5;4;5;4;4;-3;4;-3;-3;-3;-3;-3;1;1;4;4;1;6;5;6;3;1;1069.4998923
183;2026Q2;ES705A3;ES705;6;2;27;1;1;1;9;13;-1;-1;-1;6;-1;-1;-1;61;1;4;-1;-1;-1;3;3;2;6;4;3;4;5;3;3;6;2;2;2;3;2;3;4;3;4;2;4;3;3;5;3;2;2;2;2;3;3;3;4;4;4;4;3;2;3;3;3;3;3;3;3;3;3;3;3;2;3;3;1;-9;-1;-1;-9;6;1;6;-7;-7;2187.7880283
184;2026Q2;ES705A3;ES705;6;2;67;1;1;1;3;15;-1;-1;-1;6;-1;-1;-1;31;1;7;-1;-1;-1;3;3;2;5;3;4;4;4;2;-9;6;4;4;-9;4;-9;-9;5;-9;4;2;-9;4;-9;4;4;-9;-9;2;4;-9;-9;4;4;3;4;4;3;2;5;5;3;3;4;4;4;-7;3;-7;-7;3;4;-7;2;-9;-1;-1;6;6;1;6;1;1;2047.7949575
185;2026Q2;ES705A3;ES705;6;2;48;1;1;1;6;1;6;2;4;6;-1;-1;-1;51;3;-1;-1;1;6;2;4;2;3;2;5;5;5;4;1;6;4;4;3;5;5;4;5;3;5;3;3;2;4;4;3;2;3;4;3;4;4;4;2;2;3;2;4;3;4;4;4;4;3;2;3;3;3;2;2;2;2;2;3;1;3;3;1;6;5;6;4;1;528.35407372
186;2026Q2;ES705A3;ES705;1;1;30;1;1;5;10;1;6;2;2;1;-1;-1;-1;-1;-1;-1;-1;-1;-1;2;2;4;7;6;1;5;5;3;1;6;1;1;1;2;2;5;5;1;5;1;4;3;3;3;4;1;3;4;4;3;4;5;4;4;5;5;1;1;5;5;4;1;5;1;3;-3;-3;-3;-3;1;1;4;1;1;3;2;1;6;3;6;4;1;1114.696116
187;2026Q2;ES705A3;ES705;1;1;48;1;1;1;9;1;1;2;2;1;-1;-1;-1;-1;-1;-1;-1;-1;-1;2;2;8;5;5;1;5;4;5;4;6;4;4;4;4;4;2;4;4;3;2;3;3;3;3;4;3;3;3;3;3;4;4;4;3;2;3;3;3;4;3;4;3;4;4;3;4;4;3;3;3;4;3;1;3;-1;-1;6;6;5;6;2;1;1069.4998923
188;2026Q2;ES705A3;ES705;1;1;20;3;3;3;7;10;-1;-1;-1;6;-1;-1;-1;48;1;-9;-1;-1;-1;4;4;8;6;3;-1;4;4;3;3;6;3;5;3;4;4;5;3;4;2;4;2;4;5;3;4;4;4;4;5;3;1;5;5;3;4;5;2;2;4;4;4;5;5;4;2;3;5;5;5;3;5;5;3;1;4;4;1;6;3;6;3;1;3053.1401236
189;2026Q2;ES705A3;ES705;1;1;45;1;1;1;8;2;6;2;4;1;-1;-1;-1;-1;-1;-1;-1;-1;-1;1;2;6;3;3;3;5;5;3;3;6;5;5;4;5;5;2;5;2;5;3;4;2;1;1;5;5;3;3;3;5;5;5;2;2;4;-9;-9;-9;4;4;4;3;4;4;4;-7;4;-7;-7;1;1;1;3;1;1;3;1;6;5;6;3;-3;534.74994613
190;2026Q2;ES705A3;ES705;1;1;56;1;1;1;4;11;-1;-1;-1;1;-1;-1;-1;-1;-1;-1;-1;-1;-1;1;1;1;3;5;-1;4;4;-9;-9;6;4;4;4;4;4;4;3;4;2;4;2;2;2;2;4;4;4;2;2;2;4;4;2;2;4;2;3;2;4;4;4;4;3;4;2;-3;4;3;3;3;3;4;3;2;-1;-1;6;6;1;6;1;-3;94.06470053
191;2026Q2;ES705A3;ES705;6;2;57;2;1;5;5;10;-1;-1;-1;6;-1;-1;-1;62;1;9;-1;-1;-1;2;2;4;4;4;6;5;4;2;1;6;4;2;4;4;4;4;4;4;4;4;4;2;4;2;4;4;2;4;4;4;4;4;2;2;2;2;2;2;5;3;4;3;3;2;3;3;3;3;3;3;3;3;2;3;-1;-1;6;6;4;6;1;-3;192.89066555
192;2026Q2;ES705A3;ES705;1;1;50;1;1;1;8;1;6;2;9;6;-1;-1;-1;80;5;-1;-1;1;8;3;3;8;7;5;5;5;5;2;3;6;4;4;5;4;4;2;4;4;2;2;2;2;4;2;2;4;2;2;4;4;4;5;2;2;4;2;4;4;3;3;2;1;2;2;1;2;2;2;2;2;3;2;2;3;-1;-1;6;6;1;6;3;-3;1604.2498384
193;2026Q2;ES705A3;ES705;1;1;67;1;1;1;5;12;-1;-1;-1;1;-1;1;1;-1;-1;-1;-1;-1;-1;2;2;4;7;6;1;5;5;4;1;6;4;4;4;4;4;3;4;2;2;4;4;2;2;3;4;3;2;3;3;5;5;5;2;2;4;4;4;2;4;4;4;3;3;3;4;4;3;-3;3;3;4;4;2;3;-1;-1;6;6;5;6;1;-3;2034.5377516
194;2026Q2;ES705A3;ES705;6;2;35;3;1;5;7;1;6;2;4;6;-1;-1;-1;36;1;9;-1;-1;-1;2;3;6;5;3;6;2;2;3;3;6;4;4;4;4;4;2;4;4;4;2;4;4;4;4;4;4;4;4;4;4;4;4;4;4;4;4;4;4;4;4;4;4;4;3;3;3;3;3;4;4;4;4;1;2;-1;-1;1;-9;4;6;3;3;629.42345594
195;2026Q2;ES705A3;ES705;1;1;43;1;1;1;5;1;1;2;5;1;-1;-1;-1;-1;-1;-1;-1;-1;-1;2;4;2;4;2;5;4;4;5;4;1;4;4;2;4;4;2;4;4;4;4;4;4;2;3;3;2;4;3;4;4;4;4;2;4;2;2;4;4;4;3;4;3;5;3;3;3;4;3;3;1;1;3;1;2;-1;-1;1;1;1;6;-3;-3;1207.8169509
196;2026Q2;ES705A3;ES705;1;1;36;3;2;5;8;5;-1;-1;5;1;-1;-1;-1;-1;-1;-1;-1;-1;-1;1;1;1;3;5;5;3;3;3;3;1;4;4;3;4;4;4;4;3;4;3;4;3;2;2;2;2;2;2;2;3;4;4;4;4;3;4;4;2;5;3;5;4;4;4;3;3;4;3;1;3;4;3;2;1;1;3;6;6;5;6;3;1;1658.1024394
197;2026Q2;ES705A3;ES705;6;2;47;1;1;1;8;1;1;2;3;6;-1;-1;-1;75;5;-1;-1;1;9;2;2;8;4;4;6;5;5;5;4;6;1;1;2;2;2;4;4;2;4;5;5;2;5;4;3;2;2;1;1;2;2;3;5;5;5;5;2;1;3;2;2;1;2;1;2;2;-3;1;1;1;2;1;1;2;-1;-1;1;6;5;6;5;1;528.35407372
198;2026Q2;ES705A3;ES705;6;2;30;2;1;5;10;10;-1;-1;-1;6;-1;-1;-1;49;1;5;-1;-1;-1;3;3;2;4;3;5;5;5;5;5;1;4;3;5;5;5;4;5;3;4;2;4;4;4;4;2;4;2;2;2;4;4;4;4;4;4;5;2;2;5;3;5;1;3;2;2;3;1;1;1;1;3;3;2;1;4;3;1;6;5;6;1;1;551.29172311
199;2026Q2;ES705A3;ES705;6;2;80;1;1;1;2;12;-1;-1;-1;1;-1;-9;-1;-1;-1;-1;-1;-1;-1;1;1;1;2;4;-1;5;5;5;5;6;4;2;2;4;4;5;5;2;5;1;5;2;5;5;2;4;4;1;2;2;4;4;5;5;5;5;1;1;2;2;1;1;3;1;3;1;1;1;1;1;1;1;3;1;4;-9;-9;6;1;6;-7;-3;682.59831918
200;2026Q2;ES705A3;ES705;6;2;36;3;3;5;3;11;-1;-1;-1;1;-1;-1;-1;-1;-1;-1;-1;-1;-1;1;4;6;3;2;-1;5;4;4;2;6;5;4;4;4;4;2;2;4;4;4;4;4;4;4;2;4;4;4;4;4;4;4;4;4;4;4;2;4;5;5;3;5;3;5;3;5;3;5;3;3;3;3;2;1;4;4;1;1;4;6;5;3;467.15413534
201;2026Q2;ES705A3;ES705;6;2;25;3;3;4;2;18;-1;-1;-1;6;-1;-1;-1;42;1;8;-1;-1;-1;2;2;6;3;3;-1;-9;-9;-9;-9;6;-9;-9;-9;-9;-9;-9;-9;-9;-9;4;-9;4;-9;-9;-9;-9;4;-9;-9;-9;4;4;4;-9;-9;-9;-9;4;-7;-7;-7;4;4;4;4;-7;-7;-7;-7;-7;-7;-7;3;-9;-1;-1;-9;6;4;6;-7;-7;2031.2714279
202;2026Q2;ES705A3;ES705;6;2;33;1;1;1;10;11;-1;-1;-1;6;-1;-1;-1;61;1;5;-1;-1;-1;3;3;2;6;4;6;5;5;5;3;6;4;2;3;4;4;4;4;4;5;4;4;4;2;2;4;4;4;2;4;4;4;4;4;4;4;5;2;2;4;4;4;4;4;4;4;4;-3;4;2;2;2;4;1;1;1;2;1;1;5;6;4;1;551.29172311
203;2026Q2;ES705A3;ES705;6;2;65;2;1;5;7;15;-1;-1;-1;1;1;1;9;-1;-1;-1;-1;-1;-1;1;1;1;3;5;6;4;4;5;1;6;5;4;4;4;4;2;5;4;4;3;4;3;4;2;4;4;4;4;4;4;4;4;3;2;3;4;3;4;4;-3;4;4;3;4;4;4;-3;3;-3;2;4;4;2;2;-1;-1;6;6;5;6;4;1;682.59831918
204;2026Q2;ES705A3;ES705;6;2;65;3;3;4;4;11;-1;-1;-1;1;-1;-1;-1;-1;-1;-1;-1;-1;-1;3;3;8;3;2;-1;4;4;2;2;6;4;4;4;4;4;4;4;4;4;2;4;2;2;2;2;4;2;4;2;4;4;4;4;2;2;4;2;2;4;4;4;4;4;4;4;4;3;2;2;2;2;4;2;1;3;1;1;1;3;6;3;1;1270.4177659
205;2026Q2;ES705A3;ES705;1;1;57;3;1;5;9;1;6;1;9;1;-1;-1;-1;-1;-1;-1;-1;-1;-1;2;2;4;3;3;6;4;4;4;3;6;4;4;4;4;4;5;4;4;5;4;4;5;2;4;4;4;5;4;5;4;5;4;4;4;5;5;4;5;4;5;4;4;4;4;5;4;5;4;4;2;4;4;3;1;3;2;6;6;4;6;4;1;1233.9265965
206;2026Q2;ES705A3;ES705;6;2;60;1;1;1;4;6;-1;-1;9;1;-1;-1;-1;-1;-1;-1;-1;-1;-1;4;4;5;3;2;6;-9;4;4;4;1;4;4;-9;4;2;4;5;4;4;4;5;2;4;4;2;4;2;4;-9;2;4;4;2;2;3;2;4;4;4;4;4;3;4;4;4;4;4;4;3;-3;-3;-3;3;1;1;2;1;6;5;1;4;-3;921.50385299
207;2026Q2;ES705A3;ES705;6;2;37;3;2;5;5;15;-1;-1;-1;6;-1;-1;-1;59;1;5;-1;-1;-1;2;3;2;4;3;5;5;5;5;5;1;4;4;2;5;2;4;4;3;4;2;4;3;2;4;2;4;4;4;4;4;4;4;4;4;2;2;3;2;4;4;4;3;4;4;4;4;-3;-3;3;1;-3;-3;2;2;-1;-1;1;6;4;6;5;-3;2025.3058075
208;2026Q2;ES705A3;ES705;6;2;38;1;1;1;9;2;6;2;2;6;-1;-1;-1;63;1;9;-1;-1;-1;4;4;3;7;5;6;5;5;5;2;6;4;4;3;4;3;2;5;4;2;2;5;4;2;2;3;4;3;3;4;5;4;4;2;2;3;-9;4;3;4;4;4;4;4;4;3;-3;4;-3;-3;1;-3;-3;1;2;-1;-1;1;6;1;6;5;1;1258.8469119
209;2026Q2;ES705A3;ES705;1;1;25;3;2;5;7;7;-1;-1;3;1;-1;-1;-1;-1;-1;-1;-1;-1;-1;1;1;1;3;5;3;5;5;5;4;1;5;5;5;5;4;4;4;4;2;4;2;4;2;2;4;3;4;2;2;2;4;4;2;2;2;2;3;3;4;4;4;4;3;4;4;-3;4;4;4;4;4;4;2;3;-1;-1;6;6;2;6;4;3;1611.5420219
210;2026Q2;ES705A2;ES705;6;2;55;1;1;1;9;15;-1;-1;-1;1;1;1;3;-1;-1;-1;-1;-1;-1;1;1;1;4;6;3;4;4;2;1;6;3;2;4;4;3;4;4;3;4;2;4;2;2;4;3;3;4;4;4;3;4;4;2;3;2;2;2;3;3;3;4;3;4;3;3;2;3;2;2;2;3;3;2;3;-1;-1;1;6;1;6;3;-3;296.07343882
211;2026Q2;ES705A2;ES705;6;2;63;1;1;1;2;14;-1;-1;-1;6;-1;-1;-1;68;5;-1;-1;-9;-1;4;4;2;6;3;-1;3;3;2;1;6;1;1;1;3;3;3;3;5;5;1;5;3;5;3;5;3;3;1;3;3;3;3;5;5;5;5;1;1;1;1;1;1;-3;1;-3;1;-3;1;-3;1;1;-3;2;1;1;4;6;6;5;6;-3;1;1184.2937553
212;2026Q2;ES705A2;ES705;6;2;55;1;1;1;7;1;6;1;5;6;-1;-1;-1;59;1;3;-1;-1;-1;4;4;2;5;3;4;5;4;3;3;6;3;3;3;-9;3;4;5;4;5;2;5;-9;3;4;4;3;4;3;2;4;4;4;4;5;5;5;2;3;3;2;3;3;3;4;4;3;2;3;3;4;4;3;2;2;-1;-1;6;6;5;6;2;1;468.59580189
213;2026Q2;ES705A2;ES705;6;2;38;1;1;1;5;10;-1;-1;-1;1;-1;-9;-1;-1;-1;-1;-1;-1;-1;2;4;2;-9;-9;-1;-9;-9;-9;-9;6;-9;-9;-9;-9;-9;-9;-9;-9;-9;-9;-9;-9;-9;-9;-9;-9;-9;-9;-9;-9;-9;-9;-9;-9;-9;-9;-9;-9;-7;-7;-7;-7;-7;-7;-7;-7;-7;-7;-7;-7;-7;-7;1;-9;-1;-1;-9;6;5;6;3;-7;514.17296792
214;2026Q2;ES705A2;ES705;1;1;29;1;1;1;5;10;-1;-1;-1;1;-1;1;7;-1;-1;-1;-1;-1;-1;1;1;1;1;1;4;2;2;2;2;6;4;4;4;4;4;4;4;4;4;4;4;4;4;4;2;4;4;4;4;4;4;4;2;4;2;4;4;4;4;4;4;4;4;4;4;4;4;4;4;4;4;4;2;3;-1;-1;6;6;1;6;1;2;322.85525055
215;2026Q2;ES705A2;ES705;6;2;54;1;1;5;9;2;6;1;3;1;-1;-1;-1;-1;-1;-1;-1;-1;-1;2;2;6;7;6;3;4;4;3;2;6;5;2;4;4;2;2;4;4;4;2;2;2;4;2;4;4;4;4;4;4;4;4;4;2;4;4;2;2;1;1;3;1;3;4;4;2;2;1;1;2;1;2;1;1;4;2;1;6;3;6;3;2;600.70447667
216;2026Q2;ES705A2;ES705;6;2;51;1;1;1;8;1;6;2;4;1;-1;-1;-1;-1;-1;-1;-1;-1;-1;2;3;7;4;3;3;4;3;4;3;6;2;4;4;1;2;2;2;1;1;1;2;1;5;2;2;2;2;4;4;4;4;4;4;4;4;4;4;4;3;4;2;2;3;4;2;3;3;3;3;3;3;3;3;1;1;4;6;6;5;6;4;3;600.70447667
217;2026Q2;ES705A2;ES705;6;2;56;1;1;1;6;10;-1;-1;-1;1;-1;1;3;-1;-1;-1;-1;-1;-1;1;1;1;2;3;2;4;4;3;2;6;3;4;3;4;2;5;2;2;2;2;3;3;2;2;4;4;3;2;4;2;5;3;3;1;2;2;1;2;3;2;2;2;4;1;3;3;2;1;1;3;3;1;2;3;-1;-1;6;6;1;6;4;-3;73.184625894
218;2026Q2;ES704A0;ES704;6;2;36;3;2;5;5;1;6;2;5;6;-1;-1;-1;64;1;8;-1;-1;-1;4;4;2;7;5;5;3;4;4;4;1;4;4;2;4;4;4;5;2;4;2;4;2;4;4;2;2;4;2;4;4;4;4;4;4;4;4;2;2;4;4;3;2;3;3;3;3;3;2;2;1;3;3;2;3;-1;-1;6;6;5;6;4;1;1491.3790112
219;2026Q2;ES704A0;ES704;6;2;78;3;2;5;3;16;-1;-1;-1;1;6;-1;-1;-1;-1;-1;-1;-1;-1;1;1;1;2;3;-1;3;3;3;3;6;4;5;4;4;5;4;5;5;4;5;4;3;4;2;4;5;4;4;4;3;4;5;4;4;4;4;4;4;4;4;4;4;4;4;4;4;4;4;4;4;4;4;2;3;-1;-1;6;6;5;6;2;1;1255.9386147
220;2026Q2;ES704A0;ES704;1;1;34;2;1;4;7;7;-1;-1;3;1;-1;-1;-1;-1;-1;-1;-1;-1;-1;1;1;1;3;5;2;4;5;4;5;1;4;4;5;3;3;5;5;3;5;3;5;4;3;4;2;3;3;2;2;-9;2;2;5;5;3;5;2;1;4;3;2;1;2;2;4;2;1;4;4;3;3;2;1;2;-1;-1;1;6;4;6;5;1;140.99499601
221;2026Q2;ES704A0;ES704;6;2;30;3;2;5;6;10;-1;-1;-1;1;-1;1;3;-1;-1;-1;-1;-1;-1;2;2;9;2;2;2;4;5;5;4;1;3;3;-9;4;3;3;5;4;4;2;4;3;4;5;3;3;3;2;4;4;4;4;4;5;5;5;2;2;3;3;3;3;4;3;3;-3;-3;-3;-3;1;-3;-3;1;1;1;3;1;6;5;1;5;-3;1275.1675211
222;2026Q2;ES704A0;ES704;6;2;52;1;1;1;10;2;1;2;2;1;-1;-1;-1;-1;-1;-1;-1;-1;-1;2;2;8;5;5;2;5;5;5;4;6;4;4;2;3;3;5;5;2;4;4;4;2;2;3;2;2;2;3;4;4;3;4;2;4;4;4;2;3;3;3;4;3;3;3;1;3;3;3;1;1;2;3;2;2;-1;-1;6;6;5;6;4;1;153.20230771
223;2026Q2;ES704A0;ES704;1;1;40;2;1;5;10;1;6;2;4;1;-1;-1;-1;-1;-1;-1;-1;-1;-1;2;2;4;6;6;3;5;5;5;3;6;4;5;4;2;4;4;4;2;5;2;4;2;4;2;4;2;4;2;2;2;4;4;4;4;4;4;2;2;1;3;-3;-3;-3;3;1;-3;2;1;1;1;4;1;2;1;3;3;1;6;2;6;5;1;329.85057894
224;2026Q2;ES704A0;ES704;6;2;35;3;2;5;3;2;1;1;3;1;-1;-1;-1;-1;-1;-1;-1;-1;-1;1;1;1;-9;-9;2;5;5;5;5;1;4;4;4;4;4;4;4;4;4;4;2;3;3;2;2;2;4;3;3;2;4;4;2;2;2;2;2;2;4;4;4;4;4;4;3;-3;3;3;3;2;2;3;1;3;-1;-1;6;6;5;6;5;1;372.84475281
225;2026Q2;ES704A0;ES704;6;2;26;1;1;1;3;2;6;2;5;-9;-1;-1;-1;-1;-1;-1;-1;-1;-1;4;4;8;-9;-9;-1;5;4;2;2;1;4;2;2;4;4;4;3;4;4;4;4;4;2;2;4;2;2;2;2;2;4;4;4;4;4;4;2;2;4;4;-3;2;2;2;2;-3;4;-3;-3;2;-3;2;2;1;4;4;6;6;1;6;4;3;1652.0903235
226;2026Q2;ES704A0;ES704;1;1;61;2;1;5;6;1;6;2;9;1;-1;-1;-1;-1;-1;-1;-1;-1;-1;2;2;4;3;3;6;5;5;5;5;1;4;2;4;4;2;4;4;2;4;3;4;4;4;-9;4;4;4;2;2;2;4;4;4;4;4;4;2;2;-3;-3;-3;-3;3;3;4;-3;-3;-3;-3;-3;-3;-3;2;-9;-1;-1;1;-9;5;6;-7;-3;697.5775314
227;2026Q2;ES704A0;ES704;6;2;61;1;1;1;5;15;-1;-1;-1;-9;-1;-1;-1;-1;-1;-1;-1;-1;-1;2;2;8;-9;-9;-1;4;4;4;3;6;4;4;3;4;4;4;4;3;4;4;3;4;3;3;4;4;4;3;4;4;4;4;4;4;4;4;3;3;3;3;3;2;3;2;2;3;3;3;3;2;3;3;2;1;3;3;1;1;1;6;5;1;824.61840503
228;2026Q2;ES704A0;ES704;6;2;58;1;1;1;5;7;-1;-1;9;6;-1;-1;-1;62;1;7;-1;-1;-1;2;2;4;4;4;4;5;5;5;5;1;4;5;5;4;4;2;4;4;2;4;4;4;4;2;4;4;4;4;4;4;2;4;4;2;2;2;4;4;3;3;3;2;3;2;2;3;3;3;3;1;3;1;2;3;-1;-1;6;6;5;6;5;1;108.39950343
229;2026Q2;ES704A0;ES704;6;2;44;1;1;1;7;1;1;1;4;6;-1;-1;-1;55;1;2;-1;-1;-1;2;4;2;4;2;-1;5;4;4;3;6;3;5;3;5;5;2;5;2;5;2;4;5;5;5;2;2;2;4;3;3;3;2;2;3;3;2;4;4;3;1;4;1;4;4;1;2;3;1;1;1;3;1;1;1;1;3;1;6;5;6;5;1;108.39950343
230;2026Q2;ES704A0;ES704;6;2;35;1;1;1;3;2;6;1;8;1;-1;-1;-1;-1;-1;-1;-1;-1;-1;3;3;8;5;3;5;5;5;5;5;1;4;4;4;4;4;4;4;4;2;2;2;4;2;2;4;2;4;4;4;2;4;4;4;2;4;2;4;2;-3;-3;-3;-3;-3;-3;4;-3;-3;-3;-3;-3;-3;-3;3;3;-1;-1;6;6;1;6;4;1;162.59925514
231;2026Q2;ES704A0;ES704;1;2;46;1;1;1;5;11;-1;-1;-1;1;-1;-1;-1;-1;-1;-1;-1;-1;-1;1;1;1;2;3;-1;5;5;5;4;6;5;4;3;4;4;4;2;5;3;4;2;4;4;4;4;4;4;4;3;4;4;4;4;4;4;4;2;2;4;3;4;3;2;3;2;2;3;3;2;3;3;3;2;1;3;3;1;6;5;6;5;1;176.9156217
232;2026Q2;ES704A0;ES704;1;1;29;1;1;1;10;13;-1;-1;-1;-9;-1;-1;-1;-1;-1;-1;-1;-1;-1;3;3;8;-9;-9;-1;5;5;5;5;1;3;3;-9;3;3;5;4;4;4;2;4;2;4;4;2;3;2;2;3;3;4;4;4;4;4;4;2;2;-3;-3;-3;-3;-3;-3;-3;-3;-3;-3;-3;-3;-3;-3;1;1;1;2;6;6;1;6;4;-3;2166.6242011
233;2026Q2;ES704A0;ES704;6;2;37;1;1;1;7;11;-1;-1;-1;-9;-1;-1;-1;-1;-1;-1;-1;-1;-1;2;2;6;3;3;-1;-9;-9;-9;-9;-9;-9;-9;-9;-9;-9;-9;-9;-9;-9;-9;-9;-9;-9;-9;-9;-9;-9;-9;-9;-9;-9;-9;-9;-9;-9;-9;-9;-9;-3;-3;-3;-3;-3;-3;-3;-3;-3;-3;-3;-3;-3;-3;2;-9;-1;-1;-9;-9;3;-9;-7;-3;108.39950343
234;2026Q2;ES704A0;ES704;1;1;29;2;1;5;5;11;-1;-1;-1;1;-1;-1;-1;-1;-1;-1;-1;-1;-1;2;3;2;5;3;-1;5;4;4;2;6;4;4;4;4;4;4;4;4;4;4;4;2;4;4;4;4;4;4;2;2;2;4;4;4;4;4;2;2;2;2;2;4;2;2;1;2;4;2;4;1;1;1;2;3;-1;-1;6;6;4;6;5;1;180.78937654
235;2026Q2;ES704A0;ES704;6;2;55;3;2;5;6;1;1;1;5;1;-1;-1;-1;-1;-1;-1;-1;-1;-1;1;1;1;3;5;5;5;5;5;4;1;4;4;4;4;4;3;5;4;3;3;2;4;3;2;4;4;4;4;4;2;4;4;4;5;4;5;4;1;4;4;3;3;-3;1;4;1;-3;4;-3;3;-3;3;1;1;1;4;1;6;5;6;5;1;449.20545713
236;2026Q2;ES704A0;ES704;6;2;40;3;1;5;4;1;1;2;5;6;-1;-1;-1;45;1;7;-1;-1;-1;2;4;2;6;3;4;-9;2;3;2;1;4;5;4;4;4;4;4;4;4;4;4;3;2;2;4;4;4;4;4;4;4;4;4;2;2;2;4;4;4;3;4;4;4;3;4;-7;3;3;4;2;4;4;3;1;3;2;1;6;4;6;4;1;108.39950343
237;2026Q2;ES704A0;ES704;1;1;70;1;1;1;3;12;-1;-1;-1;1;-1;1;7;-1;-1;-1;-1;-1;-1;1;1;1;2;4;5;3;4;4;1;6;2;2;2;2;2;4;4;2;4;2;4;2;4;4;2;2;3;2;2;2;4;4;4;4;4;4;2;2;2;3;2;3;3;2;2;1;3;2;2;2;2;2;3;2;-1;-1;6;6;5;6;5;1;476.94578111
238;2026Q2;ES704A0;ES704;1;1;62;3;2;5;3;2;6;2;7;1;-1;-1;-1;-1;-1;-1;-1;-1;-1;2;2;8;6;6;4;5;5;5;5;1;4;4;4;4;4;4;4;3;4;-9;4;4;4;2;3;4;3;3;2;2;3;2;4;4;4;4;-9;-9;4;4;4;4;4;4;4;2;4;-3;-3;3;3;-3;2;3;-1;-1;6;6;5;6;5;-3;1318.3225066
239;2026Q2;ES704A0;ES704;6;2;39;3;3;5;2;1;6;1;-9;1;-1;-1;-1;-1;-1;-1;-1;-1;-1;2;4;2;5;3;-1;4;4;4;4;1;5;5;5;5;3;3;5;5;4;2;3;3;2;4;3;4;3;4;3;4;4;3;4;2;2;3;3;4;4;3;5;3;4;2;2;3;3;3;3;2;4;3;1;3;-1;-1;6;6;5;6;5;1;745.68950562
240;2026Q2;ES704A0;ES704;1;1;37;3;2;5;4;1;6;2;5;1;-1;-1;-1;-1;-1;-1;-1;-1;-1;2;4;2;4;2;5;5;4;5;5;6;4;4;4;4;4;2;5;4;4;3;5;3;3;3;4;4;3;4;3;4;4;4;2;4;4;5;3;2;4;4;4;2;3;3;3;3;4;4;4;1;3;3;2;-9;-1;-1;-9;-9;5;6;5;3;950.59555416
241;2026Q2;ES704A0;ES704;1;1;43;3;3;5;4;1;6;2;5;6;-1;-1;-1;48;1;5;-1;-1;-1;2;2;9;5;5;5;3;3;4;4;1;4;5;4;4;4;4;4;3;3;4;3;4;2;2;3;4;4;2;2;2;4;4;4;3;2;4;4;2;-3;1;3;1;-3;4;1;-3;4;-3;-3;1;3;5;2;3;-1;-1;6;6;2;6;-3;1;950.59555416
242;2026Q2;ES704A0;ES704;6;2;58;3;1;5;9;10;-1;-1;-1;1;-1;1;3;-1;-1;-1;-1;-1;-1;1;1;1;1;2;2;5;5;5;1;6;5;4;4;5;-9;4;4;4;5;4;4;4;4;4;2;4;4;4;4;4;4;4;4;4;4;-9;4;4;2;2;-3;3;-3;4;-3;-3;-3;-3;2;1;2;2;2;3;-1;-1;6;6;5;6;-7;1;54.199751713
243;2026Q2;ES704A0;ES704;6;2;61;3;1;5;7;1;6;2;9;1;-1;-1;-1;-1;-1;-1;-1;-1;-1;2;2;4;4;4;6;4;5;4;4;1;1;4;4;4;4;1;4;5;1;2;4;4;5;2;5;4;1;4;5;3;5;5;2;2;2;2;5;4;4;2;4;4;4;2;2;-3;4;5;4;2;4;4;3;3;-1;-1;6;6;5;6;5;1;108.39950343
244;2026Q2;ES704A0;ES704;6;2;57;2;1;5;4;1;6;2;9;1;-1;-1;-1;-1;-1;-1;-1;-1;-1;1;1;1;3;5;6;5;5;5;5;1;5;5;5;4;4;4;5;4;4;4;4;2;4;4;4;-9;4;3;-9;4;4;4;4;-9;4;3;2;2;4;3;4;2;4;1;3;-3;-3;-3;-3;1;3;3;2;-9;-1;-1;-9;6;5;6;1;1;54.199751713
245;2026Q2;ES704A0;ES704;6;2;35;3;2;3;7;10;-1;-1;-1;1;-1;1;5;-1;-1;-1;-1;-1;-1;1;1;1;1;1;5;5;5;5;1;6;4;2;2;2;-9;4;4;4;5;2;4;2;2;2;4;-9;4;-9;4;2;4;4;4;5;2;4;2;2;3;3;4;3;3;4;2;-3;4;4;3;1;4;4;2;1;3;2;1;6;3;6;5;1;54.199751713
246;2026Q2;ES704A0;ES704;1;1;55;3;1;5;10;10;-1;-1;-1;1;-1;1;5;-1;-1;-1;-1;-1;-1;2;3;2;1;1;5;5;5;5;5;1;1;1;-9;4;4;5;5;2;5;4;4;2;-9;4;4;-9;3;4;1;3;4;4;5;4;4;5;1;1;5;5;1;3;1;4;4;-3;-3;1;1;1;1;4;3;1;3;-9;1;-9;5;6;5;1;596.37691592
247;2026Q2;ES704A0;ES704;6;2;80;1;1;1;4;12;-1;-1;-1;1;-1;1;9;-1;-1;-1;-1;-1;-1;1;1;1;2;3;6;5;4;3;1;6;4;4;4;5;4;2;4;4;-9;5;2;4;3;-9;4;4;4;4;4;4;4;4;2;2;2;2;4;4;5;-3;4;3;3;5;5;-3;5;4;3;4;4;4;3;3;-1;-1;6;6;1;6;-7;2;680.77566263
248;2026Q2;ES704A0;ES704;1;1;71;1;1;1;2;12;-1;-1;-1;1;-1;1;5;-1;-1;-1;-1;-1;-1;4;4;8;6;4;5;2;1;2;2;1;5;4;4;4;4;4;4;4;4;4;4;4;2;2;4;4;4;4;4;4;4;4;4;2;4;4;2;4;4;3;4;4;3;3;4;4;3;3;2;2;4;3;2;3;-1;-1;6;1;1;6;3;3;1907.7831244
249;2026Q2;ES704A0;ES704;6;2;70;1;1;1;5;12;-1;-1;-1;1;-1;2;7;-1;-1;-1;-1;-1;-1;1;1;1;2;4;4;5;5;5;1;6;5;5;3;4;5;2;4;4;2;5;5;4;4;2;4;5;5;5;5;5;5;5;2;2;5;5;4;4;5;5;5;5;5;5;5;5;5;-3;5;4;4;5;3;3;-1;-1;6;6;5;6;5;1;680.77566263
250;2026Q2;ES704A0;ES704;6;2;39;3;3;2;5;10;-1;-1;-1;6;-1;-1;-1;57;1;5;-1;-1;-1;2;4;2;4;2;5;5;5;5;5;1;5;5;5;-9;-9;-9;-9;5;-9;5;5;5;-9;-9;-9;-9;-9;5;-9;5;5;-9;5;-9;5;5;5;5;-3;5;5;5;5;5;-3;5;5;5;-3;5;5;5;3;2;-1;-1;-9;6;2;6;-7;-3;108.39950343
251;2026Q2;ES704A0;ES704;1;1;36;3;3;5;10;1;6;2;5;1;-1;-1;-1;-1;-1;-1;-1;-1;-1;2;2;4;5;5;5;4;4;4;4;1;5;5;4;4;5;2;4;-9;2;4;2;4;2;2;2;4;4;2;2;2;2;2;2;2;2;2;2;4;4;4;4;4;4;4;4;4;4;4;4;2;5;4;1;1;3;-9;1;6;5;6;5;-3;950.59555416
252;2026Q2;ES704A0;ES704;6;2;43;3;2;5;7;1;1;1;9;1;-1;-1;-1;-1;-1;-1;-1;-1;-1;2;2;4;4;4;6;4;4;5;5;1;4;4;3;4;4;4;5;4;4;4;4;4;2;4;4;3;3;4;4;4;4;4;3;4;3;4;3;4;3;3;3;3;3;3;2;4;4;4;4;3;4;4;1;1;3;1;1;1;5;6;5;-3;745.68950562
253;2026Q2;ES704A0;ES704;6;2;59;3;3;5;10;1;1;1;5;1;-1;-1;-1;-1;-1;-1;-1;-1;-1;3;3;8;3;2;5;5;5;5;5;1;5;5;-9;5;5;5;5;4;2;4;2;4;2;2;4;4;4;4;4;4;5;4;2;2;2;2;-9;-9;-3;-3;2;-3;-3;2;1;-3;-3;-3;-3;-3;4;-3;3;1;3;4;1;6;5;6;5;1;1347.6163714
254;2026Q2;ES704A0;ES704;1;1;36;3;3;5;5;1;6;2;9;1;-1;-1;-1;-1;-1;-1;-1;-1;-1;2;3;2;6;4;6;5;5;4;4;1;4;4;4;4;4;2;4;4;4;4;2;4;3;2;4;4;4;4;4;4;4;4;2;4;2;2;2;4;4;4;4;4;4;4;4;4;3;4;4;2;4;3;2;2;-1;-1;1;1;5;6;1;2;950.59555416
255;2026Q2;ES704A0;ES704;6;2;63;2;1;5;6;12;-1;-1;-1;6;-1;-1;-1;68;5;-1;-1;1;2;2;2;8;7;6;-1;5;5;5;1;6;3;2;3;3;3;4;5;3;4;3;4;3;3;3;3;3;3;3;4;4;4;4;4;3;4;4;3;3;4;4;4;3;4;4;4;-3;4;3;3;2;3;3;1;1;3;2;1;6;5;6;-3;1;824.61840503
256;2026Q2;ES704A0;ES704;6;2;41;3;2;5;8;1;6;2;3;1;-1;-1;-1;-1;-1;-1;-1;-1;-1;2;2;4;6;5;3;5;5;5;1;1;1;1;1;2;1;5;5;1;5;1;5;1;1;5;1;1;1;2;3;2;1;2;5;5;5;5;1;1;5;5;5;5;5;4;3;1;2;1;1;1;1;4;1;1;1;4;1;6;5;6;5;1;745.68950562
257;2026Q2;ES704A0;ES704;6;2;21;3;1;3;6;13;-1;-1;-1;6;-1;-1;-1;50;1;5;-1;-1;-1;3;3;6;5;3;5;5;5;5;3;1;5;4;4;4;4;2;5;4;4;3;4;4;4;4;4;4;4;4;4;4;4;5;4;4;4;4;4;4;4;4;4;4;-3;4;4;4;4;4;4;3;4;4;2;3;-1;-1;6;6;3;6;4;-3;2853.867835
258;2026Q2;ES704A0;ES704;6;2;47;2;1;5;5;3;6;2;5;1;-1;-1;-1;-1;-1;-1;-1;-1;-1;2;2;9;4;4;5;5;5;4;1;6;5;5;5;5;4;4;5;4;5;4;5;4;3;-9;4;-9;4;-9;4;5;4;4;5;4;-9;4;-9;2;4;3;4;3;3;3;3;-3;-3;-3;3;1;3;4;3;2;-1;-1;6;6;5;6;4;1;153.20230771
259;2026Q2;ES704A0;ES704;6;2;42;3;2;5;6;1;6;2;4;1;-1;-1;-1;-1;-1;-1;-1;-1;-1;1;1;1;4;6;3;4;5;5;4;1;4;4;4;4;5;4;5;4;4;2;4;4;4;4;2;4;2;2;2;2;2;2;4;4;4;4;3;2;3;3;3;3;3;4;-3;3;3;3;3;2;3;3;2;1;1;2;6;6;5;6;5;1;372.84475281
260;2026Q2;ES704A0;ES704;6;2;65;3;1;5;8;12;-1;-1;-1;6;-1;-1;-1;61;1;3;-1;-1;-1;2;2;4;3;3;2;4;4;4;4;1;4;4;4;4;4;3;5;2;4;4;4;2;4;4;3;4;3;2;4;2;4;4;4;3;4;4;4;4;4;4;3;3;3;5;4;4;4;4;3;1;4;4;2;3;-1;-1;6;6;5;6;5;1;1361.5513253
261;2026Q2;ES704A0;ES704;1;1;65;3;3;5;4;8;-1;-1;7;6;-1;-1;-1;45;2;5;-1;-1;-1;2;2;4;6;5;3;4;4;4;5;1;2;2;2;4;4;4;4;5;4;-9;-9;4;4;-9;-9;-9;-9;4;4;4;4;4;4;4;4;4;4;-9;4;4;4;4;4;4;4;4;4;4;4;4;4;4;2;1;1;2;1;1;5;6;1;-3;412.21039538
262;2026Q2;ES704A0;ES704;6;2;62;3;2;5;5;1;6;2;8;1;-1;-1;-1;-1;-1;-1;-1;-1;-1;2;2;6;6;5;6;3;3;3;3;1;4;4;3;4;4;3;4;4;4;2;3;2;2;4;4;3;4;4;2;2;4;4;4;2;4;4;4;3;2;3;2;3;3;3;2;2;2;3;3;1;2;2;2;1;3;-9;6;6;5;6;1;-3;898.41091427
263;2026Q2;ES704A0;ES704;6;2;40;3;2;5;10;1;1;1;3;1;-1;-1;-1;-1;-1;-1;-1;-1;-1;2;2;4;6;5;3;5;5;5;5;1;2;3;3;4;4;4;5;5;4;3;4;3;3;4;4;4;4;4;4;4;5;5;5;5;5;4;4;2;5;4;5;2;3;1;4;4;4;4;4;1;2;2;2;3;-1;-1;6;6;5;6;5;1;745.68950562
264;2026Q2;ES704A0;ES704;1;1;33;2;1;5;10;10;-1;-1;-1;6;-1;-1;-1;59;2;2;-1;-1;-1;2;2;8;6;5;2;4;4;4;2;6;4;4;4;4;4;4;4;4;5;3;4;2;3;4;4;2;4;2;3;4;4;5;3;4;5;4;3;2;4;5;4;3;4;4;4;-3;4;2;5;4;4;2;1;1;1;2;1;6;5;-9;3;1;180.78937654
265;2026Q2;ES704A0;ES704;1;1;23;1;1;1;5;5;-1;-1;3;6;-1;-1;-1;52;2;5;-1;-1;-1;3;3;2;6;4;3;5;5;5;5;1;5;5;5;5;5;3;3;5;2;5;2;4;2;2;4;5;5;5;5;5;5;5;2;2;2;2;4;5;3;4;4;5;5;4;3;3;4;4;3;1;4;3;1;2;-1;-1;1;6;1;6;4;2;422.98498804
266;2026Q2;ES704A0;ES704;1;1;61;3;3;5;5;1;6;1;8;1;-1;-1;-1;-1;-1;-1;-1;-1;-1;3;4;2;5;3;5;2;3;3;2;1;5;5;4;3;4;4;2;2;4;3;4;4;4;2;4;5;4;4;4;3;4;4;4;2;2;2;2;3;4;3;3;2;4;3;3;3;4;4;4;1;4;3;2;2;-1;-1;6;6;2;6;4;1;1977.4837599
267;2026Q2;ES704A0;ES704;6;2;34;1;1;1;5;10;-1;-1;-1;6;-1;-1;-1;69;5;-1;-1;1;4;3;3;2;5;3;3;4;5;5;1;6;3;1;2;3;3;5;5;3;5;1;4;2;5;5;2;1;1;1;2;2;3;3;5;5;4;5;1;1;5;4;5;1;3;2;1;3;2;1;1;1;1;3;2;1;3;4;1;6;1;6;5;1;187.26242534
268;2026Q2;ES704A0;ES704;1;1;43;1;1;1;5;5;-1;-1;-9;1;-1;-1;-1;-1;-1;-1;-1;-1;-1;1;1;1;3;5;-1;5;5;4;1;6;2;4;4;4;4;2;4;4;4;4;4;4;4;4;4;4;4;2;3;3;4;4;4;4;3;3;2;2;3;2;3;2;2;2;2;2;4;2;2;1;2;2;1;1;3;2;1;6;1;6;4;3;164.92528947
269;2026Q2;ES704A0;ES704;6;2;53;2;1;5;5;1;6;2;5;1;-1;-1;-1;-1;-1;-1;-1;-1;-1;2;3;2;5;4;5;5;5;5;5;1;5;5;4;4;2;4;5;4;5;2;2;2;4;2;4;4;4;4;4;2;4;4;4;2;2;2;2;4;4;4;4;4;4;3;3;3;4;4;4;2;2;2;1;1;3;1;1;6;5;6;5;1;153.20230771
270;2026Q2;ES704A0;ES704;1;1;25;1;1;1;5;1;6;2;7;6;-1;-1;-1;60;5;-1;-1;1;5;4;4;2;7;4;5;5;5;5;5;1;4;4;4;4;4;4;4;4;4;4;4;2;3;2;4;4;4;4;4;4;4;4;4;4;2;2;2;2;2;2;2;-3;3;1;1;3;-3;4;4;2;3;-3;3;1;3;4;6;6;1;6;5;1;704.97498006
271;2026Q2;ES704A0;ES704;6;2;34;1;1;1;10;2;6;1;4;6;-1;-1;-1;54;1;5;-1;-1;-1;2;2;6;4;4;5;5;5;5;4;1;5;1;4;4;4;4;4;3;4;2;4;2;2;2;2;2;2;2;2;2;2;2;4;4;4;4;2;2;4;2;2;2;4;4;4;-3;-3;-3;-3;1;-3;2;2;3;-1;-1;6;6;1;6;4;1;826.04516175
272;2026Q2;ES704A0;ES704;6;2;50;1;1;1;5;2;6;2;2;1;-1;-1;-1;-1;-1;-1;-1;-1;-1;4;4;2;7;5;1;5;5;5;4;1;3;4;2;4;3;3;5;1;3;1;1;1;4;2;3;1;3;2;3;2;3;2;4;3;4;3;2;1;4;3;4;3;4;4;4;4;3;3;-3;-3;-3;-3;2;1;4;3;1;6;1;6;4;1;306.40461543
273;2026Q2;ES704A0;ES704;1;1;39;2;1;5;7;1;6;2;7;1;-1;-1;-1;-1;-1;-1;-1;-1;-1;1;1;1;4;6;4;5;5;5;5;1;2;5;2;4;4;3;5;3;4;4;4;3;3;2;4;3;4;2;3;2;4;4;4;4;4;4;4;4;4;3;3;3;4;3;3;3;3;3;4;3;3;2;1;2;-1;-1;1;6;5;1;3;1;164.92528947
274;2026Q2;ES704A0;ES704;1;1;43;2;1;5;5;1;1;1;5;1;-1;-1;-1;-1;-1;-1;-1;-1;-1;2;4;2;6;3;5;5;5;5;5;1;5;4;4;4;4;4;5;4;4;4;2;4;4;2;4;4;4;4;4;4;4;4;4;2;4;2;4;4;2;2;2;2;2;1;1;2;2;1;1;1;1;1;1;1;4;2;1;6;5;6;5;1;329.85057894
275;2026Q2;ES704A0;ES704;6;2;39;3;1;5;5;1;6;1;5;1;-1;-1;-1;-1;-1;-1;-1;-1;-1;2;4;2;6;3;5;4;5;5;4;1;4;4;3;4;4;2;4;3;4;4;4;3;4;2;2;4;4;4;4;2;4;4;4;3;4;4;2;2;-3;-3;-3;-3;-3;-3;-3;-3;-3;-3;-3;1;-3;-3;2;1;3;1;1;6;3;6;1;1;108.39950343
276;2026Q2;ES704A0;ES704;6;2;38;3;3;5;6;1;6;1;5;1;-1;-1;-1;-1;-1;-1;-1;-1;-1;4;4;2;6;4;5;5;5;5;5;1;3;1;2;2;2;4;5;2;5;2;4;2;4;4;2;2;2;1;2;2;2;2;5;4;4;4;2;2;4;4;4;2;2;4;4;3;2;2;2;1;3;1;1;1;3;2;1;1;4;6;5;1;1491.3790112
277;2026Q2;ES704A0;ES704;6;2;66;2;1;5;5;12;-1;-1;-1;1;-1;1;9;-1;-1;-1;-1;-1;-1;2;2;4;5;5;6;5;5;5;-9;1;4;4;3;4;4;4;5;4;4;4;3;4;2;2;4;4;4;4;4;3;4;4;2;2;3;2;4;4;3;3;3;4;3;3;3;-3;3;3;3;1;3;3;1;3;-1;-1;1;6;5;6;4;1;1361.5513253
278;2026Q2;ES704A0;ES704;1;1;47;2;1;5;4;2;6;2;7;6;-1;-1;-1;75;5;-1;-1;1;9;4;4;6;6;4;6;4;4;-9;4;1;4;4;2;4;4;4;4;4;4;4;4;4;4;4;4;4;2;4;2;2;2;4;2;4;2;4;4;4;3;3;2;3;3;3;2;1;3;4;4;3;3;3;3;3;-1;-1;-9;6;5;-9;4;-3;910.06371777
279;2026Q2;ES704A0;ES704;6;2;71;1;1;1;9;12;-1;-1;-1;1;-1;1;2;-1;-1;-1;-1;-1;-1;1;1;1;4;6;1;5;5;5;1;6;3;2;2;3;2;4;4;3;4;2;4;2;4;2;3;2;3;2;2;2;3;3;3;4;4;4;2;2;4;2;3;2;3;1;2;-3;2;2;2;1;3;2;3;2;-1;-1;1;-9;5;6;4;1;680.77566263
280;2026Q2;ES704A0;ES704;6;2;51;3;3;5;4;10;-1;-1;-1;1;-1;1;9;-1;-1;-1;-1;-1;-1;4;4;6;5;2;6;5;5;4;2;1;3;2;-9;-9;-9;-9;5;4;5;1;4;-9;2;4;3;-9;2;3;3;-9;3;4;3;-9;-9;4;-9;2;-3;5;-3;3;-3;3;-3;-3;-3;-3;-3;3;4;-3;2;-9;-1;-1;6;6;5;6;-3;-3;1505.8116676
281;2026Q2;ES704A0;ES704;6;2;39;1;1;5;10;18;-1;-1;-1;6;-1;-1;-1;44;1;-9;-1;-1;-1;2;2;4;-9;-9;-1;5;5;5;5;1;4;3;4;3;4;4;5;4;5;2;4;2;3;3;3;3;4;3;3;3;4;4;3;3;3;3;3;3;-3;3;3;3;3;2;3;-3;-3;-3;-3;-3;-3;-3;2;-9;-1;-1;6;-9;4;6;5;-7;671.89699638
282;2026Q2;ES704A0;ES704;1;1;42;2;1;5;5;1;1;2;5;1;-1;-1;-1;-1;-1;-1;-1;-1;-1;1;1;1;4;6;5;5;5;5;5;1;3;4;4;5;4;4;5;4;5;3;3;2;3;4;2;4;3;3;4;2;4;4;4;4;2;4;4;4;2;2;1;2;2;2;2;2;2;2;2;1;2;2;1;1;4;2;1;1;5;6;4;1;164.92528947
283;2026Q2;ES704A0;ES704;1;1;32;1;1;1;8;1;6;2;3;1;-1;-1;-1;-1;-1;-1;-1;-1;-1;1;1;1;4;6;3;4;5;5;5;1;5;5;3;5;4;2;4;3;4;3;3;4;2;1;4;4;4;1;4;1;4;4;3;3;4;3;1;1;4;4;3;3;3;3;3;3;2;3;3;3;3;2;2;1;3;1;6;6;1;6;5;1;140.99499601
284;2026Q2;ES704A0;ES704;6;2;29;1;1;1;5;1;6;2;9;1;-1;-1;-1;-1;-1;-1;-1;-1;-1;2;2;4;5;5;6;3;3;3;4;1;4;3;3;4;4;4;4;4;4;3;4;2;2;3;2;3;3;4;4;2;4;4;4;2;3;4;2;2;-3;-3;-3;-3;3;3;3;-3;-3;-3;-3;2;-3;-3;3;3;-1;-1;6;6;1;6;4;1;826.04516175
285;2026Q2;ES704A0;ES704;1;1;37;3;1;5;9;7;-1;-1;2;-9;-1;-1;-1;-1;-1;-1;-1;-1;-1;2;2;4;6;5;-1;5;5;5;5;1;5;5;5;5;4;2;4;5;4;5;2;4;3;2;3;3;4;3;3;3;3;4;4;3;3;3;3;3;-3;4;-7;3;-3;3;3;-3;-3;-3;-3;-3;-3;-3;1;2;-1;-1;6;6;5;6;4;-3;329.85057894
286;2026Q2;ES704A0;ES704;1;1;53;1;1;1;5;2;6;2;2;1;-1;-1;-1;-1;-1;-1;-1;-1;-1;4;4;2;7;4;-1;4;5;5;3;1;4;4;4;4;4;4;2;4;4;4;4;4;2;2;4;4;4;2;4;4;2;4;2;2;2;2;4;4;2;2;4;4;4;4;4;4;4;2;2;2;2;2;1;1;3;1;6;6;1;6;5;-7;910.06371777
287;2026Q2;ES704A0;ES704;6;2;39;2;1;5;5;1;1;1;5;1;-1;-1;-1;-1;-1;-1;-1;-1;-1;2;3;2;6;4;4;5;4;5;4;1;4;2;4;4;4;4;4;4;4;4;4;4;2;2;2;4;4;4;4;2;4;4;4;3;4;4;2;3;4;4;4;4;4;4;3;4;4;4;4;1;4;4;2;3;-1;-1;6;6;5;6;5;1;108.39950343
288;2026Q2;ES704A0;ES704;6;2;41;2;1;5;5;5;-1;-1;5;1;-1;-1;-1;-1;-1;-1;-1;-1;-1;2;4;2;7;4;3;5;5;5;5;1;4;5;-9;5;5;3;2;4;3;4;3;3;1;2;3;3;3;3;4;3;3;4;4;3;3;3;3;2;3;3;3;3;3;1;1;3;3;3;3;4;3;5;3;-9;-1;-1;1;6;5;6;1;3;108.39950343
289;2026Q2;ES705A1;ES705;6;2;41;1;1;1;4;1;6;2;4;1;-1;-1;-1;-1;-1;-1;-1;-1;-1;1;1;1;-9;-9;3;4;4;4;4;6;4;4;4;4;4;4;2;4;2;4;3;3;4;3;2;4;3;3;3;3;3;3;3;3;3;3;3;3;-3;-3;-3;-3;-3;-3;5;-3;-3;-3;-3;-3;-3;-3;2;-9;-1;-1;-9;-9;1;-9;5;-7;823.53811676
290;2026Q2;ES705A1;ES705;6;2;39;1;1;1;8;1;6;2;5;1;-1;-1;-1;-1;-1;-1;-1;-1;-1;2;2;4;5;5;5;5;5;4;2;6;5;4;4;5;4;4;5;5;5;2;2;2;4;5;2;2;2;2;2;4;2;4;5;5;4;5;2;1;-3;1;-3;1;1;1;1;1;1;1;2;1;-3;1;2;-9;-1;-1;6;6;1;6;4;1;1647.0762335
291;2026Q2;ES705A1;ES705;6;2;59;1;1;1;5;10;-1;-1;-1;1;-1;1;9;-1;-1;-1;-1;-1;-1;2;2;6;2;2;6;4;2;3;2;6;4;4;4;4;4;3;5;4;2;4;3;4;4;2;4;4;4;4;4;4;4;4;2;2;4;2;4;4;4;4;4;4;5;4;3;4;4;3;4;2;3;4;2;3;-1;-1;6;6;1;6;5;1;591.97549006
292;2026Q2;ES705A1;ES705;1;1;45;1;1;1;7;2;6;2;8;1;-1;-1;-1;-1;-1;-1;-1;-1;-1;4;4;2;7;5;-1;2;2;2;2;6;4;4;2;4;4;4;2;4;4;2;2;2;2;2;4;4;4;4;4;2;2;4;2;2;2;2;2;2;3;4;3;3;3;3;3;3;3;3;3;3;3;3;2;1;3;4;1;1;1;6;1;-3;1523.5982391
293;2026Q2;ES705A1;ES705;1;1;58;1;1;1;7;1;6;2;8;1;-1;-1;-1;-1;-1;-1;-1;-1;-1;3;3;2;3;2;5;4;4;5;4;6;4;4;4;4;4;2;2;4;4;4;2;4;2;2;4;4;4;4;4;4;4;4;2;2;4;4;2;4;-3;-3;-3;4;4;4;4;4;4;4;-3;-3;-3;-3;2;3;-1;-1;6;6;1;6;-7;1;1648.4227764
294;2026Q2;ES705A1;ES705;1;1;48;1;1;1;7;10;-1;-1;-1;1;-1;1;7;-1;-1;-1;-1;-1;-1;1;1;1;1;1;4;4;4;4;1;6;4;4;4;4;4;4;4;4;-9;2;4;4;2;4;4;4;4;2;4;4;4;4;2;4;2;4;4;2;2;2;2;2;2;2;2;2;2;2;2;2;2;2;3;1;1;4;1;1;1;6;5;1;110.24559949
295;2026Q2;ES705A1;ES705;1;1;35;2;1;4;9;1;1;2;2;1;-1;-1;-1;-1;-1;-1;-1;-1;-1;1;1;1;4;6;2;4;4;3;1;6;2;1;2;4;2;3;5;4;2;2;5;2;2;3;3;2;2;2;2;2;3;5;2;3;4;2;-9;2;-3;3;-3;-3;4;2;2;3;3;-3;-3;1;4;4;1;3;-1;-1;1;6;4;6;2;1;538.29367002
296;2026Q2;ES705A1;ES705;1;1;42;1;1;1;5;1;1;1;9;1;-1;-1;-1;-1;-1;-1;-1;-1;-1;2;2;8;3;3;6;4;5;3;2;6;4;4;2;2;4;2;2;4;2;4;2;2;2;2;2;4;4;4;4;4;2;4;2;2;2;2;3;4;3;2;2;3;4;4;4;-3;2;2;2;2;2;3;1;3;-1;-1;6;6;1;6;1;2;1076.58734
297;2026Q2;ES705A1;ES705;1;1;35;1;1;1;6;2;6;2;5;1;-1;-1;-1;-1;-1;-1;-1;-1;-1;2;2;4;3;3;5;4;4;4;3;6;4;4;4;4;4;4;4;4;4;2;4;2;4;4;2;2;4;2;2;4;4;4;4;4;4;5;1;2;4;4;4;4;4;2;2;4;2;2;2;2;-3;2;2;1;3;2;6;6;1;6;3;-3;1076.58734
298;2026Q2;ES705A1;ES705;6;2;69;1;1;1;9;12;-1;-1;-1;1;-1;1;5;-1;-1;-1;-1;-1;-1;1;1;1;3;5;5;5;5;4;2;6;4;4;3;4;2;4;4;3;4;4;4;3;4;2;3;3;4;3;3;3;4;4;3;4;3;4;2;2;5;4;2;2;4;2;1;2;3;2;2;1;2;3;2;1;4;1;6;6;1;6;-3;-3;986.45044561
299;2026Q2;ES705A1;ES705;1;1;80;1;1;1;3;12;-1;-1;-1;1;-1;1;6;-1;-1;-1;-1;-1;-1;1;1;1;2;4;5;4;4;4;1;6;4;4;4;4;4;4;4;4;4;4;4;4;2;2;4;4;4;2;4;3;4;4;2;2;2;2;2;4;2;2;2;2;4;4;2;2;4;4;4;1;2;2;3;3;-1;-1;6;6;5;6;1;1;749.86327051
300;2026Q2;ES705A1;ES705;6;2;63;2;1;2;5;11;-1;-1;-1;1;-1;-1;-1;-1;-1;-1;-1;-1;-1;1;1;1;1;1;-1;4;4;-9;2;6;5;4;4;4;4;4;4;4;4;4;2;2;2;2;4;4;2;4;4;4;4;4;2;2;2;2;4;4;4;4;4;4;4;3;3;3;3;3;4;2;3;2;3;3;-1;-1;6;6;2;6;1;-3;295.98774503
301;2026Q2;ES705A1;ES705;1;1;20;1;1;1;5;1;6;1;9;1;-1;-1;-1;-1;-1;-1;-1;-1;-1;3;3;8;6;4;6;3;2;3;3;6;2;2;2;4;2;4;4;2;4;4;4;4;4;4;2;2;4;2;2;2;4;4;4;4;4;4;4;2;2;4;2;1;3;1;1;3;2;2;1;2;1;2;2;1;1;-9;6;6;1;6;1;1;1787.5563431
302;2026Q2;ES705A1;ES705;6;2;28;1;1;1;7;1;6;1;5;1;-1;-1;-1;-1;-1;-1;-1;-1;-1;1;1;1;3;5;5;4;1;4;1;6;4;2;-9;2;2;3;5;3;5;1;5;-9;4;4;1;2;1;1;1;2;1;3;5;4;5;5;2;1;-7;-7;-7;-7;-7;3;-7;-7;-3;-7;2;1;3;-7;1;1;3;-9;1;6;1;6;-3;-3;490.54954303
303;2026Q2;ES705A1;ES705;6;2;60;1;1;1;5;10;-1;-1;-1;1;-1;1;9;-1;-1;-1;-1;-1;-1;2;2;6;2;2;6;4;2;2;2;6;4;5;4;-9;4;4;-9;4;2;4;-9;4;2;-9;-9;-9;-9;-9;-9;4;4;4;4;-9;-9;2;-9;-9;4;-3;4;4;4;5;-3;-3;-3;-3;-3;-3;5;4;1;2;-1;-1;6;6;1;6;1;-3;591.97549006
304;2026Q2;ES705A1;ES705;1;1;54;1;1;1;8;10;-1;-1;-1;1;-1;1;4;-1;-1;-1;-1;-1;-1;1;1;1;3;5;3;5;5;5;1;6;4;4;2;4;4;4;4;4;2;2;2;4;2;4;3;2;4;4;4;4;4;4;2;2;4;4;3;4;4;3;4;3;4;3;3;4;4;-3;3;3;3;3;2;3;-1;-1;6;6;5;6;1;1;110.24559949
305;2026Q2;ES705A1;ES705;1;1;51;1;1;1;7;2;6;2;7;1;-1;-1;-1;-1;-1;-1;-1;-1;-1;3;3;6;4;3;4;5;5;3;2;6;4;2;4;4;4;2;4;4;4;4;4;4;4;2;4;4;4;4;4;4;4;4;4;4;4;4;4;2;5;3;4;3;4;3;4;3;3;3;-3;3;3;3;2;1;1;1;1;6;2;6;3;1;1142.6986793
306;2026Q2;ES705A1;ES705;6;2;27;1;1;1;6;1;6;2;3;1;-1;-1;-1;-1;-1;-1;-1;-1;-1;2;2;4;4;4;3;4;4;3;4;6;4;4;-9;4;-9;4;2;4;2;2;2;-9;3;3;-9;4;4;2;4;4;-9;4;4;3;4;4;2;3;3;4;3;3;4;3;3;3;3;3;3;3;3;3;1;1;3;2;1;6;1;6;1;-3;981.09908606
307;2026Q2;ES705A1;ES705;6;2;40;1;1;3;3;1;6;2;-9;6;-1;-1;-1;53;1;5;-1;-1;-1;3;4;2;4;2;5;3;3;3;3;6;3;3;-9;-9;3;3;3;-9;-9;-9;-9;-9;-9;-9;-9;-9;-9;-9;-9;3;3;3;-9;-9;-9;-9;-9;-9;-7;-7;-7;-7;-7;-7;-7;-7;-7;-7;-7;-7;-7;-7;2;-9;-1;-1;-9;-9;3;6;-7;-7;2470.6143503
308;2026Q2;ES705A1;ES705;6;2;55;1;1;1;5;15;-1;-1;-1;1;1;1;5;-1;-1;-1;-1;-1;-1;1;1;1;1;2;5;5;5;-9;-9;6;4;5;5;5;5;2;4;4;3;4;4;4;4;2;3;4;4;4;4;4;4;4;2;2;2;2;3;4;-3;-3;-3;3;-7;1;2;-3;-3;-3;-3;1;-3;-3;2;3;-1;-1;6;6;2;6;4;1;1236.6079729
309;2026Q2;ES705A1;ES705;1;1;36;2;1;4;8;1;6;2;5;1;-1;-1;-1;-1;-1;-1;-1;-1;-1;1;2;6;5;5;3;5;5;4;5;1;2;2;2;4;2;4;5;2;4;2;5;2;4;4;4;2;4;2;4;4;4;4;5;5;4;5;2;2;2;2;2;1;4;1;2;4;2;2;2;1;2;2;2;1;3;4;1;6;4;6;-3;1;538.29367002
310;2026Q2;ES705A1;ES705;6;2;58;1;1;5;10;2;6;2;2;1;-1;-1;-1;-1;-1;-1;-1;-1;-1;1;1;1;4;6;1;5;4;3;4;1;4;2;2;4;2;3;4;4;4;2;4;2;2;2;4;4;4;3;4;4;4;4;3;3;3;3;3;3;4;4;3;1;4;3;4;1;4;-3;-3;2;3;2;1;1;1;1;1;6;4;6;3;-3;651.7084877
311;2026Q2;ES705A1;ES705;6;2;59;1;1;1;10;5;-1;-1;2;1;-1;-1;-1;-1;-1;-1;-1;-1;-1;3;3;6;7;6;1;5;5;3;1;6;5;4;3;5;4;2;4;3;3;4;-9;2;2;3;2;4;1;4;2;4;3;-9;4;3;3;3;3;-9;1;3;1;1;1;2;3;1;3;3;-3;3;3;3;2;3;-1;-1;6;6;1;6;3;3;1955.1254631
312;2026Q2;ES705A1;ES705;6;2;26;1;1;1;10;2;6;2;2;6;-1;-1;-1;65;1;2;-1;-1;-1;3;3;2;6;5;-1;4;4;3;2;6;4;4;3;4;-9;4;-9;4;-9;2;-9;-9;4;4;4;3;2;3;2;4;4;4;4;4;4;4;4;1;-7;-7;-7;3;-7;2;3;-3;-3;-3;-3;-3;2;3;1;2;-1;-1;1;6;1;-9;2;-3;1471.6486291
313;2026Q2;ES705A1;ES705;1;1;51;1;1;5;6;10;-1;-1;-1;1;-1;1;2;-1;-1;-1;-1;-1;-1;3;3;8;5;4;2;4;4;4;1;6;4;4;4;4;5;4;5;4;4;4;2;4;2;4;3;4;4;2;4;3;5;5;4;3;5;5;2;2;4;3;3;3;4;4;4;3;3;2;2;3;4;2;2;2;-1;-1;-9;6;5;1;4;1;330.73679847
314;2026Q2;ES705A1;ES705;1;1;72;1;1;1;10;12;-1;-1;-1;1;-1;1;2;-1;-1;-1;-1;-1;-1;2;2;4;7;6;1;4;4;3;2;6;2;2;2;2;4;4;4;4;4;2;4;2;4;-9;4;2;-9;2;2;4;4;4;4;-9;4;4;2;2;4;-3;4;2;4;3;4;-3;-3;-3;-3;3;3;3;1;1;1;2;1;6;5;6;4;3;1499.726541
315;2026Q2;ES705A1;ES705;1;1;66;2;1;5;9;12;-1;-1;-1;1;-1;1;2;-1;-1;-1;-1;-1;-1;2;2;4;6;6;1;5;5;3;1;6;4;4;4;3;2;4;4;4;4;2;4;2;2;2;2;4;4;4;2;4;4;4;2;4;4;4;4;2;3;3;3;3;2;1;2;3;3;3;4;1;3;4;2;3;-1;-1;6;6;5;6;4;1;1499.726541
316;2026Q2;ES705A1;ES705;6;3;70;1;1;1;10;12;-1;-1;-1;1;-1;1;2;-1;-1;-1;-1;-1;-1;1;2;8;4;4;1;-9;-9;-9;-9;6;4;4;4;4;4;4;4;4;4;4;3;4;3;4;3;4;4;3;3;3;3;3;3;3;3;3;3;3;-7;-7;-7;-7;-7;-7;-7;-7;-7;-7;-7;-7;-7;-7;2;-9;-1;-1;6;6;5;-9;-7;-7;986.45044561
317;2026Q2;ES705A1;ES705;6;2;56;2;1;5;6;1;1;2;1;6;-1;-1;-1;47;1;2;-1;-1;-1;2;2;4;7;6;1;4;4;3;3;6;5;4;3;4;4;4;5;4;5;3;5;3;5;2;3;4;4;4;4;5;4;3;2;4;4;3;3;3;5;3;3;2;4;2;1;2;2;3;3;1;2;2;1;1;4;2;1;6;5;6;5;-3;1303.4169754
318;2026Q2;ES705A1;ES705;6;2;56;1;1;1;10;10;-1;-1;-1;1;-1;1;4;-1;-1;-1;-1;-1;-1;1;1;1;3;5;3;4;4;3;2;6;4;3;2;4;2;4;3;4;4;2;3;3;2;2;3;3;2;3;4;3;5;4;2;3;2;2;3;4;4;4;3;4;4;2;3;3;3;2;3;3;3;3;2;1;4;3;6;6;1;1;3;-3;295.98774503
319;2026Q2;ES705A1;ES705;6;2;73;3;1;5;5;12;-1;-1;-1;1;-1;2;5;-1;-1;-1;-1;-1;-1;1;1;1;4;6;5;3;4;3;1;6;4;5;3;4;5;3;2;4;2;4;3;5;-9;2;4;4;4;4;4;4;3;2;2;4;-9;3;-9;-9;-3;-3;4;4;4;-3;-3;-3;-3;-3;-3;-3;-3;-3;3;3;-1;-1;6;6;5;6;5;-3;986.45044561
320;2026Q2;ES705A1;ES705;6;2;44;1;1;1;9;2;6;2;2;1;-1;-1;-1;-1;-1;-1;-1;-1;-1;2;3;8;6;4;2;5;4;2;2;6;4;4;5;4;4;5;5;4;4;3;4;3;2;2;3;4;4;2;4;4;4;2;2;3;5;5;3;4;4;4;4;4;4;4;4;-3;5;-3;-3;4;4;4;2;3;-1;-1;6;6;1;6;5;3;1647.0762335
321;2026Q2;ES705A1;ES705;6;2;35;3;3;4;8;1;6;2;3;1;-1;-1;-1;-1;-1;-1;-1;-1;-1;1;1;1;3;5;3;4;4;3;1;6;4;4;3;4;4;4;5;4;4;3;4;4;2;5;3;4;3;2;4;2;4;4;4;5;4;5;2;2;4;3;2;3;-3;4;-3;4;4;-3;-3;2;3;3;1;1;1;3;1;6;3;6;3;1;889.82287247
322;2026Q2;ES705A1;ES705;6;2;59;2;1;5;7;7;-1;-1;-9;1;-1;-1;-1;-1;-1;-1;-1;-1;-1;1;1;1;-9;-9;-1;5;4;-9;1;6;4;4;3;4;3;5;5;3;3;3;4;4;2;3;4;3;3;4;3;3;4;4;4;4;3;3;3;2;3;-3;-3;4;4;3;3;-3;-3;3;3;2;2;3;2;2;-1;-1;6;6;5;6;4;-3;651.7084877
323;2026Q2;ES705A1;ES705;6;2;79;2;1;5;10;12;-1;-1;-1;1;-1;1;2;-1;-1;-1;-1;-1;-1;2;2;4;4;4;1;4;4;4;1;6;4;5;4;4;4;4;4;2;2;4;4;4;4;4;2;4;4;2;4;4;4;4;4;3;2;4;2;2;5;3;4;-3;2;2;2;-3;-3;-3;-3;4;-7;-7;2;3;-1;-1;6;6;5;6;3;3;1972.9008912
324;2026Q2;ES705A1;ES705;1;1;49;1;1;1;10;1;1;1;3;6;-1;-1;-1;80;5;-1;-1;-9;-1;4;4;8;7;5;-1;5;5;3;1;6;4;1;1;4;2;4;5;1;5;2;5;1;2;4;2;1;3;1;1;2;4;5;2;5;5;5;2;1;4;3;2;1;4;2;2;2;1;2;1;2;2;1;2;2;-1;-1;6;6;1;6;3;2;1523.5982391
325;2026Q2;ES705A1;ES705;1;1;79;1;1;1;6;12;-1;-1;-1;1;-1;1;3;-1;-1;-1;-1;-1;-1;2;2;4;6;6;3;5;5;4;1;6;5;5;4;4;4;2;4;4;4;4;2;4;4;2;4;4;4;4;4;4;4;4;2;2;3;2;2;4;5;4;4;4;4;3;3;3;4;4;3;3;4;4;2;1;3;4;1;6;1;6;1;1;1499.726541
326;2026Q2;ES705A1;ES705;6;2;29;1;1;1;8;1;1;2;-9;-9;-1;-1;-1;-1;-1;-1;-1;-1;-1;3;3;8;-9;-9;-1;5;-9;-9;-9;6;-9;-9;-9;-9;-9;-9;-9;-9;-9;-9;-9;-9;-9;-9;-9;-9;-9;-9;-9;-9;-9;-9;-9;-9;-9;-9;-9;-9;-7;-7;-7;-3;-7;-3;-7;-3;-7;-7;-7;-7;-7;-7;2;-9;-1;-1;-9;-9;5;6;4;-7;1471.6486291
327;2026Q2;ES705A1;ES705;6;2;38;1;1;1;9;3;6;2;2;1;-1;-1;-1;-1;-1;-1;-1;-1;-1;2;3;2;6;4;2;4;4;4;2;6;4;4;-9;4;3;3;5;4;5;4;-9;-9;4;4;4;4;3;3;2;3;5;4;-9;-9;5;-9;-9;4;2;2;2;2;2;2;3;2;3;2;2;2;2;2;1;1;3;4;1;1;1;6;1;1;1647.0762335
328;2026Q2;ES705A1;ES705;6;2;45;1;1;1;6;1;6;1;9;1;-1;-1;-1;-1;-1;-1;-1;-1;-1;1;3;6;3;2;6;4;4;4;1;6;-9;4;-9;4;3;-9;5;-9;4;1;-9;-9;5;-9;-9;-9;3;-9;-9;-9;3;4;3;5;4;5;-9;1;-3;-3;-3;-3;-7;-3;-7;-7;-3;-7;-7;-7;-7;-7;1;-9;-1;-1;-9;1;1;-9;-7;-7;538.80283882
329;2026Q2;ES705A1;ES705;6;2;35;1;1;1;9;1;6;2;2;1;-1;-1;-1;-1;-1;-1;-1;-1;-1;1;1;1;4;6;1;4;4;3;2;6;4;4;4;4;4;4;4;4;4;4;4;4;4;2;4;4;4;4;4;4;4;4;4;2;4;4;2;2;4;4;4;3;4;3;3;3;3;3;3;2;3;3;1;3;-1;-1;6;6;1;6;1;-3;823.53811676
330;2026Q2;ES705A1;ES705;6;2;38;3;2;5;10;7;-1;-1;2;1;-1;-1;-1;-1;-1;-1;-1;-1;-1;1;1;1;2;4;2;4;4;4;3;6;3;4;4;4;4;2;4;4;4;2;4;2;2;4;4;4;4;4;4;4;4;4;4;4;4;4;2;4;3;4;4;2;3;4;3;2;2;2;2;3;2;3;2;3;-1;-1;6;6;5;6;1;3;889.82287247
331;2026Q2;ES705A1;ES705;1;1;46;1;1;1;9;1;6;2;2;1;-1;-1;-1;-1;-1;-1;-1;-1;-1;2;2;8;4;4;2;4;4;3;3;6;2;1;3;3;4;2;5;2;5;1;5;3;4;5;2;2;3;1;1;1;1;2;5;5;5;5;1;1;2;1;1;1;2;3;2;2;2;2;2;1;1;1;2;1;3;4;1;6;2;6;2;1;761.79911954
332;2026Q2;ES705A1;ES705;1;1;27;1;1;1;8;1;6;2;3;6;-1;-1;-1;66;1;-9;-1;-1;-1;2;2;6;-9;-9;-1;3;3;3;3;6;4;4;4;4;4;1;4;4;4;4;2;4;3;3;4;4;4;4;4;4;4;4;4;4;4;4;4;4;5;4;4;3;4;3;3;4;5;5;5;4;4;4;2;1;1;4;1;1;1;6;2;1;1191.7042287
333;2026Q2;ES705A1;ES705;6;2;80;1;1;1;7;18;-1;-1;-1;1;6;-1;-1;-1;-1;-1;-1;-1;-1;1;1;1;4;6;-1;5;5;4;3;6;4;4;4;5;5;4;5;4;4;4;5;4;3;2;4;3;4;3;4;4;4;4;3;4;4;4;3;3;4;3;3;3;3;3;3;3;2;2;3;2;2;2;1;2;-1;-1;6;6;1;6;4;3;986.45044561
334;2026Q2;ES705A1;ES705;1;1;30;1;1;1;5;11;-1;-1;-1;6;-1;-1;-1;68;5;-1;-1;2;5;3;3;2;5;3;3;4;3;4;-9;6;2;3;2;4;3;-9;5;4;4;2;4;3;-9;4;4;4;4;2;4;4;4;4;4;-9;-9;-9;-9;4;4;5;4;4;-3;3;4;-3;4;-3;5;2;4;3;2;3;-1;-1;6;6;1;6;1;1;945.01759502
335;2026Q2;ES705A1;ES705;1;1;32;1;1;5;8;7;-1;-1;3;6;-1;-1;-1;35;1;2;-1;-1;-1;2;2;4;6;5;1;4;4;2;2;6;3;4;4;4;4;5;5;3;3;3;5;2;2;2;3;2;2;1;4;4;5;4;5;3;2;2;2;4;4;4;2;1;4;2;4;-7;4;2;2;1;2;2;2;3;-1;-1;1;6;3;6;3;1;1191.7042287
336;2026Q2;ES705A1;ES705;1;1;65;1;1;1;9;12;-1;-1;-1;1;-1;1;2;-1;-1;-1;-1;-1;-1;1;1;1;5;6;2;4;5;4;3;6;5;4;4;5;4;4;4;3;4;4;3;3;3;3;4;4;4;3;3;4;4;5;4;4;4;4;3;2;5;4;5;3;4;4;4;-3;4;3;3;3;4;3;3;1;1;1;1;1;5;6;3;1;749.86327051
337;2026Q2;ES705A1;ES705;1;1;60;1;1;1;6;15;-1;-1;-1;1;1;1;3;-1;-1;-1;-1;-1;-1;1;1;1;2;3;3;4;1;1;1;6;2;5;3;4;4;4;4;2;4;2;4;2;4;2;2;4;4;4;4;4;2;4;2;4;4;4;2;2;1;1;1;1;1;2;2;2;2;1;3;4;4;4;2;1;3;3;6;1;1;6;-7;3;951.21135139
338;2026Q2;ES705A1;ES705;6;2;30;1;1;1;7;10;-1;-1;-1;6;-1;-1;-1;66;5;-1;-1;-9;-1;2;2;8;2;2;-1;5;2;4;4;6;5;4;4;4;4;4;4;4;4;4;2;4;4;2;4;4;4;4;4;4;4;4;4;2;4;4;2;2;4;2;4;2;4;2;2;4;2;2;4;2;4;4;2;1;4;2;6;6;3;6;1;3;269.65760073
339;2026Q2;ES705A1;ES705;1;1;36;1;1;1;8;2;6;1;5;6;-1;-1;-1;63;5;-1;-1;1;8;4;4;3;7;4;5;5;5;3;1;6;4;4;2;4;4;4;5;2;2;4;2;4;4;2;4;4;4;4;4;4;4;4;2;2;2;2;2;4;3;3;3;3;5;3;3;3;3;4;4;2;3;3;2;3;-1;-1;6;6;1;6;1;1;2691.4683501
340;2026Q2;ES705A1;ES705;1;1;31;1;1;1;5;1;6;2;8;6;-1;-1;-1;62;1;5;-1;-1;-1;2;2;8;6;5;5;4;4;4;3;6;4;4;4;4;4;4;4;4;4;2;4;2;2;2;4;2;4;2;2;4;4;4;2;2;4;2;2;2;3;4;4;3;4;3;3;3;4;3;3;1;3;3;2;3;-1;-1;6;6;1;6;1;-3;1191.7042287
341;2026Q2;ES705A1;ES705;6;2;28;1;1;1;10;2;6;2;2;1;-1;-1;-1;-1;-1;-1;-1;-1;-1;1;1;1;4;6;1;5;5;-9;-9;6;4;4;2;4;4;4;4;4;4;2;4;2;4;4;2;4;2;4;4;4;2;4;2;4;4;4;2;2;5;4;4;4;4;3;1;3;2;3;3;1;2;3;1;1;4;4;1;6;1;6;1;3;490.54954303
342;2026Q2;ES705A1;ES705;6;2;33;3;1;5;9;1;6;2;-9;6;-1;-1;-1;58;1;3;-1;-1;-1;4;4;2;4;2;4;4;4;4;4;1;3;4;4;4;4;4;5;4;5;4;5;4;4;3;4;3;4;4;4;4;4;4;4;4;5;5;3;2;1;3;3;3;4;4;4;4;3;3;3;1;4;4;1;1;1;3;1;1;5;6;-3;1;1962.1981721
343;2026Q2;ES705A1;ES705;6;2;67;1;1;1;5;12;-1;-1;-1;1;-1;1;9;-1;-1;-1;-1;-1;-1;1;1;1;3;5;6;4;5;4;1;6;2;2;2;3;2;4;5;2;4;2;4;1;4;1;3;2;2;4;4;2;4;4;2;4;4;4;3;2;4;1;3;-3;4;2;1;-3;3;1;2;1;-3;3;1;1;1;1;6;1;5;6;1;1;986.45044561
344;2026Q2;ES705A1;ES705;1;1;57;1;1;1;3;1;6;2;8;6;-1;-1;-1;57;1;-9;-1;-1;-1;2;2;4;-9;-9;-1;5;4;4;4;6;4;4;4;4;4;3;5;5;3;5;3;3;2;1;3;5;5;3;3;3;3;3;3;3;3;3;3;3;4;4;4;4;4;4;4;4;4;4;4;4;4;4;2;3;-1;-1;6;6;1;6;-7;-3;1098.9485176
345;2026Q2;ES705A1;ES705;6;2;42;1;1;1;10;1;6;1;2;6;-1;-1;-1;47;5;-1;-1;1;7;2;4;2;6;3;4;3;4;3;1;6;1;1;1;2;1;5;5;2;5;1;5;2;3;4;1;2;1;1;1;4;1;1;5;5;5;5;2;1;4;3;4;2;4;3;4;4;2;1;1;1;3;4;2;1;3;-9;1;6;1;6;2;1;1647.0762335
346;2026Q2;ES705A1;ES705;6;2;53;1;1;1;5;11;-1;-1;-1;1;-1;-1;-1;-1;-1;-1;-1;-1;-1;2;2;6;2;2;-1;3;3;2;3;6;4;4;4;4;4;2;4;2;2;4;2;3;2;2;4;4;4;4;4;4;4;4;2;2;2;2;4;4;4;4;4;4;5;4;3;4;4;4;-3;3;4;4;2;1;3;4;6;6;5;6;1;3;366.16419231
347;2026Q2;ES705A1;ES705;6;2;28;1;1;1;7;1;6;1;3;6;-1;-1;-1;60;5;-1;-1;1;4;4;4;5;7;5;3;2;2;2;1;6;1;1;1;2;2;5;5;2;5;2;5;2;4;5;2;2;2;1;1;2;2;2;5;5;5;5;1;1;5;5;2;2;2;4;4;4;4;2;2;1;2;2;1;1;2;2;1;6;1;6;5;1;1962.1981721
348;2026Q2;ES705A1;ES705;6;2;26;1;1;1;8;1;6;1;5;1;-1;-1;-1;-1;-1;-1;-1;-1;-1;3;3;8;4;3;5;2;2;2;1;6;1;1;2;2;1;4;5;2;5;1;5;2;3;4;2;1;1;1;1;2;2;4;5;5;5;5;2;1;3;3;3;1;2;1;2;2;3;-3;3;1;2;2;3;1;3;4;1;6;1;6;1;1;1471.6486291
349;2026Q2;ES705A1;ES705;6;2;52;1;1;1;7;15;-1;-1;-1;1;1;1;5;-1;-1;-1;-1;-1;-1;2;2;4;5;5;5;3;5;4;1;6;4;4;4;4;4;4;4;4;3;3;2;2;4;4;4;3;2;4;4;4;4;4;2;4;4;3;3;2;4;-3;4;2;4;2;4;-3;-3;4;-3;1;-3;-3;3;1;1;4;1;6;5;6;-3;1;2247.404648
350;2026Q2;ES705A1;ES705;6;2;41;1;1;1;5;10;-1;-1;-1;1;-1;1;5;-1;-1;-1;-1;-1;-1;2;2;8;4;4;4;3;3;2;2;6;2;2;2;2;2;4;4;2;4;2;4;2;4;4;2;2;2;2;2;2;2;2;4;4;4;4;2;2;2;3;3;3;4;2;2;2;2;-3;3;2;3;3;2;1;2;4;1;1;1;6;1;1;935.63474819
351;2026Q2;ES705A1;ES705;1;1;49;1;1;1;7;1;6;1;4;1;-1;-1;-1;-1;-1;-1;-1;-1;-1;2;2;9;3;3;3;5;5;5;2;6;4;4;4;4;5;3;5;5;5;1;4;4;4;3;3;4;2;4;4;4;4;4;4;4;5;5;1;2;4;3;5;1;4;1;2;-3;-3;-3;-3;-3;-3;-3;2;1;4;2;6;6;5;6;3;2;761.79911954
352;2026Q2;ES705A1;ES705;1;1;61;1;1;1;7;10;-1;-1;-1;1;-1;1;2;-1;-1;-1;-1;-1;-1;2;2;4;3;3;1;5;5;4;4;6;5;2;4;4;4;4;5;5;5;2;5;2;2;2;4;4;5;4;5;4;5;5;5;4;4;4;2;2;4;1;3;4;4;4;4;3;3;2;3;3;3;2;2;1;2;3;1;1;5;6;1;1;537.25601889
353;2026Q2;ES705A1;ES705;1;1;41;1;1;1;6;1;6;2;-9;-9;-1;-1;-1;-1;-1;-1;-1;-1;-1;3;3;6;-9;-9;-1;-9;-9;-9;-9;-9;1;1;4;2;2;5;5;1;4;1;5;3;-9;-9;3;1;1;-9;-9;-9;-9;-9;3;-9;4;5;3;3;-7;-7;-7;-7;-7;-7;-7;-7;-7;-7;-7;-7;-7;-7;3;-9;-1;-1;6;6;5;6;-3;-7;1614.8810101
354;2026Q2;ES705A1;ES705;1;1;58;1;1;1;8;16;-1;-1;-1;1;1;1;3;-1;-1;-1;-1;-1;-1;1;1;1;2;4;3;5;5;3;1;6;4;3;2;4;4;4;2;4;2;5;-9;4;3;2;4;4;4;4;4;4;4;5;4;3;4;5;2;3;4;3;4;2;2;4;4;2;4;1;1;2;3;2;3;3;-1;-1;1;6;1;6;2;1;951.21135139
355;2026Q2;ES705A1;ES705;6;2;23;1;1;1;10;1;6;2;2;6;-1;-1;-1;59;1;2;-1;-1;-1;4;4;2;7;5;1;5;5;4;1;6;3;5;4;4;4;5;5;2;5;3;3;2;3;3;3;3;2;2;2;4;2;3;5;5;4;5;2;2;2;2;4;2;4;4;4;2;4;4;4;4;2;2;2;1;3;3;6;6;1;6;3;3;1962.1981721
356;2026Q2;ES705A1;ES705;1;1;45;1;1;1;9;5;-1;-1;7;-9;-1;-1;-1;-1;-1;-1;-1;-1;-1;2;3;2;-9;-9;-1;3;3;3;2;6;3;3;1;3;3;5;5;2;5;1;5;1;2;3;3;3;3;3;3;4;3;3;3;3;5;5;2;3;-3;2;-3;2;-3;1;3;1;-3;-3;-3;1;-3;2;1;1;3;3;1;6;5;6;4;2;761.79911954
357;2026Q2;ES705A1;ES705;6;2;72;3;2;3;10;10;-1;-1;-1;6;-1;-1;-1;52;1;9;-1;-1;-1;3;3;8;3;2;6;-9;-9;-9;-9;6;4;4;-9;4;4;-9;2;4;2;4;2;-9;-9;2;4;4;4;4;4;4;4;4;2;2;4;2;4;4;-3;-3;4;4;4;4;4;4;-3;-3;4;-3;-3;-3;2;3;-1;-1;6;6;3;6;1;-3;336.34492043
358;2026Q2;ES705A1;ES705;6;2;53;1;1;5;9;1;1;2;3;1;-1;-1;-1;-1;-1;-1;-1;-1;-1;1;1;1;3;5;2;4;4;4;1;6;5;5;4;5;5;2;5;4;4;5;4;4;2;2;2;5;5;5;5;5;5;5;2;4;2;4;4;4;4;4;4;4;5;4;4;4;4;4;3;3;3;4;3;2;-1;-1;6;6;5;6;4;1;538.80283882
359;2026Q2;ES705A1;ES705;6;2;47;1;1;1;10;10;-1;-1;-1;6;-1;-1;-1;49;2;2;-1;-1;-1;2;4;2;7;4;1;4;4;2;1;6;4;2;4;4;4;5;5;2;5;2;5;2;2;5;4;4;3;2;2;2;4;3;4;5;5;4;2;2;4;3;2;2;4;2;2;3;3;3;2;1;2;1;1;1;1;4;1;6;1;6;3;1;366.16419231
360;2026Q2;ES705A1;ES705;6;2;80;1;1;1;9;12;-1;-1;-1;1;-1;2;1;-1;-1;-1;-1;-1;-1;2;2;4;7;6;-1;5;5;5;3;6;5;5;5;5;5;3;4;5;4;3;3;4;2;3;4;4;4;3;4;4;4;4;3;2;3;2;3;3;4;3;3;3;3;3;2;3;4;-7;-7;-7;-7;-7;1;1;4;3;1;1;1;6;4;-7;1972.9008912
361;2026Q2;ES705A1;ES705;6;2;36;1;1;1;9;7;-1;-1;2;6;-1;-1;-1;63;1;3;-1;-1;-1;2;2;6;3;3;3;2;2;2;1;6;2;2;-9;3;2;5;5;3;5;1;5;1;4;3;2;3;1;2;3;2;4;4;4;-9;4;3;-9;1;-7;-7;4;3;4;4;-3;1;-3;-3;-3;1;2;-3;3;1;4;3;1;6;1;6;5;1;1647.0762335
362;2026Q2;ES705A1;ES705;6;2;46;1;1;5;9;1;1;2;2;1;-1;-1;-1;-1;-1;-1;-1;-1;-1;1;1;1;6;6;-1;5;5;4;3;6;4;2;3;2;4;2;1;4;2;3;2;2;2;2;4;4;2;4;4;4;4;4;4;4;4;4;4;4;4;3;3;-3;-3;4;3;-3;-3;-3;-3;3;3;2;1;1;2;2;1;6;5;6;5;1;538.80283882
363;2026Q2;ES705A1;ES705;6;2;55;1;1;1;9;1;1;1;3;6;-1;-1;-1;55;1;3;-1;-1;-1;3;3;2;7;5;2;5;5;5;5;1;5;5;2;4;2;4;4;4;4;4;2;4;2;2;4;4;4;4;4;4;4;4;2;2;2;2;4;4;4;4;4;4;4;4;4;4;4;4;3;3;3;4;2;1;4;4;1;1;1;6;3;1;1955.1254631
364;2026Q2;ES705A1;ES705;1;1;66;1;1;1;5;11;-1;-1;-1;1;-1;-1;-1;-1;-1;-1;-1;-1;-1;1;1;1;1;1;-1;4;3;3;1;6;2;4;3;4;2;4;5;3;5;4;3;4;1;1;4;4;4;4;4;4;4;4;2;2;3;2;4;4;4;4;4;4;4;4;3;4;4;4;2;2;4;4;1;3;-1;-1;1;6;1;6;5;1;110.24559949
365;2026Q2;ES705A1;ES705;6;2;67;1;1;1;6;12;-1;-1;-1;6;-1;-1;-1;67;5;-1;-1;1;9;3;3;8;7;5;6;5;5;5;3;1;4;4;3;4;4;4;5;3;5;3;4;3;5;3;4;3;2;3;2;4;4;4;4;3;3;3;2;3;3;3;3;-3;-3;1;2;-3;3;-3;-3;1;-3;-3;2;3;-1;-1;6;6;1;1;4;2;2959.3513368
366;2026Q2;ES705A1;ES705;6;2;50;1;1;1;9;14;-1;-1;-1;6;-1;-1;-1;60;5;-1;-1;1;2;4;4;2;3;2;1;3;3;3;1;6;4;4;3;4;3;3;3;4;3;3;3;3;3;3;4;3;3;3;4;4;4;4;3;3;3;3;3;4;4;4;4;4;4;4;4;4;4;4;4;4;4;3;2;3;-1;-1;6;6;5;6;-3;-3;4494.809296
367;2026Q2;ES705A1;ES705;1;1;21;2;1;1;9;13;-1;-1;-1;6;-1;-1;-1;58;1;2;-1;-1;-1;3;3;8;6;4;-1;5;4;3;1;6;5;5;5;5;4;3;4;4;3;3;3;3;3;2;4;4;4;4;4;5;5;5;4;3;3;4;3;4;5;5;5;4;4;4;4;-3;5;4;4;-3;4;5;2;3;-1;-1;1;6;5;6;-7;1;2992.7676208
368;2026Q2;ES705A1;ES705;6;2;45;1;1;1;10;10;-1;-1;-1;1;-1;1;2;-1;-1;-1;-1;-1;-1;1;1;1;2;3;2;3;3;2;1;6;2;3;2;3;2;4;5;3;4;2;4;2;4;2;3;2;2;2;2;2;4;4;2;4;4;4;2;3;5;2;2;2;3;2;1;-3;4;2;2;1;2;3;1;-9;-1;-1;6;6;5;6;5;1;183.08209616
369;2026Q2;ES705A1;ES705;1;1;68;2;1;5;5;12;-1;-1;-1;1;-1;1;7;-1;-1;-1;-1;-1;-1;1;1;1;3;5;4;3;3;3;3;6;4;4;4;5;4;2;4;4;2;4;2;4;2;2;4;4;4;4;4;4;4;4;2;2;2;2;2;4;4;4;4;4;5;4;4;4;4;4;4;4;4;4;1;1;3;4;1;1;5;6;3;3;749.86327051
370;2026Q2;ES705A1;ES705;6;2;65;1;1;1;7;11;-1;-1;-1;6;-1;-1;-1;80;5;-1;-1;-9;-1;4;4;8;7;4;-1;4;4;3;1;6;5;5;5;5;4;2;5;4;4;4;4;4;2;2;4;4;4;3;4;4;4;4;2;4;2;4;-9;4;4;4;4;3;-3;2;3;-3;2;-3;-3;1;-3;-3;2;2;-1;-1;6;6;1;6;5;1;440.98239796
371;2026Q2;ES705A1;ES705;1;1;66;1;1;1;5;12;-1;-1;-1;1;-1;1;2;-1;-1;-1;-1;-1;-1;2;2;4;4;4;2;5;5;4;3;6;4;4;2;4;4;4;5;2;4;2;4;4;2;4;2;2;4;2;2;4;4;4;4;4;4;3;2;2;3;1;1;1;2;1;1;2;3;1;1;1;1;1;3;2;-1;-1;6;6;1;6;5;1;1499.726541
372;2026Q2;ES705A1;ES705;1;1;34;3;1;5;7;1;6;1;5;1;-1;-1;-1;-1;-1;-1;-1;-1;-1;2;2;4;6;5;5;4;4;3;1;6;4;4;4;4;4;-9;5;4;4;2;4;4;2;4;4;4;4;4;4;4;4;4;4;4;4;4;5;4;3;4;4;4;4;3;4;4;4;4;4;3;4;4;2;3;-1;-1;6;6;5;6;4;3;1191.7042287
373;2026Q2;ES705A1;ES705;6;2;48;1;1;1;9;2;6;2;2;1;-1;-1;-1;-1;-1;-1;-1;-1;-1;1;2;8;5;5;1;-9;-9;-9;-9;6;5;4;4;5;5;2;3;5;3;5;3;3;3;1;4;3;4;3;3;4;4;5;3;3;2;3;3;3;4;4;4;-3;-3;3;3;3;-3;-3;-3;4;4;4;2;2;-1;-1;6;6;1;1;4;2;538.80283882
374;2026Q2;ES705A1;ES705;6;2;50;3;2;5;10;5;-1;-1;5;1;-1;-1;-1;-1;-1;-1;-1;-1;-1;2;2;8;4;4;3;4;4;3;2;6;4;4;4;4;-9;4;4;4;4;-9;4;2;2;2;4;4;4;4;4;4;4;4;2;2;4;2;4;4;4;4;3;3;4;3;4;4;2;3;4;3;3;3;1;1;3;3;1;6;5;6;5;-3;1210.1751891
375;2026Q2;ES705A1;ES705;1;1;59;1;1;1;10;2;1;2;2;1;-1;-1;-1;-1;-1;-1;-1;-1;-1;1;1;1;6;6;1;5;5;3;2;6;4;2;2;3;2;2;5;4;4;2;4;3;3;4;4;3;4;1;2;3;4;4;4;4;4;4;2;3;3;2;3;3;-3;2;4;-3;-3;-3;-3;1;-3;3;2;3;-1;-1;1;6;1;6;5;1;549.4742588
376;2026Q2;ES705A1;ES705;6;2;55;1;1;1;9;14;-1;-1;-1;6;-1;-1;-1;80;5;-1;-1;2;8;2;2;6;3;3;5;5;5;4;1;6;4;2;3;4;2;5;5;2;5;1;5;2;4;5;3;2;2;1;1;2;3;2;3;5;5;5;1;1;4;3;2;2;3;3;4;-3;3;2;2;1;3;3;1;2;-1;-1;6;6;1;6;5;1;2473.2159457
377;2026Q2;ES705A1;ES705;6;2;56;1;1;1;10;3;6;2;2;1;-1;-1;-1;-1;-1;-1;-1;-1;-1;3;3;2;7;5;1;5;5;2;2;6;5;5;5;4;4;3;4;4;3;2;5;4;3;3;3;3;4;2;3;3;3;4;4;4;4;4;2;2;2;4;4;3;3;4;3;-3;-3;3;-3;2;-3;2;1;1;5;4;1;6;5;6;5;-3;1955.1254631
378;2026Q2;ES705A1;ES705;6;2;54;3;3;5;10;14;-1;-1;-1;1;6;-1;-1;-1;-1;-1;-1;-1;-1;2;4;2;2;1;-1;4;4;4;4;6;4;4;4;4;4;2;4;4;4;2;2;4;4;4;2;4;4;2;4;4;4;4;4;2;2;2;-9;4;4;4;4;4;4;4;4;4;4;4;4;3;4;4;2;3;-1;-1;6;6;5;6;-3;-7;2379.9741594
379;2026Q2;ES705A1;ES705;1;1;19;3;1;5;7;13;-1;-1;-1;6;-1;-1;-1;63;1;2;-1;-1;-1;2;2;8;5;5;1;4;4;3;2;6;4;5;3;4;4;3;3;4;2;4;3;4;2;2;4;4;4;4;4;4;4;4;4;2;4;3;4;4;4;4;4;4;4;4;4;4;4;4;3;3;4;3;2;3;-1;-1;6;6;5;6;1;1;1995.1784139
380;2026Q2;ES705A1;ES705;1;1;48;3;1;5;6;10;-1;-1;-1;1;-1;1;3;-1;-1;-1;-1;-1;-1;2;2;4;3;3;3;-9;-9;-9;-9;6;-9;-9;-9;-9;-9;-9;-9;-9;-9;-9;-9;-9;-9;-9;-9;-9;-9;-9;-9;-9;-9;-9;-9;-9;-9;-9;-9;-9;-3;-3;-3;-3;-3;-3;-3;-3;-3;-3;-3;-3;-3;-3;2;-9;-1;-1;-9;-9;5;6;-7;-3;220.49119898
381;2026Q2;ES705A1;ES705;1;1;53;1;1;1;10;2;6;2;3;6;-1;-1;-1;53;1;4;-1;-1;-1;3;3;2;7;6;3;4;4;5;2;6;4;4;4;4;4;4;5;2;5;2;2;2;2;2;3;4;4;2;2;2;5;5;5;2;5;5;2;2;5;4;4;2;4;1;3;3;4;3;3;1;2;2;1;1;4;3;1;6;5;6;5;1;1142.6986793
382;2026Q2;ES705A1;ES705;1;1;53;1;1;5;9;1;1;2;2;1;-1;-1;-1;-1;-1;-1;-1;-1;-1;1;1;1;7;6;2;5;5;5;2;6;4;4;4;4;4;4;4;4;4;2;4;4;4;4;4;2;4;4;4;4;4;4;4;4;4;4;2;2;3;2;3;1;4;3;2;3;3;-3;-3;2;-3;3;1;1;1;4;6;6;5;6;5;1;380.89955977
383;2026Q2;ES705A1;ES705;6;2;62;1;1;1;6;10;-1;-1;-1;6;-1;-1;-1;62;1;4;-1;-1;-1;2;2;4;3;3;3;5;5;3;1;6;4;4;4;4;-9;4;4;-9;4;2;-9;2;3;2;2;2;4;4;2;4;4;4;4;3;4;4;2;2;4;-3;3;3;-3;2;4;3;4;3;3;3;3;3;2;3;-1;-1;-9;6;1;6;4;1;591.97549006
384;2026Q2;ES705A1;ES705;1;1;61;1;1;1;5;10;-1;-1;-1;6;-1;-1;-1;55;3;-1;-1;-9;-1;2;2;8;2;2;-1;4;4;3;2;6;4;4;4;4;4;4;4;4;3;3;4;4;4;4;4;4;4;4;4;4;4;4;3;3;4;4;3;3;4;4;4;4;4;4;3;4;4;4;4;4;4;4;2;2;-1;-1;6;6;1;6;3;-3;537.25601889
385;2026Q2;ES705A1;ES705;6;2;61;1;1;1;5;1;6;2;5;6;-1;-1;-1;56;1;5;-1;-1;-1;4;4;2;6;3;5;-9;-9;2;1;6;3;3;2;3;5;4;5;4;3;3;4;5;4;2;4;3;2;3;2;3;4;4;5;5;5;5;2;2;2;3;3;1;2;2;1;3;3;-3;-3;1;1;1;1;1;1;1;1;1;1;6;4;1;2606.8339508
386;2026Q2;ES705A1;ES705;1;1;33;3;3;4;7;7;-1;-1;9;1;-1;-1;-1;-1;-1;-1;-1;-1;-1;1;1;1;4;6;6;4;4;4;1;6;4;4;4;4;4;4;5;4;4;2;4;2;4;5;2;2;4;4;4;4;4;4;4;4;2;4;4;3;4;3;4;3;4;3;3;3;4;3;3;1;3;4;2;1;1;2;1;1;4;6;5;1;1568.1397005
387;2026Q2;ES705A1;ES705;6;2;79;1;1;1;5;16;-1;-1;-1;1;1;1;5;-1;-1;-1;-1;-1;-1;1;1;1;2;3;5;5;4;4;1;6;4;4;4;4;4;2;2;4;2;4;4;4;2;2;4;4;4;4;4;4;4;4;2;2;2;2;4;4;4;4;4;4;4;4;4;4;4;4;-3;3;3;4;3;3;-1;-1;6;6;5;6;4;1;986.45044561
388;2026Q2;ES705A1;ES705;6;2;43;3;1;5;8;1;6;2;5;1;-1;-1;-1;-1;-1;-1;-1;-1;-1;2;2;6;6;5;5;4;4;4;3;6;5;5;4;4;4;4;4;4;5;4;4;4;2;4;4;4;4;4;4;4;4;4;4;2;4;4;4;4;4;4;4;4;4;3;3;3;3;3;3;3;4;4;1;1;3;4;1;6;5;6;2;3;1647.0762335
389;2026Q2;ES705A1;ES705;6;2;48;1;1;1;8;1;6;1;5;1;-1;-1;-1;-1;-1;-1;-1;-1;-1;2;2;6;3;3;5;4;5;3;2;6;5;5;5;4;4;1;4;4;4;5;2;2;2;2;2;5;5;4;5;2;4;4;4;4;4;4;2;5;4;2;3;3;4;2;1;1;3;3;3;4;4;4;2;3;-1;-1;6;6;5;6;4;-3;1077.6056776
390;2026Q2;ES705A1;ES705;1;1;66;2;1;5;5;1;6;2;7;1;-1;-1;-1;-1;-1;-1;-1;-1;-1;1;1;1;4;6;5;3;3;3;1;6;4;4;4;4;4;2;4;4;2;4;2;4;2;2;4;4;4;4;4;4;4;4;2;2;2;2;4;4;4;4;4;4;3;1;2;3;3;4;3;4;4;4;2;1;4;3;1;6;5;6;4;1;348.12617792
391;2026Q2;ES705A1;ES705;1;1;54;2;1;5;9;1;1;2;3;1;-1;-1;-1;-1;-1;-1;-1;-1;-1;2;3;2;5;4;3;5;5;5;3;6;4;4;3;3;3;4;5;4;4;4;4;3;3;3;3;3;3;2;3;4;3;3;2;2;4;2;3;3;4;3;4;4;4;4;3;3;3;3;-3;2;3;4;1;1;1;4;1;6;5;6;4;1;761.79911954
392;2026Q2;ES705A1;ES705;1;1;48;1;1;1;10;2;6;2;2;1;-1;-1;-1;-1;-1;-1;-1;-1;-1;1;1;1;4;6;1;4;4;2;2;6;4;4;2;4;4;3;4;4;2;4;3;3;2;2;4;4;4;4;4;4;4;4;2;3;2;2;3;3;4;3;3;3;3;3;3;3;3;3;3;3;-3;3;2;1;3;4;1;1;1;6;4;1;380.89955977
393;2026Q2;ES705A1;ES705;1;1;68;1;1;1;5;12;-1;-1;-1;6;-1;-1;-1;65;1;4;-1;-1;-1;2;2;4;3;3;3;3;3;3;3;1;4;2;2;2;2;2;4;2;4;2;4;2;2;4;2;4;4;4;4;4;4;4;2;2;2;2;2;2;4;4;3;3;3;4;4;4;4;4;3;2;4;4;1;1;4;4;1;1;5;6;4;1;1499.726541
394;2026Q2;ES705A1;ES705;6;2;61;1;1;1;7;2;6;2;5;1;-1;-1;-1;-1;-1;-1;-1;-1;-1;1;1;1;3;5;5;3;4;3;2;6;3;4;2;2;2;4;4;2;4;2;4;2;4;4;3;2;2;2;3;2;2;2;2;4;4;4;2;2;3;3;4;3;3;3;3;3;3;2;2;1;3;2;3;1;3;2;1;1;1;6;5;1;651.7084877
395;2026Q2;ES705A1;ES705;1;1;55;1;1;1;3;10;-1;-1;-1;1;-1;1;7;-1;-1;-1;-1;-1;-1;1;1;1;3;5;4;4;4;4;2;6;4;4;4;2;4;2;2;2;4;4;2;4;4;2;2;2;2;4;2;4;2;4;2;4;-9;2;2;4;4;3;3;4;4;3;3;3;3;3;3;-3;4;4;2;3;-1;-1;6;6;1;6;4;1;268.62800945
396;2026Q2;ES705A1;ES705;1;1;21;1;1;1;8;13;-1;-1;-1;-9;-1;-1;-1;-1;-1;-1;-1;-1;-1;3;3;6;-9;-9;-1;4;4;4;1;6;4;2;3;3;4;3;5;2;4;2;4;3;4;-9;-9;3;3;2;4;3;4;3;5;-9;3;3;3;3;-3;-3;-3;-3;-3;2;3;-3;-3;-3;-3;-3;-3;-3;2;2;-1;-1;-9;6;1;6;4;1;2992.7676208
397;2026Q2;ES705A1;ES705;6;2;22;1;1;1;8;13;-1;-1;-1;6;-1;-1;-1;60;1;5;-1;-1;-1;2;2;6;3;3;5;5;5;5;2;6;4;4;2;4;2;5;5;4;5;1;5;2;4;4;2;2;4;2;2;3;2;2;5;5;4;5;2;1;5;5;4;1;5;4;4;2;4;2;2;1;2;1;2;1;3;4;1;6;1;6;5;1;2150.8980564
398;2026Q2;ES705A1;ES705;1;1;64;1;1;1;2;10;-1;-1;-1;1;-1;1;8;-1;-1;-1;-1;-1;-1;2;2;8;4;4;5;4;4;4;2;6;4;4;4;4;4;2;2;4;2;4;2;4;2;2;4;4;4;4;4;4;4;4;2;2;2;2;4;4;4;4;5;5;5;5;4;4;4;4;4;4;4;2;3;2;-1;-1;6;6;1;6;4;1;537.25601889
399;2026Q2;ES705A1;ES705;6;2;46;1;1;1;8;1;6;1;5;1;-1;-1;-1;-1;-1;-1;-1;-1;-1;2;3;2;6;4;5;3;3;3;3;-9;4;4;4;4;4;2;4;4;4;2;4;2;2;4;2;2;2;2;2;2;2;2;2;2;4;4;2;2;-3;-3;-3;-3;-3;-3;4;-3;-3;-3;-3;-3;-3;-3;2;3;-1;-1;6;6;3;6;4;1;1077.6056776
400;2026Q2;ES705A1;ES705;1;1;22;1;1;1;6;1;6;2;9;6;-1;-1;-1;78;2;5;-1;-1;-1;4;4;8;6;4;5;3;3;2;2;6;2;2;-9;2;2;2;4;2;4;2;4;2;4;4;2;2;2;4;2;2;4;4;4;2;4;4;2;-9;3;3;3;3;3;2;5;2;2;2;2;2;2;3;1;1;1;3;1;1;1;6;4;3;2383.4084574
401;2026Q2;ES705A1;ES705;6;2;50;1;1;1;9;2;6;2;2;1;-1;-1;-1;-1;-1;-1;-1;-1;-1;2;3;2;6;4;1;5;5;5;5;6;4;4;4;5;4;5;5;5;5;4;2;4;2;2;4;4;4;4;5;5;4;4;4;4;2;4;2;2;3;3;4;2;4;3;2;4;4;2;3;3;3;3;2;3;-1;-1;6;6;1;6;4;1;1077.6056776
402;2026Q2;ES705A1;ES705;1;1;67;1;1;1;5;12;-1;-1;-1;1;-1;1;4;-1;-1;-1;-1;-1;-1;2;2;6;5;5;3;5;5;5;1;6;4;4;4;4;4;4;5;4;3;4;4;4;3;2;4;4;5;4;4;3;4;4;2;2;2;2;4;4;4;4;4;4;4;4;3;4;4;4;4;3;3;4;1;1;3;2;1;6;1;6;3;1;1499.726541
403;2026Q2;ES705A1;ES705;6;2;46;1;1;1;10;1;6;1;2;1;-1;-1;-1;-1;-1;-1;-1;-1;-1;2;2;4;5;5;-1;4;4;3;1;6;2;2;3;4;4;4;5;3;4;1;4;2;4;4;2;2;2;1;2;3;3;3;5;5;5;4;2;2;4;4;4;3;4;3;2;3;-3;4;3;3;4;2;1;1;1;4;6;6;1;6;3;-3;1077.6056776
404;2026Q2;ES705A1;ES705;6;2;43;1;1;1;8;2;6;1;4;6;-1;-1;-1;47;1;8;-1;-1;-1;2;2;4;6;5;5;4;4;3;2;6;4;4;3;4;3;3;4;4;3;3;3;3;3;3;3;3;3;4;3;3;3;4;3;3;3;4;3;2;4;4;4;3;4;4;4;3;4;3;3;3;4;3;2;-9;-1;-1;1;6;1;6;4;-3;1647.0762335
405;2026Q2;ES705A1;ES705;6;2;54;1;1;1;7;1;6;1;4;1;-1;-1;-1;-1;-1;-1;-1;-1;-1;3;3;8;7;5;3;5;5;4;4;1;4;4;4;4;4;3;4;-9;3;3;4;4;2;2;-9;4;4;4;-9;4;4;4;2;2;4;4;-9;-9;-3;-3;-3;-3;4;3;3;-3;4;-3;-3;-3;-3;-3;2;3;-1;-1;6;6;1;6;4;-3;1616.4085165
406;2026Q2;ES705A1;ES705;6;2;45;1;1;1;8;2;6;2;5;1;-1;-1;-1;-1;-1;-1;-1;-1;-1;2;2;4;4;4;5;5;5;3;1;6;4;3;4;4;4;4;-9;-9;-9;3;4;3;3;4;-9;3;2;3;4;4;4;4;-9;-9;3;-9;-9;-9;4;4;4;4;4;4;3;-3;-3;-3;4;3;4;-3;2;2;-1;-1;-9;6;5;6;2;-3;1077.6056776
407;2026Q2;ES705A1;ES705;1;1;70;3;1;5;11;12;-1;-1;-1;1;-1;1;2;-1;-1;-1;-1;-1;-1;1;1;1;6;6;1;4;4;2;1;6;3;2;2;3;4;5;5;3;4;2;5;1;4;-9;-9;2;2;1;3;3;3;4;4;5;5;5;1;1;3;3;4;3;3;3;-3;-3;2;2;3;3;3;2;2;-9;-1;-1;6;6;5;6;-3;1;749.86327051
408;2026Q2;ES705A1;ES705;1;1;37;1;1;1;10;1;1;2;2;1;-1;-1;-1;-1;-1;-1;-1;-1;-1;2;2;8;7;6;1;4;4;4;2;6;4;4;3;4;4;3;4;4;2;4;4;3;2;4;4;4;4;4;4;4;4;4;4;3;3;3;4;4;4;4;4;4;3;3;4;4;4;4;4;3;3;4;1;1;3;2;6;6;1;6;4;1;1076.58734
409;2026Q2;ES705A1;ES705;6;2;55;1;1;1;8;1;6;2;9;1;-1;-1;-1;-1;-1;-1;-1;-1;-1;1;1;1;3;5;6;5;5;2;2;6;3;3;3;4;4;5;-9;3;-9;3;-9;2;3;-9;3;-9;3;3;4;-9;4;4;-9;4;3;-9;-9;-9;4;-3;4;-3;3;3;3;-3;-3;-3;-3;-3;-3;-3;3;2;-1;-1;6;6;1;6;2;-3;651.7084877
410;2026Q2;ES705A1;ES705;6;2;44;1;1;1;10;1;6;1;5;1;-1;-1;-1;-1;-1;-1;-1;-1;-1;1;1;1;6;6;3;4;3;3;5;1;3;2;2;4;3;4;5;3;5;3;5;3;3;2;2;3;2;2;4;4;2;2;4;4;5;4;2;3;4;3;3;1;3;1;3;3;4;2;3;2;3;2;1;1;1;1;1;6;1;6;3;1;823.53811676
411;2026Q2;ES705A1;ES705;1;1;58;1;1;1;8;1;6;2;8;1;-1;-1;-1;-1;-1;-1;-1;-1;-1;2;3;2;6;4;5;4;4;2;1;6;4;4;4;4;4;4;-9;-9;-9;4;-9;4;2;3;4;4;4;4;4;4;4;4;2;3;-9;3;-9;4;4;4;4;-3;4;4;4;-3;4;-3;-3;-3;-3;-3;2;-9;-1;-1;6;6;1;6;-3;-3;1098.9485176
412;2026Q2;ES705A1;ES705;6;2;68;1;1;1;8;12;-1;-1;-1;6;-1;-1;-1;70;5;-1;-1;1;4;2;2;4;4;4;3;4;4;-9;1;6;4;3;-9;4;4;-9;4;-9;-9;-9;-9;-9;-9;-9;-9;-9;2;3;3;4;3;4;4;-9;4;4;-9;-9;3;-3;3;-3;-3;4;-3;-3;-3;-3;-3;-3;-3;-3;2;-9;-1;-1;6;6;1;6;-3;-3;1972.9008912
413;2026Q2;ES705A1;ES705;1;1;35;3;1;1;10;1;6;2;7;1;-1;-1;-1;-1;-1;-1;-1;-1;-1;4;4;5;7;5;4;5;5;4;2;6;4;3;3;4;3;4;5;3;5;3;4;4;2;3;4;4;4;2;2;2;4;4;4;3;4;4;4;3;5;4;3;4;4;3;3;-3;4;3;3;2;3;4;2;2;-1;-1;1;6;1;6;4;1;2153.1746801
414;2026Q2;ES705A1;ES705;6;2;39;1;1;5;9;1;1;2;1;1;-1;-1;-1;-1;-1;-1;-1;-1;-1;1;2;6;6;6;1;5;4;3;2;6;4;2;3;3;3;4;5;1;5;2;4;3;3;2;3;4;3;3;3;3;4;4;3;3;3;3;2;2;2;3;2;2;3;4;4;3;3;3;3;2;2;1;2;1;2;-9;1;6;5;6;3;1;823.53811676
415;2026Q2;ES705A1;ES705;6;2;28;2;1;3;9;2;6;2;2;6;-1;-1;-1;31;1;5;-1;-1;-1;2;2;4;7;6;5;3;3;3;1;6;3;2;3;3;4;4;5;4;5;1;5;4;3;4;3;3;2;4;4;4;4;4;5;5;5;5;2;2;4;3;-3;-3;4;2;2;-3;-3;-3;-3;1;-3;1;1;1;3;2;1;6;3;6;5;1;981.09908606
416;2026Q2;ES705A1;ES705;6;2;57;1;1;1;8;1;6;2;5;1;-1;-1;-1;-1;-1;-1;-1;-1;-1;1;1;1;4;6;5;5;5;3;1;6;4;4;-9;4;4;4;-9;4;-9;3;-9;4;-9;3;4;4;4;3;3;4;4;4;3;3;3;3;-9;-9;4;4;3;-3;-3;4;4;-3;4;-3;-3;-3;-3;-3;1;2;-1;-1;6;6;1;6;-3;-3;651.7084877
417;2026Q2;ES705A1;ES705;1;1;66;2;1;4;9;12;-1;-1;-1;1;-1;1;2;-1;-1;-1;-1;-1;-1;2;2;4;7;6;1;5;5;5;1;6;4;5;5;5;5;5;3;3;3;4;3;4;3;1;3;4;4;2;4;5;4;3;5;4;4;5;2;2;4;4;4;4;-3;2;4;-3;-3;-3;-3;-3;3;1;1;1;3;1;-9;6;4;6;5;-3;1499.726541
418;2026Q2;ES705A1;ES705;6;2;68;1;1;1;6;12;-1;-1;-1;1;-1;1;3;-1;-1;-1;-1;-1;-1;1;1;1;4;6;3;5;5;4;-9;6;4;4;-9;4;4;4;5;4;4;4;5;4;4;4;3;4;4;4;4;4;4;4;2;2;-9;2;-9;3;4;3;4;3;4;2;2;-3;3;3;3;3;3;3;2;-9;-1;-1;1;-9;5;6;3;3;986.45044561
419;2026Q2;ES705A1;ES705;1;1;65;1;1;1;3;12;-1;-1;-1;1;-1;1;4;-1;-1;-1;-1;-1;-1;3;3;2;6;4;3;5;5;4;3;1;4;3;3;5;4;4;4;4;3;3;4;4;3;2;4;4;4;4;3;4;4;5;2;2;2;2;3;3;3;3;3;3;3;3;3;3;3;3;3;3;3;3;1;3;-1;-1;6;6;1;6;4;1;2249.5898115
420;2026Q2;ES705A1;ES705;6;2;38;1;1;1;10;2;1;2;2;1;-1;-1;-1;-1;-1;-1;-1;-1;-1;1;1;1;5;6;2;5;5;5;5;1;5;5;5;5;5;4;4;3;4;5;5;4;4;2;4;5;5;3;4;5;5;5;3;3;2;2;4;4;5;4;4;4;4;4;4;-3;5;3;3;2;3;3;2;1;3;2;1;1;1;6;5;1;823.53811676
421;2026Q2;ES705A1;ES705;1;1;45;1;1;1;8;1;6;2;7;6;-1;-1;-1;70;5;-1;-1;1;5;4;4;6;6;4;5;5;5;4;2;6;4;2;2;4;4;5;5;2;4;1;5;1;2;4;1;3;3;2;1;3;2;4;5;5;5;4;2;3;1;2;1;1;1;4;4;2;4;2;2;1;1;1;1;1;3;4;1;6;1;6;4;1;1523.5982391
422;2026Q2;ES705A1;ES705;1;1;41;2;1;5;7;1;6;2;4;6;-1;-1;-1;41;1;4;-1;-1;-1;2;2;9;3;3;3;5;5;5;1;6;2;1;5;2;3;4;5;4;5;3;4;2;3;4;3;4;3;2;3;3;3;3;5;4;5;4;3;3;2;4;2;2;2;2;2;2;2;2;1;2;2;1;2;3;-1;-1;6;6;5;6;4;-3;1076.58734
423;2026Q2;ES705A1;ES705;6;2;53;1;1;1;8;2;6;2;9;1;-1;-1;-1;-1;-1;-1;-1;-1;-1;2;2;6;3;3;6;4;4;3;2;6;4;4;-9;4;4;3;3;4;3;4;3;4;2;2;4;4;4;4;4;4;4;4;2;3;3;3;3;4;4;4;4;4;4;4;4;-3;4;-3;-3;-3;-3;-3;2;3;-1;-1;6;6;1;6;-7;-3;1077.6056776
424;2026Q2;ES705A1;ES705;1;1;27;3;1;3;6;1;1;2;7;6;-1;-1;-1;32;1;7;-1;-1;-1;2;2;8;5;5;5;5;4;3;1;6;5;5;4;5;5;5;5;4;5;2;4;2;2;2;4;5;4;2;4;5;5;5;2;4;2;4;2;4;4;4;4;3;4;3;4;5;3;2;4;1;4;4;2;3;-1;-1;6;6;3;6;-7;2;1191.7042287
425;2026Q2;ES705A1;ES705;1;1;61;2;1;5;5;10;-1;-1;-1;6;-1;-1;-1;51;1;4;-1;-1;-1;3;3;2;4;3;3;4;4;4;4;6;1;2;2;2;2;5;5;1;5;1;5;2;4;5;2;2;2;2;4;2;4;4;1;5;5;5;2;2;3;1;3;1;4;1;2;2;2;2;2;1;2;2;1;3;-1;-1;6;6;5;6;3;1;805.88402834
426;2026Q2;ES705A1;ES705;6;2;78;1;1;1;5;12;-1;-1;-1;1;-1;1;4;-1;-1;-1;-1;-1;-1;1;1;1;4;6;3;4;4;3;1;6;4;4;4;4;2;4;4;4;5;4;4;2;4;2;4;2;2;2;2;2;4;4;4;4;4;4;2;2;4;4;4;4;4;3;3;3;3;3;-3;1;3;3;2;1;4;1;1;6;1;6;3;1;986.45044561
427;2026Q2;ES705A1;ES705;1;1;55;1;1;5;10;1;6;1;2;1;-1;-1;-1;-1;-1;-1;-1;-1;-1;1;1;1;4;6;1;4;4;1;1;6;4;4;2;4;4;-9;1;4;1;2;2;2;1;1;-9;2;2;4;-9;2;4;4;2;-9;2;2;-9;-9;-3;-3;-3;-3;-3;2;2;-3;-3;-3;-3;2;-3;-3;2;3;-1;-1;6;6;5;6;1;-3;549.4742588
428;2026Q2;ES705A1;ES705;6;2;69;1;1;1;10;12;-1;-1;-1;1;-1;1;2;-1;-1;-1;-1;-1;-1;1;1;1;4;6;1;5;5;3;1;1;4;4;-9;4;4;4;-9;3;-9;4;-9;4;2;2;4;4;4;4;4;4;4;4;3;3;3;3;4;3;5;4;4;4;4;3;3;-3;4;-3;-3;-3;4;-3;2;2;-1;-1;6;6;1;6;-3;-3;986.45044561
429;2026Q2;ES705A1;ES705;1;1;65;1;1;1;5;6;-1;-1;5;1;-1;-1;-1;-1;-1;-1;-1;-1;-1;2;2;4;3;3;3;3;3;2;2;6;4;4;-9;4;4;2;2;4;2;4;2;4;2;2;4;4;4;4;4;4;4;4;2;2;2;2;4;4;5;4;5;5;-3;4;5;4;5;1;2;1;1;4;2;1;4;4;1;6;1;6;4;2;696.25235585
430;2026Q2;ES705A1;ES705;1;1;70;1;1;1;8;12;-1;-1;-1;1;-1;1;4;-1;-1;-1;-1;-1;-1;2;2;4;5;5;3;5;5;3;1;6;4;2;-9;4;4;4;3;4;-9;3;-9;3;2;2;4;4;3;3;4;3;4;4;3;3;3;3;3;3;5;4;3;4;3;3;2;-3;4;3;3;-3;3;-3;2;-9;-1;-1;6;6;5;6;-3;-3;1499.726541
431;2026Q2;ES705A1;ES705;6;2;75;1;1;1;6;12;-1;-1;-1;1;-1;1;1;-1;-1;-1;-1;-1;-1;1;1;1;6;6;1;5;5;4;2;6;4;2;-9;4;5;3;4;4;3;-9;4;4;2;3;-9;4;4;4;5;4;4;5;2;-9;-9;3;-9;4;4;3;4;3;3;3;2;-7;2;-3;2;2;3;2;2;2;-1;-1;6;6;1;6;-7;-3;986.45044561
432;2026Q2;ES705A1;ES705;6;2;77;1;1;5;8;12;-1;-1;-1;1;-1;1;5;-1;-1;-1;-1;-1;-1;2;2;8;4;4;5;4;4;4;4;6;4;4;4;4;4;4;4;4;4;2;-9;3;2;2;2;4;4;2;2;4;4;4;4;2;4;4;-9;4;3;4;3;3;4;2;2;-3;3;2;3;2;3;2;2;3;-1;-1;6;6;5;6;1;3;1972.9008912
433;2026Q2;ES705A1;ES705;6;2;59;1;1;5;10;15;-1;-1;-1;1;1;1;2;-1;-1;-1;-1;-1;-1;1;2;6;4;4;1;5;5;4;4;6;4;-9;4;4;4;4;4;2;4;3;3;4;2;2;4;4;3;3;4;4;4;4;-9;2;2;4;-9;2;4;4;4;3;-3;2;2;-3;2;3;2;1;-3;2;1;1;1;2;1;1;5;6;1;1;1236.6079729
434;2026Q2;ES705A1;ES705;6;2;58;1;1;1;4;16;-1;-1;-1;-9;-1;-1;-1;-1;-1;-1;-1;-1;-1;2;2;-9;-9;-9;-1;4;4;2;-9;6;5;5;4;4;4;4;5;4;5;4;5;2;3;3;3;4;4;4;4;4;4;4;4;4;4;5;3;3;-3;-3;-3;-3;4;2;2;-3;-3;-3;-3;-3;-3;-3;2;-9;-1;-1;-9;-9;5;6;5;1;2473.2159457
435;2026Q2;ES705A1;ES705;1;1;32;1;1;1;5;1;6;2;9;6;-1;-1;-1;65;5;-1;-1;1;7;4;4;8;7;5;4;5;5;5;4;1;5;3;4;4;4;4;4;4;3;2;4;2;4;4;2;3;3;2;2;3;4;4;4;2;3;4;2;2;-3;-3;-3;-3;-3;-3;-3;-3;-3;-3;-3;-3;-3;-3;2;2;-1;-1;6;6;1;6;3;1;2383.4084574
436;2026Q2;ES705A1;ES705;1;1;64;1;1;1;10;12;-1;-1;-1;1;-1;1;2;-1;-1;-1;-1;-1;-1;2;2;4;7;6;1;5;5;3;2;6;2;3;4;5;4;2;3;3;2;3;-9;4;2;2;3;3;4;3;3;3;5;5;2;2;3;3;3;4;3;3;3;2;3;1;3;-3;3;-3;-3;-3;3;3;2;3;-1;-1;6;6;5;6;1;-3;1902.4227028
437;2026Q2;ES705A1;ES705;1;1;29;1;1;5;9;7;-1;-1;2;1;-1;-1;-1;-1;-1;-1;-1;-1;-1;1;1;1;5;6;2;4;3;2;1;6;4;2;3;4;5;3;4;4;5;3;4;4;-9;4;5;4;3;4;4;4;5;5;3;4;2;4;-9;3;-3;-3;-3;-3;-3;-3;-3;-3;-3;-3;-3;-3;-3;-3;2;1;3;4;1;6;5;6;3;-3;595.85211436
438;2026Q2;ES705A1;ES705;1;1;73;1;1;1;10;12;-1;-1;-1;1;-1;1;2;-1;-1;-1;-1;-1;-1;2;2;4;5;5;-1;5;5;4;1;6;4;3;3;4;4;4;4;4;3;4;-9;3;-9;2;4;4;3;4;3;3;4;4;3;3;3;3;3;3;4;4;4;3;3;3;3;-3;4;3;3;-3;3;-3;2;-9;-1;-1;6;6;1;6;-3;-3;1499.726541
439;2026Q2;ES705A1;ES705;1;1;68;3;1;5;10;1;1;2;3;1;-1;-1;-1;-1;-1;-1;-1;-1;-1;4;4;6;6;2;4;5;5;4;2;6;4;5;2;4;4;4;4;4;4;4;4;4;4;2;4;4;4;2;4;4;4;4;4;2;4;4;4;4;4;4;4;4;4;5;5;-3;4;4;4;2;4;4;3;2;-1;-1;6;6;5;6;-3;1;1740.6308896
440;2026Q2;ES705A1;ES705;1;1;57;2;1;5;10;15;-1;-1;-1;1;1;2;1;-1;-1;-1;-1;-1;-1;2;2;9;6;5;-1;5;5;3;1;6;5;5;5;5;5;1;1;5;3;4;2;4;1;1;3;3;3;5;5;4;3;4;1;3;3;4;2;3;5;3;1;1;3;1;1;1;1;1;1;1;1;1;1;1;1;4;1;1;5;6;3;1;1902.4227028
441;2026Q2;ES705A1;ES705;6;2;32;1;1;5;6;10;-1;-1;-1;6;-1;-1;-1;60;1;2;-1;-1;-1;3;3;6;4;3;2;4;4;1;1;6;4;3;2;4;2;5;5;2;4;2;5;-9;-9;5;3;-9;2;3;-9;-9;4;4;4;-9;-9;4;2;2;4;4;-3;3;-3;4;4;-3;4;-3;-3;1;3;4;2;1;5;2;1;6;5;6;-7;1;404.48640109
442;2026Q2;ES705A1;ES705;6;2;46;1;1;1;9;1;6;1;4;1;-1;-1;-1;-1;-1;-1;-1;-1;-1;2;4;2;5;3;3;-9;-9;-9;-9;6;-9;-9;-9;-9;-9;-9;-9;-9;-9;-9;-9;-9;-9;-9;-9;-9;-9;-9;-9;-9;-9;-9;-9;-9;-9;-9;-9;-9;3;-3;-3;-3;4;2;1;-3;-3;-3;-3;3;3;2;1;2;-1;-1;6;-9;1;6;-7;1;1077.6056776
443;2026Q2;ES705A1;ES705;1;1;50;2;1;5;8;10;-1;-1;-1;1;-1;1;4;-1;-1;-1;-1;-1;-1;2;2;6;3;3;3;5;5;3;2;6;5;5;4;4;4;4;3;4;2;4;4;2;2;1;4;5;2;5;4;4;5;5;2;3;4;2;2;2;5;4;5;3;3;4;4;4;3;4;5;4;4;3;2;1;2;4;1;6;5;6;-3;-3;220.49119898
444;2026Q2;ES705A1;ES705;6;2;50;2;1;3;7;2;6;2;3;6;-1;-1;-1;53;1;0;-1;-1;-1;2;3;6;6;4;-1;3;3;3;2;6;4;4;4;4;4;4;4;4;4;4;-9;4;4;-9;4;4;4;4;4;4;4;4;4;2;-9;-9;4;3;4;4;4;-3;5;3;2;-3;-3;-3;-3;-3;4;4;2;3;-1;-1;6;6;3;6;-3;1;1077.6056776
445;2026Q2;ES705A1;ES705;6;2;67;2;1;5;7;12;-1;-1;-1;1;-1;1;3;-1;-1;-1;-1;-1;-1;1;1;1;4;6;3;5;5;4;4;6;4;4;3;4;4;2;3;4;3;4;2;4;2;2;4;4;4;4;4;4;4;4;2;2;2;2;4;4;3;3;3;3;3;3;3;3;3;3;3;2;3;3;3;1;4;3;1;1;5;6;3;1;986.45044561
446;2026Q2;ES705A1;ES705;1;1;48;2;1;5;10;2;6;2;2;1;-1;-1;-1;-1;-1;-1;-1;-1;-1;2;2;4;7;6;1;4;4;3;2;6;3;2;-9;4;3;4;4;4;4;4;4;2;2;3;2;4;4;2;4;4;2;3;4;4;4;4;3;4;4;4;3;4;4;4;3;-3;-3;-3;-3;-3;3;2;2;3;-1;-1;1;6;5;6;3;1;761.79911954
447;2026Q2;ES705A1;ES705;6;2;53;3;3;4;7;1;6;1;5;1;-1;-1;-1;-1;-1;-1;-1;-1;-1;2;2;9;2;2;5;4;4;3;1;6;3;4;-9;3;3;2;4;4;3;3;4;3;2;3;3;2;3;3;2;4;3;4;3;2;3;3;2;3;-3;-3;-3;-3;3;4;-3;-3;-3;-3;-3;2;3;-3;2;3;-1;-1;6;6;2;6;-7;1;1210.1751891
448;2026Q2;ES705A1;ES705;6;2;30;1;1;1;6;10;-1;-1;-1;6;-1;-1;-1;66;7;-1;6;-1;-1;3;3;8;2;2;-1;5;5;4;3;6;5;5;5;5;5;2;2;5;3;3;5;3;5;5;3;5;5;5;5;5;5;5;5;3;5;5;5;5;3;3;3;4;4;3;3;3;4;2;2;3;3;3;2;3;-1;-1;6;1;1;6;1;2;404.48640109
449;2026Q2;ES705A1;ES705;6;2;43;1;1;1;5;10;-1;-1;-1;6;-1;-1;-1;64;5;-1;-1;1;9;4;4;6;7;5;6;4;3;4;1;6;4;5;2;4;4;4;2;4;4;4;5;4;-9;2;4;4;4;4;4;4;4;4;4;-9;4;2;4;4;4;4;5;5;5;5;5;5;4;-3;-3;2;4;4;1;1;4;3;1;1;1;6;1;1;1871.2694964
450;2026Q2;ES705A1;ES705;1;1;25;1;1;1;9;13;-1;-1;-1;6;-1;-1;-1;59;1;5;-1;-1;-1;2;2;6;3;3;3;5;4;2;4;1;2;4;4;4;4;4;5;4;4;4;4;4;3;4;4;4;2;4;3;4;4;4;4;4;3;2;3;3;5;5;4;3;4;3;3;3;4;4;4;1;4;3;1;1;3;2;1;6;1;6;1;1;1995.1784139
451;2026Q2;ES705A1;ES705;1;1;23;1;1;1;5;10;-1;-1;-1;6;-1;-1;-1;43;1;5;-1;-1;-1;3;3;6;3;2;5;4;4;4;2;6;4;4;4;4;4;3;2;4;3;3;4;3;2;4;3;2;2;4;4;4;4;4;3;2;2;3;3;4;3;3;4;3;4;3;3;4;2;3;3;4;3;-3;2;2;-1;-1;1;6;1;6;-3;-3;945.01759502
452;2026Q2;ES705A1;ES705;6;2;30;1;1;5;10;10;-1;-1;-1;6;-1;-1;-1;57;1;3;-1;-1;-1;2;2;6;3;3;3;2;2;2;1;6;1;1;4;1;1;5;2;1;5;1;5;1;5;3;3;1;3;1;3;2;2;3;3;3;4;4;2;2;3;3;3;1;2;2;2;1;3;3;1;1;3;2;1;1;3;1;1;6;5;6;3;1;269.65760073
453;2026Q2;ES705A1;ES705;6;2;27;1;1;1;5;11;-1;-1;-1;1;-1;-1;-1;-1;-1;-1;-1;-1;-1;2;2;6;3;3;-1;3;3;3;2;6;4;2;2;2;4;5;4;2;5;2;5;2;4;4;2;2;2;4;2;4;4;4;4;4;4;4;2;2;2;3;3;2;2;2;2;2;3;2;2;3;2;2;2;3;-1;-1;6;6;1;6;1;1;269.65760073
454;2026Q2;ES705A1;ES705;1;1;80;1;1;1;5;12;-1;-1;-1;1;-1;1;3;-1;-1;-1;-1;-1;-1;1;1;1;4;6;2;-9;-9;-9;-9;6;-9;-9;-9;-9;-9;-9;-9;-9;-9;-9;-9;-9;-9;-9;-9;-9;-9;-9;-9;-9;-9;-9;-9;-9;-9;-9;-9;-9;-7;-7;-7;-7;-7;-7;-7;-7;-7;-7;-7;-7;-7;-7;2;3;-1;-1;-9;-9;1;6;-7;-3;749.86327051
455;2026Q2;ES705A1;ES705;1;1;55;1;1;1;5;11;-1;-1;-1;6;-1;-1;-1;80;7;-1;6;-1;-1;3;3;6;2;1;-1;5;5;2;2;6;4;4;4;4;3;3;2;3;3;2;3;2;2;2;2;3;2;3;3;4;3;2;4;4;3;3;3;4;-3;-3;-3;-3;4;-3;4;-3;-3;-3;-3;-3;-3;-3;3;2;-1;-1;6;6;1;6;1;-3;805.88402834
456;2026Q2;ES705A1;ES705;1;1;52;1;1;1;6;1;6;1;3;1;-1;-1;-1;-1;-1;-1;-1;-1;-1;1;1;1;3;5;2;5;5;4;4;6;3;3;3;3;4;4;5;3;3;3;3;3;3;3;3;3;4;3;4;3;4;4;3;3;4;3;3;3;3;3;3;3;3;3;3;3;3;3;3;3;3;2;2;2;-1;-1;-9;-9;5;6;2;-3;380.89955977
457;2026Q2;ES705A1;ES705;6;2;19;1;1;1;8;13;-1;-1;-1;6;-1;-1;-1;56;8;-1;1;1;7;2;2;6;4;4;5;4;4;2;1;6;3;3;2;3;3;5;5;3;4;1;5;3;3;3;3;2;3;3;4;4;5;5;2;4;5;4;3;3;4;3;3;2;4;5;4;-3;3;-3;-3;2;3;2;1;1;4;4;1;6;1;6;1;1;2150.8980564
458;2026Q2;ES705A1;ES705;6;2;74;1;1;1;7;12;-1;-1;-1;1;-1;1;5;-1;-1;-1;-1;-1;-1;1;1;1;4;6;5;5;5;2;1;6;4;2;2;4;2;5;4;4;2;2;4;3;2;2;4;2;4;2;2;4;4;4;2;4;2;2;4;2;4;2;4;1;4;2;4;2;4;2;2;1;2;1;1;1;3;2;6;6;5;6;1;1;986.45044561
459;2026Q2;ES705A1;ES705;6;2;44;1;1;1;8;1;1;1;3;6;-1;-1;-1;59;1;2;-1;-1;-1;2;2;4;7;6;2;5;5;5;1;6;1;1;1;1;1;5;5;1;5;1;5;1;5;5;1;1;1;1;1;2;2;2;5;5;5;5;1;1;1;1;1;1;3;1;3;1;3;1;1;1;1;1;2;1;5;4;1;6;5;1;5;1;1647.0762335
460;2026Q2;ES705A1;ES705;1;1;31;1;1;1;7;2;6;1;7;1;-1;-1;-1;-1;-1;-1;-1;-1;-1;2;2;4;5;5;4;4;4;4;3;6;4;3;2;4;4;4;4;4;4;2;4;3;3;5;3;3;5;4;4;3;4;4;2;4;4;4;4;2;3;4;4;2;3;3;2;3;3;3;3;2;3;3;1;1;3;4;1;6;1;6;1;3;1191.7042287
461;2026Q2;ES705A1;ES705;1;1;54;1;1;1;8;1;1;2;-9;1;-1;-1;-1;-1;-1;-1;-1;-1;-1;2;2;6;6;5;-1;5;4;2;1;6;4;5;1;4;4;4;5;4;1;4;1;4;1;1;4;4;4;5;5;5;4;5;1;4;2;2;2;2;4;5;5;5;5;5;4;4;4;3;4;3;3;4;1;1;1;2;1;6;1;6;1;1;761.79911954
462;2026Q2;ES705A1;ES705;6;2;32;1;1;1;6;1;6;2;9;6;-1;-1;-1;31;1;8;-1;-1;-1;2;2;4;5;5;-1;5;4;4;2;6;5;5;4;4;3;5;5;3;4;4;3;4;4;3;5;4;5;5;4;4;5;5;5;2;3;2;3;4;4;4;-7;5;-7;5;4;-3;-3;-3;-3;4;5;-3;2;1;3;-9;-9;6;5;6;1;-3;981.09908606
463;2026Q2;ES705A1;ES705;1;1;75;1;1;1;4;12;-1;-1;-1;1;-1;1;7;-1;-1;-1;-1;-1;-1;1;1;1;3;5;4;4;4;2;2;6;4;4;4;4;4;3;4;4;2;4;3;2;4;2;4;4;4;4;4;4;4;4;2;4;3;2;3;3;4;4;3;3;3;2;3;3;3;3;3;3;4;4;2;3;-1;-1;6;6;5;6;1;-3;749.86327051
464;2026Q2;ES705A1;ES705;1;1;52;1;1;1;7;15;-1;-1;-1;6;-1;-1;-1;76;5;-1;-1;1;8;3;3;6;4;3;5;4;4;2;1;6;4;4;4;3;2;4;3;3;4;2;3;2;4;3;4;2;4;2;2;2;4;3;3;3;4;2;3;3;3;3;4;4;5;4;2;3;3;3;3;3;3;3;3;1;4;4;6;6;1;6;1;1;2347.9099571
465;2026Q2;ES705A1;ES705;6;2;52;1;1;1;5;15;-1;-1;-1;6;-1;-1;-1;53;9;-1;1;1;9;2;3;2;5;3;6;4;4;3;1;6;4;4;-9;4;4;2;4;-9;4;2;2;2;2;2;3;1;2;4;2;-9;2;3;2;2;-9;-9;2;-9;3;3;3;4;3;2;2;-3;-3;-3;-3;4;3;3;2;3;-1;-1;6;6;1;6;-7;2;2247.404648
466;2026Q2;ES705A1;ES705;6;2;69;3;2;5;5;12;-1;-1;-1;1;-1;1;5;-1;-1;-1;-1;-1;-1;1;1;1;2;3;5;5;5;3;1;6;4;4;4;4;4;2;4;4;4;4;4;4;2;4;4;4;4;4;4;4;4;4;4;2;2;2;4;4;4;4;4;4;5;3;3;3;4;4;4;3;4;4;3;1;5;2;1;1;5;6;-3;-3;1052.7352013
467;2026Q2;ES705A1;ES705;1;1;49;1;1;1;5;1;6;1;5;1;-1;-1;-1;-1;-1;-1;-1;-1;-1;4;4;6;7;3;5;4;4;2;2;6;3;-9;-9;4;4;4;4;4;4;2;4;-9;2;2;-9;4;4;4;4;4;4;4;2;2;4;4;-9;4;-3;-3;-3;-3;-3;4;2;-3;-3;-3;-3;2;-3;-3;3;3;-1;-1;6;6;1;6;1;-3;1523.5982391
468;2026Q2;ES705A1;ES705;1;1;40;1;1;1;4;11;-1;-1;-1;1;-1;-1;-1;-1;-1;-1;-1;-1;-1;1;1;1;1;2;-1;3;4;2;1;6;5;4;4;5;5;2;4;4;2;4;4;4;2;2;4;4;4;2;2;2;4;4;2;4;2;2;2;2;-3;-3;-3;3;3;3;3;3;-3;-3;-3;-3;-3;-3;2;3;-1;-1;6;6;1;6;1;1;257.44742066
469;2026Q2;ES705A1;ES705;6;2;50;1;1;1;8;10;-1;-1;-1;1;-1;1;9;-1;-1;-1;-1;-1;-1;2;2;6;4;4;6;4;4;3;1;1;4;3;-9;4;4;4;-9;4;-9;3;-9;3;-9;2;4;-9;4;3;3;3;4;4;-9;-9;-9;-9;-9;-9;4;-3;3;-3;3;3;3;-3;4;-3;-3;-3;-3;-3;2;-9;-1;-1;6;6;1;6;-3;-3;366.16419231
470;2026Q2;ES705A1;ES705;1;1;71;1;1;1;11;12;-1;-1;-1;1;-1;1;2;-1;-1;-1;-1;-1;-1;2;2;4;6;5;1;4;4;2;2;6;3;3;3;4;3;5;-9;-9;4;2;-9;-9;-9;-9;3;3;-9;3;-9;3;3;4;3;4;4;4;-9;3;3;-3;3;-3;-3;-3;-3;-3;-3;-3;2;-3;-3;-3;2;-9;-1;-1;6;6;5;6;-7;-3;1499.726541
471;2026Q2;ES705A1;ES705;6;2;68;1;1;1;8;12;-1;-1;-1;6;-1;-1;-1;70;5;-1;-1;1;7;2;2;4;4;4;4;4;4;4;2;6;4;4;-9;4;4;-9;-9;4;-9;4;-9;4;2;2;4;4;4;4;4;4;4;4;2;-9;2;-9;4;4;4;4;4;4;4;4;4;-3;4;-3;-3;-3;-3;-3;3;-9;-1;-1;6;-9;1;6;-3;-3;1972.9008912
472;2026Q2;ES705A1;ES705;6;2;48;1;1;5;10;2;1;2;2;1;-1;-1;-1;-1;-1;-1;-1;-1;-1;1;1;1;4;6;2;5;4;3;1;6;1;1;2;2;2;5;5;4;5;1;5;2;2;5;2;4;2;4;4;2;4;4;4;4;5;4;2;2;5;4;-3;3;5;4;3;2;-3;-3;-3;2;1;1;1;1;4;2;6;6;5;6;3;1;538.80283882
473;2026Q2;ES705A1;ES705;1;1;65;1;1;1;10;5;-1;-1;1;1;-1;-1;-1;-1;-1;-1;-1;-1;-1;1;1;1;5;6;2;5;5;3;3;6;4;2;2;4;2;4;5;2;5;2;4;2;4;2;2;2;4;2;2;4;4;4;4;4;4;4;2;2;4;2;3;1;4;3;4;1;3;1;2;1;2;1;2;1;1;2;6;6;5;6;4;1;348.12617792
474;2026Q2;ES705A1;ES705;1;1;73;1;1;5;11;12;-1;-1;-1;1;-1;1;2;-1;-1;-1;-1;-1;-1;2;2;4;6;5;1;5;5;3;1;6;4;3;-9;4;4;4;-9;3;3;3;-9;3;2;3;4;-9;4;3;4;3;3;4;3;3;-9;-9;-9;3;5;4;4;3;3;3;3;3;4;3;4;-3;-3;-3;2;-9;-1;-1;6;6;5;6;-3;-3;1499.726541
475;2026Q2;ES705A1;ES705;1;1;55;1;1;1;10;2;1;2;2;1;-1;-1;-1;-1;-1;-1;-1;-1;-1;1;1;1;5;6;1;5;5;3;2;6;4;3;4;4;4;4;3;4;2;3;3;3;2;2;4;3;3;3;3;3;4;4;3;4;3;4;3;3;-3;-3;3;-3;-3;3;3;-3;-3;-3;-3;3;-3;-3;3;2;-1;-1;-9;-9;1;6;-3;1;549.4742588
476;2026Q2;ES705A1;ES705;1;1;56;2;1;5;10;7;-1;-1;-9;1;-1;-1;-1;-1;-1;-1;-1;-1;-1;2;2;6;-9;-9;-1;5;5;4;5;1;4;5;5;5;5;2;-9;5;1;4;2;4;2;2;4;5;4;4;4;5;4;5;2;2;2;-9;4;3;2;2;2;1;1;1;1;1;2;2;2;2;2;2;1;3;-1;-1;6;6;5;6;3;2;1098.9485176
477;2026Q2;ES705A1;ES705;1;1;50;1;1;1;11;2;1;2;2;1;-1;-1;-1;-1;-1;-1;-1;-1;-1;3;4;2;6;3;1;4;5;3;2;6;4;2;4;4;4;4;2;4;2;4;2;4;2;2;4;4;4;4;4;2;4;4;2;2;2;2;2;2;4;4;4;2;4;2;4;4;4;4;4;4;4;4;1;1;1;1;1;1;5;6;3;3;1142.6986793
478;2026Q2;ES705A1;ES705;6;2;58;1;1;1;8;1;6;2;5;1;-1;-1;-1;-1;-1;-1;-1;-1;-1;1;1;1;3;5;5;4;4;3;2;6;4;4;-9;4;4;-9;-9;4;-9;-9;-9;3;-9;-9;-9;4;4;3;4;4;4;4;3;-9;-9;-9;-9;-9;4;4;4;4;4;4;-3;-3;-3;-3;-3;-3;-3;-3;2;-9;-1;-1;6;6;1;6;-3;-3;651.7084877
479;2026Q2;ES705A1;ES705;1;1;65;1;1;1;5;12;-1;-1;-1;1;-1;1;7;-1;-1;-1;-1;-1;-1;2;2;8;3;3;5;5;5;3;1;1;4;4;4;4;4;3;3;4;-9;4;-9;3;-9;2;4;4;4;4;-9;3;4;4;-9;3;3;3;-9;3;4;4;3;3;3;4;3;-3;4;-3;-3;-3;-3;-3;3;2;-1;-1;6;6;5;6;-3;-3;1499.726541
480;2026Q2;ES705A1;ES705;1;1;55;2;1;5;10;1;6;1;2;1;-1;-1;-1;-1;-1;-1;-1;-1;-1;1;1;1;5;6;2;5;5;4;1;6;5;5;5;5;5;3;5;5;5;3;5;3;3;2;4;4;5;3;4;4;5;5;4;2;2;4;2;4;4;3;3;3;4;3;3;-3;4;-3;-3;3;4;3;1;1;4;1;6;6;5;6;1;1;549.4742588
481;2026Q2;ES705A1;ES705;1;1;55;1;1;1;8;1;6;1;7;1;-1;-1;-1;-1;-1;-1;-1;-1;-1;3;3;2;6;4;4;4;4;3;2;6;4;4;-9;4;4;4;-9;-9;3;3;-9;3;-9;3;3;4;3;-9;-9;4;3;4;3;3;-9;3;-9;3;4;4;3;-3;-3;4;-3;-3;-3;-3;-3;-3;-3;-3;3;-9;-1;-1;6;6;1;6;-3;-3;1648.4227764
482;2026Q2;ES705A1;ES705;6;2;33;2;1;5;10;1;1;2;2;1;-1;-1;-1;-1;-1;-1;-1;-1;-1;2;2;4;6;6;2;4;4;4;4;1;2;2;2;3;2;5;5;3;4;2;5;2;5;5;2;3;4;2;3;4;3;4;5;5;5;5;-9;2;4;4;4;2;4;4;4;2;3;1;2;3;3;2;2;1;1;3;6;6;5;6;1;1;981.09908606
483;2026Q2;ES705A1;ES705;1;1;42;2;1;5;9;2;6;2;2;1;-1;-1;-1;-1;-1;-1;-1;-1;-1;1;1;1;6;6;2;4;4;3;2;6;2;4;2;4;4;4;4;4;4;2;4;4;2;2;4;4;4;4;4;2;4;4;2;2;4;4;2;2;4;4;3;3;4;4;4;-3;3;2;3;2;3;3;2;1;4;1;1;6;5;6;3;2;538.29367002
484;2026Q2;ES705A1;ES705;6;2;20;1;1;1;5;13;-1;-1;-1;6;-1;-1;-1;49;1;1;-1;-1;-1;2;4;6;5;3;1;3;4;4;2;6;4;3;3;4;4;4;4;4;4;1;4;3;5;4;4;3;3;2;4;4;3;3;5;4;5;4;3;2;4;4;3;3;4;3;4;4;3;3;4;1;4;3;1;3;-1;-1;6;6;1;6;1;1;2150.8980564
485;2026Q2;ES705A1;ES705;1;1;50;3;2;5;10;2;6;2;2;1;-1;-1;-1;-1;-1;-1;-1;-1;-1;3;4;3;4;2;1;4;4;4;4;1;1;5;5;5;5;1;1;5;4;4;1;4;1;3;4;4;4;4;4;4;4;4;4;5;4;4;4;4;3;3;3;2;4;4;4;2;2;2;3;2;2;2;1;3;-1;-1;6;6;5;1;3;2;4059.5614376
486;2026Q2;ES705A1;ES705;6;2;23;1;1;1;6;13;-1;-1;-1;6;-1;-1;-1;51;3;-1;-1;1;5;2;2;8;2;2;5;4;4;3;4;6;2;2;2;2;2;4;4;2;4;2;4;2;4;4;2;2;2;2;2;4;2;4;4;4;4;4;2;2;3;3;3;3;4;3;3;3;4;3;3;2;3;3;2;1;3;3;6;6;5;6;3;1;2150.8980564
487;2026Q2;ES705A1;ES705;1;1;49;1;1;1;5;15;-1;-1;-1;1;1;1;8;-1;-1;-1;-1;-1;-1;1;1;1;2;3;5;5;5;3;1;6;2;2;2;4;4;4;4;2;4;4;4;4;2;2;2;4;4;2;2;2;4;4;4;4;4;4;4;2;4;4;4;4;4;4;4;2;2;1;1;1;3;3;1;3;-1;-1;1;6;1;1;3;-3;782.63665235
488;2026Q2;ES705A1;ES705;6;2;21;3;3;4;6;13;-1;-1;-1;6;-1;-1;-1;28;1;-9;-1;-1;-1;4;4;9;-9;-9;-1;4;4;3;1;6;3;4;-9;4;4;3;3;4;3;4;3;4;3;3;3;4;4;3;4;4;3;4;3;3;3;3;3;3;4;4;4;4;4;4;-3;-3;-3;-3;-3;-3;-3;-3;2;-9;-1;-1;-9;-9;4;6;-7;-7;6850.4027034
489;2026Q2;ES705A1;ES705;6;2;67;1;1;1;7;12;-1;-1;-1;1;-1;1;5;-1;-1;-1;-1;-1;-1;1;1;1;3;5;5;5;5;2;1;6;2;4;4;4;4;2;5;4;5;4;4;2;4;4;2;4;2;4;4;4;5;5;2;2;4;4;4;4;4;4;3;3;4;4;4;4;4;3;3;3;3;3;2;3;-1;-1;6;6;5;6;1;-3;986.45044561
490;2026Q2;ES705A1;ES705;1;1;47;1;1;1;5;11;-1;-1;-1;6;-1;-1;-1;74;5;-1;-1;1;9;2;2;6;4;4;6;-9;-9;2;1;6;4;4;4;4;4;4;4;4;3;2;2;4;4;4;4;4;4;4;4;4;4;4;2;2;4;2;4;4;4;4;4;4;4;4;4;4;4;4;4;4;4;4;3;1;1;1;6;6;5;6;-3;2;220.49119898
491;2026Q2;ES705A1;ES705;1;1;42;1;1;1;4;10;-1;-1;-1;6;-1;-1;-1;72;5;-1;-1;1;5;4;4;8;6;4;5;3;5;5;1;6;5;4;4;4;4;-9;5;-9;5;2;4;-9;4;4;4;2;2;-9;4;-9;4;4;4;4;4;4;4;4;3;2;3;1;4;2;1;-3;2;3;3;-3;3;3;3;2;-1;-1;6;6;1;6;-3;2;1029.7896827
492;2026Q2;ES705A1;ES705;6;2;23;1;1;1;7;11;-1;-1;-1;6;-1;-1;-1;60;1;5;-1;-1;-1;4;4;6;6;3;6;3;3;4;3;6;3;3;3;3;3;4;5;4;5;2;4;2;4;3;4;4;4;3;4;3;4;5;5;4;5;4;4;4;4;4;4;3;4;3;3;-3;3;-3;3;3;-3;3;1;3;-1;-1;1;6;1;6;1;-3;674.14400182
493;2026Q2;ES705A1;ES705;6;2;28;1;1;1;7;10;-1;-1;-1;6;-1;-1;-1;80;5;-1;-1;-9;-1;3;3;8;3;2;-1;3;4;2;1;6;2;2;4;2;4;5;5;4;5;2;4;2;5;4;2;2;2;2;2;2;4;4;5;2;4;5;2;2;2;2;3;3;3;3;3;3;3;3;3;1;3;2;1;1;4;4;-9;6;1;6;4;1;404.48640109
494;2026Q2;ES705A1;ES705;6;2;48;1;1;1;4;1;6;1;9;-9;-1;-1;-1;-1;-1;-1;-1;-1;-1;2;2;8;2;2;-1;3;3;3;2;6;4;3;3;3;2;5;5;3;5;3;5;-9;-9;5;4;3;5;4;4;2;3;3;4;5;3;5;2;2;3;3;3;3;3;3;3;3;3;3;3;3;3;3;2;1;4;1;6;6;1;6;2;-3;1077.6056776
495;2026Q2;ES705A1;ES705;6;2;78;1;1;1;3;16;-1;-1;-1;1;6;-1;-1;-1;-1;-1;-1;-1;-1;1;1;1;3;5;-1;4;3;2;2;6;4;4;4;4;4;4;4;4;4;4;3;4;3;2;4;4;4;4;4;4;4;4;2;2;4;4;4;4;4;3;3;3;4;4;4;-3;4;4;4;-3;4;4;3;3;-1;-1;6;6;5;6;1;-3;986.45044561
496;2026Q2;ES705A1;ES705;6;2;40;1;1;1;5;10;-1;-1;-1;6;-1;-1;-1;62;3;-1;-1;1;9;2;2;8;2;2;6;4;4;4;3;6;4;4;4;3;4;4;4;3;4;2;4;2;2;2;3;2;2;2;2;2;4;4;2;4;4;4;2;2;3;3;3;2;3;2;3;2;3;-3;3;-3;3;2;2;1;1;4;1;6;1;6;3;1;935.63474819
497;2026Q2;ES705A1;ES705;1;1;41;1;1;1;4;18;-1;-1;-1;1;1;1;0;-1;-1;-1;-1;-1;-1;1;1;1;2;3;3;4;4;4;-9;6;3;3;-9;3;-9;3;5;3;5;3;3;3;-9;3;3;3;4;3;3;4;4;4;5;5;4;4;-9;2;4;4;4;-3;-3;4;4;-3;-3;-3;-3;-3;-3;-3;2;1;3;3;1;6;1;6;-7;-3;940.0307626
498;2026Q2;ES705A1;ES705;1;1;78;1;1;1;5;12;-1;-1;-1;1;-1;1;7;-1;-1;-1;-1;-1;-1;3;3;2;3;2;5;3;4;2;1;6;4;4;4;4;4;5;4;2;4;4;4;4;2;4;4;4;4;4;4;4;4;4;5;2;4;4;4;4;4;3;3;2;4;2;3;2;3;-3;-3;2;3;3;3;3;-1;-1;6;1;1;6;1;1;2249.5898115
499;2026Q2;ES705A1;ES705;1;1;43;1;1;1;7;2;6;2;7;6;-1;-1;-1;67;8;-1;1;1;7;4;4;8;7;4;5;4;4;2;1;6;4;2;4;4;4;4;4;-9;4;-9;4;2;4;4;4;2;4;-9;2;-9;4;4;4;4;4;4;-9;2;-3;-3;-3;-3;-3;4;4;-3;-3;-3;-3;1;-3;-3;1;1;4;4;1;6;1;6;4;1;3229.7620201
500;2026Q2;ES705A1;ES705;6;2;72;1;1;1;3;12;-1;-1;-1;1;-1;1;9;-1;-1;-1;-1;-1;-1;1;1;1;4;6;6;-9;2;1;3;6;2;4;-9;4;-9;2;4;-9;4;2;4;2;5;5;2;-9;-9;2;-9;2;-9;4;2;4;-9;4;-9;2;-7;-7;-7;-7;-7;-7;1;-7;-7;-7;3;2;-7;-7;2;1;3;-9;6;6;1;6;1;-3;986.45044561
501;2026Q2;ES705A1;ES705;6;2;37;1;1;1;7;10;-1;-1;-1;6;-1;-1;-1;75;7;-1;6;-1;-1;4;4;7;2;1;-1;5;5;5;1;6;4;4;4;4;3;4;5;3;4;3;3;2;3;5;3;3;4;3;3;3;3;3;3;3;3;3;3;3;3;3;3;4;3;2;3;3;4;3;3;2;3;3;2;1;3;4;1;1;1;6;-3;1;1871.2694964
502;2026Q2;ES705A1;ES705;1;1;41;3;3;3;10;2;6;1;9;1;-1;-1;-1;-1;-1;-1;-1;-1;-1;2;2;9;4;4;6;4;4;4;4;1;4;4;4;4;4;4;4;2;4;2;4;2;4;4;2;2;4;2;2;4;4;4;4;3;4;4;2;4;4;4;4;3;4;4;3;3;4;3;2;3;2;2;2;1;3;-9;1;6;3;6;4;1;3021.1625122
503;2026Q2;ES705A1;ES705;6;2;58;1;1;1;5;1;6;2;9;1;-1;-1;-1;-1;-1;-1;-1;-1;-1;1;1;1;2;3;6;5;5;-9;-9;6;-9;1;-9;-9;-9;-9;5;-9;-9;-9;-9;-9;-9;-9;-9;-9;-9;-9;-9;-9;-9;-9;-9;-9;-9;-9;-9;-9;-3;-3;-3;-3;-3;2;-3;-3;-3;-3;-3;2;-3;-3;1;2;-1;-1;-9;6;1;6;-3;-3;651.7084877
504;2026Q2;ES705A1;ES705;6;2;61;2;1;1;5;2;6;2;-9;1;-1;-1;-1;-1;-1;-1;-1;-1;-1;2;3;8;4;3;-1;4;5;5;-9;6;4;4;2;-9;-9;3;5;3;5;2;5;2;5;5;4;4;4;1;3;-9;4;4;-9;2;4;4;2;2;5;4;4;3;4;3;4;2;2;3;2;1;3;2;2;1;3;4;1;6;1;6;2;1;1303.4169754
505;2026Q2;ES705A1;ES705;6;2;74;2;1;5;5;12;-1;-1;-1;1;-1;2;9;-1;-1;-1;-1;-1;-1;1;1;1;2;3;6;5;5;4;1;6;5;4;3;4;4;4;5;4;4;4;4;4;4;2;4;4;4;4;5;4;4;4;3;2;4;2;4;4;4;2;2;4;4;1;1;4;4;2;2;2;3;2;2;3;-1;-1;6;6;5;6;1;1;986.45044561
506;2026Q2;ES705A1;ES705;6;2;76;1;1;1;3;16;-1;-1;-1;1;1;2;9;-1;-1;-1;-1;-1;-1;1;1;1;2;3;6;5;5;2;1;6;4;4;3;4;4;4;4;4;4;4;4;2;4;4;4;4;4;4;4;4;4;4;4;4;4;4;4;2;4;1;3;3;-3;2;1;3;3;4;3;3;3;1;3;1;1;4;6;6;5;6;1;1;986.45044561
507;2026Q2;ES705A1;ES705;1;1;40;1;1;1;5;1;6;2;8;1;-1;-1;-1;-1;-1;-1;-1;-1;-1;2;3;5;5;3;-1;3;4;2;3;6;4;4;4;4;4;4;2;4;4;4;4;4;4;4;4;2;2;4;4;4;4;4;4;4;4;4;2;4;2;4;4;4;3;3;1;3;3;4;3;2;3;2;2;1;4;2;1;1;3;6;1;1;1076.58734
508;2026Q2;ES705A1;ES705;1;1;74;1;1;1;5;12;-1;-1;-1;1;-1;1;8;-1;-1;-1;-1;-1;-1;1;1;1;2;4;-1;3;3;3;1;6;4;4;4;4;4;4;4;4;4;4;4;2;2;4;4;4;4;4;4;4;4;4;4;2;2;4;4;4;4;4;4;5;4;4;2;4;4;3;3;1;1;4;2;1;4;-9;1;6;1;6;1;1;749.86327051
509;2026Q2;ES705A1;ES705;1;1;28;1;1;1;5;1;6;2;5;1;-1;-1;-1;-1;-1;-1;-1;-1;-1;3;4;8;6;2;5;5;5;3;2;6;4;4;3;4;4;4;4;2;2;3;4;2;3;4;3;3;4;3;3;4;3;3;4;4;2;2;2;2;4;4;4;-3;4;3;2;4;3;-3;-3;-3;-3;3;2;3;-1;-1;-9;6;5;6;1;1;1787.5563431
510;2026Q2;ES705A1;ES705;1;1;48;1;1;1;7;15;-1;-1;-1;6;-1;-1;-1;72;5;-1;-1;1;8;2;2;6;4;4;5;4;4;4;1;6;3;3;4;4;4;4;4;4;4;4;4;4;3;4;4;4;4;4;4;4;4;4;2;3;3;4;4;4;3;2;4;4;4;3;3;2;3;3;2;3;3;3;3;3;-1;-1;6;6;1;6;-3;-3;1565.2733047
511;2026Q2;ES705A1;ES705;6;2;58;1;1;1;8;2;6;2;4;1;-1;-1;-1;-1;-1;-1;-1;-1;-1;2;2;6;3;3;3;3;3;3;2;6;4;4;4;4;4;2;4;4;4;3;4;4;4;3;4;4;4;4;1;4;4;4;4;4;4;4;2;1;2;3;3;2;3;2;1;-3;3;2;2;3;3;3;2;1;1;1;1;1;5;6;-3;-7;1303.4169754
512;2026Q2;ES705A1;ES705;1;1;71;1;1;1;9;12;-1;-1;-1;1;-1;1;2;-1;-1;-1;-1;-1;-1;2;2;9;4;4;-1;4;4;4;2;6;3;-9;3;3;-9;4;4;-9;4;1;5;2;2;2;3;3;2;1;3;3;4;5;-9;4;4;5;1;2;-3;-3;-3;3;-3;2;2;-3;-3;-3;2;2;2;-3;1;1;2;2;1;6;1;6;1;1;1499.726541
513;2026Q2;ES705A1;ES705;6;2;69;3;2;5;10;17;-1;-1;-1;6;-1;-1;-1;66;1;8;-1;-1;-1;2;2;4;3;3;5;5;5;3;4;1;4;4;3;4;3;5;5;3;4;2;4;2;3;3;3;3;4;2;4;4;2;2;4;4;2;3;3;2;4;5;4;2;4;3;2;-3;3;-3;-3;1;-3;-3;1;2;-1;-1;-9;6;4;6;1;1;2105.4704026
514;2026Q2;ES705A1;ES705;6;2;56;1;1;1;5;10;-1;-1;-1;6;-1;-1;-1;62;5;-1;-1;1;8;4;4;2;4;2;5;5;5;4;1;6;5;5;4;4;4;2;2;5;2;5;-9;5;-9;2;5;5;-9;5;4;5;5;4;2;2;-9;4;2;4;4;4;4;5;5;4;4;5;5;5;5;4;4;4;2;-9;-1;-1;1;6;5;6;1;-3;1183.9509801
515;2026Q2;ES705A1;ES705;6;2;26;1;1;1;5;1;6;1;5;6;-1;-1;-1;63;5;-1;-1;1;-9;3;3;2;6;4;-1;5;3;3;1;6;4;4;2;4;4;2;4;4;4;2;4;4;2;4;4;4;4;2;4;4;4;4;4;4;2;4;4;4;2;2;2;4;2;4;4;4;2;2;2;2;2;2;1;1;1;4;1;6;5;6;3;2;1471.6486291
516;2026Q2;ES705A1;ES705;1;1;45;2;1;5;10;15;-1;-1;-1;1;1;1;5;-1;-1;-1;-1;-1;-1;1;1;1;2;3;5;5;5;5;1;6;4;2;4;4;4;4;4;4;4;2;4;4;5;4;2;2;2;2;2;4;4;4;5;4;5;4;2;2;4;3;3;2;3;5;3;3;3;2;3;3;3;2;2;1;1;4;1;6;5;6;-3;-3;782.63665235
517;2026Q2;ES705A1;ES705;6;2;33;1;1;1;9;6;-1;-1;3;6;-1;-1;-1;65;1;3;-1;-1;-1;4;4;3;7;4;3;3;3;3;3;6;3;3;3;3;3;4;5;3;4;2;4;3;2;2;4;4;3;3;3;4;4;3;3;4;4;3;3;2;3;3;4;4;-3;4;3;-3;-3;4;3;3;3;3;2;2;-1;-1;6;6;1;6;2;-3;1962.1981721
518;2026Q2;ES705A1;ES705;1;1;22;1;1;1;6;7;-1;-1;3;6;-1;-1;-1;49;1;5;-1;-1;-1;4;4;8;6;3;5;5;5;4;1;6;4;4;4;4;3;5;5;4;5;2;4;2;3;4;4;3;4;2;4;4;4;4;5;4;4;4;2;1;4;4;3;2;3;2;3;-3;3;-3;-3;1;2;2;3;2;-1;-1;-9;6;1;6;-3;1;2383.4084574
519;2026Q2;ES705A1;ES705;6;2;57;3;3;5;10;10;-1;-1;-1;6;-1;-1;-1;58;5;-1;-1;1;9;4;4;2;3;2;6;4;4;4;1;6;3;3;3;4;4;4;-9;4;3;2;2;2;4;-9;3;4;4;4;4;4;4;4;3;3;2;3;4;3;4;4;4;4;4;4;4;4;4;4;-3;4;4;4;3;-9;-1;-1;1;1;5;6;1;-3;1449.0900029
520;2026Q2;ES705A1;ES705;1;1;53;1;1;1;8;1;6;1;4;1;-1;-1;-1;-1;-1;-1;-1;-1;-1;1;1;1;3;5;3;5;5;5;5;6;3;3;3;3;2;3;4;4;2;3;2;2;5;5;3;3;2;3;2;3;3;2;2;2;3;2;5;3;2;1;1;1;1;1;1;1;2;2;1;1;1;1;2;3;-1;-1;6;6;1;6;1;2;380.89955977
521;2026Q2;ES705A1;ES705;1;1;49;1;1;1;6;1;6;2;8;6;-1;-1;-1;49;1;5;-1;-1;-1;2;3;2;5;3;5;5;5;4;3;1;5;4;4;4;4;3;5;5;3;4;3;4;1;2;4;4;4;3;4;5;4;4;2;3;2;2;3;4;4;4;4;3;4;3;4;4;4;4;4;3;4;3;1;1;1;1;1;6;5;6;3;3;761.79911954
522;2026Q2;ES705A1;ES705;1;1;46;1;1;1;5;7;-1;-1;3;-9;-1;-1;-1;-1;-1;-1;-1;-1;-1;2;2;8;5;5;-1;4;4;3;1;6;3;2;3;3;3;3;4;2;1;2;3;2;3;1;4;2;2;3;3;2;3;3;4;4;5;5;2;2;-3;-3;-3;3;-3;3;3;-3;4;-3;-3;-3;-3;-3;1;1;3;3;1;6;1;6;-3;-3;761.79911954
523;2026Q2;ES705A1;ES705;1;1;68;2;1;5;5;12;-1;-1;-1;1;-1;1;6;-1;-1;-1;-1;-1;-1;2;2;6;6;5;5;3;1;1;1;6;4;5;5;4;4;4;5;4;4;3;2;5;3;2;4;4;1;3;4;4;3;4;2;2;3;2;4;4;5;3;4;3;5;5;-3;3;4;-3;-3;-3;-3;4;2;2;-1;-1;6;6;5;6;1;3;1499.726541
524;2026Q2;ES705A1;ES705;1;1;53;1;1;1;8;2;6;2;4;1;-1;-1;-1;-1;-1;-1;-1;-1;-1;1;1;1;3;5;3;4;4;4;4;6;5;5;4;5;5;2;5;5;2;5;5;4;2;2;5;5;5;5;5;5;5;5;2;2;2;2;5;5;4;4;4;4;4;4;4;-3;-3;-3;-3;-3;-3;4;2;2;-1;-1;6;6;2;6;1;-3;380.89955977
525;2026Q2;ES705A1;ES705;6;2;51;1;1;1;7;10;-1;-1;-1;1;-1;1;5;-1;-1;-1;-1;-1;-1;2;2;6;2;2;4;5;4;3;1;6;4;4;4;5;5;4;4;2;2;4;4;4;4;4;4;4;4;4;4;4;4;4;2;2;2;2;2;2;2;2;3;3;3;3;3;3;3;3;3;3;2;2;3;1;3;3;6;6;5;6;-3;1;366.16419231
526;2026Q2;ES705A1;ES705;6;2;26;1;1;1;5;6;-1;-1;5;-9;-1;-1;-1;-1;-1;-1;-1;-1;-1;2;2;-9;-9;-9;-1;2;2;2;2;1;3;1;2;2;1;5;5;2;5;1;5;2;4;5;2;1;1;1;1;3;1;3;5;5;5;5;1;1;1;1;1;1;3;2;2;2;1;3;2;1;1;1;1;1;3;4;1;6;1;6;4;1;981.09908606
527;2026Q2;ES705A1;ES705;1;1;52;1;1;1;5;10;-1;-1;-1;1;-1;1;8;-1;-1;-1;-1;-1;-1;1;1;1;3;5;5;5;5;5;4;1;5;5;4;4;5;4;4;5;2;4;2;4;2;4;4;4;5;4;4;4;4;5;4;2;4;4;4;2;5;4;4;4;4;4;3;4;4;4;4;4;4;4;1;3;-1;-1;6;6;1;6;-7;1;110.24559949
528;2026Q2;ES705A1;ES705;1;1;39;1;1;1;10;1;6;2;3;1;-1;-1;-1;-1;-1;-1;-1;-1;-1;1;2;8;5;5;3;5;5;3;1;6;1;2;1;1;2;5;5;1;5;1;5;1;5;3;4;1;3;1;1;3;4;5;5;4;4;-9;2;1;4;3;3;1;5;3;-3;1;-3;3;-3;1;4;1;1;1;4;4;1;6;1;6;3;1;538.29367002
529;2026Q2;ES705A1;ES705;1;1;24;1;1;1;10;10;-1;-1;-1;6;-1;-1;-1;53;1;7;-1;-1;-1;4;4;5;7;5;5;5;5;3;2;6;2;1;4;3;2;5;5;1;5;1;4;2;4;5;4;1;1;1;1;5;3;5;4;5;5;5;1;1;1;1;4;1;4;1;1;3;1;1;1;1;1;1;2;1;2;4;6;6;1;6;1;1;1260.02346
530;2026Q2;ES705A1;ES705;6;2;69;1;1;5;6;12;-1;-1;-1;6;-1;-1;-1;70;5;-1;-1;1;8;2;2;4;4;4;-1;4;4;-9;2;6;4;4;-9;4;4;-9;-9;-9;-9;3;-9;-9;-9;3;3;4;4;4;4;4;4;4;3;3;3;-9;-9;-9;-3;-3;4;3;3;4;-3;-3;4;-3;-3;-3;-3;-3;2;-9;-1;-1;6;6;5;6;-7;-3;1972.9008912
531;2026Q2;ES705A1;ES705;1;1;75;1;1;1;3;12;-1;-1;-1;1;-1;1;8;-1;-1;-1;-1;-1;-1;2;2;4;5;5;5;5;5;4;1;6;2;2;2;2;2;4;5;2;4;2;3;2;4;2;4;2;3;3;2;2;4;4;4;3;4;4;4;4;3;1;4;2;4;2;2;1;4;2;1;1;1;1;1;1;3;3;6;6;1;6;1;1;1499.726541
532;2026Q2;ES705A1;ES705;1;1;61;1;1;1;5;10;-1;-1;-1;6;-1;-1;-1;80;5;-1;-1;1;5;2;2;6;3;3;5;5;5;5;1;6;4;3;3;4;4;5;5;2;5;4;5;2;5;2;4;3;4;2;3;4;5;5;5;5;5;5;4;3;4;4;4;2;3;3;4;1;2;2;2;2;2;1;3;1;3;2;1;1;1;6;3;1;537.25601889
533;2026Q2;ES705A1;ES705;6;2;70;1;1;1;10;12;-1;-1;-1;1;-1;1;2;-1;-1;-1;-1;-1;-1;2;2;4;5;5;-1;4;4;3;1;6;4;3;3;4;4;4;4;4;2;3;3;4;2;2;4;4;3;4;4;3;4;4;2;3;3;3;3;3;5;4;3;-3;3;4;4;-3;4;-3;-3;-3;-3;-3;2;2;-1;-1;6;6;5;6;-7;-3;1972.9008912
534;2026Q2;ES705A1;ES705;1;1;43;1;1;5;6;2;1;2;7;1;-1;-1;-1;-1;-1;-1;-1;-1;-1;2;2;4;7;6;4;4;4;4;1;6;-9;-9;-9;-9;-9;-9;-9;-9;-9;-9;-9;-9;-9;-9;-9;-9;-9;-9;-9;-9;-9;-9;-9;-9;-9;-9;-9;-9;-3;-3;-3;-3;-3;-3;-3;-3;-3;-3;-3;-3;-3;-3;1;-9;-1;-1;-9;-9;5;6;-3;-3;1076.58734
535;2026Q2;ES705A1;ES705;1;1;67;1;1;1;7;12;-1;-1;-1;1;-1;1;7;-1;-1;-1;-1;-1;-1;2;2;4;5;5;4;5;5;3;1;6;4;4;-9;4;4;4;4;2;2;4;2;4;2;2;4;4;4;4;4;4;4;4;2;2;2;4;4;4;-3;4;-3;4;4;4;-3;-3;-3;-3;-3;4;-3;-3;2;3;-1;-1;6;6;1;6;1;-3;1499.726541
536;2026Q2;ES705A1;ES705;6;2;65;1;1;1;5;12;-1;-1;-1;1;-1;1;4;-1;-1;-1;-1;-1;-1;2;2;8;6;5;3;2;3;3;3;1;4;4;4;4;4;-9;-9;4;4;4;3;4;2;2;4;4;4;4;4;4;4;-9;2;2;2;-9;-9;4;4;4;4;4;4;4;4;-3;-3;-3;-3;-3;-3;-3;3;2;-1;-1;-9;6;1;6;-3;-3;1972.9008912
537;2026Q2;ES705A1;ES705;6;2;39;1;1;1;7;1;6;2;9;1;-1;-1;-1;-1;-1;-1;-1;-1;-1;2;3;2;4;3;6;5;5;2;3;6;5;5;4;4;4;3;4;4;4;3;4;2;2;2;4;2;2;4;4;4;4;4;4;2;4;4;2;3;3;3;4;4;4;2;2;4;4;4;-3;3;3;3;2;3;-1;-1;6;6;1;6;-3;1;1647.0762335
538;2026Q2;ES705A1;ES705;6;2;45;1;1;1;11;1;6;1;2;1;-1;-1;-1;-1;-1;-1;-1;-1;-1;1;1;1;5;6;1;5;5;3;2;6;4;2;3;4;4;4;-9;-9;3;3;3;2;2;2;-9;4;3;3;4;4;4;4;3;3;-9;-9;-9;4;4;4;3;3;-3;4;3;-3;4;3;3;-3;4;4;2;-9;-1;-1;6;6;5;6;3;-3;538.80283882
539;2026Q2;ES705A1;ES705;6;2;48;1;1;1;9;1;1;2;1;1;-1;-1;-1;-1;-1;-1;-1;-1;-1;1;1;1;6;6;1;4;4;3;1;6;3;3;3;4;3;4;4;3;3;3;-9;3;3;-9;3;-9;4;3;3;3;4;4;-9;3;4;3;3;3;4;3;3;3;3;3;3;-3;4;-3;-3;-3;3;-3;2;2;-1;-1;6;6;1;6;-3;-3;538.80283882
540;2026Q2;ES705A1;ES705;1;1;26;1;1;1;9;1;1;1;2;6;-1;-1;-1;56;1;9;-1;-1;-1;4;4;8;7;4;6;4;3;3;3;1;4;4;4;4;4;2;4;4;4;4;2;2;2;3;4;4;4;4;4;4;4;4;4;4;4;4;4;2;4;3;4;4;3;3;4;3;4;4;3;3;3;3;2;1;4;2;6;1;1;6;1;-3;2979.2605718
541;2026Q2;ES705A1;ES705;6;2;34;1;1;1;5;2;1;2;5;1;-1;-1;-1;-1;-1;-1;-1;-1;-1;2;4;2;4;2;4;4;3;3;2;6;2;4;2;4;4;4;5;4;4;2;4;2;4;2;2;2;2;4;2;2;4;4;2;4;2;4;2;2;4;4;2;2;4;2;2;4;2;2;2;2;4;2;2;2;-1;-1;6;1;5;6;1;1;981.09908606
542;2026Q2;ES705A1;ES705;1;1;47;1;1;1;10;1;1;2;3;1;-1;-1;-1;-1;-1;-1;-1;-1;-1;2;3;8;7;5;3;5;5;3;1;6;4;2;2;4;3;5;5;3;5;1;5;2;3;5;2;3;3;1;1;3;3;3;4;3;5;4;2;2;5;2;2;2;3;3;4;3;2;-3;-3;1;2;2;1;1;5;2;1;6;1;6;2;1;761.79911954
543;2026Q2;ES705A1;ES705;1;1;55;1;1;1;7;1;1;2;3;1;-1;-1;-1;-1;-1;-1;-1;-1;-1;2;2;6;5;5;4;4;4;4;2;6;4;4;2;4;4;2;2;4;2;4;4;4;2;3;4;4;4;4;4;4;4;4;4;4;4;2;-9;3;-3;-3;-3;3;4;4;3;-3;4;-3;-3;3;3;-3;1;3;-1;-1;1;6;1;6;1;-3;1098.9485176
544;2026Q2;ES705A1;ES705;1;1;43;1;1;1;7;1;1;2;3;1;-1;-1;-1;-1;-1;-1;-1;-1;-1;1;2;6;5;5;3;2;2;2;2;6;4;4;4;4;4;4;5;4;2;4;4;4;4;4;4;2;4;4;4;4;4;4;2;4;4;4;2;2;1;1;1;1;4;1;1;1;1;2;1;1;1;1;1;1;4;4;1;1;1;6;1;1;538.29367002
545;2026Q2;ES705A1;ES705;6;2;68;1;1;1;5;14;-1;-1;-1;6;-1;-1;-1;72;5;-1;-1;1;6;2;2;4;3;3;5;4;4;-9;2;6;4;3;-9;4;4;3;-9;4;-9;4;-9;-9;-9;2;4;-9;4;-9;4;4;4;4;-9;3;3;3;-9;3;4;4;3;-3;-3;4;-3;-3;-3;-3;-3;-3;-3;-3;2;-9;-1;-1;6;6;1;-9;-7;-3;1972.9008912
546;2026Q2;ES705A1;ES705;6;2;70;1;1;1;5;12;-1;-1;-1;1;-1;1;7;-1;-1;-1;-1;-1;-1;1;1;1;3;5;4;4;4;-9;1;6;4;-9;-9;4;4;-9;-9;-9;-9;4;-9;3;-9;2;4;4;3;4;-9;-9;4;4;-9;-9;-9;-9;-9;-9;4;-3;4;-3;-3;4;-3;-3;4;-3;-3;-3;-3;-3;3;-9;-1;-1;6;-9;1;6;-3;-3;986.45044561
547;2026Q2;ES705A1;ES705;6;2;63;1;1;1;5;10;-1;-1;-1;6;-1;-1;-1;66;5;-1;-1;1;4;2;2;4;3;3;3;4;4;4;1;6;4;5;4;5;5;5;5;4;4;2;5;2;2;4;4;4;5;4;5;5;5;5;5;4;2;5;2;2;2;2;2;1;3;2;2;2;1;2;2;1;2;1;3;3;-1;-1;6;6;1;6;4;1;591.97549006
548;2026Q2;ES705A1;ES705;6;2;59;1;1;1;5;10;-1;-1;-1;1;-1;1;9;-1;-1;-1;-1;-1;-1;1;1;1;2;3;6;3;3;3;3;6;4;4;2;4;4;4;4;4;3;4;2;2;2;4;4;4;4;4;2;4;4;4;4;2;2;4;2;2;4;4;4;3;4;4;3;-3;4;3;4;3;3;3;2;1;4;3;1;6;1;6;1;1;295.98774503
549;2026Q2;ES705A1;ES705;6;2;46;1;1;1;9;2;6;2;2;1;-1;-1;-1;-1;-1;-1;-1;-1;-1;1;1;1;7;6;2;4;3;3;1;6;2;2;1;2;2;5;5;2;5;2;5;3;5;5;3;2;2;1;2;4;3;3;1;5;5;5;2;1;3;2;3;1;3;2;2;1;4;2;1;1;1;1;1;1;1;2;1;-9;5;6;2;1;538.80283882
550;2026Q2;ES705A1;ES705;6;2;46;1;1;1;5;7;-1;-1;5;6;-1;-1;-1;48;1;7;-1;-1;-1;2;3;8;6;4;4;3;3;3;3;6;4;4;5;4;4;4;4;4;4;4;4;4;5;5;4;5;5;4;4;4;3;3;4;3;4;4;4;4;3;3;4;4;4;3;3;3;3;3;3;3;3;4;1;3;-1;-1;6;6;5;6;-3;-3;1077.6056776
551;2026Q2;ES705A1;ES705;1;1;54;1;1;1;6;12;-1;-1;-1;1;-1;1;3;-1;-1;-1;-1;-1;-1;2;2;8;5;5;3;5;-9;-9;-9;6;4;4;-9;4;-9;2;-9;-9;-9;4;-9;-9;2;2;-9;4;2;4;4;4;4;4;-9;2;2;2;-9;4;-3;-3;4;-3;4;-3;-3;-3;-3;-3;-3;1;-3;-3;2;3;-1;-1;-9;-9;1;6;1;-7;1565.2733047
552;2026Q2;ES705A1;ES705;1;1;28;1;1;5;6;1;6;2;5;1;-1;-1;-1;-1;-1;-1;-1;-1;-1;1;1;1;4;6;5;4;4;3;2;6;4;4;3;4;4;4;4;4;4;2;4;4;4;2;2;2;4;3;3;3;4;4;3;3;3;3;3;3;3;3;3;4;4;4;4;3;2;3;2;2;3;3;2;3;-1;-1;6;6;4;1;3;-3;595.85211436
553;2026Q2;ES704A0;ES704;6;2;48;1;1;1;10;2;6;2;3;1;-1;-1;-1;-1;-1;-1;-1;-1;-1;1;1;1;5;6;3;5;5;4;4;1;4;4;4;4;4;-9;-9;4;4;2;4;3;4;4;2;4;3;4;4;4;4;5;4;4;3;3;4;2;4;2;3;2;2;2;2;-7;3;-7;-3;1;2;2;1;1;4;4;1;6;5;6;4;1;95.370629333
554;2026Q2;ES704A0;ES704;6;2;37;2;1;5;8;1;6;2;3;1;-1;-1;-1;-1;-1;-1;-1;-1;-1;1;2;6;4;4;3;5;5;5;1;6;4;1;1;4;3;5;5;4;5;1;5;2;4;3;3;1;2;2;3;4;3;4;5;5;5;4;1;2;3;1;3;1;3;2;2;3;5;2;1;1;2;1;1;2;-1;-1;1;6;4;6;4;-3;67.480242402
555;2026Q2;ES704A0;ES704;1;1;46;3;3;3;3;1;6;2;7;1;-1;-1;-1;-1;-1;-1;-1;-1;-1;2;2;8;6;5;4;5;4;4;2;1;4;4;4;4;4;4;4;3;4;4;-9;4;2;2;4;3;4;-9;4;3;4;4;4;-9;2;3;4;3;-3;-3;4;4;-3;4;-3;-3;2;-3;-3;2;2;-3;2;3;-1;-1;6;6;3;6;-7;2;1339.3729536
556;2026Q2;ES704A0;ES704;6;2;46;1;1;1;3;1;6;2;3;1;-1;-1;-1;-1;-1;-1;-1;-1;-1;2;2;4;5;5;3;4;5;3;2;6;4;4;3;4;4;3;2;4;4;4;3;3;2;2;3;4;4;4;4;3;4;4;3;4;3;4;2;2;3;3;3;1;-3;3;3;-3;3;3;-3;3;3;3;2;3;-1;-1;6;6;1;6;1;-3;190.74125867
557;2026Q2;ES704A0;ES704;6;2;58;1;1;1;8;2;6;2;4;-9;-1;-1;-1;-1;-1;-1;-1;-1;-1;4;4;8;-9;-9;-1;5;5;3;4;1;4;4;4;4;4;5;4;4;4;4;2;4;5;2;4;4;4;2;4;3;4;4;3;2;4;3;3;4;3;3;-3;-3;-3;-3;-3;-3;3;-3;-3;3;-3;-3;2;3;-1;-1;6;6;1;6;4;-3;269.92096961
558;2026Q2;ES704A0;ES704;6;2;36;3;1;5;8;1;6;2;9;1;-1;-1;-1;-1;-1;-1;-1;-1;-1;1;2;6;3;3;6;5;5;3;5;1;4;3;2;4;3;4;5;2;5;2;5;3;3;4;3;3;3;3;4;4;3;3;4;4;5;4;2;3;2;2;2;2;3;3;3;1;1;1;1;1;1;1;1;1;3;2;1;6;5;1;4;1;67.480242402
559;2026Q2;ES704A0;ES704;6;2;38;1;1;1;8;10;-1;-1;-1;6;-1;-1;-1;37;1;0;-1;-1;-1;2;3;2;5;4;2;5;5;5;1;6;2;1;1;1;2;5;5;3;5;1;5;1;5;2;2;1;2;2;1;2;4;2;5;5;5;5;1;1;5;5;3;1;1;1;1;1;4;2;2;1;1;1;2;1;1;4;1;6;5;6;5;1;134.9604848
560;2026Q2;ES704A0;ES704;6;2;63;1;1;1;7;14;-1;-1;-1;6;-1;-1;-1;64;5;-1;-1;1;4;2;2;4;5;5;3;5;5;1;5;6;1;4;2;3;2;5;5;1;5;3;1;4;5;4;2;1;1;1;1;2;3;1;1;2;5;4;1;1;4;3;2;2;2;2;2;2;3;2;2;5;2;1;1;1;3;3;1;1;5;6;4;1;1026.6735197
561;2026Q2;ES704A0;ES704;6;2;43;2;1;5;9;2;6;2;2;6;-1;-1;-1;45;2;2;-1;-1;-1;2;2;4;7;6;2;5;5;3;2;1;5;5;4;5;4;4;4;4;5;3;5;4;3;2;5;5;5;4;5;3;5;4;4;4;5;5;2;3;3;3;3;3;-3;3;3;2;3;1;2;3;3;3;1;1;3;4;1;6;5;1;3;3;134.9604848
562;2026Q2;ES704A0;ES704;1;1;57;1;1;1;5;2;6;2;9;1;-1;-1;-1;-1;-1;-1;-1;-1;-1;2;2;8;3;3;6;4;4;3;2;6;-9;4;-9;4;4;4;4;4;4;4;3;-9;4;4;4;4;4;4;4;4;4;4;2;4;4;4;4;-9;5;4;2;4;5;4;2;2;4;4;4;2;4;4;3;1;3;3;1;1;1;6;4;1;868.50399542
563;2026Q2;ES704A0;ES704;1;1;19;1;1;1;3;1;6;2;-9;-9;-1;-1;-1;-1;-1;-1;-1;-1;-1;3;4;-9;4;2;-1;-9;-9;-9;-9;1;4;3;3;3;3;3;3;3;3;4;3;3;3;3;3;3;3;4;5;3;4;4;3;5;3;3;3;3;-7;-7;-7;-7;-3;-3;-3;-3;-3;-7;-7;-7;-7;-7;2;-9;-1;-1;-9;6;5;-9;-7;-7;526.62841846
564;2026Q2;ES704A0;ES704;6;2;46;1;1;1;5;16;-1;-1;-1;6;-1;-1;-1;44;1;9;-1;-1;-1;4;4;3;7;4;6;5;5;3;2;1;5;4;5;5;5;2;2;4;2;3;2;2;4;2;3;4;3;4;4;4;4;4;3;4;4;4;3;4;3;3;3;1;3;3;3;3;3;3;3;3;1;1;2;3;-1;-1;6;6;5;6;1;-3;3062.1123043
565;2026Q2;ES704A0;ES704;6;2;34;2;1;4;7;1;6;1;-9;6;-1;-1;-1;37;1;-9;-1;-1;-1;2;2;4;-9;-9;-1;3;4;4;3;1;4;4;3;3;3;3;4;4;3;3;3;3;3;3;3;3;3;4;3;4;4;4;3;3;3;3;3;3;4;4;4;4;4;4;4;4;4;4;4;4;4;4;2;-9;-1;-1;-9;-9;4;6;3;-3;1028.4498727
566;2026Q2;ES704A0;ES704;6;2;29;2;1;1;6;7;-1;-1;2;6;-1;-1;-1;29;1;9;-1;-1;-1;2;2;4;4;4;6;5;5;4;5;1;4;4;3;4;4;3;4;2;4;3;3;3;3;4;3;3;2;3;2;2;3;4;4;4;4;4;1;1;-3;3;3;-3;4;2;2;-3;3;-3;3;3;-3;-3;2;3;-1;-1;-9;6;5;6;3;-3;1028.4498727
567;2026Q2;ES704A0;ES704;1;1;26;3;1;5;10;1;6;2;5;1;-1;-1;-1;-1;-1;-1;-1;-1;-1;1;1;1;2;4;5;5;5;4;5;1;3;2;1;4;3;4;3;3;3;2;4;3;2;4;3;2;2;2;2;2;4;4;3;3;4;3;3;2;1;1;1;1;1;1;1;1;1;1;1;1;1;1;1;3;-1;-1;6;6;5;6;5;1;175.54280615
568;2026Q2;ES704A0;ES704;6;1;30;1;1;1;5;10;-1;-1;-1;6;-1;-1;-1;56;1;9;-1;-1;-1;2;3;2;2;2;6;4;3;3;3;6;5;4;4;4;4;2;4;4;4;4;2;4;4;2;2;4;4;4;4;4;4;4;3;3;3;3;2;2;3;3;2;2;3;3;2;3;2;2;2;1;3;3;2;2;-1;-1;6;6;5;6;4;1;155.43138675
569;2026Q2;ES704A0;ES704;6;2;76;2;1;5;5;12;-1;-1;-1;1;-1;1;5;-1;-1;-1;-1;-1;-1;2;2;6;7;6;5;5;5;5;4;1;2;4;2;4;2;5;5;2;4;2;4;2;5;4;2;2;2;2;2;2;2;2;5;4;4;5;2;2;2;3;3;3;3;1;1;2;3;1;1;1;1;2;2;1;3;2;1;1;5;6;4;1;1695.1703756
570;2026Q2;ES704A0;ES704;1;1;36;2;1;4;7;1;1;2;1;1;-1;-1;-1;-1;-1;-1;-1;-1;-1;2;2;8;7;6;1;4;4;4;2;6;4;4;5;3;2;4;4;4;2;4;3;4;2;3;4;4;3;2;3;4;4;4;2;2;4;4;2;3;4;4;3;1;3;4;4;-3;-3;4;-3;4;-3;-3;1;3;-1;-1;1;6;4;6;3;-3;410.67341307
571;2026Q2;ES704A0;ES704;6;2;44;2;1;5;10;7;-1;-1;3;1;-1;-1;-1;-1;-1;-1;-1;-1;-1;2;3;2;6;5;2;4;4;4;3;6;4;4;2;4;4;5;5;5;3;3;3;3;3;3;3;3;3;3;3;3;3;3;3;3;3;3;3;1;-3;-3;-3;-3;-3;-3;-3;4;-3;-3;-3;-3;-3;-3;1;3;-1;-1;6;6;5;6;-3;1;134.9604848
572;2026Q2;ES704A0;ES704;1;1;20;1;1;1;5;13;-1;-1;-1;6;-1;-1;-1;58;1;4;-1;-1;-1;4;4;2;3;2;3;5;5;3;3;1;4;4;3;4;4;2;5;4;2;4;4;4;4;4;4;4;4;4;4;4;4;4;2;2;2;2;2;2;4;4;4;4;4;4;4;4;4;4;4;4;4;4;2;2;-1;-1;-9;6;1;6;4;1;3596.6788694
573;2026Q2;ES704A0;ES704;6;2;41;3;2;5;10;1;1;2;3;1;-1;-1;-1;-1;-1;-1;-1;-1;-1;2;4;2;6;4;3;5;4;3;3;6;4;4;4;4;4;4;5;4;4;2;4;2;4;4;2;2;2;4;4;4;4;4;4;4;4;4;2;2;4;3;4;3;4;3;3;3;3;3;3;2;3;3;2;3;-1;-1;6;6;5;6;4;1;928.40478058
574;2026Q2;ES704A0;ES704;1;1;31;3;3;4;10;1;1;2;7;1;-1;-1;-1;-1;-1;-1;-1;-1;-1;4;4;3;6;2;4;5;5;5;3;1;5;5;5;5;3;5;5;5;5;5;5;3;3;5;3;5;5;5;5;5;5;5;4;3;3;3;3;3;4;4;4;4;4;4;4;4;4;4;4;4;4;4;2;2;-1;-1;6;6;4;6;3;3;2809.8271897
575;2026Q2;ES704A0;ES704;1;1;28;1;1;1;7;1;6;1;3;6;-1;-1;-1;55;1;3;-1;-1;-1;2;2;6;6;6;3;4;4;3;1;6;4;4;4;4;4;4;4;4;4;4;4;3;4;3;4;4;3;4;4;4;4;4;3;5;4;3;3;3;4;4;4;3;3;3;3;3;4;4;4;5;4;3;2;3;-1;-1;1;6;5;6;3;1;351.0856123
576;2026Q2;ES704A0;ES704;1;1;71;1;1;1;7;12;-1;-1;-1;1;-1;1;9;-1;-1;-1;-1;-1;-1;3;3;2;5;4;6;5;5;2;1;6;4;4;4;4;4;2;5;5;5;4;5;2;4;2;4;4;4;2;4;4;4;4;4;2;2;2;4;4;3;2;2;2;2;3;2;-3;4;-3;4;3;4;3;1;1;1;1;1;6;1;6;-3;1;1781.4334515
577;2026Q2;ES704A0;ES704;6;2;56;1;1;1;5;1;6;2;9;6;-1;-1;-1;36;1;7;-1;-1;-1;4;4;7;7;4;4;3;3;2;2;1;3;4;2;4;4;4;5;5;3;3;2;4;4;2;3;4;3;4;4;4;4;4;2;4;4;3;3;2;4;4;4;3;4;3;3;3;3;3;3;3;4;2;2;2;-1;-1;-9;-9;1;6;-3;-3;269.92096961
578;2026Q2;ES704A0;ES704;6;2;48;2;1;4;5;1;6;2;9;6;-1;-1;-1;60;1;9;-1;-1;-1;3;3;6;7;5;6;5;5;1;4;1;4;4;-9;4;4;4;5;4;5;4;4;1;5;5;4;2;4;4;4;4;4;4;4;5;4;4;2;2;5;1;5;1;4;2;2;-3;2;1;2;1;2;1;2;2;-1;-1;1;6;4;6;3;1;286.111888
579;2026Q2;ES704A0;ES704;6;2;62;2;1;5;10;10;-1;-1;-1;1;-1;1;2;-1;-1;-1;-1;-1;-1;1;1;1;2;3;1;4;5;4;1;6;4;4;2;4;2;4;4;-9;2;4;-9;3;3;-9;2;2;2;1;3;-9;2;-9;4;-9;4;-9;2;2;-3;-3;-3;-3;-3;4;-3;-3;3;-3;-3;-3;-3;-3;3;-9;-1;-1;1;6;5;6;3;1;67.480242402
580;2026Q2;ES704A0;ES704;1;1;37;1;1;1;8;1;6;2;8;1;-1;-1;-1;-1;-1;-1;-1;-1;-1;2;2;4;5;5;5;5;4;3;3;1;4;4;4;4;4;3;4;4;4;3;2;4;2;2;3;4;3;4;4;4;4;4;4;2;2;4;4;4;4;2;4;4;4;3;3;5;3;2;2;2;4;2;1;3;-1;-1;6;6;1;6;4;1;410.67341307
581;2026Q2;ES704A0;ES704;6;2;49;1;1;1;5;1;6;2;4;6;-1;-1;-1;48;8;-1;1;1;3;3;3;2;6;4;3;2;3;2;2;6;4;4;2;3;4;3;5;2;4;2;4;3;3;2;2;3;3;3;2;2;2;2;3;4;5;4;4;1;3;2;3;1;2;2;2;2;2;2;2;2;2;2;1;1;3;1;1;6;5;6;2;1;286.111888
582;2026Q2;ES704A0;ES704;1;1;63;1;1;1;8;1;1;1;4;1;-1;-1;-1;-1;-1;-1;-1;-1;-1;2;2;4;6;5;3;5;5;2;5;1;5;3;4;4;4;4;4;4;4;4;4;4;4;2;3;4;4;3;4;3;4;4;4;4;4;4;4;3;3;3;3;3;3;3;3;3;3;3;3;2;3;3;1;3;-1;-1;6;6;5;6;3;-3;868.50399542
583;2026Q2;ES704A0;ES704;1;-9;51;2;1;5;9;7;-1;-1;7;1;-1;-1;-1;-1;-1;-1;-1;-1;-1;2;2;-9;2;2;4;5;5;2;1;6;1;1;2;2;2;4;5;2;5;2;5;2;5;5;2;2;2;2;2;2;2;3;4;4;4;4;2;2;2;3;2;2;2;2;2;1;2;2;2;2;2;3;1;1;3;4;1;6;5;6;5;1;566.52769003
584;2026Q2;ES704A0;ES704;1;1;49;1;1;5;10;2;1;2;1;1;-1;-1;-1;-1;-1;-1;-1;-1;-1;3;3;8;7;5;1;5;5;5;5;1;5;4;5;4;4;4;5;3;4;3;4;3;4;3;4;4;3;2;3;2;4;3;4;2;4;4;3;3;2;4;3;4;3;3;3;3;2;2;2;2;2;3;1;1;5;4;6;6;5;6;4;2;849.79153505
585;2026Q2;ES704A0;ES704;6;2;47;1;1;1;5;14;-1;-1;-1;6;-1;-1;-1;57;1;7;-1;-1;-1;2;4;2;6;3;4;4;4;4;3;6;4;5;5;4;4;4;5;4;4;2;4;4;4;4;4;5;5;4;2;4;4;4;5;4;4;5;5;5;4;4;4;4;4;4;4;4;4;4;4;4;4;4;1;3;-1;-1;6;6;1;6;-7;1;1531.0561522
586;2026Q2;ES704A0;ES704;6;2;25;1;1;1;9;1;6;1;4;6;-1;-1;-1;60;1;4;-1;-1;-1;3;4;2;7;4;3;3;3;3;3;6;4;4;4;2;4;4;5;2;4;2;3;2;4;3;2;2;4;2;2;2;4;3;4;4;4;4;3;2;3;3;3;3;4;3;3;3;3;3;3;1;3;1;1;2;-1;-1;1;1;5;6;3;1;1542.6748091
587;2026Q2;ES704A0;ES704;6;2;57;2;1;5;8;2;6;2;4;6;-1;-1;-1;57;1;1;-1;-1;-1;2;2;4;7;6;1;5;5;3;3;6;4;5;5;5;5;4;4;4;4;4;4;3;5;3;4;4;4;2;4;4;4;3;4;4;3;3;3;2;4;4;4;4;4;4;3;-3;3;3;3;1;3;4;1;1;3;3;1;1;5;6;3;1;134.9604848
588;2026Q2;ES704A0;ES704;1;1;65;2;1;5;7;10;-1;-1;-1;1;-1;1;8;-1;-1;-1;-1;-1;-1;2;2;4;6;5;5;5;5;3;2;1;1;1;1;1;1;5;5;3;5;1;5;1;5;5;3;1;1;1;1;1;3;3;5;5;5;5;1;1;5;3;3;2;2;2;2;3;3;2;2;2;2;1;1;1;3;4;6;6;5;1;3;2;134.9604848
589;2026Q2;ES704A0;ES704;1;1;36;1;1;1;7;7;-1;-1;6;1;-1;-1;-1;-1;-1;-1;-1;-1;-1;2;4;2;4;2;5;5;5;3;3;6;5;4;3;4;3;4;4;5;4;3;4;4;3;3;3;4;4;2;2;3;3;3;3;4;4;4;2;2;4;4;3;2;2;2;2;-3;3;2;2;2;2;2;2;2;-1;-1;6;6;1;6;-3;1;410.67341307
590;2026Q2;ES704A0;ES704;6;2;61;1;1;1;8;2;6;2;3;1;-1;-1;-1;-1;-1;-1;-1;-1;-1;2;2;4;6;5;3;5;5;4;4;1;5;5;5;5;5;4;4;4;4;-9;4;4;3;2;5;5;5;3;3;4;4;5;3;3;4;5;3;3;5;3;3;3;3;4;3;3;3;5;3;4;3;3;2;3;-1;-1;6;6;1;1;3;3;134.9604848
591;2026Q2;ES704A0;ES704;1;1;23;1;1;1;7;10;-1;-1;-1;6;-1;-1;-1;60;5;-1;-1;1;7;2;2;8;2;2;5;5;5;4;3;6;5;5;4;4;5;4;5;4;4;2;4;4;2;2;4;4;4;5;5;4;5;5;5;5;5;5;4;4;5;4;5;3;5;1;2;3;3;4;3;3;4;4;3;2;-1;-1;1;6;1;6;1;-3;225.08794906
592;2026Q2;ES704A0;ES704;1;1;21;1;1;1;7;5;-1;-1;7;-9;-1;-1;-1;-1;-1;-1;-1;-1;-1;3;3;-9;-9;-9;-1;5;5;4;2;6;4;4;3;4;4;4;5;4;5;3;3;3;4;4;4;3;3;4;4;3;5;5;4;4;4;3;3;3;3;-3;-3;3;-3;3;3;-3;3;-3;-3;2;-3;-3;3;-9;-1;-1;-9;6;1;6;3;-7;526.62841846
593;2026Q2;ES704A0;ES704;6;2;45;3;2;5;6;10;-1;-1;-1;6;-1;-1;-1;51;2;5;-1;-1;-1;2;3;6;3;2;3;5;5;3;5;1;5;4;4;4;4;3;4;4;2;3;4;3;4;4;3;3;2;2;4;4;4;4;4;4;4;4;4;2;3;3;2;3;3;3;2;3;2;3;2;2;3;2;3;2;-1;-1;6;6;5;6;3;-3;749.91145259
594;2026Q2;ES704A0;ES704;6;2;57;1;1;5;8;1;6;2;5;1;-1;-1;-1;-1;-1;-1;-1;-1;-1;3;3;6;7;5;5;4;5;3;1;6;5;4;-9;4;-9;-9;4;4;-9;-9;-9;-9;-9;-9;4;-9;2;-9;4;-9;4;2;4;4;-9;-9;-9;-9;4;4;-3;-3;3;3;3;-3;-3;-3;-3;-3;-3;3;2;-9;-1;-1;-9;6;5;6;-7;-3;202.44072721
595;2026Q2;ES704A0;ES704;1;1;34;1;1;1;10;7;-1;-1;1;1;-1;-1;-1;-1;-1;-1;-1;-1;-1;3;3;5;7;6;1;5;5;4;4;1;5;5;5;4;5;2;2;5;2;4;2;4;2;2;4;4;4;5;5;4;5;5;2;2;2;2;4;5;4;4;4;4;5;5;5;5;4;5;4;4;5;5;1;1;4;3;1;6;3;1;2;2;526.62841846
596;2026Q2;ES704A0;ES704;6;2;36;1;1;1;9;2;1;2;2;1;-1;-1;-1;-1;-1;-1;-1;-1;-1;2;4;2;7;5;1;3;4;3;2;6;2;5;5;4;4;2;4;4;4;4;3;3;5;5;4;2;4;4;4;4;4;4;5;4;4;3;2;2;4;1;4;3;1;1;1;3;1;1;1;3;3;3;2;2;-1;-1;6;6;5;1;2;1;134.9604848
597;2026Q2;ES708A0;ES708;6;2;67;1;1;1;8;12;-1;-1;-1;1;-1;1;3;-1;-1;-1;-1;-1;-1;2;2;8;5;5;3;5;5;2;1;6;3;1;1;3;1;5;5;1;5;1;5;3;1;3;1;1;3;1;1;1;1;1;5;5;5;5;1;1;5;-3;-3;1;-3;-3;2;-3;4;1;1;3;2;-3;1;1;1;1;1;1;5;6;4;3;507.46884366
598;2026Q2;ES708A0;ES708;1;1;61;2;1;5;5;1;6;2;5;1;-1;-1;-1;-1;-1;-1;-1;-1;-1;1;1;1;3;5;5;5;5;5;4;6;3;3;3;5;5;5;5;3;5;3;3;3;3;3;2;3;3;1;1;2;4;4;4;4;5;4;2;2;-7;-7;-7;-7;3;3;3;-7;2;-7;-7;1;2;2;2;1;1;4;1;6;5;6;4;2;98.913598937
599;2026Q2;ES708A0;ES708;6;2;63;1;1;1;5;2;6;2;9;6;-1;-1;-1;63;1;-9;-1;-1;-1;2;2;4;4;4;-1;4;4;4;3;6;4;3;-9;4;4;2;4;4;3;4;4;4;4;4;3;2;2;-9;4;2;3;4;4;2;4;4;4;2;4;4;-3;3;3;-3;2;-3;-3;3;2;-3;-3;-3;2;2;-1;-1;6;6;5;6;4;-3;115.4126256
600;2026Q2;ES708A0;ES708;1;1;23;1;1;1;5;2;6;2;7;-9;-1;-1;-1;-1;-1;-1;-1;-1;-1;3;3;8;-9;-9;-1;5;5;2;5;6;4;4;-9;4;4;3;3;3;3;4;4;2;4;4;3;3;2;3;4;4;3;4;4;4;4;4;2;2;-3;-3;-3;2;2;2;2;-3;-3;2;2;3;2;-3;1;-9;-1;-1;6;6;1;6;-7;-3;752.72064909
601;2026Q2;ES708A0;ES708;1;1;41;1;1;1;6;2;6;2;5;1;-1;-1;-1;-1;-1;-1;-1;-1;-1;2;2;8;6;5;3;5;5;2;1;6;1;1;1;1;1;5;1;1;2;2;4;4;2;2;1;1;2;5;5;4;4;5;4;2;4;4;4;4;5;5;5;4;5;5;4;5;4;5;5;3;4;4;2;-9;-1;-1;-9;6;1;6;3;1;227.69806767
602;2026Q2;ES708A0;ES708;1;1;34;1;1;1;9;1;1;1;5;6;-1;-1;-1;65;5;-1;-1;1;-9;3;3;6;4;3;-1;5;5;3;1;6;4;3;5;5;3;4;5;4;5;3;2;3;3;5;5;3;3;4;4;3;3;3;3;5;4;3;2;3;5;5;-7;1;-7;4;3;-3;-3;-3;-3;1;-3;-3;2;1;1;4;1;6;5;6;4;1;752.72064909
603;2026Q2;ES708A0;ES708;6;2;63;1;1;1;7;2;6;2;5;1;-1;-1;-1;-1;-1;-1;-1;-1;-1;1;1;1;5;6;5;5;4;3;1;6;5;4;4;4;4;4;4;4;4;3;4;4;4;4;3;4;2;2;4;4;4;4;4;3;4;4;3;3;4;3;4;4;4;4;3;3;4;3;-3;3;3;3;3;3;-1;-1;6;6;5;6;-7;1;57.706312799
604;2026Q2;ES708A0;ES708;6;2;52;1;1;1;10;2;6;2;4;-9;-1;-1;-1;-1;-1;-1;-1;-1;-1;4;4;-9;-9;-9;-1;4;4;3;1;6;5;4;3;5;2;4;5;-9;2;2;2;2;3;2;3;-9;2;2;-9;-9;-9;-9;-9;-9;-9;-9;-9;-9;-3;-3;-3;-3;-3;-3;-3;-3;-3;-3;-3;-3;-3;-3;2;-9;-1;-1;6;6;5;6;-7;1;619.531944
605;2026Q2;ES708A0;ES708;6;2;39;1;1;1;8;2;6;2;8;1;-1;-1;-1;-1;-1;-1;-1;-1;-1;1;1;1;4;6;5;3;3;2;1;6;4;3;2;4;2;3;4;2;3;3;4;3;4;3;5;2;2;3;2;4;4;5;4;3;2;4;2;2;4;4;4;3;3;4;4;3;3;2;2;2;3;3;3;2;-1;-1;-9;6;3;6;5;1;74.604646884
606;2026Q2;ES708A0;ES708;6;2;61;1;1;1;9;7;-1;-1;5;1;-1;-1;-1;-1;-1;-1;-1;-1;-1;2;2;6;3;3;3;5;5;3;5;1;4;4;4;4;-9;4;4;5;4;4;2;3;3;3;4;4;3;2;4;3;3;4;4;4;5;5;2;2;3;3;3;2;2;3;3;3;2;1;2;3;3;3;2;3;-1;-1;6;6;5;-9;3;2;115.4126256
607;2026Q2;ES708A0;ES708;1;1;61;1;1;1;3;1;6;2;6;6;-1;-1;-1;77;5;-1;-1;1;7;2;2;9;3;3;5;5;5;4;4;6;4;5;5;5;3;3;5;3;5;5;5;5;5;1;3;4;5;5;5;5;5;5;5;3;5;5;5;5;3;3;3;3;4;4;4;-3;-3;-3;4;-3;3;3;2;1;1;2;1;1;5;6;3;1;197.82719787
608;2026Q2;ES708A0;ES708;6;2;52;1;1;1;8;1;1;1;3;6;-1;-1;-1;53;2;3;-1;-1;-1;2;2;4;7;6;3;5;5;4;5;1;2;2;5;5;3;5;5;2;5;1;5;2;5;5;2;3;2;1;1;1;2;3;5;5;5;5;1;2;2;2;1;1;3;4;4;3;2;-3;-3;2;2;2;2;1;5;4;1;1;5;6;1;1;247.8127776
609;2026Q2;ES708A0;ES708;6;2;22;1;1;1;8;3;6;2;-9;6;-1;-1;-1;80;-9;-1;-1;-1;-1;4;4;8;7;3;-1;5;5;3;3;6;4;4;4;-9;4;2;2;4;-9;4;2;2;2;2;-9;-9;2;2;2;2;3;-9;4;2;4;2;2;2;4;4;4;4;4;4;4;4;-3;-3;-3;-3;4;4;2;3;-1;-1;6;1;1;6;1;-3;253.54147617
610;2026Q2;ES708A0;ES708;1;1;63;1;1;1;3;15;-1;-1;-1;6;-1;-1;-1;66;5;-1;-1;1;9;2;2;8;-9;-9;6;2;5;4;5;6;4;4;4;4;4;3;2;4;4;4;4;4;4;4;2;4;4;4;4;4;4;4;4;4;4;4;4;4;5;5;1;1;4;4;1;-3;5;-3;5;5;-3;-3;2;-9;-1;-1;1;1;5;6;1;3;247.93333241
611;2026Q2;ES708A0;ES708;6;2;45;1;1;1;10;2;6;2;2;6;-1;-1;-1;53;1;6;-1;-1;-1;2;3;2;4;3;5;4;4;3;3;1;5;5;5;5;5;1;2;5;1;5;1;5;2;1;5;5;5;5;5;5;5;5;1;1;1;1;5;5;5;5;5;5;5;5;5;5;5;5;5;5;5;5;2;3;-1;-1;1;6;5;6;3;3;247.8127776
612;2026Q2;ES708A0;ES708;1;1;69;1;1;1;5;12;-1;-1;-1;1;-1;-9;-1;-1;-1;-1;-1;-1;-1;2;2;4;3;3;-1;5;5;5;4;6;5;5;4;4;4;2;2;4;2;4;2;4;5;2;4;4;4;4;4;4;4;5;4;4;2;4;4;4;4;4;4;4;4;3;3;3;2;2;2;1;2;3;2;3;-1;-1;6;6;5;6;-3;1;619.76105342
613;2026Q2;ES708A0;ES708;6;2;57;1;1;1;3;1;6;1;9;1;-1;-1;-1;-1;-1;-1;-1;-1;-1;3;3;8;6;4;6;5;5;2;4;1;5;5;1;5;4;5;1;1;1;-9;1;-9;3;-9;1;4;1;1;1;1;3;4;1;1;1;3;3;1;-3;-3;-3;-3;-3;-3;-3;-3;-3;-3;-3;-3;-3;-3;2;3;-1;-1;6;6;1;6;1;-7;173.1189384
614;2026Q2;ES708A0;ES708;6;2;63;1;1;1;6;2;6;2;5;1;-1;-1;-1;-1;-1;-1;-1;-1;-1;1;1;1;3;5;5;5;5;2;1;6;2;2;2;3;2;4;5;3;5;2;5;2;5;2;4;2;4;2;3;4;4;4;5;5;5;5;2;2;3;3;3;2;4;4;4;-3;3;3;4;1;3;2;2;2;-1;-1;1;6;1;1;3;1;57.706312799
615;2026Q2;ES708A0;ES708;1;1;46;1;1;1;5;7;-1;-1;8;1;-1;-1;-1;-1;-1;-1;-1;-1;-1;2;3;2;7;5;5;5;5;2;3;1;4;4;4;4;4;4;5;4;4;4;4;2;2;2;4;4;4;4;4;4;4;4;2;2;4;3;2;4;4;4;4;5;4;4;3;3;3;2;2;2;2;2;1;1;4;2;1;6;5;6;2;1;347.12157763
616;2026Q2;ES708A0;ES708;1;1;25;1;1;1;9;2;6;2;2;-9;-1;-1;-1;-1;-1;-1;-1;-1;-1;3;3;9;7;5;-1;5;5;4;1;6;2;1;1;1;1;5;5;3;5;1;5;1;4;5;2;1;4;1;1;4;2;4;5;5;5;5;1;1;-3;-3;-3;1;3;2;-3;-3;-3;-3;-3;1;1;2;2;1;3;4;-9;6;1;6;5;1;752.72064909
617;2026Q2;ES708A0;ES708;6;2;46;1;1;1;7;2;1;1;5;1;-1;-1;-1;-1;-1;-1;-1;-1;-1;3;4;8;7;4;5;5;5;1;1;1;5;4;3;5;4;4;4;2;1;2;2;2;5;2;2;4;2;1;1;2;2;3;4;5;4;4;3;5;-3;-3;-3;-3;-3;-3;-3;-3;-3;-3;-3;-3;-3;-3;2;3;-1;-1;6;6;1;6;-3;1;371.7191664
618;2026Q2;ES708A0;ES708;1;1;39;3;2;5;7;1;1;2;9;6;-1;-1;-1;42;1;5;-1;-1;-1;4;4;-9;6;3;4;4;3;3;4;1;5;5;3;4;4;3;5;3;3;4;5;3;3;3;3;3;3;3;3;3;3;4;5;3;3;3;3;2;4;4;4;4;3;3;4;4;4;3;3;1;3;3;1;2;-1;-1;6;6;5;6;3;1;1010.5755808
619;2026Q2;ES708A0;ES708;1;1;63;1;1;1;3;12;-1;-1;-1;6;-1;-1;-1;62;2;-9;-1;-1;-1;4;4;2;-9;-9;-1;4;4;4;3;6;4;4;4;4;4;3;4;2;4;4;4;4;4;4;4;4;4;4;4;4;4;4;3;3;3;3;3;3;3;3;3;3;3;3;3;3;3;3;3;3;3;3;3;-9;-1;-1;-9;6;1;6;3;-3;495.86666483
620;2026Q2;ES708A0;ES708;6;2;43;3;1;3;10;2;6;2;2;1;-1;-1;-1;-1;-1;-1;-1;-1;-1;3;4;5;7;5;1;5;5;2;2;1;4;4;3;4;4;2;4;4;5;4;2;3;2;2;4;4;3;4;4;4;4;4;2;2;4;2;4;3;5;4;4;4;5;5;5;-3;4;4;4;3;4;4;2;2;-1;-1;6;6;3;6;3;-3;223.81394065
621;2026Q2;ES708A0;ES708;6;2;57;1;1;1;3;10;-1;-1;-1;6;-1;-1;-1;53;1;8;-1;-1;-1;3;3;2;6;4;-1;4;4;2;3;6;4;4;-9;4;4;2;2;3;3;3;2;3;3;2;4;4;3;3;4;3;4;4;3;3;-9;2;-9;3;4;4;4;-3;4;4;-3;-3;-3;-3;-3;4;-3;-3;3;-9;-1;-1;6;6;1;6;-3;-3;86.299752131
622;2026Q2;ES708A0;ES708;1;1;49;1;1;1;7;15;-1;-1;-1;1;1;1;8;-1;-1;-1;-1;-1;-1;1;1;1;4;6;5;5;4;4;2;6;4;4;5;4;4;3;4;4;4;4;4;4;5;4;2;4;4;4;4;4;4;4;4;4;4;4;4;4;3;4;4;4;4;4;4;-3;3;2;3;3;3;1;1;1;1;4;6;6;5;6;3;-3;198.61385608
623;2026Q2;ES708A0;ES708;1;1;56;1;1;1;5;7;-1;-1;7;6;-1;-1;-1;55;1;5;-1;-1;-1;3;4;2;7;4;5;5;5;5;5;6;5;4;5;5;5;3;4;4;5;5;-9;4;3;2;5;5;4;5;5;5;5;4;3;3;3;4;5;5;-3;4;4;4;4;4;4;-3;4;-3;-3;3;-3;-3;2;3;-1;-1;6;6;5;6;3;1;296.74079681
624;2026Q2;ES708A0;ES708;6;2;53;2;1;5;7;10;-1;-1;-1;1;-1;1;5;-1;-1;-1;-1;-1;-1;1;1;1;3;5;5;5;5;5;5;1;2;2;1;1;2;4;5;4;4;2;4;2;5;5;2;2;5;3;2;2;4;4;5;5;5;5;1;1;5;1;3;3;1;1;3;3;4;4;4;1;3;1;1;1;4;2;1;6;5;6;5;1;69.344981601
625;2026Q2;ES708A0;ES708;1;1;43;1;1;1;5;2;6;1;5;1;-1;-1;-1;-1;-1;-1;-1;-1;-1;1;2;6;3;3;5;3;3;3;2;6;4;3;3;4;-9;4;4;3;-9;-9;3;-9;3;4;3;4;4;3;4;3;-9;-9;4;3;-9;4;3;2;4;-3;-3;4;4;4;3;-3;-3;-3;-3;3;4;-7;3;-9;-1;-1;-9;-9;1;6;-7;-7;113.84903384
626;2026Q2;ES708A0;ES708;6;2;43;1;1;1;7;2;6;2;3;1;-1;-1;-1;-1;-1;-1;-1;-1;-1;2;3;2;6;4;3;5;4;4;2;6;4;4;2;4;4;2;4;2;4;1;4;2;4;2;3;2;2;4;4;4;4;4;4;4;4;5;2;2;4;4;4;3;5;5;4;4;4;3;3;3;3;3;2;1;2;3;6;6;5;6;4;1;149.20929377
627;2026Q2;ES708A0;ES708;6;2;24;1;1;1;5;1;6;2;5;6;-1;-1;-1;60;2;5;-1;-1;-1;3;3;6;7;5;3;5;5;4;5;1;2;2;3;3;4;2;4;2;4;2;4;3;2;3;2;4;4;2;4;4;4;4;4;3;4;4;2;4;4;4;4;4;4;4;3;3;3;3;4;2;3;3;1;1;5;2;6;6;1;1;5;1;190.15610713
628;2026Q2;ES708A0;ES708;1;1;59;1;1;1;6;2;6;2;4;1;-1;-1;-1;-1;-1;-1;-1;-1;-1;1;1;1;4;6;3;5;4;4;2;6;4;4;-9;5;4;4;5;4;5;2;4;2;5;4;2;4;4;2;2;3;2;3;4;5;4;4;3;2;4;3;2;3;3;4;3;1;4;1;3;1;2;2;1;1;3;3;1;6;5;6;5;-3;98.913598937
629;2026Q2;ES708A0;ES708;6;2;27;1;1;1;10;2;6;2;3;6;-1;-1;-1;56;1;4;-1;-1;-1;3;3;6;5;4;3;5;5;3;1;6;3;4;5;5;2;5;5;5;5;1;5;2;4;2;3;3;2;2;4;4;3;3;3;4;5;4;2;4;2;3;3;2;1;4;4;3;4;2;2;1;1;2;1;2;-1;-1;1;6;1;6;4;1;190.15610713
630;2026Q2;ES708A0;ES708;1;1;46;3;2;5;8;2;6;2;5;-9;-1;-1;-1;-1;-1;-1;-1;-1;-1;2;2;9;-9;-9;-1;5;5;4;4;1;4;4;4;4;4;4;4;4;4;4;4;4;4;2;4;4;3;3;4;4;4;4;4;3;2;2;4;4;4;4;4;-3;-3;4;4;-3;4;-3;-3;2;2;4;2;2;-1;-1;6;6;4;6;5;-3;624.71130037
631;2026Q2;ES708A0;ES708;6;2;51;1;1;1;9;12;-1;-1;-1;1;-1;1;2;-1;-1;-1;-1;-1;-1;1;1;1;4;6;2;4;5;4;1;6;4;4;3;5;3;2;5;2;4;4;2;4;2;1;4;5;4;3;5;4;5;4;3;3;3;4;3;2;5;4;3;4;4;3;5;-3;4;4;4;1;4;2;1;1;4;1;1;6;1;6;5;-3;459.56020658
632;2026Q2;ES708A0;ES708;1;1;21;1;1;1;10;13;-1;-1;-1;1;1;1;3;-1;-1;-1;-1;-1;-1;2;2;8;5;5;3;5;5;5;1;6;3;4;4;5;4;5;2;5;4;2;3;4;3;1;4;1;2;2;3;2;3;4;3;5;5;3;1;1;1;1;1;1;1;1;1;1;1;1;1;1;1;1;1;3;-1;-1;6;6;3;1;4;2;551.9199006
633;2026Q2;ES708A0;ES708;1;1;65;2;1;5;5;1;1;2;5;1;-1;-1;-1;-1;-1;-1;-1;-1;-1;2;2;8;3;3;5;4;4;3;4;1;4;4;4;4;4;4;3;3;3;4;3;4;2;2;4;4;4;4;4;4;4;4;2;2;2;4;4;4;2;4;4;3;3;4;4;3;4;4;4;3;4;2;2;2;-1;-1;6;6;5;6;5;1;569.65491888
634;2026Q2;ES708A0;ES708;1;1;63;1;1;1;7;15;-1;-1;-1;1;1;1;9;-1;-1;-1;-1;-1;-1;1;1;1;4;6;6;4;4;3;1;6;3;3;3;4;2;4;5;2;4;2;4;2;4;2;2;2;2;2;3;3;4;4;4;4;4;4;1;1;4;-3;-3;2;2;4;4;2;4;-3;-3;2;3;-3;2;1;1;4;1;1;5;6;5;1;123.96666621
635;2026Q2;ES708A0;ES708;1;1;80;2;1;5;5;12;-1;-1;-1;1;-1;2;5;-1;-1;-1;-1;-1;-1;2;2;4;3;3;5;5;5;4;2;6;4;4;4;4;4;3;4;4;4;4;3;4;2;2;4;4;4;4;4;4;4;4;4;2;2;2;2;4;4;5;5;4;5;5;3;4;4;-3;-3;3;4;3;2;3;-1;-1;1;6;5;6;4;1;619.76105342
636;2026Q2;ES708A0;ES708;1;1;47;1;1;1;7;8;-1;-1;5;6;-1;-1;-1;80;5;-1;-1;1;5;4;4;8;7;4;5;5;5;4;1;6;3;5;5;5;3;5;5;3;5;3;5;1;5;4;3;1;1;1;3;-9;3;4;5;5;5;5;1;1;4;4;-3;2;4;5;3;3;3;3;-3;2;-3;2;2;2;-1;-1;6;6;5;6;4;1;694.24315525
637;2026Q2;ES708A0;ES708;6;2;59;2;1;5;8;2;6;1;5;1;-1;-1;-1;-1;-1;-1;-1;-1;-1;1;1;1;5;6;5;5;5;3;1;6;4;5;-9;4;-9;4;-9;4;-9;4;-9;4;5;-9;-9;4;-9;2;4;2;4;4;4;4;4;-9;-9;2;-3;-3;-3;-3;-3;-3;-3;-3;-3;-3;-3;-3;-3;-3;2;-9;-1;-1;6;6;5;6;2;-7;57.706312799
638;2026Q2;ES708A0;ES708;6;2;30;1;1;1;7;1;1;2;5;1;-1;-1;-1;-1;-1;-1;-1;-1;-1;3;4;8;6;3;5;4;4;4;2;6;4;4;3;4;4;2;4;4;4;2;4;2;4;4;3;2;2;2;4;4;4;4;3;3;3;4;3;3;3;4;2;3;3;4;3;3;1;1;2;2;2;2;1;1;3;4;1;1;1;6;4;3;190.15610713
639;2026Q2;ES708A0;ES708;1;1;63;2;1;3;8;1;1;2;1;1;-1;-1;-1;-1;-1;-1;-1;-1;-1;2;2;4;-9;-9;1;5;4;3;1;6;2;2;2;4;4;2;5;4;4;3;4;2;4;4;2;2;2;4;2;4;4;4;4;4;4;4;2;2;4;3;4;3;4;3;2;2;3;3;3;1;4;3;1;3;-1;-1;6;6;3;6;2;1;197.82719787
640;2026Q2;ES708A0;ES708;6;2;47;1;1;1;5;2;6;1;4;6;-1;-1;-1;52;1;5;-1;-1;-1;3;4;2;6;3;5;5;5;3;1;6;5;5;4;4;4;3;5;5;4;3;4;2;3;3;3;3;3;4;4;2;4;4;2;4;2;3;2;2;4;3;4;4;4;4;2;3;3;4;3;3;4;4;3;2;-1;-1;6;6;4;6;4;-3;371.7191664
641;2026Q2;ES708A0;ES708;1;1;36;3;3;5;5;10;-1;-1;-1;1;-1;1;9;-1;-1;-1;-1;-1;-1;2;3;7;6;4;6;5;5;3;5;1;4;4;4;3;4;3;4;4;4;4;3;3;3;3;4;4;4;4;3;3;4;4;4;3;3;3;3;4;3;3;3;4;4;4;3;3;3;4;3;2;3;3;2;3;-1;-1;6;6;5;6;5;1;186.09681493
642;2026Q2;ES708A0;ES708;1;1;27;1;1;1;10;1;6;2;2;1;-1;-1;-1;-1;-1;-1;-1;-1;-1;1;1;1;6;6;-1;5;5;3;1;6;2;2;2;5;4;2;5;4;5;1;5;2;2;3;2;3;2;1;3;1;1;2;4;5;5;5;2;1;-3;-3;-3;-3;-3;-3;-3;-3;-3;-3;-3;-3;-3;-3;1;3;-1;-1;-9;6;1;6;4;-3;250.90688303
643;2026Q2;ES708A0;ES708;6;2;60;3;2;5;6;11;-1;-1;-1;6;-1;-1;-1;64;5;-1;-1;2;2;2;2;8;3;3;2;3;3;3;3;1;4;4;4;3;3;3;3;3;3;4;4;4;4;4;4;4;4;4;4;4;4;4;4;4;4;4;4;4;4;4;4;4;4;4;4;4;4;4;4;4;4;4;3;2;-1;-1;6;6;5;6;3;-3;123.27752526
644;2026Q2;ES708A0;ES708;1;1;42;3;1;5;7;1;1;2;5;-9;-1;-1;-1;-1;-1;-1;-1;-1;-1;2;2;4;6;5;-1;4;5;5;3;1;3;4;2;4;4;2;5;4;3;4;4;3;2;3;4;4;2;2;2;4;4;5;3;3;4;4;3;2;3;2;4;4;5;5;4;4;4;4;2;1;3;1;2;3;-1;-1;6;6;5;6;5;2;227.69806767
645;2026Q2;ES708A0;ES708;1;1;60;1;1;1;7;10;-1;-1;-1;6;-1;-1;-1;57;8;-1;1;1;5;2;2;8;7;6;5;5;5;5;1;6;1;1;3;3;1;5;5;4;5;1;4;1;4;4;1;1;1;2;2;2;3;4;5;4;4;4;2;2;3;3;1;1;1;3;3;1;3;3;3;1;3;3;1;1;1;4;1;1;5;6;4;1;57.533168087
646;2026Q2;ES708A0;ES708;6;2;34;1;1;1;7;15;-1;-1;-1;6;-1;-1;-1;29;1;5;-1;-1;-1;4;4;2;6;3;5;3;5;2;1;1;3;4;4;4;4;2;5;4;4;4;3;4;5;4;5;4;3;4;5;5;5;5;3;4;2;3;4;3;5;4;5;3;4;3;4;3;3;2;1;1;3;2;2;1;2;2;1;6;5;6;4;-3;1596.1567473
647;2026Q2;ES708A0;ES708;6;2;49;1;1;1;3;2;1;1;5;1;-1;-1;-1;-1;-1;-1;-1;-1;-1;2;2;8;5;5;5;5;5;4;3;6;3;3;3;4;4;4;4;2;4;2;4;2;4;4;-9;2;2;2;3;2;2;2;4;4;4;4;2;2;4;4;-3;2;2;-3;2;-3;2;3;3;2;2;2;1;1;3;3;6;6;1;6;4;-3;247.8127776
648;2026Q2;ES708A0;ES708;6;2;56;3;1;5;6;1;6;2;4;1;-1;-1;-1;-1;-1;-1;-1;-1;-1;2;2;6;4;4;3;5;5;4;5;1;3;2;2;4;2;3;3;3;3;2;4;2;4;4;4;2;2;2;3;2;4;4;2;4;3;4;2;2;3;3;2;2;2;3;3;2;2;2;2;1;2;1;1;1;1;1;1;1;5;6;5;-7;115.4126256
649;2026Q2;ES708A0;ES708;6;2;41;3;3;5;5;1;6;2;9;-9;-1;-1;-1;-1;-1;-1;-1;-1;-1;2;2;-9;7;6;-1;3;3;3;3;1;5;4;4;5;5;5;5;4;5;3;3;3;3;3;3;3;3;4;3;4;4;4;4;3;3;3;3;4;3;3;3;3;3;5;5;5;5;5;4;4;3;3;2;2;-1;-1;6;6;5;6;5;3;266.19700782
650;2026Q2;ES708A0;ES708;6;2;51;1;1;1;8;10;-1;-1;-1;6;-1;-1;-1;52;1;7;-1;-1;-1;2;3;2;4;3;4;5;5;4;5;1;4;4;3;4;4;4;4;4;4;4;4;3;5;4;4;4;4;4;2;4;5;4;1;4;4;4;3;3;4;3;4;3;4;3;3;4;4;4;3;1;3;3;1;1;4;3;1;6;5;6;4;1;138.6899632
651;2026Q2;ES708A0;ES708;6;2;56;3;1;5;7;2;6;2;9;1;-1;-1;-1;-1;-1;-1;-1;-1;-1;2;2;6;3;3;6;3;3;3;1;6;4;4;-9;4;4;2;4;4;4;4;4;2;4;2;2;2;3;2;4;4;4;4;4;4;4;4;4;4;4;4;4;4;4;4;4;-3;4;-3;-3;-3;-3;-3;2;-9;-1;-1;-9;-9;5;6;-7;-3;115.4126256
652;2026Q2;ES708A0;ES708;6;2;76;2;1;5;3;12;-1;-1;-1;1;-1;1;3;-1;-1;-1;-1;-1;-1;1;1;1;4;6;3;3;3;2;1;6;3;3;2;4;4;4;5;2;4;2;4;2;4;2;4;4;4;2;2;2;4;4;2;5;5;4;2;2;4;3;3;3;3;2;3;-3;4;3;-3;2;-3;2;2;2;-1;-1;6;6;5;6;3;-3;253.73442183
653;2026Q2;ES708A0;ES708;6;2;21;1;1;1;5;1;6;1;5;6;-1;-1;-1;52;1;5;-1;-1;-1;4;4;8;7;4;5;5;5;3;4;1;3;5;5;5;5;5;5;5;5;4;5;3;2;5;2;2;2;5;5;3;4;5;2;5;5;5;2;2;4;4;4;4;4;4;3;4;4;4;-3;4;4;2;1;3;-1;-1;6;6;4;6;4;3;253.54147617
654;2026Q2;ES708A0;ES708;6;2;47;2;1;5;10;2;6;2;2;1;-1;-1;-1;-1;-1;-1;-1;-1;-1;3;4;3;7;6;2;5;5;3;4;1;5;4;2;4;3;3;5;3;5;2;3;2;5;2;2;2;2;3;2;4;2;3;5;5;3;3;-9;2;-3;-3;-3;-3;-3;-3;3;-3;-3;-3;-3;-3;-3;-3;1;1;2;3;1;6;5;6;4;-3;371.7191664
655;2026Q2;ES708A0;ES708;1;1;61;2;1;5;4;1;1;2;3;1;-1;-1;-1;-1;-1;-1;-1;-1;-1;2;2;4;-9;-9;4;5;5;4;-9;1;3;3;3;3;2;3;2;3;3;-9;4;3;3;-9;3;3;3;-9;-9;-9;-9;-9;-9;-9;-9;-9;-9;-9;-7;-7;-7;-7;-7;-7;-7;-7;-7;-7;-7;-3;-7;-7;2;-9;-1;-1;-9;-9;5;-9;-7;-7;197.82719787
656;2026Q2;ES708A0;ES708;6;2;57;2;1;5;5;1;6;1;9;6;-1;-1;-1;61;1;3;-1;-1;-1;3;3;6;6;4;4;5;5;2;1;1;5;5;4;4;4;4;2;2;2;4;4;2;4;4;3;4;4;4;4;3;3;2;4;3;2;-9;3;3;3;3;3;3;3;1;1;2;3;-3;2;1;3;3;3;3;-1;-1;6;6;5;6;5;1;173.1189384
657;2026Q2;ES708A0;ES708;1;1;52;1;1;1;9;2;6;2;2;1;-1;-1;-1;-1;-1;-1;-1;-1;-1;4;4;6;7;5;2;5;5;5;5;1;1;1;2;2;2;5;5;2;5;1;4;2;5;5;4;1;1;2;2;2;4;4;5;5;5;5;2;2;2;2;2;4;4;2;4;1;2;1;1;2;1;1;2;1;3;4;1;6;5;6;5;1;694.24315525
658;2026Q2;ES708A0;ES708;1;1;55;1;1;1;10;2;6;2;2;1;-1;-1;-1;-1;-1;-1;-1;-1;-1;2;2;4;7;6;-1;5;5;4;3;1;5;4;1;4;4;4;4;2;4;4;4;2;4;4;4;4;4;2;4;4;4;4;4;4;4;4;2;2;3;3;3;3;3;3;3;2;2;2;2;2;3;2;1;1;1;4;1;6;5;6;4;1;197.82719787
659;2026Q2;ES705A3;ES705;1;1;69;2;1;5;5;12;-1;-1;-1;1;-1;1;2;-1;-1;-1;-1;-1;-1;1;1;1;3;5;1;5;5;5;1;6;4;4;4;4;4;4;5;5;4;5;3;3;2;4;4;4;4;2;2;2;4;4;4;4;5;4;2;2;4;4;4;4;4;3;3;3;4;3;3;2;3;3;1;2;-1;-1;6;6;3;6;4;1;654.61112698
660;2026Q2;ES705A3;ES705;6;2;35;1;1;1;5;11;-1;-1;-1;6;-1;-1;-1;41;1;5;-1;-1;-1;2;3;2;4;3;5;4;3;4;4;1;5;5;5;4;5;2;4;4;4;2;2;4;2;2;4;4;4;4;2;2;4;4;2;2;4;2;2;2;4;4;4;4;4;2;2;4;4;4;4;-3;-3;-3;1;3;-1;-1;6;6;5;6;3;-3;232.66477681
661;2026Q2;ES705A3;ES705;6;2;57;1;1;1;5;14;-1;-1;-1;6;-1;-1;-1;56;1;3;-1;-1;-1;4;4;2;4;2;2;5;5;5;5;1;5;5;5;5;5;2;2;5;5;5;5;1;1;1;5;5;5;1;5;1;5;5;1;1;1;1;2;5;4;4;4;4;4;3;1;-3;4;-3;-3;5;-3;-3;1;3;-1;-1;6;6;1;6;3;3;1652.3605962
662;2026Q2;ES705A3;ES705;1;1;62;1;1;1;5;10;-1;-1;-1;1;-1;1;7;-1;-1;-1;-1;-1;-1;2;2;6;3;3;5;4;4;3;1;6;5;5;5;5;5;2;3;5;5;4;2;4;2;2;2;5;4;4;4;4;4;4;2;-9;2;4;4;4;5;5;5;5;5;5;5;-3;5;5;5;1;5;5;2;3;-1;-1;6;6;1;6;2;1;121.06101167
663;2026Q2;ES705A3;ES705;6;2;66;1;1;1;3;16;-1;-1;-1;6;-1;-1;-1;79;5;-1;-1;1;6;2;2;4;3;3;5;4;4;4;1;6;4;4;4;4;4;4;2;4;4;4;4;4;2;2;4;4;4;4;4;4;4;4;2;2;2;2;2;2;4;3;4;3;3;3;3;3;3;3;3;3;3;3;2;1;2;4;1;1;5;6;3;-3;878.50216521
664;2026Q2;ES705A3;ES705;1;1;32;1;1;1;10;1;6;1;4;6;-1;-1;-1;70;5;-1;-1;1;5;4;4;3;6;3;5;5;4;4;4;1;4;4;3;4;4;4;4;4;4;4;3;4;4;4;4;4;4;4;4;4;4;4;4;4;4;4;4;4;4;4;4;3;4;4;4;4;4;4;4;4;4;4;1;2;-1;-1;1;1;1;6;3;1;1434.610845
665;2026Q2;ES705A3;ES705;6;2;70;1;1;5;3;14;-1;-1;-1;6;-1;-1;-1;79;5;-1;-1;1;5;2;2;4;3;3;5;5;5;5;1;6;5;5;5;5;5;5;-9;4;2;4;2;4;4;2;4;4;4;4;-9;4;4;4;2;2;4;4;-9;4;-3;4;4;4;4;2;-3;4;3;4;4;2;4;4;3;3;-1;-1;6;6;5;6;3;-3;878.50216521
666;2026Q2;ES705A3;ES705;1;1;43;1;1;1;10;2;6;2;4;1;-1;-1;-1;-1;-1;-1;-1;-1;-1;1;1;1;6;6;3;3;3;3;4;6;5;5;4;5;5;5;5;4;4;5;4;4;3;3;4;5;5;5;2;5;5;5;4;3;4;3;2;2;3;4;3;2;3;2;2;3;3;3;3;3;3;1;1;1;3;4;1;6;1;6;1;-3;388.61427605
667;2026Q2;ES705A3;ES705;6;2;56;3;1;5;6;10;-1;-1;-1;1;-1;1;5;-1;-1;-1;-1;-1;-1;1;1;1;2;3;5;5;5;3;3;6;5;5;5;5;5;2;4;5;2;4;2;4;2;2;5;5;5;5;5;5;5;5;2;2;3;2;4;4;5;5;5;5;5;5;5;5;5;5;5;5;5;5;3;3;-1;-1;6;6;5;6;1;3;62.062439423
668;2026Q2;ES705A3;ES705;1;1;73;1;1;1;3;12;-1;-1;-1;1;-1;1;8;-1;-1;-1;-1;-1;-1;2;2;4;4;4;5;4;4;3;1;6;4;4;4;4;4;4;4;4;4;3;3;4;2;2;4;4;4;4;4;4;4;4;2;2;3;2;4;4;4;4;4;4;4;4;4;4;4;4;4;-3;-3;4;2;3;-1;-1;1;6;1;6;1;1;1309.222254
669;2026Q2;ES705A3;ES705;6;2;49;1;1;1;9;1;1;2;3;1;-1;-1;-1;-1;-1;-1;-1;-1;-1;2;2;4;6;6;3;5;5;5;2;6;5;5;4;4;4;3;5;4;3;3;-9;3;-9;1;-9;3;5;4;4;-9;4;4;4;2;4;4;2;4;4;4;-3;4;3;4;4;-3;-3;4;4;1;3;4;2;1;1;-9;1;6;5;6;4;1;339.99512211
670;2026Q2;ES705A3;ES705;6;2;35;3;2;4;6;1;6;1;7;1;-1;-1;-1;-1;-1;-1;-1;-1;-1;1;1;1;3;5;5;4;4;3;3;1;4;2;4;4;4;2;4;2;4;2;5;2;3;2;4;3;3;4;4;4;4;4;5;2;3;3;4;3;4;4;4;5;4;4;4;-3;4;4;4;2;4;4;2;2;-1;-1;1;6;4;6;3;1;386.79722276
671;2026Q2;ES705A3;ES705;6;2;53;1;1;1;9;15;-1;-1;-1;1;1;1;2;-1;-1;-1;-1;-1;-1;4;4;2;7;5;2;4;4;3;2;6;4;4;2;5;4;2;5;4;2;4;2;4;2;1;4;4;4;4;5;5;5;5;2;2;2;2;4;4;4;4;5;4;4;4;3;3;4;3;4;2;3;3;2;1;1;4;6;6;4;6;4;1;1739.3643743
672;2026Q2;ES705A3;ES705;6;2;46;1;1;1;10;2;6;2;2;1;-1;-1;-1;-1;-1;-1;-1;-1;-1;2;2;4;7;6;1;5;5;5;1;6;4;4;2;4;4;5;5;4;4;2;4;2;2;2;4;4;4;4;4;2;4;4;5;5;5;4;2;2;4;3;2;2;3;2;4;3;3;3;2;1;2;1;2;2;-1;-1;1;1;1;6;4;1;339.99512211
673;2026Q2;ES705A3;ES705;6;2;32;1;1;1;7;1;6;1;4;6;-1;-1;-1;62;1;4;-1;-1;-1;3;3;6;7;5;3;5;5;5;5;1;4;4;5;5;3;4;5;3;5;2;5;2;4;5;3;2;2;2;2;2;2;4;4;3;4;5;2;2;3;3;3;3;4;3;2;-3;3;2;2;2;3;3;1;1;1;1;6;6;1;6;4;1;613.30799935
674;2026Q2;ES705A3;ES705;1;1;56;1;1;1;7;1;6;2;3;1;-1;-1;-1;-1;-1;-1;-1;-1;-1;1;1;1;3;5;3;5;5;5;5;1;4;4;2;4;4;4;4;4;5;4;5;4;3;2;4;4;4;2;3;4;4;4;5;4;4;4;2;2;3;4;2;2;2;4;4;4;2;1;1;1;2;2;2;1;2;2;1;1;5;6;3;1;397.0150366
675;2026Q2;ES705A3;ES705;1;1;64;1;1;5;5;15;-1;-1;-1;1;1;1;9;-1;-1;-1;-1;-1;-1;1;1;1;2;4;6;5;5;5;4;6;2;4;4;4;4;4;4;2;4;3;4;4;2;2;4;4;4;4;2;2;4;4;5;5;5;5;1;1;4;3;3;3;3;3;4;1;2;-3;3;3;3;1;3;1;3;-9;1;6;5;6;-3;-3;730.43293384
676;2026Q2;ES705A3;ES705;6;2;39;1;1;1;8;1;6;2;-9;-9;-1;-1;-1;-1;-1;-1;-1;-1;-1;2;4;2;-9;-9;-1;-9;5;5;-9;-9;5;5;-9;5;4;4;4;4;4;2;-9;2;2;4;-9;2;2;4;2;4;4;4;3;4;3;-9;-9;2;4;-7;3;3;3;3;3;-7;-7;-7;-7;-7;-7;-7;2;3;-1;-1;6;6;1;-9;-7;-7;405.03313101
677;2026Q2;ES705A3;ES705;1;1;28;3;2;5;4;18;-1;-1;-1;1;-9;-1;-1;-1;-1;-1;-1;-1;-1;2;2;4;7;6;-1;5;5;5;5;1;4;5;5;5;5;5;5;5;5;2;4;5;4;5;4;5;5;2;4;4;4;5;4;4;4;2;2;2;5;3;4;4;3;4;3;4;4;3;4;3;4;5;2;3;-1;-1;1;6;5;6;4;2;2740.8859581
678;2026Q2;ES705A3;ES705;1;1;22;1;1;1;6;10;-1;-1;-1;6;-1;-1;-1;51;-9;-1;-1;-1;-1;3;4;-9;-9;-9;-1;4;4;4;-9;6;4;4;-9;4;4;3;5;4;4;3;4;3;4;3;4;2;3;2;2;4;3;3;4;4;3;4;2;2;4;3;-7;3;4;2;3;2;2;2;1;2;2;2;2;1;1;3;1;1;1;1;4;1;181.59151751
679;2026Q2;ES705A3;ES705;1;1;44;3;2;5;10;5;-1;-1;1;1;-1;-1;-1;-1;-1;-1;-1;-1;-1;1;1;1;6;6;2;5;5;5;4;1;1;1;1;4;4;4;2;4;1;3;2;4;2;4;3;2;2;4;4;3;4;4;3;3;4;4;4;4;3;3;-7;2;4;1;3;-7;-7;-7;1;1;4;1;2;-9;-1;-1;1;6;5;6;1;1;1066.9866466
680;2026Q2;ES705A3;ES705;6;2;52;1;1;1;5;1;1;2;5;1;-1;-1;-1;-1;-1;-1;-1;-1;-1;2;2;6;3;3;5;4;4;4;4;1;4;4;-9;4;4;4;4;4;4;4;4;2;4;4;3;4;4;3;4;2;4;4;4;4;4;4;3;2;4;4;4;2;2;4;4;4;2;2;2;3;4;-3;3;2;-1;-1;6;6;1;6;3;-3;339.99512211
681;2026Q2;ES705A3;ES705;1;1;32;2;1;5;8;10;-1;-1;-1;1;-1;1;5;-1;-1;-1;-1;-1;-1;1;1;1;3;5;5;4;4;4;3;1;4;4;4;4;4;4;4;2;4;2;4;2;4;4;2;2;4;2;4;4;4;4;4;4;4;4;2;2;4;4;4;2;3;3;2;3;3;3;2;1;3;2;2;1;3;4;1;6;5;6;1;1;60.530505836
682;2026Q2;ES705A3;ES705;6;2;55;1;1;1;8;10;-1;-1;-1;1;-1;1;5;-1;-1;-1;-1;-1;-1;1;1;1;2;3;4;3;4;4;1;6;4;4;2;4;2;2;4;4;2;4;2;4;2;2;4;3;4;3;4;4;4;4;2;2;4;2;2;4;4;4;4;5;5;5;3;5;4;-3;4;2;4;3;3;3;-1;-1;6;6;5;6;4;-3;62.062439423
683;2026Q2;ES705A3;ES705;6;2;47;1;1;1;7;2;6;2;5;1;-1;-1;-1;-1;-1;-1;-1;-1;-1;2;2;9;3;3;5;5;5;5;1;6;5;5;2;5;5;2;5;5;5;3;3;5;2;4;5;4;4;4;4;3;4;4;2;3;2;2;4;5;1;1;1;1;1;1;2;1;1;1;2;1;1;1;2;3;-1;-1;6;6;5;6;2;1;339.99512211
684;2026Q2;ES705A3;ES705;6;2;54;1;1;1;5;10;-1;-1;-1;6;-1;-1;-1;57;1;7;-1;-1;-1;4;4;3;4;2;4;5;5;3;3;1;4;4;1;4;3;5;4;2;4;3;5;1;4;5;3;2;2;2;1;4;4;4;3;5;4;5;1;1;3;3;3;1;1;3;1;1;2;2;2;1;2;2;2;2;-1;-1;1;6;5;6;3;1;335.25353582
685;2026Q2;ES705A3;ES705;6;2;68;2;1;5;9;12;-1;-1;-1;1;-1;1;1;-1;-1;-1;-1;-1;-1;3;3;7;7;5;-1;5;5;5;2;6;4;5;4;4;4;2;2;5;2;4;2;4;2;2;4;4;4;4;4;4;4;4;2;2;4;2;4;4;4;2;4;4;4;3;2;4;3;3;3;1;3;3;2;3;-1;-1;1;6;5;1;1;2;1317.7532478
686;2026Q2;ES705A3;ES705;1;1;55;1;1;1;7;10;-1;-1;-1;6;-1;-1;-1;55;1;3;-1;-1;-1;4;4;5;3;2;2;4;4;4;3;1;2;2;4;3;2;4;4;2;4;2;4;2;4;4;4;2;2;4;2;4;4;4;3;4;4;4;2;2;3;3;1;1;3;2;3;1;1;1;3;1;1;1;2;1;3;1;1;1;1;6;4;1;242.12202334
687;2026Q2;ES705A3;ES705;6;2;49;3;3;5;5;1;6;1;9;1;-1;-1;-1;-1;-1;-1;-1;-1;-1;3;4;6;3;2;6;3;4;4;2;6;4;4;4;4;4;4;4;4;4;2;4;4;4;4;2;4;4;2;2;4;4;4;4;4;4;4;2;2;3;2;2;2;2;1;2;-3;-3;2;2;1;2;2;2;3;-1;-1;6;6;5;6;1;1;1062.8346549
688;2026Q2;ES705A3;ES705;6;2;41;1;1;1;5;1;6;1;5;1;-1;-1;-1;-1;-1;-1;-1;-1;-1;3;3;2;3;2;4;5;5;5;4;6;4;3;4;4;4;3;4;4;3;3;4;3;2;2;3;2;3;3;3;4;4;3;2;2;5;4;2;2;3;3;3;3;4;3;3;4;-3;3;3;1;3;1;1;1;3;1;6;6;1;6;1;1;607.54969652
689;2026Q2;ES705A3;ES705;1;1;59;1;1;1;4;1;6;2;5;6;-1;-1;-1;60;1;9;-1;-1;-1;3;3;2;5;4;6;3;3;3;3;1;4;4;4;4;4;2;4;4;1;4;2;4;2;2;4;4;4;4;4;4;4;4;2;2;4;4;4;3;4;4;4;4;4;4;4;4;4;4;4;3;4;4;2;1;1;1;1;1;1;6;1;1;1191.0451098
690;2026Q2;ES705A1;ES705;6;2;46;1;1;1;7;1;6;2;5;6;-1;-1;-1;70;5;-1;-1;-9;-1;3;4;7;4;2;-1;4;4;4;4;6;4;4;4;4;4;4;4;4;4;4;4;4;2;4;4;4;4;4;4;2;4;4;2;2;4;2;2;2;4;4;4;4;4;4;4;4;4;4;4;4;4;4;1;1;3;3;1;6;1;6;-3;-3;1510.9682818
691;2026Q2;ES705A1;ES705;1;1;53;1;1;1;6;1;6;2;8;1;-1;-1;-1;-1;-1;-1;-1;-1;-1;1;1;1;2;4;-1;5;4;3;1;6;4;4;3;4;4;3;4;4;-9;3;2;4;3;2;3;4;4;4;4;4;3;3;3;3;2;3;3;3;3;-3;4;5;5;5;4;-3;3;3;3;3;-3;-3;3;-9;-1;-1;6;6;5;6;3;-3;356.05303208
692;2026Q2;ES705A1;ES705;1;1;47;1;1;1;5;10;-1;-1;-1;6;-1;-1;-1;75;9;-1;6;-1;-1;3;3;6;3;2;-1;4;4;2;2;6;2;2;2;4;4;4;4;4;2;2;4;2;2;2;2;2;2;2;2;2;2;2;4;4;4;4;2;2;2;2;2;2;2;2;2;2;2;2;2;2;2;2;2;1;3;3;1;1;1;6;-3;-3;309.16244688
693;2026Q2;ES705A1;ES705;6;2;60;1;1;1;7;10;-1;-1;-1;6;-1;-1;-1;64;5;-1;-1;1;7;2;2;4;3;3;5;3;3;3;1;6;3;3;3;3;3;4;5;3;3;3;4;2;3;2;1;2;2;2;3;3;2;2;3;3;4;4;4;4;3;3;3;3;4;3;3;-3;3;-3;-3;1;2;2;2;3;-1;-1;6;6;1;6;2;1;553.3602304
694;2026Q2;ES705A1;ES705;1;1;53;1;1;1;5;1;1;1;7;1;-1;-1;-1;-1;-1;-1;-1;-1;-1;1;1;1;3;5;5;5;5;3;2;6;2;2;2;3;3;2;5;3;5;2;5;2;5;4;2;2;2;2;3;2;4;4;4;5;5;5;3;3;4;4;4;4;3;4;2;3;4;2;-3;1;2;2;3;1;4;3;6;6;1;6;5;1;356.05303208
695;2026Q2;ES705A1;ES705;1;1;24;1;1;1;7;15;-1;-1;-1;6;-1;-1;-1;56;1;9;-1;-1;-1;3;3;6;6;4;6;4;4;2;2;1;4;4;2;4;4;2;2;3;2;4;2;3;2;2;4;4;4;4;4;4;4;4;2;2;2;2;4;4;2;3;2;4;4;2;2;-3;2;2;2;3;3;2;3;3;-1;-1;6;6;1;6;1;3;2797.5458579
696;2026Q2;ES705A1;ES705;6;2;30;1;1;1;5;10;-1;-1;-1;6;-1;-1;-1;36;1;7;-1;-1;-1;2;4;2;5;3;4;4;3;5;2;6;5;5;5;4;5;4;2;4;4;4;4;4;2;2;4;4;4;5;5;4;5;5;2;4;4;4;4;4;4;4;4;3;4;4;2;4;4;4;4;4;4;4;1;3;-1;-1;6;6;1;6;3;-3;252.06751727
697;2026Q2;ES705A1;ES705;6;2;71;1;1;1;5;12;-1;-1;-1;6;-1;-1;-1;73;5;-1;-1;1;-9;2;2;8;4;4;-1;4;4;1;1;6;4;4;4;3;2;4;2;4;2;4;2;2;5;3;2;2;4;2;-9;2;4;4;2;4;2;3;2;4;4;3;4;-3;-3;1;3;3;3;-3;4;2;3;2;1;3;-1;-1;6;6;1;6;4;3;1844.2062383
698;2026Q2;ES705A1;ES705;1;1;61;1;1;1;4;11;-1;-1;-1;1;-1;-1;-1;-1;-1;-1;-1;-1;-1;1;1;1;1;2;-1;4;4;3;3;6;4;3;4;4;4;4;4;2;4;4;4;4;4;4;3;4;5;5;4;4;2;5;3;4;4;2;4;4;4;4;3;3;2;4;2;2;4;3;3;2;4;4;3;1;3;2;1;1;5;6;1;1;251.10508745
699;2026Q2;ES705A1;ES705;1;1;42;1;1;1;5;1;6;2;9;-9;-1;-1;-1;-1;-1;-1;-1;-1;-1;3;3;2;-9;-9;-1;1;1;1;5;6;3;3;2;3;3;5;5;5;5;3;5;3;3;5;3;3;4;3;3;3;3;4;3;3;4;3;3;2;1;3;3;3;3;3;1;3;3;3;3;1;2;3;2;3;-1;-1;6;6;1;6;-3;1;1509.5404164
700;2026Q2;ES705A1;ES705;1;1;65;1;1;1;5;10;-1;-1;-1;1;-1;1;7;-1;-1;-1;-1;-1;-1;1;1;1;2;4;4;4;4;3;2;6;4;4;3;4;4;2;4;4;4;4;3;3;2;3;4;4;3;4;4;4;4;4;2;2;2;2;4;4;3;3;3;3;3;2;2;3;3;3;3;2;2;3;2;3;-1;-1;6;6;1;6;4;2;103.05414896
701;2026Q2;ES705A1;ES705;1;1;73;1;1;1;10;12;-1;-1;-1;1;-1;1;2;-1;-1;-1;-1;-1;-1;2;2;4;6;5;-1;4;4;3;1;6;4;3;3;4;4;4;-9;4;2;4;-9;3;2;2;4;3;3;4;-9;4;4;4;2;2;2;3;-9;-9;4;4;3;4;3;4;4;-3;4;3;3;-3;-3;-3;2;-9;-1;-1;6;6;1;6;-3;-3;1401.8976093
702;2026Q2;ES705A1;ES705;1;1;53;1;1;1;9;10;-1;-1;-1;6;-1;-1;-1;70;8;-1;1;1;6;3;3;8;4;3;5;4;4;3;1;6;3;3;2;3;2;4;4;4;2;2;2;2;2;2;4;2;2;2;2;2;4;4;4;2;2;4;2;2;2;4;2;2;4;2;1;1;4;1;4;2;2;1;2;1;3;3;1;6;5;6;4;1;309.16244688
703;2026Q2;ES705A1;ES705;6;2;23;1;1;1;7;10;-1;-1;-1;6;-1;-1;-1;45;1;5;-1;-1;-1;2;2;6;4;4;5;3;3;3;3;6;4;3;2;3;3;3;2;3;5;2;5;2;4;5;2;2;1;2;2;1;1;2;5;5;5;5;2;1;3;-3;-3;-3;4;3;1;1;4;-3;-3;-3;-3;-3;3;3;-1;-1;6;6;1;6;3;2;252.06751727
704;2026Q2;ES705A3;ES705;6;2;27;1;1;1;10;1;6;2;3;1;-1;-1;-1;-1;-1;-1;-1;-1;-1;2;2;6;4;4;3;5;5;3;3;6;5;4;4;4;4;4;5;4;5;2;4;4;4;4;2;4;2;4;2;2;4;4;4;2;4;4;2;2;3;3;3;3;3;3;3;3;1;3;3;2;3;3;1;1;4;2;1;1;1;6;-3;1;408.87199956
705;2026Q2;ES705A3;ES705;1;1;40;1;1;1;7;1;6;2;7;1;-1;-1;-1;-1;-1;-1;-1;-1;-1;2;2;8;5;5;4;4;5;5;5;1;4;2;3;4;4;3;4;3;4;2;4;2;2;4;2;4;2;3;4;4;4;4;4;4;4;4;2;4;4;3;3;3;5;3;5;3;3;3;3;1;2;1;1;3;-1;-1;6;6;5;6;1;3;777.2285521
706;2026Q2;ES705A3;ES705;6;2;28;1;1;1;9;1;6;2;2;6;-1;-1;-1;62;1;2;-1;-1;-1;4;4;3;6;3;2;5;5;2;2;1;3;4;2;2;4;5;5;4;4;2;4;3;3;4;2;4;3;3;3;4;4;4;4;4;4;4;2;2;5;5;4;4;5;2;4;4;5;4;4;2;4;4;2;2;-1;-1;1;6;1;1;1;1;817.74399913
707;2026Q2;ES705A3;ES705;6;2;36;3;2;5;10;1;6;1;2;6;-1;-1;-1;31;1;4;-1;-1;-1;2;4;2;5;3;3;4;4;3;5;1;4;4;4;4;4;5;5;2;5;2;4;2;4;4;2;4;2;2;2;4;4;4;4;2;4;5;2;2;4;4;3;4;3;4;4;3;4;2;2;1;3;3;2;1;4;1;1;6;3;6;4;1;773.59444553
708;2026Q2;ES705A3;ES705;6;2;53;2;1;5;8;1;6;2;5;1;-1;-1;-1;-1;-1;-1;-1;-1;-1;3;4;3;5;3;5;5;5;3;3;1;4;2;2;4;4;4;4;4;5;4;5;3;2;4;4;3;3;4;4;4;4;5;4;4;4;4;4;3;4;4;4;4;4;3;3;4;3;3;3;3;3;3;2;1;3;2;1;1;5;6;3;-3;509.99268316
709;2026Q2;ES705A3;ES705;1;1;58;1;1;1;7;2;6;2;5;1;-1;-1;-1;-1;-1;-1;-1;-1;-1;3;3;2;5;4;5;4;5;4;4;1;5;5;5;5;5;1;2;5;1;5;5;5;5;5;5;5;5;5;5;5;5;5;3;1;-9;-9;-9;-9;4;4;4;4;4;4;3;-3;4;1;3;4;4;4;1;1;3;1;1;6;5;6;3;1;1191.0451098
710;2026Q2;ES705A3;ES705;1;1;45;1;1;1;8;10;-1;-1;-1;6;-1;-1;-1;72;5;-1;-1;1;-9;3;3;8;3;2;-1;5;5;5;5;6;1;1;1;1;1;5;5;1;5;1;5;1;5;5;5;1;1;1;1;1;5;5;5;5;5;5;1;1;5;4;1;1;5;5;1;-3;3;1;1;1;1;1;3;1;5;4;1;6;1;6;5;1;181.59151751
711;2026Q2;ES705A3;ES705;6;2;60;1;1;1;5;10;-1;-1;-1;1;-1;-9;-1;-1;-1;-1;-1;-1;-1;1;1;1;1;2;-1;5;4;3;1;6;5;5;4;5;4;2;2;1;2;5;2;4;2;2;2;5;5;5;5;2;5;5;2;2;2;2;2;2;5;3;5;3;5;3;5;5;3;3;5;5;4;3;2;1;4;4;1;1;5;6;1;1;62.062439423
712;2026Q2;ES705A3;ES705;6;2;35;1;1;1;9;1;6;2;2;1;-1;-1;-1;-1;-1;-1;-1;-1;-1;2;2;4;5;5;1;5;4;4;4;6;4;4;4;4;3;4;5;5;5;3;5;3;4;4;3;3;3;3;2;3;4;4;4;4;4;5;2;2;4;3;2;1;3;2;2;2;3;3;2;1;2;1;2;1;1;-9;1;6;1;6;3;-3;405.03313101
713;2026Q2;ES705A3;ES705;6;2;76;1;1;1;5;12;-1;-1;-1;1;-1;1;5;-1;-1;-1;-1;-1;-1;1;1;1;2;4;5;4;3;3;1;6;4;-9;-9;-9;4;-9;-9;-9;-9;-9;-9;-9;3;-9;-9;-9;-9;-9;-9;-9;-9;-9;2;2;2;-9;-9;-9;-3;-3;-3;-3;4;4;4;-3;-3;-3;-3;-3;-3;-3;3;-9;-1;-1;1;-9;1;6;3;-3;439.25108261
714;2026Q2;ES705A3;ES705;1;1;45;1;1;5;5;10;-1;-1;-1;1;-1;1;5;-1;-1;-1;-1;-1;-1;1;1;1;3;5;5;4;4;2;1;6;4;5;4;5;5;2;2;4;4;4;2;4;2;2;4;4;4;2;4;4;4;4;2;2;2;2;2;2;3;2;3;4;4;4;5;4;4;3;1;3;3;2;2;2;-1;-1;1;6;5;6;1;-3;60.530505836
715;2026Q2;ES705A3;ES705;6;2;55;1;1;1;5;3;6;2;5;1;-1;-1;-1;-1;-1;-1;-1;-1;-1;2;2;6;4;4;5;4;4;3;3;1;4;3;3;3;3;3;4;4;3;3;3;3;3;3;3;3;3;3;3;3;3;3;3;3;3;3;3;3;3;3;3;3;3;3;3;3;3;3;3;3;3;3;2;2;-1;-1;-9;-9;5;6;3;-7;296.49323304
716;2026Q2;ES705A3;ES705;6;2;53;1;1;1;6;7;-1;-1;7;1;-1;-1;-1;-1;-1;-1;-1;-1;-1;1;1;1;2;4;4;4;4;4;3;1;3;3;5;5;1;4;4;2;4;3;4;3;-9;3;3;2;2;2;2;2;3;4;4;5;4;4;3;3;3;3;2;3;3;5;4;-3;4;1;1;3;1;2;1;1;1;-9;1;1;1;6;1;-7;169.99756105
717;2026Q2;ES705A3;ES705;6;2;49;1;1;1;8;14;-1;-1;-1;6;-1;-1;-1;54;2;7;-1;-1;-1;4;4;2;4;2;5;5;5;4;2;6;4;4;2;5;4;3;5;4;3;3;4;2;3;4;4;4;2;4;4;5;5;5;2;4;3;4;2;2;4;4;4;2;3;2;4;-3;4;3;3;2;4;4;2;3;-1;-1;6;6;1;6;4;1;1739.3643743
718;2026Q2;ES705A3;ES705;6;3;47;1;1;1;10;2;6;2;2;1;-1;-1;-1;-1;-1;-1;-1;-1;-1;2;4;6;7;5;-1;5;5;3;1;6;1;1;4;5;2;5;5;5;4;2;5;5;5;5;4;5;2;4;4;4;4;4;5;5;2;5;2;2;4;4;-3;1;-3;1;1;1;-3;-3;-3;-3;-3;-3;2;1;3;3;6;6;5;6;3;1;339.99512211
719;2026Q2;ES705A3;ES705;6;2;36;1;1;1;5;1;6;2;5;1;-1;-1;-1;-1;-1;-1;-1;-1;-1;2;3;2;4;3;5;5;5;2;5;1;2;2;4;4;2;4;4;4;2;2;5;2;2;4;2;2;2;2;2;2;4;4;4;4;4;4;2;2;2;2;4;2;4;1;1;1;5;1;2;1;2;1;2;1;2;3;6;6;1;6;4;1;405.03313101
720;2026Q2;ES705A3;ES705;1;1;23;1;1;1;8;1;6;1;9;6;-1;-1;-1;52;2;7;-1;-1;-1;4;4;6;7;5;4;3;3;3;3;6;3;3;3;3;3;3;3;3;3;3;4;4;3;3;4;3;4;3;3;3;3;4;4;3;3;3;2;2;4;4;3;4;4;4;3;4;4;4;4;3;4;3;1;1;1;3;1;6;5;6;1;-3;1434.610845
721;2026Q2;ES705A3;ES705;6;2;48;2;1;5;5;1;1;1;5;1;-1;-1;-1;-1;-1;-1;-1;-1;-1;1;2;6;2;2;5;4;4;1;4;1;5;4;4;4;2;4;4;4;3;4;3;2;3;3;4;3;2;3;4;4;4;4;2;3;3;2;4;4;4;4;4;3;4;4;3;3;3;4;3;2;3;3;1;1;1;1;1;1;4;6;1;3;169.99756105
722;2026Q2;ES705A3;ES705;1;1;50;1;1;1;3;10;-1;-1;-1;1;-1;1;6;-1;-1;-1;-1;-1;-1;1;1;1;2;4;5;5;5;5;1;6;1;2;2;2;2;4;4;4;4;4;4;2;2;2;4;2;4;2;2;2;4;4;4;4;4;4;4;4;3;3;3;3;3;3;3;3;3;3;3;3;3;3;2;3;-1;-1;1;6;5;6;4;1;60.530505836
723;2026Q2;ES705A3;ES705;1;1;43;1;1;1;5;15;-1;-1;-1;6;-1;-1;-1;41;2;5;-1;-1;-1;2;3;6;3;2;4;4;5;2;1;6;5;5;5;5;5;2;5;4;2;5;2;4;2;2;4;4;5;4;4;5;4;4;2;2;2;2;4;4;5;4;4;5;5;4;3;4;4;4;4;3;4;4;2;3;-1;-1;6;6;1;6;3;1;1444.0643466
724;2026Q2;ES705A3;ES705;6;1;71;3;1;5;4;12;-1;-1;-1;1;-1;1;8;-1;-1;-1;-1;-1;-1;2;2;4;3;3;5;4;4;2;1;6;4;4;2;4;3;4;2;2;2;4;2;2;2;2;2;2;4;4;4;4;4;4;4;2;4;3;3;3;-3;-3;3;-3;-3;3;4;-3;3;-3;-3;3;4;-3;2;3;-1;-1;1;1;5;6;3;3;878.50216521
725;2026Q2;ES705A3;ES705;6;2;46;1;1;1;8;1;6;2;5;6;-1;-1;-1;51;1;7;-1;-1;-1;3;4;2;5;3;5;4;5;3;3;1;3;2;2;4;2;3;5;2;4;2;4;4;2;1;4;3;4;4;4;4;4;4;4;4;2;4;3;4;4;3;4;3;-3;3;3;4;4;2;2;-3;2;2;2;3;-1;-1;6;6;5;6;-3;1;509.99268316
726;2026Q2;ES705A3;ES705;6;2;80;1;1;1;5;12;-1;-1;-1;1;-1;1;5;-1;-1;-1;-1;-1;-1;1;1;1;3;5;6;3;5;1;1;6;4;2;2;3;2;3;1;3;2;2;2;2;1;2;1;3;2;2;4;3;3;2;4;3;4;4;4;4;3;3;3;4;-3;1;1;-3;-3;4;1;3;3;1;3;3;-1;-1;6;6;1;6;2;3;439.25108261
727;2026Q2;ES705A3;ES705;6;2;42;1;1;1;8;1;6;2;4;1;-1;-1;-1;-1;-1;-1;-1;-1;-1;3;4;3;6;3;3;5;5;3;4;1;5;5;4;4;4;2;4;4;4;4;2;4;2;4;4;4;4;4;4;4;4;4;4;4;2;4;2;2;4;4;5;1;5;3;3;3;4;4;2;2;2;2;1;1;3;1;1;6;1;6;3;1;607.54969652
728;2026Q2;ES705A3;ES705;1;1;49;1;1;1;8;1;6;1;4;1;-1;-1;-1;-1;-1;-1;-1;-1;-1;2;2;6;-9;-9;3;5;5;3;-9;1;4;4;4;5;5;2;2;5;2;5;2;5;2;2;5;5;5;5;5;5;5;5;1;1;1;1;5;5;2;3;3;3;3;2;2;3;3;2;2;3;3;3;1;3;-1;-1;6;6;1;-9;4;1;688.22171447
729;2026Q2;ES705A3;ES705;6;2;64;1;1;1;5;15;-1;-1;-1;1;1;1;9;-1;-1;-1;-1;-1;-1;3;4;3;4;2;6;-9;-9;2;2;6;-9;4;-9;3;-9;-9;-9;-9;3;-9;-9;-9;-9;-9;-9;-9;-9;-9;-9;-9;4;-9;2;-9;-9;-9;-9;-9;-3;-3;-3;3;-3;3;-3;-3;-3;-3;-3;-3;-3;-3;2;-9;-1;-1;-9;-9;1;6;-7;-3;1239.2704472
730;2026Q2;ES705A3;ES705;1;1;43;1;1;1;8;1;6;2;7;6;-1;-1;-1;80;5;-1;-1;1;6;2;2;6;4;4;5;4;4;3;2;6;4;5;4;4;4;2;4;4;2;4;4;4;4;2;4;4;4;4;4;4;4;4;4;2;2;2;4;4;3;3;2;2;3;3;3;3;3;3;3;2;3;3;1;3;-1;-1;6;6;1;6;3;2;777.2285521
731;2026Q2;ES705A3;ES705;1;1;47;1;1;1;7;10;-1;-1;-1;1;-1;1;9;-1;-1;-1;-1;-1;-1;1;1;1;1;1;6;5;5;-9;1;6;3;4;3;3;3;3;3;4;3;4;2;2;2;2;4;4;4;2;2;2;2;2;2;4;4;4;2;3;-3;-3;-3;2;-3;-3;-3;-3;-3;-3;-3;-3;-3;-3;3;2;-1;-1;6;6;1;6;3;1;60.530505836
732;2026Q2;ES705A3;ES705;1;1;66;1;1;1;3;12;-1;-1;-1;1;-1;1;7;-1;-1;-1;-1;-1;-1;2;2;4;4;4;5;5;4;4;2;6;2;3;4;4;4;4;5;2;2;2;4;2;2;2;2;2;2;4;4;4;4;4;4;2;2;2;4;2;4;1;2;3;2;4;4;2;4;2;2;2;2;2;2;1;4;2;1;6;5;6;2;1;1309.222254
733;2026Q2;ES705A3;ES705;6;2;53;1;1;1;6;10;-1;-1;-1;6;-1;-1;-1;55;1;8;-1;-1;-1;2;2;4;3;3;-1;5;5;3;1;6;4;4;2;4;4;5;4;4;4;4;2;2;4;2;2;4;2;2;2;4;4;4;4;4;4;4;2;2;3;3;3;3;4;3;3;3;3;3;3;3;3;3;2;3;-1;-1;6;6;1;6;3;3;167.62676791
734;2026Q2;ES705A3;ES705;6;2;38;1;1;1;10;1;1;2;4;6;-1;-1;-1;40;1;5;-1;-1;-1;2;2;4;5;5;6;5;5;3;4;1;4;2;4;4;4;5;5;4;5;2;4;4;4;4;3;4;2;4;4;2;4;4;2;2;4;4;1;3;3;4;3;2;3;3;3;3;2;2;3;3;3;3;1;1;1;4;6;6;1;6;3;-3;405.03313101
735;2026Q2;ES705A3;ES705;1;1;66;1;1;1;3;12;-1;-1;-1;1;-1;1;5;-1;-1;-1;-1;-1;-1;3;3;2;4;3;5;4;4;3;2;6;4;4;-9;4;4;4;5;4;5;3;4;2;-9;3;4;3;2;2;4;2;4;4;5;4;4;4;4;4;-3;-3;-3;-3;-3;-3;-3;-3;-3;-3;-3;-3;-3;-3;3;1;3;2;6;6;1;6;4;1;1963.833381
736;2026Q2;ES705A3;ES705;1;1;43;1;1;1;4;1;6;2;7;1;-1;-1;-1;-1;-1;-1;-1;-1;-1;2;3;2;6;4;4;4;4;3;3;6;5;5;5;4;5;2;2;4;2;4;2;3;2;2;2;5;3;4;2;4;4;4;2;4;2;2;3;2;4;4;4;3;4;3;3;4;5;4;4;4;4;4;2;3;-1;-1;6;6;3;6;3;1;777.2285521
737;2026Q2;ES705A3;ES705;6;2;24;1;1;1;5;11;-1;-1;-1;6;-1;-1;-1;56;1;9;-1;-1;-1;2;2;6;3;3;6;3;4;3;3;1;4;4;2;4;2;4;4;4;2;2;4;4;2;2;4;3;2;4;4;4;4;4;2;4;2;2;2;2;4;4;4;4;-3;4;4;4;3;3;4;2;4;3;2;3;-1;-1;6;6;1;6;3;1;236.50364536
738;2026Q2;ES705A3;ES705;1;1;55;1;1;1;5;2;6;2;9;1;-1;-1;-1;-1;-1;-1;-1;-1;-1;1;1;1;3;5;6;4;5;4;1;6;3;4;4;4;4;2;2;4;2;4;2;4;2;2;4;4;4;4;4;4;4;4;2;2;4;2;4;4;4;4;4;4;4;4;4;4;4;4;4;4;4;4;2;3;-1;-1;6;6;1;6;-3;-3;397.0150366
739;2026Q2;ES705A3;ES705;1;1;49;1;1;1;10;2;1;2;2;1;-1;-1;-1;-1;-1;-1;-1;-1;-1;2;2;4;7;6;1;5;5;2;2;6;5;2;4;4;4;2;2;4;2;3;2;4;2;2;4;4;3;4;4;4;4;4;2;2;2;2;4;2;2;2;1;3;4;3;3;3;2;1;1;1;3;3;1;1;1;3;1;1;3;6;3;1;688.22171447
740;2026Q2;ES705A3;ES705;1;1;48;1;1;1;7;10;-1;-1;-1;1;-1;1;7;-1;-1;-1;-1;-1;-1;2;3;8;4;3;4;4;4;2;1;6;2;1;2;4;4;2;2;2;4;2;4;2;2;4;4;2;2;4;4;4;4;4;4;4;4;4;2;2;2;3;3;2;3;2;2;2;3;2;2;3;3;2;2;1;1;-9;6;6;5;6;4;1;121.06101167
741;2026Q2;ES705A3;ES705;6;2;74;1;1;1;9;12;-1;-1;-1;1;-1;1;2;-1;-1;-1;-1;-1;-1;1;1;1;4;6;-1;4;4;3;1;6;4;4;4;4;4;5;5;4;5;2;5;2;4;4;4;4;3;4;2;4;4;4;2;2;2;2;2;4;4;5;4;4;5;4;3;2;2;2;3;2;2;3;1;2;-1;-1;6;6;5;6;2;-3;439.25108261
742;2026Q2;ES705A3;ES705;6;2;42;1;1;1;7;1;6;1;8;1;-1;-1;-1;-1;-1;-1;-1;-1;-1;2;2;6;3;3;5;4;4;3;5;1;4;4;4;4;4;2;4;4;4;4;2;4;2;2;5;4;3;3;4;3;4;5;4;2;2;2;5;4;5;4;4;4;3;4;4;3;4;3;3;3;4;4;1;3;-1;-1;6;6;1;6;4;-3;405.03313101
743;2026Q2;ES705A3;ES705;1;1;61;1;1;1;7;2;6;2;5;1;-1;-1;-1;-1;-1;-1;-1;-1;-1;1;1;1;4;6;5;4;4;2;5;1;1;2;2;5;2;5;5;4;2;4;4;4;4;5;4;4;1;1;1;1;4;2;5;5;5;5;1;1;2;2;2;2;2;2;2;2;2;1;1;2;2;2;1;1;3;4;1;6;1;1;4;1;397.0150366
744;2026Q2;ES705A3;ES705;1;1;33;1;1;1;5;1;6;2;9;1;-1;-1;-1;-1;-1;-1;-1;-1;-1;1;1;1;4;6;6;4;2;3;5;1;4;4;3;3;1;3;4;1;1;1;5;3;3;2;3;1;4;3;1;3;3;5;3;1;1;1;1;3;5;3;3;3;4;3;4;4;4;2;2;1;4;2;2;1;3;3;1;6;1;6;5;1;358.65271126
745;2026Q2;ES705A3;ES705;6;2;76;1;1;1;2;12;-1;-1;-1;6;-1;-1;-1;74;5;-1;-1;1;7;3;3;2;4;3;4;5;5;5;1;6;4;5;5;5;5;5;5;4;2;5;2;3;1;1;5;5;5;5;5;5;4;5;2;4;5;4;2;2;4;5;5;4;4;3;3;3;4;-3;4;-3;4;3;2;3;-1;-1;6;6;5;6;1;1;1317.7532478
746;2026Q2;ES705A3;ES705;6;2;47;1;1;1;9;2;6;2;2;1;-1;-1;-1;-1;-1;-1;-1;-1;-1;2;4;2;4;2;2;5;5;4;1;1;4;4;3;4;4;5;5;3;5;3;5;3;5;4;2;2;3;2;3;4;3;4;5;3;3;3;3;3;4;3;2;3;3;3;3;3;3;4;2;1;2;2;2;3;-1;-1;6;6;5;6;-3;1;339.99512211
747;2026Q2;ES705A3;ES705;6;2;63;1;1;1;5;11;-1;-1;-1;1;-1;-1;-1;-1;-1;-1;-1;-1;-1;2;2;4;5;5;-1;3;4;3;4;1;4;5;4;4;4;4;4;4;4;4;4;4;2;4;2;4;2;4;4;4;4;4;4;2;4;4;2;2;4;4;4;4;4;3;4;4;3;4;3;3;3;3;2;1;4;2;1;6;5;6;1;3;124.12487885
748;2026Q2;ES705A3;ES705;1;1;76;1;1;1;3;12;-1;-1;-1;1;-1;1;7;-1;-1;-1;-1;-1;-1;2;2;4;2;2;5;2;3;2;1;6;4;4;4;4;4;4;4;4;4;2;4;2;4;2;2;2;2;4;2;4;4;4;3;2;5;4;4;4;-3;-3;5;4;4;4;-3;-3;-3;2;-3;4;3;4;3;2;-1;-1;6;6;1;6;3;1;1309.222254
749;2026Q2;ES705A3;ES705;1;1;57;1;1;1;5;1;1;2;5;1;-1;-1;-1;-1;-1;-1;-1;-1;-1;2;2;4;5;5;4;5;5;3;2;6;5;5;3;5;4;4;5;4;2;4;3;4;2;2;4;4;4;4;4;4;4;4;4;2;4;2;2;2;4;4;5;3;4;3;2;2;3;1;1;1;3;1;1;1;4;4;1;1;5;6;2;2;794.03007321
750;2026Q2;ES705A3;ES705;6;2;37;3;1;2;7;1;6;2;5;1;-1;-1;-1;-1;-1;-1;-1;-1;-1;3;4;8;3;2;5;4;3;3;2;1;4;4;-9;4;4;-9;4;-9;4;-9;-9;-9;-9;4;-9;4;4;4;4;4;4;4;-9;-9;2;4;-9;4;-3;4;4;4;4;4;4;4;4;4;4;-3;4;4;2;1;3;4;6;6;2;6;-3;-3;607.54969652
751;2026Q2;ES705A3;ES705;1;1;68;3;1;5;6;1;6;2;3;1;-1;-1;-1;-1;-1;-1;-1;-1;-1;2;4;2;4;2;2;5;5;4;5;1;5;5;4;2;4;2;4;4;4;3;2;5;2;1;-9;4;5;5;4;-9;5;5;4;1;1;2;-9;4;4;5;4;5;-3;5;5;-3;4;3;3;-3;4;5;2;3;-1;-1;-9;6;5;6;1;1;642.3864595
752;2026Q2;ES705A3;ES705;6;2;62;1;1;1;3;11;-1;-1;-1;1;-1;-1;-1;-1;-1;-1;-1;-1;-1;2;2;4;2;2;-1;2;2;1;1;1;2;4;4;4;4;2;4;4;2;4;2;2;4;4;2;4;2;2;2;2;2;2;4;4;4;4;2;2;-3;2;3;2;2;1;2;2;2;2;2;2;2;2;3;1;3;4;1;6;5;6;1;1;124.12487885
753;2026Q2;ES705A3;ES705;1;1;44;1;1;1;5;7;-1;-1;3;1;-1;-1;-1;-1;-1;-1;-1;-1;-1;3;4;3;5;3;2;5;4;3;2;6;4;4;-9;4;4;3;4;4;2;4;2;4;2;4;4;4;4;4;4;4;5;4;3;4;2;4;3;3;4;3;3;3;-3;3;4;3;-3;-3;-3;3;-3;3;2;3;-1;-1;6;6;5;6;-7;1;1165.8428282
754;2026Q2;ES705A3;ES705;6;2;67;1;1;1;5;12;-1;-1;-1;1;-1;1;8;-1;-1;-1;-1;-1;-1;2;2;4;6;6;5;4;5;3;1;1;4;4;4;4;4;4;4;4;2;5;2;4;2;2;4;4;5;4;4;4;5;4;2;1;2;2;4;4;4;4;4;4;4;4;4;-3;4;4;3;3;4;4;2;3;-1;-1;6;6;5;6;3;-3;878.50216521
755;2026Q2;ES705A3;ES705;1;1;57;1;1;1;5;1;6;1;4;1;-1;-1;-1;-1;-1;-1;-1;-1;-1;2;3;2;4;3;3;5;5;4;5;1;4;5;4;5;4;5;4;4;5;2;4;4;4;2;2;4;5;5;4;5;5;5;4;2;2;2;2;5;2;3;4;4;4;3;3;4;4;3;3;3;3;2;3;3;-1;-1;6;6;5;6;1;1;794.03007321
756;2026Q2;ES705A3;ES705;6;2;31;3;1;5;10;7;-1;-1;2;1;-1;-1;-1;-1;-1;-1;-1;-1;-1;4;4;8;7;5;1;4;4;4;3;1;4;2;2;4;4;4;5;2;4;2;2;2;4;2;4;3;1;2;2;1;4;4;4;4;4;4;2;1;4;3;2;2;2;4;4;2;3;2;2;2;3;2;1;1;4;4;1;6;5;6;4;3;1022.1799989
757;2026Q2;ES705A3;ES705;6;2;30;1;1;1;10;2;6;2;2;1;-1;-1;-1;-1;-1;-1;-1;-1;-1;2;2;6;6;6;2;5;5;3;1;6;1;1;1;2;2;5;5;2;5;1;5;2;5;5;2;3;2;1;1;4;3;3;5;5;5;5;1;1;2;5;4;1;1;4;4;-7;-7;1;1;1;1;1;1;1;1;4;1;6;1;6;5;1;408.87199956
758;2026Q2;ES705A3;ES705;6;2;23;1;1;1;7;1;6;1;9;6;-1;-1;-1;30;2;7;-1;-1;-1;2;2;4;6;5;4;4;3;2;3;1;4;4;4;4;4;4;4;4;4;2;4;2;2;4;4;4;4;4;2;4;4;4;4;4;4;4;2;2;3;3;3;1;3;1;3;3;3;3;3;3;4;1;2;1;2;-9;6;6;3;1;-3;-3;408.87199956
759;2026Q2;ES705A3;ES705;6;2;35;3;3;5;1;11;-1;-1;-1;6;-1;-1;-1;51;1;9;-1;-1;-1;2;2;8;3;3;6;4;4;4;4;1;2;3;2;4;4;4;4;4;2;3;3;4;2;2;3;4;3;3;4;4;4;4;4;3;-9;4;3;4;4;4;4;4;4;4;4;-3;-3;4;4;-3;-3;-3;2;3;-1;-1;6;6;5;6;-3;-3;601.22609133
760;2026Q2;ES705A3;ES705;1;1;52;3;1;5;4;1;6;2;3;1;-1;-1;-1;-1;-1;-1;-1;-1;-1;2;4;2;2;1;2;4;4;1;2;6;2;3;3;5;4;4;2;-9;5;-9;2;4;4;-9;-9;4;4;4;-9;4;4;4;2;2;2;2;2;-9;4;4;3;3;3;3;3;4;3;3;4;2;3;-3;3;-9;-1;-1;6;6;5;6;1;-7;688.22171447
761;2026Q2;ES705A3;ES705;1;1;26;3;2;5;4;11;-1;-1;-1;1;-1;-1;-1;-1;-1;-1;-1;-1;-1;1;1;1;1;1;-1;4;5;3;1;6;3;2;2;3;2;4;4;2;5;2;4;2;4;4;4;4;3;2;4;4;4;4;4;4;4;4;2;2;4;3;3;3;4;3;2;4;4;3;4;3;3;3;2;1;3;4;1;6;4;6;3;3;392.93829678
762;2026Q2;ES705A3;ES705;1;1;54;1;1;5;5;7;-1;-1;7;1;-1;-1;-1;-1;-1;-1;-1;-1;-1;1;1;1;4;6;4;5;4;4;1;6;4;2;4;4;4;3;3;4;1;4;1;4;1;1;1;4;4;4;5;4;4;4;5;2;4;4;2;2;4;2;4;1;3;1;3;2;4;1;2;1;3;2;1;1;1;3;1;1;5;6;2;-3;344.11085723
763;2026Q2;ES705A3;ES705;1;1;47;1;1;1;10;10;-1;-1;-1;1;-1;1;2;-1;-1;-1;-1;-1;-1;1;1;1;2;4;1;5;5;4;1;6;4;2;4;4;4;4;4;4;4;1;4;2;4;4;4;2;3;4;3;4;4;3;5;3;4;4;3;3;4;2;4;2;4;4;1;-3;-3;-3;-3;1;-3;2;2;3;-1;-1;6;6;4;6;4;2;60.530505836
764;2026Q2;ES705A3;ES705;1;1;52;2;1;5;5;1;6;2;5;1;-1;-1;-1;-1;-1;-1;-1;-1;-1;2;2;4;5;5;5;5;5;3;5;1;5;5;4;4;5;5;4;4;4;4;4;4;2;1;4;5;4;4;4;4;4;5;5;4;4;2;2;2;3;3;3;4;4;4;2;2;3;3;3;2;3;3;1;1;1;2;1;6;5;6;-7;1;688.22171447
765;2026Q2;ES705A3;ES705;6;2;39;1;1;1;10;1;6;2;4;6;-1;-1;-1;41;1;7;-1;-1;-1;2;4;2;6;4;5;5;5;4;5;1;4;4;4;5;4;3;5;3;2;4;2;4;3;2;4;4;4;3;4;4;5;5;5;4;3;5;2;3;4;5;4;4;5;3;4;4;5;3;3;2;2;2;1;1;4;3;1;6;1;6;3;1;405.03313101
766;2026Q2;ES705A3;ES705;6;2;49;3;1;3;8;10;-1;-1;-1;1;-1;1;5;-1;-1;-1;-1;-1;-1;2;2;6;3;3;5;4;5;3;1;6;5;5;5;4;5;4;4;4;4;5;4;4;4;4;3;4;4;4;5;4;5;4;5;1;4;4;2;2;5;5;5;2;3;5;5;2;3;2;1;1;2;2;2;1;1;4;1;1;3;6;5;-3;167.62676791
767;2026Q2;ES705A3;ES705;6;2;43;1;1;1;9;1;6;1;3;6;-1;-1;-1;38;1;-9;-1;-1;-1;2;3;2;6;4;-1;4;4;4;2;1;3;4;3;4;4;4;5;4;4;2;4;3;4;2;3;4;4;4;4;3;3;3;2;4;3;3;3;3;3;3;3;3;3;4;3;3;3;-3;3;2;3;4;1;1;4;1;1;6;5;6;2;1;405.03313101
768;2026Q2;ES705A3;ES705;1;1;62;1;1;1;10;12;-1;-1;-1;1;-1;1;2;-1;-1;-1;-1;-1;-1;1;1;1;4;6;1;5;5;4;2;6;4;4;4;5;4;4;4;3;5;3;4;3;3;3;3;4;4;3;4;3;4;4;2;2;4;3;3;3;4;4;4;4;5;3;3;3;4;3;3;3;4;4;3;2;-1;-1;6;6;5;6;3;1;730.43293384
769;2026Q2;ES705A3;ES705;1;1;53;2;1;5;10;10;-1;-1;-1;1;-1;1;2;-1;-1;-1;-1;-1;-1;1;3;6;1;1;2;5;5;5;5;6;5;5;5;5;5;5;5;5;5;1;-9;-9;3;-9;5;5;1;5;5;5;5;5;-9;-9;5;5;-9;4;5;-3;5;-3;-3;4;4;-3;-3;-3;-3;-3;-3;1;3;1;3;3;1;6;5;6;-3;-3;60.530505836
770;2026Q2;ES705A3;ES705;1;1;30;3;1;4;10;2;6;2;2;1;-1;-1;-1;-1;-1;-1;-1;-1;-1;2;2;4;6;6;1;5;5;4;2;6;5;5;4;4;4;2;2;4;4;4;4;4;2;4;4;4;4;2;4;4;4;4;4;2;2;2;2;2;4;4;4;4;4;4;4;4;4;4;4;4;4;4;2;1;4;4;1;6;3;6;-3;2;717.30542252
771;2026Q2;ES705A3;ES705;6;2;26;1;1;1;6;11;-1;-1;-1;6;-1;-1;-1;25;1;-9;-1;-1;-1;2;2;4;4;4;-1;4;4;3;1;6;2;4;2;4;4;2;5;1;4;2;4;2;4;4;2;2;4;2;2;4;4;4;4;4;4;4;2;2;4;3;4;2;4;2;3;3;4;3;4;2;4;3;2;1;1;4;1;6;1;6;-3;1;236.50364536
772;2026Q2;ES705A3;ES705;6;2;32;3;1;3;6;1;6;2;5;6;-1;-1;-1;64;1;5;-1;-1;-1;3;4;5;3;2;5;5;4;2;2;1;4;4;4;4;4;4;5;4;5;3;4;4;5;4;3;4;4;3;4;4;4;4;5;4;4;5;4;4;4;4;4;4;4;4;4;4;4;4;4;3;3;3;2;2;-1;-1;-9;6;3;6;1;2;613.30799935
773;2026Q2;ES705A3;ES705;6;2;55;1;1;1;5;10;-1;-1;-1;6;-1;-1;-1;32;1;8;-1;-1;-1;4;4;8;3;2;5;4;3;3;2;1;4;4;4;4;4;2;2;2;4;4;2;3;4;4;3;3;4;2;2;2;2;4;2;2;2;2;3;3;3;-3;4;1;3;1;2;-3;-3;3;3;-3;3;2;3;3;-1;-1;6;6;1;6;1;-3;248.24975769
774;2026Q2;ES705A3;ES705;1;1;53;1;1;1;7;1;6;2;8;1;-1;-1;-1;-1;-1;-1;-1;-1;-1;3;3;7;5;3;-1;5;5;2;3;1;5;2;4;4;2;4;4;2;2;4;4;4;4;4;4;2;4;4;4;4;2;4;4;2;2;4;4;4;3;4;4;4;4;-3;3;4;4;2;2;2;2;3;3;2;-1;-1;1;1;1;6;2;1;1032.3325717
775;2026Q2;ES705A3;ES705;6;2;30;3;1;3;6;1;6;2;5;6;-1;-1;-1;31;2;7;-1;-1;-1;3;4;6;5;3;5;4;4;3;3;1;4;5;4;4;4;4;5;4;3;4;4;4;4;2;4;4;4;4;4;4;4;4;4;2;4;4;2;2;4;4;4;4;4;4;4;-3;-3;4;-3;-3;4;4;2;2;-1;-1;1;6;3;6;-3;-3;613.30799935
776;2026Q2;ES705A3;ES705;6;2;38;1;1;1;4;5;-1;-1;5;1;-1;-1;-1;-1;-1;-1;-1;-1;-1;1;3;7;3;2;3;3;-9;-9;-9;1;-9;-9;-9;-9;-9;-9;-9;-9;-9;-9;-9;-9;-9;-9;-9;-9;-9;-9;-9;-9;-9;-9;-9;-9;-9;-9;-9;-9;-7;-7;-7;-7;-7;-7;-7;-7;-7;-7;-7;-7;-7;-7;3;-9;-1;-1;6;6;1;6;-7;-7;202.51656551
777;2026Q2;ES705A3;ES705;1;1;33;3;3;4;6;1;1;1;7;1;-1;-1;-1;-1;-1;-1;-1;-1;-1;2;3;6;3;2;4;5;5;5;4;1;5;5;2;4;5;2;4;4;4;4;2;4;2;2;4;4;5;4;4;4;5;4;2;2;2;2;4;5;3;3;3;3;3;2;2;-3;2;-3;3;-3;4;4;3;1;5;4;6;6;4;6;5;2;2074.0501636
778;2026Q2;ES705A3;ES705;6;2;57;3;3;5;5;10;-1;-1;-1;1;-1;1;9;-1;-1;-1;-1;-1;-1;2;2;6;2;2;6;5;4;2;2;6;5;5;5;4;4;5;5;4;4;4;2;4;2;2;4;4;4;4;4;4;4;4;2;2;2;4;2;2;5;5;4;4;4;5;5;4;5;4;5;4;4;4;1;3;-1;-1;6;6;5;6;3;2;492.68619336
779;2026Q2;ES705A3;ES705;6;2;63;1;1;1;9;2;6;2;2;6;-1;-1;-1;66;5;-1;-1;1;-9;4;4;2;6;3;-1;4;4;3;1;6;4;2;4;4;4;4;4;2;4;2;4;2;4;4;2;4;2;2;2;4;2;2;4;4;4;4;2;2;2;2;2;2;1;1;2;2;2;1;1;1;2;2;1;3;-1;-1;6;6;1;6;3;1;592.98646609
780;2026Q2;ES705A3;ES705;6;2;50;1;1;1;9;2;6;2;3;1;-1;-1;-1;-1;-1;-1;-1;-1;-1;1;1;1;2;4;3;3;2;2;1;6;4;5;2;4;2;2;2;2;1;1;3;3;2;2;3;1;1;1;1;1;4;1;2;5;5;2;2;2;4;2;4;3;4;1;3;2;3;3;2;3;3;2;1;1;3;4;6;6;1;6;-3;-3;169.99756105
781;2026Q2;ES705A3;ES705;6;2;65;3;1;5;5;10;-1;-1;-1;6;-1;-1;-1;72;5;-1;-1;2;-9;3;3;6;3;2;-1;5;5;5;1;6;3;4;3;4;3;4;4;4;4;4;4;4;3;2;5;4;4;5;4;4;5;5;4;3;2;2;3;4;3;3;3;3;3;1;1;1;4;2;3;2;2;2;2;3;-1;-1;6;6;5;6;4;-3;264.67011892
782;2026Q2;ES705A3;ES705;1;1;54;1;1;1;10;15;-1;-1;-1;1;1;2;2;-1;-1;-1;-1;-1;-1;2;2;8;4;4;1;5;5;5;-9;6;4;4;4;4;5;4;5;4;4;3;5;-9;3;4;3;3;4;4;3;3;3;4;2;4;4;4;2;2;3;3;3;3;2;2;2;2;3;1;1;1;2;2;2;1;4;3;1;6;3;6;-7;-3;1355.0575089
783;2026Q2;ES705A3;ES705;6;2;52;2;1;5;6;1;6;2;5;1;-1;-1;-1;-1;-1;-1;-1;-1;-1;1;1;1;3;5;5;5;5;3;5;1;4;4;4;4;4;4;4;3;4;3;4;4;4;2;4;4;4;4;4;4;4;4;2;2;2;3;4;4;5;4;5;5;3;5;5;4;3;3;3;3;3;4;2;3;-1;-1;6;6;5;6;3;1;169.99756105
784;2026Q2;ES705A3;ES705;6;2;60;3;2;5;7;1;1;2;1;1;-1;-1;-1;-1;-1;-1;-1;-1;-1;2;2;6;7;6;1;5;5;5;5;1;5;4;5;4;4;2;4;4;4;4;4;4;2;4;4;4;4;4;4;4;5;5;4;3;2;4;3;4;4;4;4;3;4;4;4;4;4;4;4;4;4;3;2;2;-1;-1;6;6;5;6;4;1;665.05454756
785;2026Q2;ES705A3;ES705;6;2;38;1;3;5;10;2;6;2;5;1;-1;-1;-1;-1;-1;-1;-1;-1;-1;3;3;6;4;3;5;4;4;2;1;1;4;5;4;5;5;5;5;4;4;2;3;3;3;4;3;4;3;4;4;5;4;5;2;2;3;3;3;4;-3;-3;5;5;5;4;4;4;-3;-3;-3;3;4;4;1;2;-1;-1;6;-9;5;6;4;1;1160.3916683
786;2026Q2;ES705A3;ES705;1;1;33;1;1;1;7;1;6;1;7;1;-1;-1;-1;-1;-1;-1;-1;-1;-1;2;4;2;6;3;4;5;4;3;3;1;3;1;3;2;4;5;4;4;2;2;4;3;2;4;2;1;2;2;2;4;2;2;4;4;4;4;2;2;4;4;5;5;4;4;3;-3;3;3;3;1;4;5;2;1;1;2;6;6;5;6;3;1;717.30542252
787;2026Q2;ES705A3;ES705;1;1;54;3;2;5;5;11;-1;-1;-1;1;-1;-1;-1;-1;-1;-1;-1;-1;-1;1;1;1;2;3;-1;-9;-9;-9;-9;6;4;4;4;4;4;2;4;4;4;4;4;4;3;4;3;4;4;4;4;4;4;4;4;2;2;2;2;4;4;4;4;4;4;4;4;3;4;-3;-3;4;4;4;3;2;-1;-1;1;1;4;6;1;3;378.39644276
788;2026Q2;ES705A3;ES705;1;1;46;1;1;1;10;2;6;2;-9;1;-1;-1;-1;-1;-1;-1;-1;-1;-1;2;2;4;-9;-9;-1;4;4;4;2;6;4;4;4;4;4;4;4;2;4;2;4;2;4;4;4;2;4;4;4;4;4;4;4;4;4;-9;4;4;4;4;4;3;4;3;3;3;3;3;3;2;3;3;2;1;1;2;1;6;5;6;4;1;688.22171447
789;2026Q2;ES705A3;ES705;1;1;50;3;1;5;5;1;1;2;5;1;-1;-1;-1;-1;-1;-1;-1;-1;-1;4;4;2;6;3;5;4;4;2;2;1;4;4;4;4;4;4;4;4;4;4;4;4;2;4;2;4;2;4;4;4;4;4;4;4;4;4;4;4;2;4;4;4;4;4;4;4;3;3;4;2;4;4;1;1;3;2;1;6;5;6;-7;1;1376.4434289
790;2026Q2;ES705A3;ES705;6;2;50;1;1;1;9;1;6;2;-9;6;-1;-1;-1;53;1;7;-1;-1;-1;4;4;8;7;5;4;4;4;4;3;1;4;4;4;4;4;2;2;4;2;4;2;4;2;2;4;4;4;4;2;2;4;4;2;4;2;4;2;2;4;3;4;3;4;3;3;3;4;3;3;2;3;2;2;3;-1;-1;6;6;5;6;2;-3;679.99024422
791;2026Q2;ES705A3;ES705;6;2;75;1;1;1;3;12;-1;-1;-1;1;-1;1;9;-1;-1;-1;-1;-1;-1;4;4;8;7;5;6;4;4;4;3;1;4;4;4;4;4;4;4;4;2;4;2;2;2;2;4;4;4;4;2;2;4;4;2;4;2;4;2;2;4;3;4;3;4;3;4;3;3;3;3;2;3;2;2;3;-1;-1;6;6;5;6;2;-3;1757.0043304
792;2026Q2;ES705A3;ES705;1;1;59;2;1;5;5;15;-1;-1;-1;1;6;-1;-1;-1;-1;-1;-1;-1;-1;2;2;8;4;4;-1;3;3;3;2;6;4;4;3;4;4;2;4;4;3;4;4;3;3;3;3;3;4;3;3;4;4;4;3;3;3;3;2;2;4;4;4;3;3;4;-3;4;4;3;3;3;3;3;2;2;-1;-1;6;6;5;6;4;1;1460.8658677
793;2026Q2;ES705A3;ES705;6;2;45;3;2;4;10;1;6;1;5;6;-1;-1;-1;51;1;3;-1;-1;-1;3;4;2;6;3;3;5;5;4;5;1;5;4;5;5;4;2;3;5;3;4;3;4;3;1;5;4;3;4;5;5;5;5;3;3;3;3;4;3;4;2;4;2;1;1;4;3;3;3;2;1;3;1;3;2;-1;-1;-9;6;4;6;2;-3;1062.8346549
794;2026Q2;ES705A3;ES705;6;2;59;3;1;5;6;18;-1;-1;-1;6;-1;-1;-1;68;1;-9;-1;-1;-1;4;4;7;-9;-9;-1;5;4;5;1;6;4;4;4;4;4;2;4;4;2;3;4;4;3;4;4;4;3;4;3;4;4;4;4;4;4;4;2;2;4;4;4;3;4;4;4;3;3;3;3;3;3;3;3;2;-1;-1;6;6;5;6;-3;-3;1652.3605962
795;2026Q2;ES705A3;ES705;6;2;51;3;3;4;7;14;-1;-1;-1;6;-1;-1;-1;46;1;7;-1;-1;-1;3;4;3;3;2;5;5;4;3;2;6;4;4;4;4;4;2;2;4;4;4;4;4;2;2;4;4;4;4;4;4;4;4;2;4;4;4;4;2;4;4;4;4;4;5;5;5;4;4;4;3;3;4;2;3;-1;-1;6;6;4;6;1;1;1857.3652525
796;2026Q2;ES705A3;ES705;6;2;52;3;1;4;7;1;6;2;9;1;-1;-1;-1;-1;-1;-1;-1;-1;-1;1;1;1;3;5;6;4;4;2;4;1;3;4;3;4;4;2;4;4;4;4;4;4;4;4;4;4;4;4;3;3;4;4;4;4;3;4;3;3;4;4;4;4;4;4;4;4;4;4;4;4;4;4;3;2;-1;-1;6;6;4;6;-3;-3;169.99756105
797;2026Q2;ES705A3;ES705;6;2;23;1;1;1;9;13;-1;-1;-1;6;-1;-1;-1;52;1;5;-1;-1;-1;4;4;2;6;4;5;4;4;3;2;6;2;2;2;2;2;4;5;3;5;1;5;2;5;4;2;1;1;1;1;2;2;3;1;1;1;1;1;1;1;1;1;1;1;1;1;1;1;1;1;1;1;1;1;1;5;4;6;6;1;6;4;1;1877.1181293
798;2026Q2;ES705A3;ES705;6;2;56;1;1;1;5;14;-1;-1;-1;6;-1;-1;-1;61;1;8;-1;-1;-1;4;4;2;5;3;5;3;3;1;3;1;4;5;4;4;4;5;2;5;4;4;2;4;2;2;2;4;4;4;4;4;2;4;2;2;4;2;2;4;5;4;5;5;-3;4;3;4;4;5;5;3;4;5;2;3;-1;-1;1;1;5;6;3;2;1652.3605962
799;2026Q2;ES705A3;ES705;6;2;55;1;1;1;8;2;6;2;-9;1;-1;-1;-1;-1;-1;-1;-1;-1;-1;3;3;2;6;4;-1;4;5;3;1;6;4;3;5;4;4;5;5;2;4;4;4;2;5;3;3;2;2;3;2;4;4;4;4;2;4;4;2;2;3;2;3;2;4;2;3;2;2;1;2;2;-3;2;1;3;-1;-1;6;6;5;6;5;1;444.73984957
800;2026Q2;ES705A3;ES705;1;1;71;1;1;5;6;12;-1;-1;-1;1;-1;1;5;-1;-1;-1;-1;-1;-1;1;1;1;3;5;3;4;4;3;2;6;4;4;4;4;-9;4;4;4;4;2;4;2;2;2;2;2;4;2;4;2;2;4;2;3;2;4;-9;4;-3;-3;4;4;4;4;2;-3;2;4;4;2;-3;2;2;3;-1;-1;1;6;5;6;4;1;654.61112698
801;2026Q2;ES705A3;ES705;6;2;28;1;1;1;8;1;1;1;7;6;-1;-1;-1;57;1;6;-1;-1;-1;3;3;8;6;4;5;4;4;2;1;6;4;4;-9;4;3;3;4;4;-9;3;4;-9;3;2;3;-9;2;4;3;3;3;4;3;4;-9;4;2;2;-3;-3;-3;3;4;2;2;-3;-3;-3;-3;-3;-3;-3;2;3;-1;-1;-9;6;1;6;3;-3;613.30799935
802;2026Q2;ES705A3;ES705;1;1;46;1;1;1;5;11;-1;-1;-1;1;-1;-1;-1;-1;-1;-1;-1;-1;-1;1;1;1;2;3;-1;4;3;3;4;6;4;4;-9;4;4;4;2;4;-9;4;-9;-9;3;-9;4;4;3;4;4;4;4;4;4;2;2;3;-9;4;-3;-3;-3;-3;-3;-3;4;-3;-3;-3;-3;-3;-3;-3;2;3;-1;-1;6;6;1;6;1;-3;60.530505836
803;2026Q2;ES705A3;ES705;6;2;61;3;1;5;7;1;6;2;9;6;-1;-1;-1;70;5;-1;-1;1;9;2;2;4;4;4;6;4;3;3;3;6;4;4;4;4;4;4;4;4;4;4;3;4;2;3;4;4;2;4;4;4;2;4;3;3;3;2;3;3;-3;-3;-3;3;4;3;3;4;4;-7;-7;-3;-3;-3;2;1;4;2;1;6;5;6;1;-3;296.49323304
804;2026Q2;ES705A3;ES705;6;2;56;1;1;1;5;1;6;1;9;6;-1;-1;-1;65;5;-1;-1;1;8;3;3;5;4;3;-1;5;5;4;3;6;3;2;3;3;4;3;4;4;2;2;4;2;2;3;2;2;2;3;2;4;4;5;3;3;4;4;3;2;4;3;4;3;3;4;4;-3;-3;-3;3;1;4;3;1;1;4;1;1;6;5;6;4;-3;444.73984957
805;2026Q2;ES705A3;ES705;1;1;65;1;1;1;3;12;-1;-1;-1;1;-1;1;8;-1;-1;-1;-1;-1;-1;3;3;6;4;3;5;5;5;4;2;6;3;2;4;5;3;-9;4;4;-9;3;3;3;2;3;2;3;3;2;-9;3;4;4;3;4;5;5;3;-9;-3;5;4;-3;-3;4;4;-3;-3;-7;3;3;-3;-3;2;1;3;1;1;1;5;6;4;-7;1963.833381
806;2026Q2;ES705A3;ES705;1;1;74;1;1;1;3;12;-1;-1;-1;1;-1;1;8;-1;-1;-1;-1;-1;-1;2;2;6;3;3;6;5;5;4;1;6;3;4;2;5;2;5;5;3;5;1;5;2;5;5;3;5;4;2;2;4;4;3;5;5;5;5;1;1;2;3;2;4;2;4;1;2;3;1;1;1;-3;1;3;1;3;4;1;6;5;6;-3;1;1309.222254
807;2026Q2;ES705A3;ES705;1;1;51;1;1;1;7;1;6;2;5;1;-1;-1;-1;-1;-1;-1;-1;-1;-1;2;2;4;5;5;5;5;5;5;5;1;1;4;2;4;4;4;2;2;2;4;2;4;2;2;4;4;4;4;4;4;2;4;2;2;2;2;4;4;2;2;2;2;2;1;1;1;1;1;1;2;2;2;3;3;-1;-1;6;6;5;6;1;2;688.22171447
808;2026Q2;ES705A3;ES705;6;2;50;3;1;5;6;11;-1;-1;-1;6;-1;-1;-1;57;2;5;-1;-1;-1;4;4;3;5;3;3;4;4;4;4;1;4;4;4;4;4;4;4;4;4;4;4;2;2;2;4;4;4;4;4;-9;3;4;2;2;4;-9;4;4;4;-3;-3;4;4;4;3;-3;2;4;4;4;-3;-3;2;3;-1;-1;6;6;5;6;3;3;335.25353582
809;2026Q2;ES705A3;ES705;6;2;53;3;3;4;4;1;6;1;5;6;-1;-1;-1;52;1;7;-1;-1;-1;2;3;2;5;3;4;4;4;4;2;6;5;5;5;5;5;2;5;5;4;4;4;4;2;2;3;5;4;4;4;4;5;5;2;2;2;3;4;4;4;4;4;4;5;5;5;-3;4;-3;-3;4;4;4;3;3;-1;-1;6;6;4;6;-3;-3;708.55643662
810;2026Q2;ES705A3;ES705;6;2;26;1;1;1;8;1;6;2;5;6;-1;-1;-1;52;5;-1;-1;1;5;4;4;8;6;3;5;5;4;4;2;6;2;2;4;4;4;4;4;4;4;2;4;2;4;4;2;2;2;2;2;4;4;4;4;2;2;4;2;2;3;3;3;3;3;2;2;3;2;2;2;2;3;3;2;3;-1;-1;1;6;1;6;3;3;1022.1799989
811;2026Q2;ES705A3;ES705;1;1;28;1;1;3;6;1;6;1;3;1;-1;-1;-1;-1;-1;-1;-1;-1;-1;2;2;6;6;5;3;5;5;4;3;1;2;2;4;4;2;4;4;2;4;3;4;4;3;3;4;3;3;2;3;4;3;4;4;4;4;4;4;3;4;4;4;4;3;4;4;4;4;2;3;2;3;3;2;1;5;1;1;6;3;6;5;1;717.30542252
812;2026Q2;ES705A3;ES705;6;2;60;1;1;1;7;10;-1;-1;-1;6;-1;-1;-1;56;1;6;-1;-1;-1;2;2;4;5;5;5;4;4;3;1;6;4;4;4;4;4;2;4;4;4;4;4;4;4;4;4;4;4;4;4;4;4;4;4;4;4;4;4;3;4;4;4;3;4;4;4;-3;4;-3;-3;4;4;4;1;1;4;2;1;6;5;6;4;1;124.12487885
813;2026Q2;ES705A3;ES705;6;2;59;3;2;5;6;1;6;2;2;1;-1;-1;-1;-1;-1;-1;-1;-1;-1;2;2;6;2;2;1;4;3;4;4;1;4;4;4;4;4;2;4;4;4;4;3;4;2;4;4;4;4;4;4;4;4;4;4;4;4;4;4;2;4;4;4;2;3;2;2;2;3;2;2;2;3;3;3;1;3;4;1;1;5;6;4;1;665.05454756
814;2026Q2;ES705A3;ES705;1;1;41;1;1;1;7;1;6;2;9;1;-1;-1;-1;-1;-1;-1;-1;-1;-1;4;4;3;7;3;6;2;3;3;2;1;4;4;5;5;5;4;5;1;4;2;5;4;5;4;2;2;1;4;1;1;4;4;4;4;4;5;4;1;3;2;3;2;4;4;4;3;3;3;3;3;2;2;1;3;-1;-1;1;6;1;6;1;1;2331.6856563
815;2026Q2;ES705A3;ES705;6;2;49;3;1;5;8;1;6;1;5;1;-1;-1;-1;-1;-1;-1;-1;-1;-1;2;3;2;3;2;5;3;5;2;4;1;4;4;4;4;4;4;4;4;4;4;4;4;4;4;4;4;4;4;4;4;4;4;2;2;2;4;2;2;4;4;4;4;4;4;4;4;4;4;4;2;4;4;2;3;-1;-1;6;6;3;6;1;1;339.99512211
816;2026Q2;ES705A3;ES705;6;2;59;1;1;1;5;1;6;2;9;1;-1;-1;-1;-1;-1;-1;-1;-1;-1;1;1;1;4;6;6;5;5;4;5;1;4;4;4;4;4;3;2;4;2;2;2;4;2;2;3;4;4;2;2;2;2;2;2;2;2;2;3;4;-3;3;4;4;4;3;4;-3;-3;2;2;-3;-3;-3;2;3;-1;-1;6;6;1;6;3;-3;148.24661652
817;2026Q2;ES705A3;ES705;6;2;32;1;1;1;10;2;6;2;2;1;-1;-1;-1;-1;-1;-1;-1;-1;-1;2;2;4;6;5;2;4;4;3;2;6;1;1;1;2;2;4;5;3;5;1;5;1;4;3;3;2;2;1;1;2;3;2;5;5;5;5;2;2;2;2;2;1;1;3;3;2;5;2;4;1;2;2;1;1;1;2;1;6;3;6;5;1;408.87199956
818;2026Q2;ES705A3;ES705;1;1;24;3;3;3;6;1;6;1;8;6;-1;-1;-1;33;2;8;-1;-1;-1;2;2;8;6;5;5;4;3;3;3;6;4;4;4;4;4;4;4;4;4;4;2;4;2;4;4;4;4;4;4;2;4;4;2;2;4;4;4;4;4;4;4;4;4;4;3;4;3;4;4;4;4;4;2;3;-1;-1;6;6;3;6;3;-3;2074.0501636
819;2026Q2;ES705A3;ES705;6;2;67;1;1;1;5;16;-1;-1;-1;1;1;1;6;-1;-1;-1;-1;-1;-1;1;1;1;2;4;5;4;4;3;1;6;4;4;-9;4;4;4;4;4;4;4;4;4;3;2;3;-9;4;4;4;-9;-9;4;4;4;4;4;4;4;-3;4;4;4;4;4;4;4;-3;4;4;-3;-3;-3;2;3;-1;-1;6;6;1;6;4;1;439.25108261
820;2026Q2;ES705A3;ES705;6;2;22;3;1;5;8;11;-1;-1;-1;6;-1;-1;-1;55;1;9;-1;-1;-1;2;4;7;3;2;6;4;4;3;4;1;4;4;4;4;4;2;4;4;4;2;2;4;2;4;2;4;4;4;2;4;4;4;4;2;4;4;2;4;-3;-3;4;4;2;4;4;4;4;-3;-3;2;4;3;1;3;-1;-1;6;6;5;1;-3;3;236.50364536
821;2026Q2;ES705A3;ES705;6;2;35;1;1;1;5;1;6;2;9;1;-1;-1;-1;-1;-1;-1;-1;-1;-1;1;2;6;4;4;6;4;4;4;2;1;5;4;4;4;4;3;3;4;2;4;3;4;2;2;4;5;4;4;4;4;4;4;2;2;2;2;3;3;4;4;4;4;4;4;3;4;3;4;4;4;4;4;2;3;-1;-1;6;6;1;6;3;-3;202.51656551
822;2026Q2;ES705A3;ES705;1;1;37;3;1;5;3;2;6;2;9;1;-1;-1;-1;-1;-1;-1;-1;-1;-1;1;1;1;3;5;6;5;5;3;5;1;2;2;2;3;2;2;5;2;4;2;4;3;3;4;2;3;2;4;2;4;4;3;4;3;4;4;4;4;4;3;5;3;3;4;3;3;4;3;4;2;4;3;1;3;-1;-1;6;6;4;6;-3;1;388.61427605
823;2026Q2;ES705A3;ES705;6;2;40;1;1;1;5;1;6;2;5;6;-1;-1;-1;41;1;-9;-1;-1;-1;2;4;2;6;3;-1;4;4;3;2;6;3;3;4;4;-9;-9;4;-9;3;3;-9;-9;3;2;-9;2;3;3;-9;-9;4;4;4;5;3;4;2;2;-3;-3;-3;1;-3;2;3;-3;-3;-3;-3;2;-3;-3;3;2;-1;-1;6;6;1;6;-3;-3;405.03313101
824;2026Q2;ES705A3;ES705;1;1;64;3;2;4;8;18;-1;-1;-1;1;6;-1;-1;-1;-1;-1;-1;-1;-1;1;1;1;3;5;-1;5;5;3;2;6;5;2;4;4;4;4;5;2;5;4;4;3;4;4;3;3;3;3;3;2;3;4;5;4;4;4;3;4;4;3;3;3;3;3;3;2;3;-3;-3;2;3;-3;2;1;4;1;1;6;4;6;3;1;1408.8053044
825;2026Q2;ES705A3;ES705;6;2;48;1;1;1;5;1;6;2;9;1;-1;-1;-1;-1;-1;-1;-1;-1;-1;2;2;6;5;5;6;5;5;5;5;1;4;4;4;4;4;4;5;2;2;2;5;2;1;4;2;2;1;2;4;4;4;4;2;4;4;2;-9;4;4;4;4;3;3;4;4;-3;4;-3;-3;1;3;1;1;1;3;2;6;6;5;6;4;1;339.99512211
826;2026Q2;ES705A3;ES705;6;2;60;1;1;1;5;15;-1;-1;-1;1;1;1;9;-1;-1;-1;-1;-1;-1;2;2;6;5;5;6;4;4;3;3;6;4;4;4;4;4;4;4;4;4;4;4;5;2;4;4;4;4;4;4;4;4;4;2;3;4;2;4;4;4;4;4;5;4;3;3;4;4;4;4;2;4;4;3;1;1;4;1;1;5;6;1;1;826.18029811
827;2026Q2;ES705A3;ES705;6;2;31;1;1;1;10;2;6;2;2;6;-1;-1;-1;60;1;9;-1;-1;-1;3;3;6;6;4;6;5;4;3;4;1;2;2;2;4;1;5;5;2;5;2;5;4;4;5;4;2;2;4;2;2;2;4;4;4;5;5;1;1;4;4;4;2;3;3;3;3;3;2;3;2;2;2;3;1;3;4;1;1;1;6;-3;1;613.30799935
828;2026Q2;ES705A3;ES705;6;2;57;1;1;1;7;1;6;1;5;1;-1;-1;-1;-1;-1;-1;-1;-1;-1;2;2;8;5;5;5;5;5;5;4;1;3;2;-9;4;4;4;4;4;4;2;4;-9;-9;2;4;2;2;4;4;3;4;4;4;4;4;4;2;2;-3;-3;-3;-3;4;2;2;-3;-3;-3;-3;-3;-3;-3;2;1;3;4;1;6;5;6;3;1;296.49323304
829;2026Q2;ES705A3;ES705;1;1;49;1;1;1;3;11;-1;-1;-1;1;-1;-1;-1;-1;-1;-1;-1;-1;-1;1;1;1;1;2;-1;5;5;5;2;6;3;5;5;5;5;5;5;5;5;5;3;5;4;4;4;5;5;4;3;4;4;4;3;4;4;3;3;3;5;5;5;4;5;5;5;4;4;4;5;5;5;4;2;1;2;3;-9;6;1;6;3;2;60.530505836
830;2026Q2;ES705A3;ES705;6;2;63;1;1;5;5;15;-1;-1;-1;1;1;1;9;-1;-1;-1;-1;-1;-1;1;1;1;3;5;6;5;5;4;1;6;5;4;4;5;5;1;1;5;1;4;1;5;1;1;4;5;5;5;4;5;4;4;2;4;1;3;4;2;5;5;4;3;-3;4;3;-3;5;-3;4;3;-3;-3;3;3;-1;-1;6;6;5;6;4;-3;413.09014905
831;2026Q2;ES705A3;ES705;6;2;58;1;1;1;3;12;-1;-1;-1;1;-1;1;-9;-1;-1;-1;-1;-1;-1;1;1;1;2;3;-1;5;-9;-9;1;6;5;5;4;4;4;4;4;4;2;4;4;3;4;4;3;2;4;4;4;4;4;4;4;2;4;2;2;2;4;2;-3;-3;3;4;4;-3;-3;-3;-3;2;-3;-3;3;3;-1;-1;6;6;5;6;1;-3;413.09014905
832;2026Q2;ES705A3;ES705;6;2;35;1;1;1;7;7;-1;-1;3;1;-1;-1;-1;-1;-1;-1;-1;-1;-1;2;3;6;2;2;3;4;4;2;3;6;4;4;4;4;4;2;2;4;2;3;2;4;3;2;4;4;4;2;4;4;4;4;3;2;4;2;3;4;3;3;3;3;3;3;4;3;2;2;3;1;3;3;2;2;-1;-1;1;6;1;6;5;1;405.03313101
833;2026Q2;ES705A3;ES705;1;1;65;2;1;5;3;12;-1;-1;-1;6;-1;-1;-1;62;7;-1;1;1;9;2;2;4;4;4;6;2;3;3;2;6;4;4;4;4;4;4;4;4;4;4;4;4;2;3;4;4;4;4;3;4;4;3;2;2;4;2;4;4;4;4;4;2;4;2;1;2;4;4;4;2;2;1;3;3;-1;-1;6;6;5;6;5;1;1309.222254
834;2026Q2;ES705A3;ES705;6;2;69;3;1;5;7;12;-1;-1;-1;1;-1;1;8;-1;-1;-1;-1;-1;-1;1;1;1;2;3;5;4;3;3;2;6;4;4;4;4;4;4;4;4;2;4;2;3;2;4;2;4;4;4;3;4;4;4;4;2;4;2;2;3;4;3;4;4;3;3;3;4;4;4;3;3;4;-3;2;1;1;4;1;6;5;6;1;-3;439.25108261
835;2026Q2;ES705A3;ES705;6;2;80;3;2;5;1;18;-1;-1;-1;6;-1;-1;-1;61;1;9;-1;-1;-1;2;2;8;4;4;6;5;5;5;5;1;4;4;4;4;4;4;5;4;5;3;5;3;5;5;3;3;3;3;3;3;3;3;5;5;5;5;2;3;3;3;3;3;3;3;3;3;3;3;3;3;3;3;1;1;4;-9;-9;-9;5;6;5;1;1247.0634797
836;2026Q2;ES705A3;ES705;1;1;41;1;1;5;4;10;-1;-1;-1;1;-1;1;9;-1;-1;-1;-1;-1;-1;1;1;1;2;3;6;4;4;2;1;6;5;4;4;4;4;4;4;-9;4;2;4;2;4;4;-9;2;2;2;2;2;2;4;4;4;4;4;2;2;4;4;4;2;4;2;2;2;4;2;2;2;4;2;2;3;-1;-1;6;6;5;6;1;1;60.530505836
837;2026Q2;ES705A3;ES705;1;1;40;1;1;1;5;1;6;2;2;6;-1;-1;-1;80;5;-1;-1;1;3;2;2;6;5;5;3;5;5;3;2;6;1;1;1;1;1;5;5;4;5;1;5;1;2;4;1;1;1;4;4;4;4;4;5;5;5;5;1;1;4;1;4;1;4;1;4;2;2;1;2;1;1;1;3;1;1;4;1;6;5;6;1;1;777.2285521
838;2026Q2;ES705A2;ES705;6;2;71;1;1;1;5;12;-1;-1;-1;1;-1;1;9;-1;-1;-1;-1;-1;-1;1;1;1;3;5;6;4;4;2;1;6;4;4;-9;4;4;-9;-9;4;-9;4;-9;3;2;2;4;4;4;4;4;4;4;4;2;2;-9;-9;-9;4;4;4;4;4;-3;4;4;-3;4;-3;-3;-3;-3;-3;3;-9;-1;-1;6;6;5;6;-3;-3;145.28810058
839;2026Q2;ES705A2;ES705;1;1;69;1;1;1;8;12;-1;-1;-1;1;-1;1;7;-1;-1;-1;-1;-1;-1;2;2;4;-9;-9;4;4;4;2;1;6;4;3;-9;4;4;4;-9;3;-9;3;-9;3;2;3;3;3;3;3;3;-9;4;4;2;-9;-9;-9;3;-9;4;3;4;-3;-3;3;3;-3;4;-3;-3;-3;-3;-3;2;2;-1;-1;6;6;5;6;-3;-3;436.23061353
840;2026Q2;ES705A2;ES705;6;2;74;1;1;1;5;16;-1;-1;-1;1;1;1;4;-1;-1;-1;-1;-1;-1;1;1;1;2;4;3;4;3;2;2;6;4;4;3;4;4;4;5;4;3;3;4;2;5;2;3;2;4;4;3;3;4;3;2;4;3;5;2;2;4;3;3;3;3;2;2;-3;3;2;2;2;3;3;1;3;-1;-1;6;6;1;6;3;1;145.28810058
841;2026Q2;ES705A2;ES705;6;2;40;1;1;1;8;10;-1;-1;-1;-9;-1;-1;-1;-1;-1;-1;-1;-1;-1;3;3;8;-9;-9;-1;5;5;1;1;1;3;2;2;3;2;5;5;2;4;2;4;2;4;3;3;2;2;3;3;3;3;3;4;5;5;5;2;2;5;5;5;2;2;2;3;3;3;2;2;2;2;2;1;1;5;4;1;6;1;6;3;1;216.94704787
842;2026Q2;ES705A2;ES705;6;2;50;1;1;1;8;1;6;1;5;1;-1;-1;-1;-1;-1;-1;-1;-1;-1;1;1;1;3;5;4;4;4;2;1;6;4;4;-9;4;4;4;-9;4;-9;-9;-9;3;2;2;4;3;3;4;4;4;4;4;2;3;3;3;-9;3;4;3;4;3;3;3;3;-3;4;-3;-3;-3;-3;-3;2;-9;-1;-1;6;6;5;6;-3;-3;84.485877313
843;2026Q2;ES705A2;ES705;6;2;33;1;1;1;7;2;6;2;5;1;-1;-1;-1;-1;-1;-1;-1;-1;-1;2;2;6;5;5;5;3;4;2;2;6;4;-9;-9;4;-9;4;2;4;4;3;4;3;3;-9;-9;-9;4;4;4;4;4;4;-9;2;4;2;2;-9;3;2;3;3;3;3;3;2;3;3;2;2;3;3;2;1;3;4;6;6;1;6;4;1;185.20302762
844;2026Q2;ES705A2;ES705;1;1;57;1;1;1;10;2;6;2;2;1;-1;-1;-1;-1;-1;-1;-1;-1;-1;1;1;1;6;6;1;5;5;2;1;6;5;4;4;4;4;4;4;4;4;4;2;4;2;2;4;4;3;2;4;4;4;4;4;2;4;4;4;4;4;4;4;3;4;3;4;-3;4;-3;-3;-3;-3;3;1;3;-1;-1;6;6;5;6;4;-3;99.64219631
845;2026Q2;ES705A2;ES705;1;1;64;1;1;1;8;1;6;1;3;1;-1;-1;-1;-1;-1;-1;-1;-1;-1;1;1;1;3;5;2;5;5;4;2;6;-9;5;3;4;4;4;5;4;4;4;4;3;4;4;3;4;4;5;5;4;5;5;4;4;4;5;2;2;4;4;3;1;5;4;2;2;-3;-3;-3;3;-3;-3;2;3;-1;-1;6;6;5;6;4;1;99.64219631
846;2026Q2;ES705A2;ES705;1;1;24;1;1;1;5;10;-1;-1;-1;6;-1;-1;-1;64;-9;-1;-1;-1;-1;3;3;2;-9;-9;-1;5;5;2;1;6;4;3;2;4;4;3;5;3;5;2;5;2;4;5;3;2;1;1;1;2;3;4;5;5;5;5;3;2;3;3;3;3;3;3;3;3;3;2;4;3;3;3;2;1;2;-9;6;6;1;6;1;2;272.44720305
847;2026Q2;ES705A2;ES705;6;2;49;1;1;1;9;2;1;1;1;1;-1;-1;-1;-1;-1;-1;-1;-1;-1;2;2;6;5;5;2;5;5;3;2;6;3;2;2;3;3;5;5;3;5;3;5;2;4;5;4;2;2;1;1;2;4;4;5;4;5;5;1;1;3;3;2;2;3;3;4;2;3;3;3;2;3;3;1;1;4;4;1;6;5;6;3;1;168.97175463
848;2026Q2;ES705A2;ES705;1;1;72;1;1;1;11;12;-1;-1;-1;1;-1;1;2;-1;-1;-1;-1;-1;-1;2;2;4;6;5;-1;5;4;3;1;6;3;3;3;4;3;4;-9;4;3;-9;-9;3;2;2;4;4;3;4;3;4;4;4;2;3;3;3;-9;-9;4;4;3;3;-3;4;4;-3;4;-3;-3;-3;-3;3;2;-9;-1;-1;6;6;5;6;-3;-3;436.23061353
849;2026Q2;ES705A2;ES705;1;1;63;1;1;1;4;10;-1;-1;-1;1;-1;1;9;-1;-1;-1;-1;-1;-1;1;1;1;2;3;6;2;2;2;1;6;4;-9;-9;4;-9;3;-9;-9;-9;-9;2;2;2;-9;-9;4;-9;-9;-9;-9;-9;3;-9;-9;3;3;-9;-9;3;3;3;3;3;3;3;3;3;3;3;3;3;3;2;2;-1;-1;6;6;1;6;3;1;20.586053757
850;2026Q2;ES705A2;ES705;1;1;52;3;3;5;5;1;6;2;6;1;-1;-1;-1;-1;-1;-1;-1;-1;-1;3;4;2;3;1;5;4;4;3;1;6;4;4;4;-9;4;2;3;3;3;4;2;4;2;2;4;4;4;4;4;4;4;4;4;4;2;4;4;4;5;5;5;4;4;4;4;4;4;4;4;4;4;4;2;1;3;2;1;1;5;6;1;3;1204.5145904
851;2026Q2;ES705A2;ES705;6;2;53;1;1;1;8;10;-1;-1;-1;6;-1;-1;-1;56;1;5;-1;-1;-1;2;3;2;4;3;5;5;5;2;1;1;4;4;4;4;4;4;3;4;3;3;-9;3;2;2;4;4;3;4;3;3;4;4;2;2;3;-9;3;3;4;4;3;3;3;4;4;-3;4;-3;-3;-3;-3;-3;2;-9;-1;-1;6;6;1;6;-3;-3;41.172107515
852;2026Q2;ES705A2;ES705;1;1;50;1;1;1;8;1;6;2;4;1;-1;-1;-1;-1;-1;-1;-1;-1;-1;2;2;8;5;5;3;4;4;2;1;1;4;4;3;4;4;4;-9;4;2;3;-9;3;2;2;4;4;3;3;4;4;4;4;2;2;3;3;-9;3;4;3;3;-3;-3;4;3;-3;4;-3;3;-3;-3;4;2;2;-1;-1;6;6;1;6;-3;-3;379.85532483
853;2026Q2;ES705A2;ES705;6;2;46;1;1;1;11;2;6;2;2;-9;-1;-1;-1;-1;-1;-1;-1;-1;-1;3;4;8;7;5;-1;4;5;2;2;-9;2;2;3;3;3;4;4;4;3;3;3;3;3;3;3;3;3;4;3;3;3;3;5;5;4;4;3;2;3;2;2;1;3;2;3;3;4;2;3;3;3;2;1;1;1;1;1;1;1;6;-7;-3;253.45763194
854;2026Q2;ES705A2;ES705;1;1;44;1;1;1;10;1;6;2;2;1;-1;-1;-1;-1;-1;-1;-1;-1;-1;2;2;4;6;6;1;5;5;2;1;6;4;3;3;4;4;4;-9;4;4;4;4;2;3;2;4;4;3;4;3;3;4;4;2;-9;-9;-9;-9;-9;5;4;3;3;3;3;3;-3;4;-3;-3;-3;-3;-3;2;-9;-1;-1;6;6;1;6;2;-3;210.14025134
855;2026Q2;ES705A2;ES705;6;2;33;1;1;1;5;14;-1;-1;-1;1;-9;-1;-1;-1;-1;-1;-1;-1;-1;1;4;6;4;2;-1;2;2;2;2;6;5;3;2;-9;2;4;4;4;-9;2;2;-9;-9;-9;-9;-9;3;-9;-9;-9;-9;-9;3;3;3;3;3;2;-3;-3;-3;-3;-3;-3;-3;-3;-3;-3;-3;-3;-3;-3;2;1;3;-9;6;6;1;6;1;2;142.93106173
856;2026Q2;ES705A2;ES705;1;1;48;1;1;1;7;1;6;1;9;1;-1;-1;-1;-1;-1;-1;-1;-1;-1;1;1;1;2;3;6;5;5;1;1;6;4;4;3;5;3;4;4;2;4;3;3;3;3;3;2;2;3;2;2;3;3;4;3;3;3;3;2;3;3;2;3;3;2;2;2;3;2;2;2;2;2;2;2;2;-1;-1;6;6;5;6;-3;1;189.92766242
857;2026Q2;ES705A2;ES705;6;2;30;1;1;1;7;1;1;2;5;1;-1;-1;-1;-1;-1;-1;-1;-1;-1;2;2;4;5;5;5;4;4;2;3;6;2;2;4;4;4;4;4;4;4;2;2;2;2;4;4;2;2;4;4;4;4;4;4;4;4;2;2;2;4;4;4;3;4;4;3;2;3;3;3;3;2;1;2;3;-1;-1;6;6;5;6;3;3;185.20302762
858;2026Q2;ES705A2;ES705;1;1;52;1;1;1;8;5;-1;-1;7;1;-1;-1;-1;-1;-1;-1;-1;-1;-1;2;2;8;5;5;4;4;4;2;1;6;4;4;4;4;4;4;3;4;3;4;-9;3;-9;3;4;4;3;4;3;3;4;4;3;-9;3;3;-9;-9;4;4;2;3;3;4;4;-3;4;-3;-3;-3;-3;-3;2;-9;-1;-1;6;6;1;6;-3;-3;379.85532483
859;2026Q2;ES705A2;ES705;6;2;53;1;1;1;7;10;-1;-1;-1;6;-1;-1;-1;53;1;7;-1;-1;-1;2;2;4;2;2;4;4;4;2;2;6;3;3;3;4;4;3;4;4;3;3;4;4;2;2;4;4;2;3;3;3;4;4;2;2;4;2;3;3;3;4;4;3;4;4;3;2;3;3;3;1;3;3;1;3;-1;-1;6;6;1;6;5;1;41.172107515
860;2026Q2;ES705A2;ES705;1;1;69;1;1;1;8;12;-1;-1;-1;1;-1;1;6;-1;-1;-1;-1;-1;-1;2;2;4;4;4;5;4;4;2;1;6;4;4;4;4;4;-9;3;4;3;4;-9;4;2;2;4;4;4;4;4;4;4;4;2;-9;-9;-9;-9;4;5;4;4;4;3;4;3;-3;4;-3;-3;-3;-3;-3;2;-9;-1;-1;6;6;1;6;-3;-3;436.23061353
861;2026Q2;ES705A2;ES705;1;1;73;1;1;1;4;12;-1;-1;-1;1;-1;1;8;-1;-1;-1;-1;-1;-1;4;4;6;6;3;5;-9;4;4;1;6;4;4;4;4;4;-9;4;4;4;4;-9;4;4;2;4;4;4;4;4;4;4;4;4;-9;-9;2;4;4;3;3;4;3;4;4;2;-3;-3;-3;3;-3;-3;-3;2;1;3;2;6;6;1;6;1;-3;872.46122707
862;2026Q2;ES705A2;ES705;6;2;57;1;1;1;5;16;-1;-1;-1;1;6;-1;-1;-1;-1;-1;-1;-1;-1;3;3;6;3;2;-1;4;4;4;1;6;4;4;2;4;4;2;2;4;2;4;2;4;2;2;2;4;4;4;4;4;4;4;2;2;2;2;4;4;3;3;3;3;3;2;2;-3;-3;3;3;3;3;3;1;2;-1;-1;1;6;1;6;3;-3;249.8468901
863;2026Q2;ES705A2;ES705;1;1;37;1;1;1;3;1;6;1;7;1;-1;-1;-1;-1;-1;-1;-1;-1;-1;1;1;1;3;5;5;-9;-9;-9;-9;6;4;4;-9;-9;-9;-9;-9;-9;-9;-9;-9;-9;-9;-9;-9;-9;-9;-9;-9;-9;-9;-9;-9;-9;-9;-9;-9;-9;-3;-3;-3;-3;-3;-3;-3;-3;-3;-3;-3;-3;-3;-3;3;-9;-1;-1;-9;-9;1;6;-7;-3;105.07012567
864;2026Q2;ES705A2;ES705;6;2;46;1;1;1;7;1;6;2;4;6;-1;-1;-1;47;1;-9;-1;-1;-1;3;4;2;5;3;-1;4;4;2;2;6;4;4;4;4;4;3;4;4;4;4;3;3;2;4;4;4;4;4;4;4;4;4;2;3;2;4;2;2;4;4;4;4;4;4;4;3;3;3;3;3;4;3;2;2;-1;-1;6;6;5;6;2;3;253.45763194
865;2026Q2;ES705A2;ES705;6;2;65;1;1;1;3;12;-1;-1;-1;1;-1;1;9;-1;-1;-1;-1;-1;-1;2;2;4;3;3;6;4;5;1;1;6;4;4;3;4;4;3;2;3;2;3;2;3;4;3;2;3;3;4;4;4;4;4;3;4;3;3;2;2;4;4;-3;-3;-3;-3;-3;-3;4;-3;-3;-3;-3;-3;3;2;-1;-1;1;6;1;6;3;-3;290.57620116
866;2026Q2;ES705A2;ES705;6;2;70;1;1;1;5;12;-1;-1;-1;1;-1;1;6;-1;-1;-1;-1;-1;-1;1;1;1;4;6;5;4;4;2;2;-9;4;-9;-9;4;4;-9;-9;4;-9;-9;-9;-9;-9;2;4;4;-9;4;-9;4;4;4;2;-9;-9;-9;-9;-9;4;-3;-3;-3;-3;-3;4;-3;-3;-3;-3;-3;-3;-3;3;-9;-1;-1;6;6;1;6;-3;-3;145.28810058
867;2026Q2;ES705A2;ES705;6;2;80;1;1;1;9;15;-1;-1;-1;1;1;1;3;-1;-1;-1;-1;-1;-1;1;1;1;3;5;3;5;5;2;1;6;3;3;-9;-9;3;4;4;3;4;3;3;3;5;3;3;3;3;1;1;3;2;3;5;5;5;5;1;1;1;1;1;1;3;1;1;1;1;1;1;1;1;1;2;1;3;4;6;-9;1;6;2;-7;145.28810058
868;2026Q2;ES705A2;ES705;6;2;55;1;1;1;8;1;6;1;9;1;-1;-1;-1;-1;-1;-1;-1;-1;-1;1;2;6;3;3;6;5;5;2;1;6;4;4;4;4;4;-9;-9;4;3;4;-9;3;2;2;4;4;3;4;4;3;4;4;-9;3;3;3;-9;-9;5;4;3;3;3;-3;3;-3;4;-3;-3;-3;-3;-3;2;2;-1;-1;6;6;5;6;-3;-3;32.952748785
869;2026Q2;ES705A2;ES705;1;1;58;1;1;1;5;12;-1;-1;-1;1;-1;1;5;-1;-1;-1;-1;-1;-1;2;2;4;5;5;5;4;4;2;2;6;4;5;3;4;4;4;4;4;2;4;2;4;2;2;4;4;4;4;4;4;4;4;2;2;4;4;2;4;4;4;4;2;4;2;3;2;4;2;1;2;2;2;2;3;-1;-1;6;6;4;6;3;-3;544.05167845
870;2026Q2;ES705A2;ES705;6;2;69;1;1;1;6;12;-1;-1;-1;6;-1;-1;-1;71;5;-1;-1;1;4;2;2;4;5;5;3;4;4;3;1;1;4;3;-9;4;3;4;-9;4;3;4;-9;3;-9;2;4;4;3;4;3;4;4;4;-9;-9;3;3;-9;-9;4;3;4;3;3;3;3;-3;4;-3;-3;-3;-3;-3;2;-9;-1;-1;6;6;5;6;-3;-3;290.57620116
871;2026Q2;ES705A2;ES705;6;2;70;1;1;1;10;12;-1;-1;-1;1;-1;1;2;-1;-1;-1;-1;-1;-1;1;1;1;5;6;1;4;4;2;1;6;3;4;4;4;4;4;4;4;2;4;3;4;4;2;4;4;4;3;4;4;4;4;2;2;2;2;4;4;3;4;4;4;4;4;4;-3;4;3;3;2;3;4;1;1;1;2;1;1;5;6;3;1;145.28810058
872;2026Q2;ES705A2;ES705;6;2;37;1;1;1;9;1;1;2;2;1;-1;-1;-1;-1;-1;-1;-1;-1;-1;2;4;2;6;3;1;4;4;2;1;6;3;3;3;4;3;4;5;4;5;2;4;2;3;3;3;3;3;4;4;4;4;4;4;5;3;4;4;2;4;4;3;2;3;2;2;2;3;3;3;2;3;3;1;2;-1;-1;6;6;1;1;4;1;312.91426857
873;2026Q2;ES705A2;ES705;1;1;51;1;1;5;10;2;1;1;2;1;-1;-1;-1;-1;-1;-1;-1;-1;-1;2;3;6;7;6;1;5;5;2;1;6;4;4;3;4;4;4;4;3;4;4;4;3;2;2;4;3;4;2;3;3;4;4;3;3;3;3;2;2;4;3;3;3;3;4;3;3;3;-3;-3;3;3;3;1;1;4;4;1;1;5;6;2;1;379.85532483
874;2026Q2;ES705A2;ES705;1;1;52;1;1;1;8;2;6;2;9;1;-1;-1;-1;-1;-1;-1;-1;-1;-1;2;2;8;5;5;6;4;4;2;1;6;4;3;3;4;4;4;3;4;3;3;3;3;2;2;4;4;3;4;4;3;4;4;2;3;3;3;-9;4;4;4;3;-3;3;3;3;-3;4;-3;-3;-3;-3;-3;2;-9;-1;-1;6;6;1;6;-3;-3;379.85532483
875;2026Q2;ES705A2;ES705;1;1;73;1;1;1;6;12;-1;-1;-1;1;-1;2;1;-1;-1;-1;-1;-1;-1;2;2;4;4;4;-1;3;1;1;1;6;4;4;-9;4;4;4;4;4;4;4;4;4;4;2;4;4;4;4;4;4;4;4;2;2;4;4;4;4;4;4;4;4;4;4;4;-3;4;-3;-3;-3;-3;4;1;-9;-1;-1;-9;6;5;6;-7;1;436.23061353
876;2026Q2;ES705A2;ES705;6;2;65;1;1;1;10;12;-1;-1;-1;1;-1;1;2;-1;-1;-1;-1;-1;-1;1;1;1;5;6;-1;5;5;3;3;6;4;4;2;2;2;5;5;3;4;2;3;2;4;2;3;4;2;3;4;2;3;2;4;4;4;4;2;2;-3;4;-3;3;4;2;3;-3;3;-3;-3;4;3;1;1;1;3;2;6;6;5;6;3;1;145.28810058
877;2026Q2;ES705A2;ES705;6;2;70;1;1;1;9;12;-1;-1;-1;1;-1;1;3;-1;-1;-1;-1;-1;-1;1;1;1;5;6;3;4;4;3;1;1;4;3;-9;4;4;4;-9;4;3;3;4;3;2;2;4;3;3;4;3;3;4;4;-9;3;3;3;-9;3;5;4;3;-3;3;3;3;-3;4;-3;-3;-3;-3;-3;2;-9;-1;-1;6;6;1;6;-3;-3;145.28810058
878;2026Q2;ES705A2;ES705;6;2;33;3;3;4;3;14;-1;-1;-1;6;-1;-1;-1;38;1;4;-1;-1;-1;2;4;2;-9;-9;3;5;5;3;2;6;4;3;3;3;4;5;5;5;5;2;3;2;5;5;3;3;3;3;3;3;3;3;3;3;3;3;3;3;3;3;3;3;3;3;3;3;3;4;3;3;3;3;2;1;2;4;6;6;2;6;3;3;709.01652558
879;2026Q2;ES705A2;ES705;6;2;57;1;1;1;10;2;6;2;2;1;-1;-1;-1;-1;-1;-1;-1;-1;-1;2;2;6;6;5;1;4;2;2;1;6;2;3;-9;2;4;4;2;2;2;2;2;2;2;2;2;2;2;2;2;2;4;4;2;2;4;4;2;2;4;-3;2;2;4;-3;-3;-3;4;2;-3;1;-3;2;2;-9;-1;-1;-9;6;5;6;-7;3;65.90549757
880;2026Q2;ES705A2;ES705;6;2;62;1;1;1;3;11;-1;-1;-1;6;-1;-1;-1;66;5;-1;-1;1;9;3;3;2;3;2;6;2;3;3;3;6;2;2;2;2;2;2;2;2;2;2;2;2;4;2;2;2;2;2;4;4;2;2;4;2;2;2;2;4;3;3;3;-3;3;3;3;3;3;3;3;3;3;3;2;3;-1;-1;6;1;1;6;1;1;61.758161272
881;2026Q2;ES705A2;ES705;1;1;42;1;1;1;8;2;1;2;0;1;-1;-1;-1;-1;-1;-1;-1;-1;-1;2;4;2;7;5;-1;4;4;3;1;6;5;5;5;4;3;4;5;5;4;2;1;4;3;3;2;4;5;5;4;5;5;5;5;5;5;3;2;1;5;3;5;4;4;4;4;2;3;3;3;3;4;1;1;1;4;2;1;6;5;6;3;-3;210.14025134
882;2026Q2;ES705A2;ES705;6;2;70;1;1;1;4;12;-1;-1;-1;1;-1;1;9;-1;-1;-1;-1;-1;-1;2;2;4;4;4;6;4;4;3;1;6;4;4;4;4;4;3;3;4;2;4;3;2;2;2;4;3;4;4;2;4;4;4;2;2;3;4;3;3;4;4;4;3;4;4;4;3;3;3;3;3;3;4;2;2;-1;-1;6;6;1;6;2;-3;290.57620116
883;2026Q2;ES705A2;ES705;1;1;65;1;1;1;8;1;6;1;5;1;-1;-1;-1;-1;-1;-1;-1;-1;-1;2;2;4;4;4;5;5;5;2;1;6;4;4;-9;4;4;-9;3;4;3;4;-9;3;-9;2;4;4;3;4;-9;3;4;4;-9;3;3;3;-9;-9;4;4;3;3;3;4;4;-3;4;-3;-3;-3;-3;-3;2;-9;-1;-1;6;6;5;6;-3;-3;91.463327702
884;2026Q2;ES705A2;ES705;1;1;54;1;1;1;5;15;-1;-1;-1;1;1;1;3;-1;-1;-1;-1;-1;-1;1;1;1;3;5;4;5;5;1;1;6;4;4;-9;4;5;3;3;5;2;5;3;5;2;2;3;4;3;4;4;5;5;3;2;3;5;4;3;3;3;3;3;3;3;3;3;4;3;3;3;3;3;3;1;1;4;1;1;1;5;1;3;2;362.31130533
885;2026Q2;ES705A2;ES705;1;1;61;1;1;1;8;1;6;2;7;1;-1;-1;-1;-1;-1;-1;-1;-1;-1;2;3;2;7;5;4;5;5;2;1;6;3;3;2;4;4;5;5;2;5;2;2;3;-9;2;4;2;2;3;2;-9;4;4;4;5;5;5;-9;2;4;-3;-3;2;4;3;3;3;4;-3;-3;-3;-3;-3;3;3;-1;-1;6;6;1;6;-7;-3;199.28439262
886;2026Q2;ES705A2;ES705;1;1;63;1;1;1;6;10;-1;-1;-1;1;-1;1;7;-1;-1;-1;-1;-1;-1;3;3;2;5;3;4;4;5;3;2;6;4;2;2;4;4;4;4;2;3;4;4;2;2;2;2;2;2;2;4;4;2;4;4;2;4;4;2;2;4;4;2;2;4;2;2;4;4;2;2;2;2;3;2;1;4;1;1;6;5;6;4;1;61.758161272
887;2026Q2;ES705A2;ES705;6;2;75;1;1;1;5;12;-1;-1;-1;6;-1;-1;-1;80;5;-1;-1;1;-9;3;3;2;5;4;-1;-9;-9;-9;1;6;4;4;-9;4;4;-9;-9;-9;4;4;-9;4;4;-9;4;-9;4;4;-9;4;4;4;2;-9;-9;-9;-9;-9;4;4;4;4;4;4;-3;-3;4;-3;-3;4;4;-3;3;1;4;-9;-9;1;1;6;1;-7;435.86430174
888;2026Q2;ES705A2;ES705;1;1;58;1;1;1;2;11;-1;-1;-1;1;-1;-1;-1;-1;-1;-1;-1;-1;-1;3;3;2;4;3;-1;4;4;2;2;6;4;4;2;2;4;2;4;2;2;4;4;4;2;4;2;4;4;2;4;4;4;4;2;2;2;2;4;2;4;3;4;4;4;3;2;4;4;3;3;2;3;3;2;3;-1;-1;6;6;5;6;2;1;61.758161272
889;2026Q2;ES705A2;ES705;1;1;75;1;1;1;5;12;-1;-1;-1;1;-1;2;8;-1;-1;-1;-1;-1;-1;2;2;4;2;2;5;4;4;3;2;6;4;4;4;4;4;4;4;4;2;4;3;4;2;2;3;4;4;4;4;4;4;4;2;3;3;3;3;3;4;4;4;3;4;3;3;3;4;3;3;2;2;3;2;2;-1;-1;6;6;1;6;3;2;436.23061353
890;2026Q2;ES705A2;ES705;1;1;63;1;1;1;5;10;-1;-1;-1;1;-1;2;2;-1;-1;-1;-1;-1;-1;1;1;1;2;3;2;4;3;2;1;6;4;5;5;4;4;5;5;2;4;2;5;2;4;5;3;3;2;3;4;2;4;4;2;5;4;5;3;3;4;4;4;1;3;2;3;1;3;3;3;2;2;3;2;2;-1;-1;6;6;5;6;2;1;20.586053757
891;2026Q2;ES705A2;ES705;1;1;72;1;1;1;5;12;-1;-1;-1;1;-1;1;8;-1;-1;-1;-1;-1;-1;4;4;2;7;5;5;5;5;1;3;6;4;4;5;4;4;2;4;2;4;5;4;2;4;4;5;4;2;2;2;2;4;4;2;4;4;4;1;1;4;5;4;3;3;4;4;1;3;1;1;2;3;2;2;1;3;2;1;1;5;6;1;1;872.46122707
892;2026Q2;ES705A2;ES705;1;1;40;3;1;5;3;2;6;2;9;1;-1;-1;-1;-1;-1;-1;-1;-1;-1;1;1;1;3;5;6;4;4;3;2;6;2;2;4;4;2;2;4;-9;4;2;2;2;2;2;2;2;2;4;2;2;2;4;2;2;4;4;4;4;2;2;4;4;4;4;3;4;2;2;4;2;2;2;2;1;3;1;1;6;5;6;4;-3;105.07012567
893;2026Q2;ES705A2;ES705;1;1;59;1;1;1;6;15;-1;-1;-1;1;1;1;4;-1;-1;-1;-1;-1;-1;1;1;1;4;6;3;4;4;3;1;6;4;4;3;4;3;3;3;3;3;3;3;3;3;3;3;4;3;3;3;3;3;4;3;3;3;3;3;3;3;3;3;3;3;3;3;3;3;3;3;3;3;3;2;2;-1;-1;-9;6;1;6;1;-7;272.02583923
894;2026Q2;ES705A2;ES705;1;1;38;1;1;1;10;7;-1;-1;2;1;-1;-1;-1;-1;-1;-1;-1;-1;-1;2;2;8;5;5;1;4;4;3;1;6;5;5;4;4;1;5;5;2;5;1;2;4;5;1;5;1;4;5;4;1;5;5;4;5;5;5;2;1;3;3;3;1;3;5;4;3;4;3;3;5;3;1;3;1;1;3;1;6;1;6;3;2;210.14025134
895;2026Q2;ES705A2;ES705;6;2;24;1;1;1;10;2;6;2;2;6;-1;-1;-1;58;2;2;-1;-1;-1;3;3;2;-9;-9;2;4;4;2;2;1;2;2;2;4;3;4;5;4;5;1;5;3;3;4;3;3;4;3;3;3;4;4;2;3;1;1;3;4;-7;-7;-7;-7;4;4;4;-7;-7;-7;-7;-7;-7;-7;1;1;1;4;1;6;1;6;3;1;277.80454143
896;2026Q2;ES705A2;ES705;1;1;36;1;1;1;5;1;6;2;5;1;-1;-1;-1;-1;-1;-1;-1;-1;-1;2;2;8;2;2;5;4;4;4;3;6;4;4;4;4;4;4;4;4;4;4;4;4;4;3;4;4;4;4;4;4;4;4;4;2;4;4;4;4;4;4;4;4;4;4;4;4;4;4;4;4;4;4;2;1;1;4;1;6;1;6;1;-3;210.14025134
897;2026Q2;ES705A2;ES705;6;2;46;1;1;1;8;1;6;1;2;6;-1;-1;-1;78;5;-1;-1;1;9;4;4;2;6;3;6;4;4;2;1;6;4;3;-9;4;4;4;5;4;4;2;-9;4;-9;3;3;-9;3;5;5;4;4;4;4;4;-9;4;2;2;4;-3;4;3;4;3;3;-3;-3;-3;-3;-3;-3;-3;2;2;-1;-1;6;6;5;6;1;-3;422.42938656
898;2026Q2;ES705A2;ES705;1;1;39;1;1;1;7;1;6;2;-9;6;-1;-1;-1;79;5;-1;-1;-9;-1;3;3;-9;5;4;-1;5;3;3;3;6;-9;-9;-9;-9;-9;-9;-9;-9;-9;-9;-9;-9;-9;-9;-9;-9;-9;-9;-9;-9;-9;-9;-9;-9;-9;-9;-9;-9;-7;-3;-3;-3;-3;-3;-3;-3;-3;-3;-3;-3;-3;-3;3;1;1;2;6;6;1;6;-7;-7;315.21037701
899;2026Q2;ES705A2;ES705;1;1;37;1;1;1;5;1;6;2;3;1;-1;-1;-1;-1;-1;-1;-1;-1;-1;1;1;1;3;5;3;4;4;4;4;1;4;4;4;4;4;4;4;4;4;4;4;4;2;2;4;4;4;4;4;4;4;4;4;2;2;4;4;4;4;4;4;4;4;4;4;4;4;4;4;4;4;4;2;1;1;-9;1;6;5;6;4;1;105.07012567
900;2026Q2;ES705A2;ES705;1;1;38;1;1;1;5;10;-1;-1;-1;1;-1;1;7;-1;-1;-1;-1;-1;-1;3;3;6;3;2;4;5;5;3;2;6;4;4;4;4;4;4;4;4;4;4;4;4;2;4;3;4;2;2;4;4;4;2;4;3;3;4;3;3;4;4;3;2;4;3;2;-3;-3;-3;-3;-3;-3;3;2;2;-1;-1;6;6;1;6;3;1;61.758161272
901;2026Q2;ES705A2;ES705;6;2;55;1;1;1;7;12;-1;-1;-1;6;-1;-1;-1;54;1;5;-1;-1;-1;4;4;2;7;5;3;5;5;5;1;6;4;4;2;4;4;4;4;4;3;4;2;4;2;2;4;4;4;4;4;4;4;4;2;2;4;2;3;3;3;3;4;3;4;3;3;-3;4;3;3;3;4;3;2;3;-1;-1;6;6;5;6;3;-3;333.1291868
902;2026Q2;ES705A2;ES705;1;1;49;1;1;1;7;10;-1;-1;-1;1;-1;1;7;-1;-1;-1;-1;-1;-1;3;3;2;4;3;5;4;5;1;1;6;2;2;2;3;2;4;2;3;3;2;4;2;3;2;3;2;2;2;2;2;2;2;4;4;4;4;2;2;1;1;1;1;5;5;1;-3;-3;-3;-3;-3;-3;-3;2;2;-1;-1;6;6;5;6;1;-3;285.3517246
903;2026Q2;ES705A2;ES705;1;1;31;1;1;1;10;2;1;2;2;1;-1;-1;-1;-1;-1;-1;-1;-1;-1;2;2;4;7;6;2;5;5;2;1;6;4;3;2;4;4;5;5;3;5;2;5;4;5;5;5;3;3;3;4;5;5;4;5;4;5;5;3;2;3;3;3;3;3;3;2;3;3;4;3;4;3;3;1;1;1;3;6;6;4;6;3;-3;371.25231046
904;2026Q2;ES705A2;ES705;1;1;60;2;1;5;7;1;1;1;6;1;-1;-1;-1;-1;-1;-1;-1;-1;-1;3;3;2;5;3;5;4;4;3;3;6;4;4;4;4;4;4;4;4;4;4;4;4;4;2;4;4;4;2;2;4;2;4;2;4;2;4;2;4;4;4;4;3;4;3;3;3;3;4;3;3;4;3;2;3;-1;-1;6;6;5;6;1;1;298.92658893
905;2026Q2;ES705A2;ES705;6;2;45;1;1;1;7;1;6;2;5;6;-1;-1;-1;47;1;5;-1;-1;-1;2;4;2;6;3;3;4;4;2;2;6;4;1;5;4;4;5;5;5;4;2;4;2;5;4;2;2;5;4;4;4;4;4;5;4;4;5;4;2;3;2;3;2;3;1;3;3;3;3;3;1;3;3;1;1;4;1;1;6;5;6;3;3;168.97175463
906;2026Q2;ES708A0;ES708;1;1;56;3;1;5;5;18;-1;-1;-1;1;1;2;7;-1;-1;-1;-1;-1;-1;4;4;8;6;3;5;5;5;5;2;6;4;4;-9;4;5;5;4;5;4;4;2;4;-9;4;4;4;4;-9;5;5;5;4;4;-9;5;4;3;4;4;4;4;4;4;4;4;-3;4;4;4;4;4;4;2;-9;-1;-1;-9;6;5;6;2;-3;1794.2669472
907;2026Q2;ES708A0;ES708;1;1;40;1;1;1;3;2;6;2;7;-9;-1;-1;-1;-1;-1;-1;-1;-1;-1;4;4;8;-9;-9;-1;5;5;3;3;1;4;4;-9;4;3;5;3;4;3;4;3;3;3;4;4;4;2;2;4;4;2;-9;3;4;4;4;4;4;3;3;3;3;3;3;3;-3;-3;-3;-3;3;3;3;3;2;-1;-1;-9;-9;1;1;4;-3;1318.2612045
908;2026Q2;ES708A0;ES708;6;2;22;1;1;1;6;1;6;2;-9;6;-1;-1;-1;45;2;7;-1;-1;-1;3;4;2;6;4;5;4;4;3;2;6;2;2;3;3;3;3;5;3;4;2;4;2;3;2;3;3;2;3;4;3;3;4;4;4;4;4;3;2;4;3;4;3;4;3;3;-3;3;3;3;2;2;2;1;-9;-1;-1;6;6;5;6;2;1;550.4557447
909;2026Q2;ES708A0;ES708;6;2;61;1;1;1;3;1;6;1;9;1;-1;-1;-1;-1;-1;-1;-1;-1;-1;1;1;1;2;4;6;5;5;-9;1;6;5;5;5;3;5;5;5;3;5;5;5;1;5;5;3;5;1;3;5;5;5;5;5;5;5;5;-9;1;4;4;4;4;4;1;4;-3;4;-3;-3;1;-3;-3;2;3;-1;-1;6;6;1;6;4;1;167.04575975
910;2026Q2;ES708A0;ES708;1;1;62;3;2;5;10;12;-1;-1;-1;-9;-1;-1;-1;-1;-1;-1;-1;-1;-1;2;4;2;7;5;-1;5;5;3;4;1;5;5;4;5;5;2;2;4;1;5;2;4;1;2;4;5;4;4;5;4;4;5;5;3;2;2;3;4;3;3;3;5;5;4;4;-3;4;3;3;2;2;2;2;3;-1;-1;6;6;5;1;3;2;1521.2616048
911;2026Q2;ES708A0;ES708;1;1;71;1;1;1;5;12;-1;-1;-1;1;-1;2;1;-1;-1;-1;-1;-1;-1;3;4;8;6;4;2;5;5;5;4;6;4;4;4;4;3;4;5;4;4;4;4;2;4;2;-9;4;4;3;2;4;4;4;4;4;4;4;2;3;4;3;3;4;3;3;4;2;3;3;3;2;3;2;2;1;5;3;6;6;1;6;4;-7;2691.0865816
912;2026Q2;ES708A0;ES708;6;2;46;3;1;5;5;11;-1;-1;-1;1;-1;-1;-1;-1;-1;-1;-1;-1;-1;1;2;6;1;1;-1;4;4;3;3;6;4;2;4;4;4;4;4;2;4;2;4;1;4;4;2;2;4;4;4;2;4;4;2;4;4;4;2;2;4;4;4;4;4;4;4;4;4;3;4;2;4;2;2;2;-1;-1;1;6;5;6;4;1;200.73687911
913;2026Q2;ES708A0;ES708;1;1;58;1;1;1;7;1;6;2;8;1;-1;-1;-1;-1;-1;-1;-1;-1;-1;3;4;8;6;3;5;5;5;4;3;6;3;2;3;4;3;5;4;2;4;3;4;4;4;2;-9;5;3;1;3;4;4;4;4;4;3;4;3;3;3;3;3;3;3;3;3;-3;1;1;3;1;3;1;1;1;5;2;6;6;1;6;4;2;858.99253387
914;2026Q2;ES708A0;ES708;6;2;69;3;2;5;5;12;-1;-1;-1;1;-1;1;9;-1;-1;-1;-1;-1;-1;1;1;1;2;3;6;5;5;5;1;6;3;4;2;2;2;4;4;2;4;2;2;2;4;4;2;2;2;2;2;2;2;2;2;4;2;4;2;2;2;2;2;2;2;2;2;2;2;2;2;2;2;2;2;1;1;4;6;6;5;6;-7;1;903.82503278
915;2026Q2;ES708A0;ES708;1;1;48;2;1;5;8;1;6;2;8;1;-1;-1;-1;-1;-1;-1;-1;-1;-1;1;1;1;4;6;-1;5;5;5;3;6;4;2;4;4;2;4;5;2;5;2;4;2;4;4;2;4;2;2;2;2;2;4;4;4;4;4;2;2;4;3;2;3;3;3;2;2;2;3;-3;-3;-3;-3;1;1;3;4;1;6;5;6;5;1;502.41632888
916;2026Q2;ES708A0;ES708;1;1;30;1;1;1;11;10;-1;-1;-1;6;-1;-1;-1;62;1;4;-1;-1;-1;4;4;2;7;4;3;5;5;5;4;1;2;1;1;4;1;5;5;4;5;1;5;1;4;5;3;2;3;1;4;2;4;5;5;4;5;5;1;1;-7;-7;-7;1;4;1;4;-7;-7;2;2;1;1;1;3;1;1;4;1;6;1;6;5;1;1057.297246
917;2026Q2;ES708A0;ES708;1;1;53;1;1;1;10;1;1;1;2;1;-1;-1;-1;-1;-1;-1;-1;-1;-1;2;3;8;6;5;1;5;5;3;1;6;4;4;3;4;4;4;5;2;5;4;4;3;4;4;3;4;4;2;2;4;3;3;4;3;4;4;2;2;4;3;3;3;3;2;3;-3;4;-3;-3;3;3;3;2;2;-1;-1;6;6;5;1;3;-7;1004.8326578
918;2026Q2;ES708A0;ES708;1;1;59;2;1;5;10;1;1;2;-9;6;-1;-1;-1;57;1;2;-1;-1;-1;3;3;2;7;6;1;5;5;5;5;1;5;5;4;5;4;2;1;4;2;5;1;4;2;4;5;5;5;4;4;4;4;2;4;2;2;2;2;4;2;4;4;4;5;4;2;1;1;4;2;1;2;2;1;3;-1;-1;6;6;5;1;3;2;858.99253387
919;2026Q2;ES708A0;ES708;6;2;41;1;1;1;5;10;-1;-1;-1;6;-1;-1;-1;44;1;8;-1;-1;-1;2;2;4;3;3;5;5;5;5;5;1;5;5;4;5;5;2;4;4;4;4;2;2;2;2;4;5;4;4;4;4;4;4;2;3;4;3;3;3;5;4;4;4;4;3;3;4;4;4;4;3;4;3;1;1;1;2;1;6;5;6;3;1;166.54454786
920;2026Q2;ES708A0;ES708;1;1;55;1;1;1;10;2;6;2;2;1;-1;-1;-1;-1;-1;-1;-1;-1;-1;3;3;6;7;6;-1;5;5;5;2;6;4;1;2;4;2;4;4;2;5;2;4;2;4;3;3;4;2;2;4;2;3;3;4;4;5;4;1;1;5;4;3;3;3;3;4;3;3;-3;3;2;2;1;1;1;1;4;1;6;5;6;4;3;858.99253387
921;2026Q2;ES708A0;ES708;1;1;66;1;1;1;3;12;-1;-1;-1;1;-1;2;-9;-1;-1;-1;-1;-1;-1;3;3;8;6;4;-1;5;5;3;2;1;5;5;5;5;5;5;3;5;4;4;3;3;-9;2;4;5;5;4;4;4;4;4;3;-9;-9;-9;-9;5;3;3;3;3;3;3;3;-3;3;-3;-3;3;3;3;2;1;1;3;6;6;5;1;3;-7;2691.0865816
922;2026Q2;ES708A0;ES708;6;2;43;1;1;5;10;18;-1;-1;-1;-9;-1;-1;-1;-1;-1;-1;-1;-1;-1;2;2;8;-9;-9;-1;5;5;3;2;6;4;4;3;4;4;5;4;3;3;2;3;3;4;4;4;3;2;2;2;2;3;4;3;4;3;3;2;2;-3;-3;2;-3;-3;2;2;-3;2;-3;-3;2;-3;-3;1;2;-1;-1;-9;6;5;6;-7;1;2375.1972219
923;2026Q2;ES708A0;ES708;6;2;50;1;1;1;10;2;1;2;2;1;-1;-1;-1;-1;-1;-1;-1;-1;-1;2;3;2;7;5;1;5;5;4;4;6;5;5;4;5;4;4;5;4;5;4;4;4;2;2;4;4;4;3;5;2;4;4;2;4;4;4;3;2;4;4;-3;-3;4;4;-3;-3;-3;-3;-3;-3;-3;-3;2;1;1;1;1;6;3;6;4;3;717.35780198
924;2026Q2;ES708A0;ES708;1;1;31;1;1;1;3;2;6;2;4;-9;-1;-1;-1;-1;-1;-1;-1;-1;-1;3;3;8;-9;-9;-1;5;5;5;4;1;3;4;4;3;4;5;3;3;3;2;3;2;3;3;4;3;3;4;3;3;4;4;3;3;3;3;3;3;4;4;4;4;4;3;4;-3;-3;-3;-3;-3;-3;-3;2;1;1;4;6;6;1;6;2;-3;2178.9434571
925;2026Q2;ES708A0;ES708;6;2;57;1;1;1;3;16;-1;-1;-1;-9;-1;-1;-1;-1;-1;-1;-1;-1;-1;4;4;8;-9;-9;-1;5;5;4;4;6;3;5;-9;4;4;4;2;3;4;4;3;-9;4;3;4;4;4;2;4;2;2;4;4;3;4;3;2;4;-3;-3;-3;-3;-3;4;4;-3;-3;-3;-3;-3;-3;-3;3;-9;-1;-1;6;6;1;6;1;-7;4554.7281522
926;2026Q2;ES708A0;ES708;6;2;42;1;1;1;5;1;6;2;9;1;-1;-1;-1;-1;-1;-1;-1;-1;-1;3;3;2;7;6;6;5;5;3;1;6;2;2;4;4;4;4;5;4;4;3;5;5;4;4;3;4;3;3;4;4;4;4;4;4;4;4;2;1;4;5;5;1;4;5;4;4;4;-3;-3;1;4;1;3;1;3;4;1;1;1;6;1;-3;647.88699788
927;2026Q2;ES708A0;ES708;6;2;71;1;1;1;2;12;-1;-1;-1;1;-1;1;9;-1;-1;-1;-1;-1;-1;2;2;4;4;4;6;5;5;5;1;6;4;4;4;4;4;4;2;4;2;4;2;4;2;2;4;4;4;4;4;4;4;4;2;2;2;2;4;4;4;4;4;4;3;5;4;3;3;4;4;-3;4;4;3;3;-1;-1;6;6;1;6;4;-3;1468.9990475
928;2026Q2;ES708A0;ES708;6;2;21;1;1;1;7;10;-1;-1;-1;6;-1;-1;-1;52;1;9;-1;-1;-1;3;4;2;3;1;6;1;1;2;3;6;4;2;4;4;4;4;5;4;4;2;5;2;5;5;2;2;3;4;4;4;4;4;1;1;4;4;2;2;4;4;4;4;5;3;3;3;4;4;4;4;4;3;2;1;3;1;1;6;1;6;3;-3;249.81682179
929;2026Q2;ES708A0;ES708;1;1;46;1;1;5;10;1;6;2;8;1;-1;-1;-1;-1;-1;-1;-1;-1;-1;2;2;4;5;5;5;5;5;5;4;1;5;5;3;4;4;4;4;5;2;2;4;4;1;4;2;4;3;3;4;4;4;4;4;4;4;3;3;4;3;2;2;4;4;4;2;-3;-3;-3;-3;2;2;3;1;3;-1;-1;1;6;5;6;3;1;1004.8326578
930;2026Q2;ES708A0;ES708;6;2;25;1;1;1;8;1;1;2;1;6;-1;-1;-1;58;1;4;-1;-1;-1;3;3;2;6;4;3;4;4;3;1;6;4;2;2;4;1;4;5;2;2;2;2;2;2;2;4;2;2;2;2;2;4;4;2;2;2;2;4;4;4;4;4;4;4;5;4;4;4;-3;4;1;4;2;1;1;3;2;1;1;1;6;5;1;550.4557447
931;2026Q2;ES705A1;ES705;1;1;46;1;1;1;3;11;-1;-1;-1;1;-1;-1;-1;-1;-1;-1;-1;-1;-1;1;1;1;2;3;-1;5;5;1;1;6;4;4;4;4;4;2;2;4;2;4;2;2;2;2;2;4;4;4;4;4;4;4;2;2;2;2;2;2;3;1;1;1;1;1;1;1;1;1;4;3;3;3;2;3;-1;-1;6;6;5;6;-3;2;127.12609885
932;2026Q2;ES705A1;ES705;6;2;54;1;1;1;9;1;1;1;2;1;-1;-1;-1;-1;-1;-1;-1;-1;-1;2;2;6;4;4;1;5;5;2;2;6;4;5;4;4;4;2;5;2;3;2;5;2;5;2;3;2;4;2;2;2;2;4;2;3;5;5;1;1;4;5;4;1;3;3;3;4;4;4;3;1;3;1;2;1;1;3;1;6;5;6;3;3;1242.6056598
933;2026Q2;ES705A1;ES705;1;1;57;3;1;5;9;1;1;2;3;1;-1;-1;-1;-1;-1;-1;-1;-1;-1;2;2;4;5;5;4;2;3;4;2;1;2;4;2;4;4;4;5;4;4;4;4;2;2;2;4;4;4;4;4;4;4;4;2;2;2;2;4;2;4;4;4;4;4;4;4;4;4;4;4;3;4;4;2;1;3;-9;6;1;5;6;1;1;1267.216456
934;2026Q2;ES705A1;ES705;1;1;54;1;1;1;9;1;6;2;2;1;-1;-1;-1;-1;-1;-1;-1;-1;-1;1;1;1;6;6;2;5;5;3;2;6;4;2;3;4;3;4;5;3;4;2;4;-9;1;4;4;3;2;2;4;5;4;4;4;4;5;4;3;2;5;5;3;3;4;4;4;-7;4;-7;-7;2;-7;2;1;2;-1;-1;-9;6;5;6;3;1;439.22184024
935;2026Q2;ES705A1;ES705;1;1;53;1;1;1;10;1;1;1;2;1;-1;-1;-1;-1;-1;-1;-1;-1;-1;1;1;1;4;6;1;5;5;4;2;6;3;4;2;4;4;5;5;5;5;2;5;1;5;5;4;4;3;1;4;4;3;5;5;5;5;5;1;1;4;4;2;1;4;1;4;1;1;1;2;2;2;1;1;1;1;2;1;1;5;6;4;1;439.22184024
936;2026Q2;ES705A1;ES705;6;2;56;1;1;1;3;10;-1;-1;-1;1;-1;-9;-1;-1;-1;-1;-1;-1;-1;1;1;1;1;2;-1;1;1;1;1;6;3;1;1;1;1;1;1;1;1;1;1;1;1;1;3;1;1;3;3;3;3;3;3;3;2;1;3;3;1;1;1;1;1;1;1;2;1;1;1;1;1;1;2;-9;-1;-1;-9;-9;1;6;-7;-7;341.30856476
937;2026Q2;ES705A1;ES705;1;1;68;1;1;1;3;12;-1;-1;-1;1;-1;2;7;-1;-1;-1;-1;-1;-1;1;1;1;1;2;4;5;5;3;1;6;3;4;4;4;4;4;4;4;4;2;4;2;2;4;3;2;2;2;2;4;4;4;4;4;4;4;2;2;5;4;5;4;3;4;3;3;3;3;3;3;3;3;2;2;-1;-1;6;6;1;6;4;1;864.68024746
938;2026Q2;ES705A1;ES705;6;2;55;1;1;5;9;1;6;2;3;6;-1;-1;-1;72;5;-1;-1;1;3;3;4;2;7;5;3;4;4;-9;1;6;4;2;2;4;3;4;5;4;4;3;4;2;-9;2;4;2;-9;3;3;3;4;4;3;4;4;4;2;2;2;2;3;1;3;1;3;1;3;1;-7;1;2;1;1;1;1;2;1;6;5;6;3;-3;2254.4888325
939;2026Q2;ES705A1;ES705;1;1;77;1;1;1;3;12;-1;-1;-1;1;-1;1;3;-1;-1;-1;-1;-1;-1;3;3;2;3;2;4;5;5;3;3;1;4;4;3;4;4;2;2;4;2;4;3;3;2;2;3;4;3;4;4;4;4;4;3;2;3;3;4;4;3;3;3;3;4;3;3;4;3;2;2;2;2;2;1;1;3;1;1;1;5;6;1;1;2594.0407424
940;2026Q2;ES705A1;ES705;6;2;68;1;1;1;9;12;-1;-1;-1;-9;-1;-1;-1;-1;-1;-1;-1;-1;-1;3;3;2;-9;-9;-1;5;5;3;4;6;4;2;2;4;4;5;5;2;5;3;4;2;3;3;4;2;3;2;3;3;1;2;5;5;5;5;4;1;3;2;3;2;3;2;2;-3;2;-3;-3;-3;-3;1;1;1;1;2;1;6;1;-9;-7;-7;3412.478977
941;2026Q2;ES705A1;ES705;6;2;72;1;1;1;7;12;-1;-1;-1;1;-1;1;4;-1;-1;-1;-1;-1;-1;1;1;1;3;5;3;3;3;2;1;6;4;4;4;4;4;3;4;4;2;3;2;4;2;2;4;4;2;4;4;3;4;4;3;4;2;2;3;4;3;4;3;4;-3;4;3;-3;4;4;3;3;4;-3;2;1;3;2;-9;-9;5;6;1;-3;1137.4929923
942;2026Q2;ES705A1;ES705;6;2;67;1;1;1;4;12;-1;-1;-1;1;-1;1;5;-1;-1;-1;-1;-1;-1;2;2;8;4;4;5;5;4;4;-9;1;5;4;4;4;4;4;2;2;4;4;2;4;2;2;4;4;4;4;4;4;4;4;2;2;2;4;4;4;4;3;4;3;4;2;3;-7;4;2;2;3;4;4;2;3;-1;-1;6;6;1;6;1;-3;2274.9859847
943;2026Q2;ES705A1;ES705;1;2;46;1;1;5;6;10;-1;-1;-1;1;-1;1;5;-1;-1;-1;-1;-1;-1;1;1;1;2;3;5;5;5;4;-9;6;5;4;3;5;4;4;5;4;4;4;4;3;3;3;4;4;3;3;3;4;4;4;4;4;3;4;3;3;5;5;5;3;4;4;4;-3;4;-3;-3;3;-3;-3;3;1;1;-9;1;-9;5;6;3;1;127.12609885
944;2026Q2;ES705A1;ES705;6;2;67;1;1;1;5;12;-1;-1;-1;1;-1;1;5;-1;-1;-1;-1;-1;-1;1;1;1;2;4;4;5;5;1;1;6;4;4;4;4;3;4;4;2;4;4;4;2;4;4;4;2;4;2;2;4;4;4;4;4;5;4;2;2;5;5;3;3;5;3;3;1;5;1;1;1;1;1;1;1;4;4;6;6;5;6;1;1;1137.4929923
945;2026Q2;ES705A1;ES705;1;1;49;1;1;1;10;1;6;2;2;1;-1;-1;-1;-1;-1;-1;-1;-1;-1;3;3;2;6;4;1;5;4;3;4;6;4;4;4;4;3;2;4;3;2;3;2;4;2;2;3;2;3;2;3;4;3;3;2;1;2;2;2;2;3;3;3;3;4;2;4;3;3;2;2;2;2;2;2;3;-1;-1;6;6;5;6;-7;3;1317.6655207
946;2026Q2;ES705A1;ES705;1;1;42;1;1;1;10;2;6;2;2;1;-1;-1;-1;-1;-1;-1;-1;-1;-1;1;1;1;5;6;1;4;4;2;2;6;1;1;1;1;1;5;3;-9;4;1;1;1;4;4;1;1;1;1;1;2;2;1;5;3;5;5;1;1;4;4;3;1;3;4;3;1;3;-3;-3;2;2;1;1;1;3;4;6;6;1;6;1;3;620.71569859
947;2026Q2;ES705A1;ES705;1;1;60;1;1;1;6;1;6;2;8;1;-1;-1;-1;-1;-1;-1;-1;-1;-1;2;2;6;6;6;5;5;4;4;3;1;4;4;4;5;4;3;5;4;4;3;5;4;4;4;3;4;4;2;3;3;3;4;5;4;3;4;2;3;4;4;3;3;3;4;3;3;3;4;3;3;4;3;1;-9;-1;-1;6;6;5;6;2;1;1267.216456
948;2026Q2;ES705A1;ES705;1;1;58;1;1;1;3;15;-1;-1;-1;1;1;1;8;-1;-1;-1;-1;-1;-1;2;3;2;6;4;-1;5;5;3;1;6;5;4;4;4;4;3;5;4;2;3;2;2;3;2;3;3;3;4;4;4;4;4;2;3;3;2;3;4;4;4;4;4;5;3;3;-7;4;4;-7;2;4;4;3;1;1;3;1;6;1;6;2;-3;2193.7163722
949;2026Q2;ES705A1;ES705;6;2;33;1;1;1;10;10;-1;-1;-1;1;-1;1;2;-1;-1;-1;-1;-1;-1;3;4;3;6;3;1;3;3;2;2;6;1;2;2;2;2;4;4;2;4;2;4;3;3;4;3;3;2;2;2;4;4;4;4;4;4;4;2;2;2;3;4;4;4;3;3;3;3;2;2;2;2;2;1;1;3;1;1;1;5;6;3;1;466.42023306
950;2026Q2;ES705A1;ES705;6;2;41;1;1;1;5;1;6;1;9;1;-1;-1;-1;-1;-1;-1;-1;-1;-1;2;2;4;3;3;6;5;5;1;1;6;5;5;4;5;5;5;5;5;2;5;5;4;5;5;5;5;5;2;5;5;5;5;5;5;5;5;2;2;5;5;5;4;5;5;3;3;5;5;5;3;5;3;1;1;3;2;6;6;1;6;1;1;1899.2719623
951;2026Q2;ES705A1;ES705;1;1;43;3;3;5;3;10;-1;-1;-1;6;-1;-1;-1;72;8;-1;1;2;7;2;2;8;2;2;4;4;4;4;3;6;5;4;-9;5;5;-9;4;5;-9;3;-9;4;-9;2;5;4;4;4;4;4;4;5;2;-9;3;-9;4;4;5;5;5;5;5;5;4;-3;-3;-3;-3;-3;-3;5;2;3;-1;-1;6;6;5;6;1;-3;2836.0572168
952;2026Q2;ES705A1;ES705;1;1;28;1;1;1;7;1;6;2;9;6;-1;-1;-1;47;1;5;-1;-1;-1;4;4;2;7;4;5;5;5;1;1;6;4;2;4;4;4;3;3;4;3;3;4;3;3;3;4;3;3;4;3;3;4;4;4;3;3;3;4;3;-3;-3;-3;5;-3;-3;-3;-3;-3;-3;-3;-3;-3;-3;2;3;-1;-1;6;6;1;6;-3;-3;2748.3493269
953;2026Q2;ES705A1;ES705;6;2;61;1;1;1;5;1;6;2;9;1;-1;-1;-1;-1;-1;-1;-1;-1;-1;2;2;6;3;3;6;5;5;3;1;6;4;4;-9;4;3;3;4;4;2;4;3;4;3;2;4;4;4;4;4;4;4;4;3;3;2;2;3;3;4;4;4;4;4;2;2;-3;4;2;2;2;4;2;1;3;-1;-1;6;6;5;6;3;1;1502.992555
954;2026Q2;ES705A1;ES705;6;2;38;1;1;1;9;10;-1;-1;-1;6;-1;-1;-1;63;1;5;-1;-1;-1;2;2;6;3;3;5;3;3;2;3;6;4;4;3;4;4;2;4;4;4;2;2;4;4;3;4;4;2;4;2;4;4;4;4;4;3;4;2;2;4;4;4;4;4;3;3;3;3;3;3;3;3;3;2;2;-1;-1;1;6;1;6;-3;-3;1078.8965368
955;2026Q2;ES705A1;ES705;6;2;51;1;1;1;8;1;1;2;4;1;-1;-1;-1;-1;-1;-1;-1;-1;-1;1;1;1;4;6;3;4;4;2;1;6;4;5;4;4;4;2;4;4;2;4;4;4;4;2;4;4;2;4;4;2;4;4;2;4;2;4;4;4;3;4;4;4;4;4;3;4;3;3;3;3;4;4;1;3;-1;-1;6;6;5;6;2;3;621.3028299
956;2026Q2;ES705A1;ES705;1;1;38;1;1;1;6;2;6;1;5;1;-1;-1;-1;-1;-1;-1;-1;-1;-1;4;4;8;5;3;5;2;2;2;2;6;2;4;4;4;4;4;4;4;4;2;4;4;4;4;4;4;2;2;4;4;4;4;4;2;4;-9;4;4;3;3;4;3;4;2;3;2;2;3;3;2;3;3;2;3;-1;-1;6;6;1;6;1;3;2482.8627944
957;2026Q2;ES705A1;ES705;6;2;24;1;1;1;6;13;-1;-1;-1;6;-1;-1;-1;58;8;-1;1;1;9;4;4;2;5;3;6;3;4;2;2;6;4;3;-9;5;3;5;5;4;5;3;5;-9;3;5;3;3;3;1;1;1;3;4;4;5;3;5;2;1;1;2;1;1;3;4;1;1;1;-7;2;1;2;-3;1;1;3;3;1;6;1;6;1;1;4960.4751608
958;2026Q2;ES705A1;ES705;6;2;30;1;1;1;9;1;6;2;3;1;-1;-1;-1;-1;-1;-1;-1;-1;-1;2;2;8;4;4;3;3;4;1;2;1;1;1;1;1;2;5;5;1;5;1;4;1;3;5;2;1;1;4;3;5;3;3;4;5;4;-9;4;1;1;1;1;1;1;2;4;2;1;1;1;1;1;1;1;1;2;4;1;-9;5;6;1;1;1131.3222475
959;2026Q2;ES705A1;ES705;6;1;47;1;1;1;10;1;6;1;9;6;-1;-1;-1;79;5;-1;-1;1;3;3;3;2;-9;-9;3;-9;-9;-9;-9;6;4;4;-9;-9;-9;-9;-9;-9;-9;-9;-9;-9;-9;-9;-9;-9;-9;-9;-9;-9;4;4;-9;-9;-9;-9;-9;-9;-3;-3;-3;-3;-3;-3;-3;-3;-3;-3;-3;-3;-3;-3;2;2;-1;-1;6;6;1;6;2;-3;1863.9084897
960;2026Q2;ES705A1;ES705;1;1;54;1;1;1;4;15;-1;-1;-1;1;1;-9;-1;-1;-1;-1;-1;-1;-1;1;1;1;3;5;-1;4;4;3;2;6;4;4;-9;4;4;4;4;4;4;4;4;2;2;2;2;4;2;4;4;4;4;4;2;2;4;2;4;4;4;4;4;4;4;4;4;4;4;-3;4;2;4;4;1;1;3;2;1;-9;1;6;1;3;902.47179832
961;2026Q2;ES705A1;ES705;6;2;70;1;1;1;3;12;-1;-1;-1;1;-1;1;8;-1;-1;-1;-1;-1;-1;2;2;8;4;4;5;5;5;5;1;6;4;4;4;4;4;4;4;4;4;4;5;4;3;3;4;4;4;4;4;4;3;4;4;4;4;4;4;4;4;3;3;1;1;4;4;2;3;4;4;1;3;4;2;1;3;3;1;1;1;6;2;1;2274.9859847
962;2026Q2;ES705A1;ES705;6;1;68;1;1;1;3;15;-1;-1;-1;-9;-1;-1;-1;-1;-1;-1;-1;-1;-1;3;4;6;6;3;-1;5;5;2;2;6;2;2;1;4;1;5;5;3;3;2;5;1;5;5;2;3;4;2;3;4;4;4;5;5;3;3;1;1;4;4;3;1;3;2;2;3;2;3;2;1;2;2;3;1;1;2;6;6;3;6;2;1;3412.478977
963;2026Q2;ES705A1;ES705;1;1;45;1;1;1;5;1;6;2;8;1;-1;-1;-1;-1;-1;-1;-1;-1;-1;3;3;9;6;5;5;4;3;2;1;6;4;5;5;5;3;3;2;4;2;2;2;-9;2;3;2;4;2;2;4;4;3;3;3;2;2;3;2;3;4;4;3;4;4;4;3;3;3;3;3;3;3;3;2;2;-1;-1;6;6;1;6;2;2;1317.6655207
964;2026Q2;ES705A1;ES705;1;1;67;1;1;1;5;12;-1;-1;-1;6;-1;-1;-1;66;5;-1;-1;1;5;2;2;8;5;5;5;4;3;2;1;6;4;5;5;4;5;4;2;4;4;4;2;4;4;2;4;4;4;4;4;5;4;4;2;2;2;2;4;4;4;4;4;3;3;3;3;3;4;4;4;4;4;4;2;3;-1;-1;6;6;1;6;3;2;1729.3604949
965;2026Q2;ES705A1;ES705;1;1;58;3;3;5;5;1;6;2;9;1;-1;-1;-1;-1;-1;-1;-1;-1;-1;4;4;2;6;4;6;4;3;3;4;1;4;4;4;4;4;4;2;4;4;4;4;4;2;2;4;4;4;4;4;4;4;4;2;2;4;2;4;4;3;4;3;3;4;3;4;3;3;3;3;4;4;4;2;3;-1;-1;6;6;5;1;1;-3;7019.0791329
966;2026Q2;ES705A1;ES705;1;1;66;1;1;1;6;1;1;2;3;1;-1;-1;-1;-1;-1;-1;-1;-1;-1;3;3;8;6;5;3;4;4;2;2;6;4;4;4;4;4;3;2;4;2;4;2;2;2;2;4;4;4;4;4;4;4;4;4;2;4;4;4;4;4;4;3;3;4;3;4;-3;4;-3;-3;4;-3;4;1;1;1;1;1;6;1;6;3;3;1204.2908681
967;2026Q2;ES705A1;ES705;6;2;19;1;1;1;6;13;-1;-1;-1;6;-1;-1;-1;54;1;2;-1;-1;-1;4;4;2;7;5;1;5;5;4;1;6;4;5;4;5;4;5;5;5;4;4;5;4;2;3;4;5;4;4;5;5;4;4;2;4;3;4;1;1;5;4;4;2;5;4;3;3;5;-3;4;1;4;2;1;1;3;3;1;6;1;6;1;1;4960.4751608
968;2026Q2;ES705A1;ES705;1;1;50;1;1;1;9;1;1;1;3;6;-1;-1;-1;49;1;4;-1;-1;-1;3;3;2;5;4;3;5;5;2;4;1;5;5;5;5;5;5;5;4;4;4;5;1;4;4;4;1;1;3;4;3;3;3;5;4;5;5;4;4;4;3;5;3;3;3;3;4;1;1;1;1;3;1;2;2;-1;-1;6;6;5;6;1;1;1317.6655207
969;2026Q2;ES705A1;ES705;1;1;45;1;1;1;8;1;1;2;1;1;-1;-1;-1;-1;-1;-1;-1;-1;-1;3;4;2;6;4;1;5;5;2;1;6;4;4;2;4;4;4;5;4;5;2;4;2;2;2;4;2;3;2;4;4;4;4;2;3;2;2;2;2;4;2;3;3;4;3;3;2;-3;-3;-3;1;2;1;2;1;3;3;1;6;5;6;2;1;1317.6655207
970;2026Q2;ES705A1;ES705;6;2;36;1;1;1;10;1;6;2;2;6;-1;-1;-1;37;1;2;-1;-1;-1;2;4;8;6;2;-1;3;3;3;1;6;4;3;-9;4;4;5;5;4;4;3;4;-9;5;3;2;2;4;4;4;4;4;4;5;-9;5;4;2;4;5;-3;5;4;4;1;1;1;1;1;4;5;4;-3;1;1;4;-9;1;6;4;1;3;1;1899.2719623
971;2026Q2;ES705A1;ES705;6;2;53;1;1;1;8;1;6;2;9;6;-1;-1;-1;61;1;7;-1;-1;-1;4;4;2;6;4;5;4;4;3;2;6;4;4;4;4;4;4;4;4;4;2;2;3;2;2;4;4;4;4;2;4;4;4;4;2;4;4;4;2;4;3;4;3;4;3;2;3;4;3;3;3;4;4;2;3;-1;-1;1;6;5;6;1;2;2485.2113196
972;2026Q2;ES705A1;ES705;1;1;51;1;1;1;8;7;-1;-1;7;-9;-1;-1;-1;-1;-1;-1;-1;-1;-1;2;3;2;4;3;-1;4;4;3;1;6;5;1;-9;5;5;-9;5;5;-9;-9;5;5;5;5;1;5;5;-9;-9;-9;-9;-9;-9;-9;-9;-9;-9;-9;-3;-3;-3;-3;-3;-3;-3;-3;-3;-3;-3;-3;-3;-3;3;-9;-1;-1;6;6;5;6;-7;-7;878.44368048
973;2026Q2;ES705A1;ES705;6;2;66;1;1;5;4;10;-1;-1;-1;6;-1;-1;-1;66;5;-1;-1;1;2;2;2;4;6;5;1;5;5;5;1;6;1;1;1;1;1;5;5;1;5;1;5;1;3;3;1;1;1;1;1;1;1;1;5;5;5;5;1;1;1;1;1;1;1;2;2;1;2;1;1;1;1;1;2;3;-1;-1;6;6;4;6;4;1;254.25219769
974;2026Q2;ES705A1;ES705;1;1;59;1;1;1;4;15;-1;-1;-1;1;1;1;7;-1;-1;-1;-1;-1;-1;3;3;2;3;2;5;3;3;3;3;1;4;4;4;4;4;4;4;4;3;4;2;4;2;2;4;4;4;4;2;4;4;4;2;4;2;2;4;3;5;4;4;4;4;3;3;4;4;-3;-3;3;4;4;2;3;-1;-1;6;6;5;6;1;1;3290.5745583
975;2026Q2;ES705A1;ES705;6;2;56;1;1;1;5;1;6;2;9;1;-1;-1;-1;-1;-1;-1;-1;-1;-1;2;2;4;4;4;6;4;5;3;4;1;4;4;3;4;4;4;2;4;2;4;2;4;2;2;2;4;4;2;2;2;4;4;2;4;4;2;2;3;-3;-3;-3;-3;-3;-3;2;-3;-3;-3;-3;2;-3;-3;1;2;-1;-1;6;6;4;6;4;2;1502.992555
976;2026Q2;ES705A1;ES705;1;1;30;1;1;1;5;7;-1;-1;1;6;-1;-1;-1;30;1;2;-1;-1;-1;2;2;4;6;6;2;4;4;3;2;6;4;3;2;4;3;4;3;3;4;3;4;2;2;4;5;4;2;2;2;4;4;4;3;2;4;3;4;2;4;4;4;3;3;4;4;3;3;2;2;2;3;2;1;1;5;1;1;6;3;6;4;1;1374.1746635
977;2026Q2;ES705A1;ES705;1;1;33;2;1;5;10;10;-1;-1;-1;1;-1;1;2;-1;-1;-1;-1;-1;-1;4;4;9;4;2;1;4;4;3;2;6;4;4;2;4;4;3;4;4;3;3;3;4;2;4;3;3;2;4;4;3;4;4;2;4;4;4;2;3;5;4;5;4;4;3;3;3;4;-3;-3;3;3;4;1;1;4;1;1;6;5;6;3;1;2179.432118
978;2026Q2;ES705A1;ES705;1;1;52;1;1;1;5;1;1;2;4;1;-1;-1;-1;-1;-1;-1;-1;-1;-1;3;3;2;6;4;3;3;3;3;3;6;3;4;4;4;4;4;-9;4;2;2;5;-9;2;-9;4;4;4;2;-9;2;4;3;2;2;2;2;-9;3;-3;-3;-3;3;4;3;3;-3;-3;-3;-3;-3;-3;-3;1;3;-1;-1;-9;6;1;6;-7;-3;1317.6655207
979;2026Q2;ES705A1;ES705;6;2;48;1;1;1;5;1;6;2;-9;-9;-1;-1;-1;-1;-1;-1;-1;-1;-1;2;3;8;-9;-9;-1;4;4;-9;-9;-9;4;4;-9;4;-9;-9;-9;4;-9;-9;-9;-9;-9;-9;-9;-9;-9;-9;-9;-9;-9;3;-9;3;-9;3;3;3;-3;-3;-3;-3;-3;-3;-7;-3;-3;-3;-3;-3;-3;-3;3;2;-1;-1;-9;6;5;-9;-3;-7;1242.6056598
980;2026Q2;ES705A1;ES705;6;2;47;1;1;1;5;7;-1;-1;5;1;-1;-1;-1;-1;-1;-1;-1;-1;-1;3;4;2;5;3;3;3;3;2;1;6;2;3;2;3;-9;4;5;5;5;2;4;1;-9;4;4;2;1;1;3;5;5;5;3;4;-9;5;2;1;-7;-3;-3;2;-3;3;4;-3;-3;-3;-3;1;-3;-3;2;-9;-1;-1;6;6;1;6;1;-7;1863.9084897
981;2026Q2;ES705A1;ES705;6;2;56;1;1;1;7;14;-1;-1;-1;6;-1;-1;-1;54;8;-1;1;1;4;2;2;4;2;2;3;5;5;2;2;6;4;3;5;5;4;2;3;5;2;3;3;1;1;1;5;3;1;1;3;3;4;5;1;3;1;1;3;3;5;4;3;3;4;4;4;4;2;4;4;2;4;3;1;3;-1;-1;6;6;1;6;-3;1;2851.9078879
982;2026Q2;ES705A1;ES705;1;1;65;1;1;1;10;10;-1;-1;-1;1;-1;1;6;-1;-1;-1;-1;-1;-1;1;1;1;1;2;5;-9;-9;-9;-9;6;-9;-9;-9;-9;-9;-9;-9;-9;-9;-9;4;-9;4;2;-9;-9;-9;2;2;2;-9;4;4;4;4;4;-9;-9;-3;-3;-3;-3;4;4;-3;-3;-3;-3;-3;-3;-3;-3;2;1;1;-9;6;6;1;6;1;3;127.12609885
983;2026Q2;ES705A1;ES705;1;1;39;1;1;1;6;1;6;2;7;1;-1;-1;-1;-1;-1;-1;-1;-1;-1;4;4;8;6;3;4;3;-9;4;3;6;4;4;-9;4;4;2;4;4;2;4;2;-9;-9;2;4;4;4;4;4;4;4;4;2;4;4;4;-9;2;4;3;3;4;4;-3;-3;3;-3;-3;-3;4;-3;3;2;3;-1;-1;6;6;1;6;-7;3;2482.8627944
984;2026Q2;ES705A1;ES705;6;2;67;1;1;1;8;12;-1;-1;-1;1;-1;1;5;-1;-1;-1;-1;-1;-1;1;1;1;4;6;5;5;3;2;3;6;4;5;4;4;2;4;5;4;4;4;4;2;4;2;4;2;4;4;4;4;4;4;4;2;3;4;3;3;4;1;3;4;4;4;2;-3;-3;-3;3;1;4;-3;1;1;4;4;1;6;5;6;1;1;1137.4929923
985;2026Q2;ES705A1;ES705;1;1;65;2;1;5;6;12;-1;-1;-1;1;-1;1;5;-1;-1;-1;-1;-1;-1;1;1;1;3;5;5;5;5;2;2;6;4;4;4;4;4;4;2;4;4;4;2;4;2;2;4;4;4;4;4;4;4;4;2;2;4;4;4;2;4;4;4;2;3;4;3;-3;3;2;2;1;-3;4;2;1;1;3;1;6;5;6;5;1;864.68024746
986;2026Q2;ES705A1;ES705;6;2;53;1;1;1;8;15;-1;-1;-1;1;1;1;4;-1;-1;-1;-1;-1;-1;1;1;1;1;2;3;4;4;4;1;6;4;4;4;3;4;4;3;4;4;4;4;3;2;2;4;4;3;4;4;4;4;4;4;4;4;4;3;3;4;3;4;3;4;3;4;-3;4;3;3;3;3;3;3;2;-1;-1;1;1;5;6;4;-3;1295.7604963
987;2026Q2;ES705A1;ES705;1;1;34;1;1;5;6;10;-1;-1;-1;1;-1;1;3;-1;-1;-1;-1;-1;-1;1;1;1;2;3;3;2;3;2;2;6;1;1;1;2;2;4;4;-9;5;2;4;2;3;4;2;2;2;2;3;4;2;3;4;4;4;4;2;3;5;3;3;2;4;4;4;1;4;2;2;1;2;1;2;1;4;1;1;6;5;6;4;1;363.23868633
988;2026Q2;ES705A1;ES705;6;2;61;1;1;1;4;11;-1;-1;-1;1;-1;-1;-1;-1;-1;-1;-1;-1;-1;1;1;1;1;2;-1;2;3;2;1;6;4;4;4;4;4;2;4;4;2;2;2;2;3;4;2;2;3;4;4;2;4;4;2;2;2;4;2;2;3;3;3;3;3;4;3;-3;2;2;2;1;2;3;1;1;2;2;1;1;3;6;4;1;341.30856476
989;2026Q2;ES705A1;ES705;6;2;56;1;1;5;10;2;1;2;1;1;-1;-1;-1;-1;-1;-1;-1;-1;-1;2;4;6;7;4;1;4;4;3;2;6;4;4;3;4;4;2;2;4;2;3;2;4;2;2;4;4;2;3;3;3;4;4;2;2;2;2;4;3;5;4;4;4;5;4;4;3;4;3;3;4;4;5;3;3;-1;-1;6;6;5;6;4;3;1502.992555
990;2026Q2;ES705A1;ES705;1;1;54;1;1;5;7;10;-1;-1;-1;1;-1;2;5;-1;-1;-1;-1;-1;-1;1;1;1;2;4;5;5;5;1;1;6;4;3;5;5;4;5;5;2;2;5;4;3;1;1;-9;5;4;4;4;4;4;4;2;2;1;4;4;4;5;5;4;4;5;5;5;-3;4;-3;-3;-3;-3;4;2;1;5;-9;6;6;5;6;5;1;127.12609885
991;2026Q2;ES705A1;ES705;6;2;45;1;1;1;10;2;6;2;2;1;-1;-1;-1;-1;-1;-1;-1;-1;-1;2;2;4;6;5;-1;4;3;2;4;6;2;2;2;2;4;4;4;2;4;3;4;2;2;4;-9;2;2;4;-9;-9;4;4;4;4;4;4;2;2;4;3;3;2;4;2;2;2;-3;-3;-3;1;1;1;2;1;3;4;1;6;5;6;5;3;1242.6056598
992;2026Q2;ES705A1;ES705;6;2;34;2;1;1;5;1;6;2;9;1;-1;-1;-1;-1;-1;-1;-1;-1;-1;2;2;8;3;3;6;4;4;3;1;6;-9;1;2;2;2;4;5;2;5;1;5;2;5;5;2;2;2;2;2;4;2;2;5;5;5;5;2;2;4;-3;-3;2;4;4;-3;-3;-3;-3;-3;1;-3;1;2;2;-1;-1;-9;6;3;6;4;1;1131.3222475
993;2026Q2;ES705A1;ES705;1;1;57;2;1;5;10;10;-1;-1;-1;6;-1;-1;-1;59;1;2;-1;-1;-1;4;4;2;5;3;1;5;5;4;3;6;4;2;2;2;2;5;5;3;5;2;5;2;5;5;2;2;2;1;2;2;4;4;5;5;5;5;2;1;3;1;3;1;1;1;1;3;1;2;2;1;2;1;1;1;2;4;1;6;5;6;4;1;1239.0383304
994;2026Q2;ES705A2;ES705;1;1;49;1;1;1;5;10;-1;-1;-1;6;-1;-1;-1;54;1;2;-1;-1;-1;2;2;4;5;5;-1;-9;-9;-9;1;6;-9;-9;-9;-9;-9;-9;-9;4;-9;2;-9;2;2;-9;-9;-9;-9;2;2;-9;-9;-9;-9;-9;-9;-9;-9;-9;-3;-3;-3;-3;-3;-3;-3;-3;-3;-3;-3;-3;-3;-3;1;3;-1;-1;6;6;5;6;-3;-3;190.23448307
995;2026Q2;ES705A2;ES705;6;2;24;1;1;1;10;1;1;2;2;6;-1;-1;-1;53;1;5;-1;-1;-1;3;3;5;6;4;5;5;5;4;1;6;4;2;4;4;4;5;5;5;5;2;2;2;4;4;2;4;2;4;4;5;5;5;4;4;4;4;2;2;4;5;5;3;5;4;3;3;3;3;3;2;4;3;2;1;3;2;1;6;1;6;3;1;277.80454143
996;2026Q2;ES705A2;ES705;6;2;48;1;1;1;7;10;-1;-1;-1;1;-1;1;7;-1;-1;-1;-1;-1;-1;1;2;6;2;2;5;-9;-9;-9;2;6;-9;-9;-9;-9;-9;-9;-9;4;-9;-9;-9;-9;2;-9;-9;-9;-9;2;-9;2;-9;2;2;2;2;2;-9;2;-3;-3;-3;-3;-3;-3;-3;-3;-3;-3;-3;-3;-3;-3;2;-9;-1;-1;6;6;1;6;3;-3;20.586053757
997;2026Q2;ES705A2;ES705;1;1;46;1;1;1;5;1;6;1;8;1;-1;-1;-1;-1;-1;-1;-1;-1;-1;1;1;1;3;5;-1;4;4;3;2;6;4;4;-9;4;4;4;4;4;4;3;4;4;2;3;4;4;4;3;4;4;4;4;2;2;2;2;4;4;3;3;3;3;3;3;3;-3;3;-3;3;3;3;3;2;3;-1;-1;6;6;1;6;1;-3;189.92766242
998;2026Q2;ES705A2;ES705;1;1;38;1;1;1;7;1;1;2;7;1;-1;-1;-1;-1;-1;-1;-1;-1;-1;2;3;2;4;3;4;5;5;3;3;1;4;4;3;5;4;5;5;2;5;4;3;3;5;2;2;4;4;2;3;3;5;3;3;5;4;5;2;2;3;2;3;2;4;3;2;-3;2;2;2;2;3;1;1;1;1;1;1;1;1;6;4;-3;210.14025134
999;2026Q2;ES705A2;ES705;6;2;80;1;1;1;5;12;-1;-1;-1;1;-1;2;5;-1;-1;-1;-1;-1;-1;1;1;1;2;3;3;4;3;-9;1;6;2;2;4;4;2;5;4;1;5;1;5;1;5;4;4;1;2;2;-9;1;3;3;3;4;5;4;1;1;4;2;2;2;3;1;1;2;2;-3;-3;1;3;-3;2;1;3;1;1;6;1;6;3;1;145.28810058
1000;2026Q2;ES705A2;ES705;6;2;67;2;1;5;4;12;-1;-1;-1;1;-1;1;5;-1;-1;-1;-1;-1;-1;2;2;4;5;5;6;-9;-9;-9;3;6;-9;-9;-9;3;-9;-9;-9;-9;-9;-9;-9;-9;-9;-9;-9;-9;-9;-9;-9;-9;-9;-9;-9;-9;-9;-9;-9;-9;-3;-3;-3;3;3;3;-3;-3;-3;-3;-3;-3;-3;-3;3;-9;-1;-1;-9;-9;5;6;-7;-7;290.57620116
1001;2026Q2;ES705A2;ES705;1;1;41;1;1;1;4;1;6;2;3;1;-1;-1;-1;-1;-1;-1;-1;-1;-1;2;3;2;6;4;3;5;5;4;2;6;4;4;4;3;4;3;4;4;3;4;4;4;2;2;3;4;4;4;4;4;4;4;4;4;3;3;3;4;3;3;3;3;3;3;3;3;3;3;3;3;3;4;2;2;-1;-1;6;6;5;6;1;1;210.14025134
1002;2026Q2;ES705A2;ES705;6;2;38;1;1;1;9;1;6;2;4;6;-1;-1;-1;44;1;8;-1;-1;-1;2;3;6;6;4;-1;5;5;5;5;1;5;5;5;5;5;2;2;5;2;5;2;5;2;2;5;5;5;5;5;5;5;5;2;2;2;2;3;5;3;3;1;1;3;1;4;3;1;3;3;3;3;3;1;3;-1;-1;6;6;4;6;4;-3;312.91426857
1003;2026Q2;ES705A2;ES705;6;2;31;1;1;1;7;1;6;1;5;6;-1;-1;-1;74;5;-1;-1;1;7;3;3;2;-9;-9;5;4;4;3;-9;6;4;4;4;4;2;2;5;4;5;1;5;2;4;4;3;2;3;1;1;1;2;4;5;4;3;4;3;1;3;3;3;2;4;3;3;4;4;3;3;1;3;3;1;-9;-1;-1;6;6;1;6;-3;1;277.80454143
1004;2026Q2;ES705A2;ES705;1;1;56;1;1;1;5;15;-1;-1;-1;1;1;1;3;-1;-1;-1;-1;-1;-1;1;1;1;2;3;4;5;4;5;3;1;4;4;4;4;4;4;4;4;-9;4;4;4;4;2;4;4;4;3;4;4;4;4;4;3;4;4;4;4;4;2;4;4;4;3;4;4;4;2;2;2;4;2;1;2;-1;-1;6;6;3;6;3;1;272.02583923
1005;2026Q2;ES705A2;ES705;6;2;46;3;3;5;6;1;1;1;5;1;-1;-1;-1;-1;-1;-1;-1;-1;-1;2;3;2;3;2;5;4;4;3;3;1;5;4;2;3;3;3;5;3;3;3;4;1;2;3;2;3;3;3;3;2;3;3;4;3;5;4;1;2;3;2;3;2;4;2;3;3;3;3;3;2;3;2;2;2;-1;-1;1;6;3;6;2;1;592.12615675
1006;2026Q2;ES705A2;ES705;1;1;73;1;1;1;5;12;-1;-1;-1;1;-1;1;6;-1;-1;-1;-1;-1;-1;2;2;6;3;3;5;4;4;3;1;6;4;-9;-9;4;4;-9;-9;4;-9;-9;-9;-9;-9;2;4;-9;-9;4;-9;-9;4;4;2;-9;-9;-9;-9;-9;4;-3;-3;-3;-3;4;-3;-3;4;-3;-3;-3;-3;-3;3;-9;-1;-1;6;6;1;6;-3;-3;436.23061353
1007;2026Q2;ES705A2;ES705;1;1;71;3;1;5;9;12;-1;-1;-1;1;-1;2;2;-1;-1;-1;-1;-1;-1;2;2;4;5;5;1;4;4;4;1;6;4;4;4;4;4;4;4;4;4;2;4;2;2;2;4;4;4;2;4;4;4;4;4;4;5;4;4;4;4;4;3;2;4;4;3;2;4;4;4;3;3;3;2;1;4;2;1;1;5;6;3;2;436.23061353
1008;2026Q2;ES705A2;ES705;1;1;63;1;1;1;6;12;-1;-1;-1;1;-1;1;3;-1;-1;-1;-1;-1;-1;1;1;1;2;4;3;5;5;5;1;6;4;4;3;4;4;3;5;4;5;3;4;2;4;2;3;4;4;4;4;4;4;4;4;4;5;3;2;2;1;1;2;2;3;3;1;3;3;1;1;1;3;2;3;3;-1;-1;6;6;5;6;4;1;272.02583923
1009;2026Q2;ES705A2;ES705;6;2;54;1;1;1;8;10;-1;-1;-1;1;-1;1;2;-1;-1;-1;-1;-1;-1;2;2;4;3;3;2;4;4;4;2;6;4;5;3;4;4;3;4;4;3;4;3;4;2;2;3;3;4;4;4;4;4;4;4;4;2;3;3;2;4;4;4;2;4;3;4;3;4;4;4;3;4;3;2;2;-1;-1;6;6;1;6;4;1;41.172107515
1010;2026Q2;ES705A2;ES705;6;2;47;1;1;1;7;1;6;1;4;6;-1;-1;-1;59;1;-9;-1;-1;-1;3;4;2;-9;-9;-1;5;5;4;1;6;3;4;4;4;2;5;5;4;4;2;5;2;4;5;4;3;4;2;4;4;4;4;4;5;5;4;1;2;3;3;4;2;4;2;2;2;2;2;-3;1;-3;2;1;1;2;3;1;6;5;6;4;1;253.45763194
1011;2026Q2;ES705A2;ES705;1;1;26;1;1;1;7;10;-1;-1;-1;-9;-1;-1;-1;-1;-1;-1;-1;-1;-1;3;3;8;-9;-9;-1;5;5;3;-9;6;5;3;3;5;4;4;5;5;4;3;5;4;4;5;3;4;5;2;4;5;3;3;4;3;4;3;3;5;4;4;5;5;5;5;5;-3;3;4;4;5;4;4;3;1;3;4;1;6;3;6;-3;1;272.44720305
1012;2026Q2;ES705A2;ES705;6;2;69;1;1;1;8;12;-1;-1;-1;6;-1;-1;-1;39;1;4;-1;-1;-1;2;2;6;5;5;3;4;4;2;2;6;4;4;-9;4;4;-9;-9;4;3;4;-9;3;-9;2;4;4;3;4;3;4;4;4;-9;-9;-9;-9;-9;-9;4;4;3;-3;3;3;3;-3;4;-3;-3;-3;-3;-3;3;-9;-1;-1;6;6;1;6;-3;-3;290.57620116
1013;2026Q2;ES705A2;ES705;6;2;49;1;1;1;5;7;-1;-1;5;1;-1;-1;-1;-1;-1;-1;-1;-1;-1;2;4;2;6;3;3;5;5;2;1;6;4;4;3;4;4;3;3;4;3;4;-9;3;-9;2;4;4;3;4;4;-9;4;4;2;3;3;3;3;3;5;4;3;-3;3;3;3;-3;4;-3;-3;-3;-3;-3;2;-9;-1;-1;6;6;1;6;-3;-3;168.97175463
1014;2026Q2;ES705A2;ES705;6;2;53;3;3;5;6;10;-1;-1;-1;1;-1;1;3;-1;-1;-1;-1;-1;-1;1;1;1;2;3;3;4;2;3;1;6;4;5;5;5;5;2;4;4;4;4;4;3;2;2;4;5;5;4;4;2;5;5;2;2;2;2;3;2;3;3;3;2;4;4;2;2;4;3;3;1;3;3;1;1;3;3;1;6;4;6;4;1;211.92162671
1015;2026Q2;ES705A2;ES705;6;2;26;1;1;1;9;1;1;2;2;1;-1;-1;-1;-1;-1;-1;-1;-1;-1;2;2;8;4;4;1;5;5;5;1;6;2;4;2;4;3;3;4;2;4;2;4;2;4;2;2;2;4;2;2;2;2;1;1;1;4;5;1;1;3;3;3;2;2;5;1;1;4;1;1;3;3;1;1;3;-1;-1;6;6;5;6;4;-7;185.20302762
1016;2026Q2;ES705A2;ES705;6;2;45;1;1;1;9;1;6;1;4;1;-1;-1;-1;-1;-1;-1;-1;-1;-1;1;2;6;3;3;3;-9;-9;-9;2;6;2;2;-9;2;2;4;4;3;3;2;4;-9;-9;3;2;2;2;2;2;3;4;4;4;4;3;4;2;2;-3;3;3;3;3;3;3;3;3;3;-3;1;-3;-3;2;1;1;1;1;1;2;6;5;1;84.485877313
1017;2026Q2;ES705A2;ES705;6;2;32;1;1;1;7;1;6;2;4;6;-1;-1;-1;31;1;9;-1;-1;-1;2;3;2;4;3;6;5;4;4;1;6;4;4;2;2;2;4;5;2;4;2;5;2;4;4;2;2;2;2;2;2;4;4;4;4;5;4;2;2;4;2;4;4;4;2;2;2;2;2;2;2;3;2;2;1;1;1;6;6;1;6;3;1;185.20302762
1018;2026Q2;ES705A2;ES705;1;1;61;1;1;5;5;7;-1;-1;7;1;-1;-1;-1;-1;-1;-1;-1;-1;-1;2;2;4;4;4;4;3;4;5;1;6;3;5;2;4;4;1;1;4;2;4;2;4;5;4;4;4;4;2;4;4;4;4;4;2;2;2;3;4;4;1;3;2;3;3;1;3;3;2;3;3;3;2;2;3;-1;-1;6;6;5;6;4;-3;199.28439262
1019;2026Q2;ES705A2;ES705;6;2;48;1;1;1;8;2;6;2;5;1;-1;-1;-1;-1;-1;-1;-1;-1;-1;1;3;6;3;2;5;4;4;3;2;6;2;2;2;4;3;4;4;3;4;2;4;2;5;3;3;2;3;2;3;2;3;3;4;4;4;4;2;2;3;3;3;4;4;3;3;3;3;2;2;2;2;2;2;2;-1;-1;6;6;5;6;1;1;84.485877313
1020;2026Q2;ES705A2;ES705;6;2;52;1;1;1;9;1;6;2;2;6;-1;-1;-1;80;9;-1;6;-1;-1;2;2;8;2;2;-1;5;5;4;2;6;4;4;3;4;3;3;3;4;3;3;3;3;2;3;3;3;3;3;3;3;3;3;3;3;3;3;3;3;4;4;4;4;4;4;4;4;4;4;4;4;4;4;2;-9;-1;-1;-9;-9;1;6;-7;-3;168.97175463
1021;2026Q2;ES705A2;ES705;1;1;56;1;1;1;10;2;6;2;2;1;-1;-1;-1;-1;-1;-1;-1;-1;-1;4;4;2;7;4;1;5;5;4;3;6;4;4;2;4;4;2;4;4;2;2;2;4;2;2;4;4;5;4;4;4;5;5;2;2;2;2;4;4;4;3;4;3;4;4;4;3;3;3;4;4;4;3;2;3;-1;-1;6;6;5;6;2;1;498.21098155
1022;2026Q2;ES705A2;ES705;6;2;48;1;1;1;8;10;-1;-1;-1;6;-1;-1;-1;50;1;4;-1;-1;-1;2;3;2;4;3;3;5;5;2;1;1;4;-9;-9;4;4;4;3;4;3;4;-9;2;3;2;4;-9;3;4;3;3;4;4;-9;3;3;3;3;3;4;4;3;-3;3;4;4;-3;4;-3;-3;-3;-3;-3;2;-9;-1;-1;6;6;1;6;-3;-3;41.172107515
1023;2026Q2;ES705A2;ES705;6;2;58;1;1;1;9;2;1;2;2;1;-1;-1;-1;-1;-1;-1;-1;-1;-1;2;2;6;4;4;1;4;4;3;2;6;4;4;2;4;2;3;-9;4;2;2;2;2;2;2;-9;-9;2;2;4;4;4;4;3;3;2;2;4;2;4;4;4;4;4;4;4;-3;4;4;3;-3;3;3;2;3;-1;-1;6;6;1;6;4;1;65.90549757
1024;2026Q2;ES705A2;ES705;1;1;39;1;1;1;10;2;6;2;2;1;-1;-1;-1;-1;-1;-1;-1;-1;-1;1;1;1;5;6;1;5;4;3;1;1;4;3;3;4;4;4;3;4;3;4;-9;3;-9;2;4;4;3;4;3;3;4;4;2;3;3;3;-9;-9;5;-3;3;3;3;3;3;-3;5;4;4;-3;3;3;2;2;-1;-1;6;6;5;6;2;-3;105.07012567
1025;2026Q2;ES705A2;ES705;6;2;37;1;1;1;3;10;-1;-1;-1;1;-1;1;9;-1;-1;-1;-1;-1;-1;1;2;6;2;2;6;5;5;5;2;6;5;5;-9;5;5;5;5;5;5;5;3;5;2;1;3;5;5;5;3;5;5;5;3;3;3;2;4;3;5;-3;5;5;5;5;5;5;5;5;5;-3;4;4;2;1;3;4;1;6;1;6;3;2;72.315682623
1026;2026Q2;ES705A2;ES705;6;2;29;1;1;1;10;1;6;2;3;6;-1;-1;-1;57;1;5;-1;-1;-1;2;2;6;4;4;5;4;4;3;1;6;4;4;-9;4;-9;3;4;4;4;2;2;2;2;2;-9;3;4;4;-9;4;4;4;4;4;-9;-9;-9;-9;4;-3;4;4;4;5;3;3;5;4;-3;2;2;4;1;1;4;2;6;6;1;6;4;1;185.20302762
1027;2026Q2;ES708A0;ES708;6;2;70;3;2;5;10;12;-1;-1;-1;1;-1;1;1;-1;-1;-1;-1;-1;-1;2;2;8;-9;-9;1;4;4;4;4;6;4;4;3;4;2;4;4;3;4;2;4;2;3;4;1;3;2;4;4;2;1;2;3;4;4;4;2;3;3;3;3;2;4;4;4;3;2;3;3;2;2;2;2;3;-1;-1;6;6;5;6;1;1;1807.6500656
1028;2026Q2;ES708A0;ES708;1;1;59;2;1;5;5;2;1;1;5;1;-1;-1;-1;-1;-1;-1;-1;-1;-1;2;2;8;4;4;5;5;3;3;3;1;4;4;4;4;3;4;4;4;4;4;4;3;-9;4;4;4;3;2;2;2;2;4;3;2;2;4;2;2;4;-3;2;2;-3;2;2;-3;-3;-3;-3;3;-3;4;1;1;2;2;6;6;5;6;4;1;572.66168925
1029;2026Q2;ES708A0;ES708;6;2;43;3;2;5;6;1;1;2;4;1;-1;-1;-1;-1;-1;-1;-1;-1;-1;1;2;6;4;4;3;5;4;4;3;1;4;4;-9;4;4;2;5;3;4;3;5;4;4;3;3;4;4;2;4;4;4;4;4;4;4;4;4;4;3;3;3;3;3;3;3;3;3;3;3;3;3;3;1;2;-1;-1;1;6;5;6;5;1;385.28784164
1030;2026Q2;ES708A0;ES708;1;1;72;3;1;5;6;1;6;1;5;1;-1;-1;-1;-1;-1;-1;-1;-1;-1;1;1;1;2;4;5;4;4;4;3;6;2;4;4;4;2;2;5;4;4;2;4;2;4;4;2;2;2;2;2;2;2;4;4;4;5;4;2;2;3;3;3;2;3;3;3;3;3;-3;-3;1;3;3;2;2;-1;-1;-9;-9;5;6;-3;-3;824.50631571
1031;2026Q2;ES708A0;ES708;6;2;24;1;1;1;8;1;6;1;5;6;-1;-1;-1;55;1;9;-1;-1;-1;4;4;6;7;4;6;5;5;5;4;1;3;3;3;4;3;3;5;3;5;3;4;3;4;3;3;3;3;3;3;4;4;5;3;3;4;4;3;3;3;3;3;3;3;4;4;3;4;4;4;1;3;1;2;2;-1;-1;1;6;1;6;5;-3;733.94099293
1032;2026Q2;ES708A0;ES708;6;2;37;1;1;1;9;7;-1;-1;-9;1;-1;-1;-1;-1;-1;-1;-1;-1;-1;3;3;8;4;3;-1;4;4;4;4;1;4;4;3;4;3;5;5;4;-9;2;4;3;3;3;2;2;3;2;2;2;3;3;4;3;3;3;2;2;4;-3;4;2;2;2;1;1;-3;1;1;1;1;1;1;1;1;2;1;6;1;1;4;1;647.88699788
1033;2026Q2;ES708A0;ES708;6;2;56;1;1;1;3;2;6;1;9;-9;-1;-1;-1;-1;-1;-1;-1;-1;-1;4;4;8;-9;-9;-1;5;5;4;5;1;2;4;-9;4;4;5;4;4;4;2;4;2;5;4;3;2;2;2;4;4;4;5;4;4;4;4;2;2;-3;3;3;2;3;3;2;3;2;2;2;2;3;2;2;3;-1;-1;6;6;5;6;1;-3;668.18303899
1034;2026Q2;ES708A0;ES708;6;2;48;2;1;5;5;2;6;2;5;1;-1;-1;-1;-1;-1;-1;-1;-1;-1;2;4;8;7;4;5;5;5;5;3;1;3;4;4;4;4;4;4;4;4;3;4;3;4;2;4;2;3;3;2;2;4;4;4;4;4;4;2;2;4;3;4;2;3;3;4;-3;2;1;1;2;3;3;2;-9;-1;-1;6;6;5;1;2;1;717.35780198
1035;2026Q2;ES708A0;ES708;6;2;58;1;1;1;5;11;-1;-1;-1;6;-1;-1;-1;67;5;-1;-1;1;7;3;3;8;3;2;4;3;3;4;3;-9;3;5;5;5;5;3;5;5;3;5;3;3;5;1;5;5;5;5;5;3;5;5;1;3;3;5;3;1;4;3;4;3;4;4;4;3;4;3;4;4;4;3;1;1;1;3;6;6;5;6;3;1;249.81682179
1036;2026Q2;ES708A0;ES708;6;2;61;3;2;5;5;2;6;2;4;1;-1;-1;-1;-1;-1;-1;-1;-1;-1;3;3;8;5;4;3;5;5;5;5;1;5;2;4;2;4;5;5;2;5;4;4;2;2;1;4;4;4;4;4;3;5;5;4;4;2;4;2;1;3;5;3;2;3;2;1;2;2;1;1;1;3;3;2;3;-1;-1;6;6;5;6;4;1;1009.1138063
1037;2026Q2;ES708A0;ES708;1;1;38;2;1;4;8;1;1;2;3;1;-1;-1;-1;-1;-1;-1;-1;-1;-1;1;1;1;4;6;3;5;5;5;5;1;3;4;3;4;4;5;5;3;5;2;5;3;5;3;3;4;4;2;3;3;3;3;5;5;5;5;2;2;4;3;4;2;4;4;4;3;2;4;4;3;1;3;1;1;3;3;1;1;4;6;5;1;329.56530112
1038;2026Q2;ES708A0;ES708;6;2;38;1;1;1;7;1;6;2;5;6;-1;-1;-1;43;1;7;-1;-1;-1;2;4;2;4;2;4;4;4;4;1;6;4;4;4;4;4;4;4;4;4;4;3;4;4;3;3;4;4;4;4;4;4;4;4;4;4;4;3;3;3;3;3;3;3;3;3;3;3;3;3;2;3;3;1;2;-1;-1;6;6;5;6;4;1;431.92466525
1039;2026Q2;ES708A0;ES708;6;2;55;1;1;1;4;1;6;1;9;1;-1;-1;-1;-1;-1;-1;-1;-1;-1;2;2;4;4;4;6;3;3;3;1;6;4;4;4;4;4;4;4;2;2;4;2;4;2;2;4;4;4;2;4;4;4;4;4;2;2;2;4;4;-3;-3;-3;-3;3;3;3;-3;3;-3;3;4;-3;-3;3;1;2;1;6;6;5;6;4;1;334.0915195
1040;2026Q2;ES708A0;ES708;6;2;64;1;1;1;3;1;6;2;9;1;-1;-1;-1;-1;-1;-1;-1;-1;-1;3;3;2;5;3;6;5;5;4;4;1;4;4;3;4;4;3;5;4;4;3;4;4;4;4;3;4;4;3;4;4;5;5;5;5;5;5;1;1;4;4;3;3;3;3;4;-3;3;3;3;3;3;3;3;2;-1;-1;1;6;1;6;1;1;501.13727924
1041;2026Q2;ES708A0;ES708;1;1;30;1;1;5;7;10;-1;-1;-1;1;-1;1;5;-1;-1;-1;-1;-1;-1;1;2;6;2;2;5;5;5;2;3;6;3;3;4;4;4;4;5;4;4;3;4;2;2;4;2;3;2;2;4;4;2;4;4;4;4;3;3;3;4;4;4;3;4;4;2;4;2;2;3;2;3;4;1;1;3;3;1;6;5;6;1;1;264.32431149
1042;2026Q2;ES704A0;ES704;1;1;49;2;1;4;8;1;6;2;8;6;-1;-1;-1;53;1;5;-1;-1;-1;2;2;9;7;6;5;5;5;3;4;1;4;4;4;4;4;4;4;4;4;2;4;4;3;2;4;4;4;2;2;2;4;4;4;4;4;4;2;3;1;2;3;4;4;3;2;3;3;2;2;2;2;1;1;3;-1;-1;6;6;4;6;5;1;470.7092447
1043;2026Q2;ES704A0;ES704;6;2;58;1;1;5;5;1;6;2;4;1;-1;-1;-1;-1;-1;-1;-1;-1;-1;3;3;6;4;3;3;5;5;5;5;1;3;3;3;4;3;4;4;2;4;4;4;4;4;2;2;4;2;2;4;2;4;4;4;4;4;4;2;2;4;2;3;2;3;1;3;3;3;2;2;2;3;1;1;3;-1;-1;6;6;5;6;4;1;168.20134916
1044;2026Q2;ES704A0;ES704;1;1;47;1;1;1;10;6;-1;-1;9;6;-1;-1;-1;30;1;3;-1;-1;-1;3;3;8;2;2;2;4;4;3;3;6;2;2;2;4;4;4;4;3;3;2;4;2;4;2;2;2;2;2;2;2;2;2;4;4;4;4;2;2;3;2;3;1;3;3;3;5;2;2;2;1;2;2;3;3;-1;-1;6;6;5;6;4;1;706.06386705
1045;2026Q2;ES704A0;ES704;6;2;73;1;1;1;2;12;-1;-1;-1;1;-1;1;5;-1;-1;-1;-1;-1;-1;2;2;8;5;5;6;5;5;5;2;6;5;5;4;5;4;5;2;5;2;4;2;4;2;2;4;4;4;4;4;4;4;2;2;2;-9;2;-9;4;-3;-3;-3;-3;-3;-3;-3;-3;-3;-3;-3;-3;-3;-3;3;2;-1;-1;6;6;1;-9;2;-3;1408.4613713
1046;2026Q2;ES704A0;ES704;6;2;49;3;1;5;5;1;6;2;9;6;-1;-1;-1;47;1;5;-1;-1;-1;2;3;6;6;4;5;5;5;5;5;1;5;5;5;5;5;1;1;5;1;5;1;5;3;1;5;5;5;5;5;5;5;5;3;2;2;2;4;5;3;3;4;3;4;3;1;1;3;3;3;1;3;1;2;3;-1;-1;6;6;5;6;4;1;158.48064513
1047;2026Q2;ES704A0;ES704;6;2;52;1;1;1;5;1;6;2;9;1;-1;-1;-1;-1;-1;-1;-1;-1;-1;3;3;6;3;2;6;5;4;-9;4;1;4;4;-9;4;-9;2;-9;3;2;4;-9;4;2;2;-9;4;4;2;4;3;4;4;3;2;-9;-9;4;4;-3;-3;-3;-3;-3;-3;-3;-3;-3;-3;4;-3;-3;-3;3;-9;-1;-1;6;6;1;6;-3;-3;237.72096769
1048;2026Q2;ES704A0;ES704;1;1;72;1;1;1;2;12;-1;-1;-1;1;-1;2;7;-1;-1;-1;-1;-1;-1;2;2;8;5;5;5;-9;4;-9;-9;6;-9;4;-9;-9;-9;-9;4;4;-9;-9;-9;4;-9;-9;4;4;4;-9;4;-9;-9;-9;-9;-9;-9;-9;-9;4;-3;-3;-3;-3;-3;4;-3;-3;-3;-3;-3;-3;-3;-3;2;3;-1;-1;6;6;1;6;2;-3;986.75635126
1049;2026Q2;ES704A0;ES704;6;2;50;1;1;5;7;1;1;2;4;6;-1;-1;-1;50;1;5;-1;-1;-1;2;4;6;7;5;3;4;4;4;3;1;4;4;4;4;4;2;4;4;4;4;-9;4;2;2;4;4;4;4;4;4;4;4;2;2;4;4;2;-9;4;3;4;3;4;3;4;4;4;3;3;3;4;2;2;3;-1;-1;6;6;5;6;3;1;158.48064513
1050;2026Q2;ES704A0;ES704;6;2;58;1;1;1;8;2;6;2;4;1;-1;-1;-1;-1;-1;-1;-1;-1;-1;2;2;8;6;5;3;5;5;4;2;6;4;2;-9;4;4;3;4;4;3;4;4;3;4;2;4;4;4;4;4;3;4;4;4;4;3;4;3;2;4;-7;4;2;-7;3;2;-7;-7;-7;-7;2;-7;-7;2;2;-1;-1;-9;6;1;6;2;3;112.13423277
1051;2026Q2;ES704A0;ES704;1;1;60;1;1;1;8;2;6;1;3;1;-1;-1;-1;-1;-1;-1;-1;-1;-1;1;1;1;4;6;3;5;5;2;2;6;2;2;2;4;4;4;4;2;4;2;4;2;4;4;2;4;2;2;2;2;2;4;4;4;4;4;3;2;3;2;3;3;2;2;2;2;4;2;2;2;2;1;2;3;-1;-1;6;6;1;6;4;-3;360.80571779
1052;2026Q2;ES704A0;ES704;1;1;61;3;1;5;10;1;6;2;5;1;-1;-1;-1;-1;-1;-1;-1;-1;-1;1;1;1;3;5;5;4;4;3;4;1;4;4;3;4;3;3;4;4;4;3;4;3;2;3;3;3;3;3;4;3;3;3;4;2;2;2;4;4;4;4;3;4;1;2;2;3;4;3;2;3;3;2;2;3;-1;-1;6;6;5;6;3;-3;360.80571779
1053;2026Q2;ES704A0;ES704;1;1;45;3;1;5;6;1;6;2;5;1;-1;-1;-1;-1;-1;-1;-1;-1;-1;2;4;6;6;3;5;4;4;4;3;1;2;4;4;4;4;3;4;4;2;4;4;3;2;2;4;4;4;4;4;4;5;4;2;2;3;4;4;4;4;4;4;5;4;5;4;4;5;4;4;2;4;3;2;1;4;2;1;6;5;6;5;1;470.7092447
1054;2026Q2;ES704A0;ES704;1;1;36;1;1;1;7;1;6;2;3;6;-1;-1;-1;39;1;2;-1;-1;-1;2;3;6;7;5;2;5;5;5;5;6;3;2;3;4;3;5;5;2;5;4;5;4;5;4;2;4;4;1;3;4;4;4;4;5;4;5;2;1;4;4;4;2;2;4;2;2;4;3;4;3;-3;2;2;3;-1;-1;6;6;1;6;4;2;341.21504647
1055;2026Q2;ES704A0;ES704;1;1;41;3;1;3;6;1;6;1;7;1;-1;-1;-1;-1;-1;-1;-1;-1;-1;2;4;2;7;4;5;5;5;4;5;1;5;5;4;5;5;5;5;5;3;5;3;3;2;3;4;5;5;5;5;3;5;5;3;3;4;3;5;5;4;5;5;5;5;5;5;5;5;4;5;3;4;-3;2;-9;-1;-1;-9;6;3;6;-3;-3;341.21504647
1056;2026Q2;ES704A0;ES704;1;1;57;2;1;4;4;10;-1;-1;-1;1;-1;1;8;-1;-1;-1;-1;-1;-1;2;2;4;4;4;5;4;5;3;2;6;3;1;4;4;4;4;5;2;5;5;5;4;5;4;4;5;4;1;1;1;1;1;5;5;5;5;2;1;5;4;2;2;1;2;2;-3;1;2;3;1;1;1;2;2;-1;-1;6;6;4;6;4;1;616.92411678
1057;2026Q2;ES704A0;ES704;1;1;29;1;1;1;10;2;6;2;2;6;-1;-1;-1;60;1;2;-1;-1;-1;3;3;2;7;6;2;3;4;2;1;6;2;4;1;4;4;4;4;4;5;2;4;4;4;4;2;4;2;2;2;4;2;2;4;4;4;2;2;2;4;4;2;1;2;4;2;2;2;2;4;2;2;1;3;3;-1;-1;6;6;1;6;5;1;437.55825081
1058;2026Q2;ES704A0;ES704;1;1;48;1;1;1;4;15;-1;-1;-1;1;1;1;7;-1;-1;-1;-1;-1;-1;3;4;2;7;5;4;3;4;2;1;6;4;4;4;4;4;3;4;4;4;4;3;4;2;2;4;4;4;4;4;4;4;4;4;4;4;4;4;4;4;2;4;3;4;3;3;4;3;4;4;3;4;4;2;1;1;2;1;6;1;6;4;1;2509.7773456
1059;2026Q2;ES704A0;ES704;6;2;55;3;3;5;10;1;6;1;7;1;-1;-1;-1;-1;-1;-1;-1;-1;-1;4;4;8;5;3;4;5;5;5;2;6;3;3;-9;3;2;5;4;2;2;1;4;2;5;2;2;-9;4;1;2;2;3;2;4;4;5;5;1;2;5;4;1;1;3;3;1;1;1;1;1;1;4;3;2;1;3;4;6;6;5;6;4;1;1858.7284148
1060;2026Q2;ES704A0;ES704;1;1;50;1;1;1;3;2;6;1;7;1;-1;-1;-1;-1;-1;-1;-1;-1;-1;1;1;1;4;6;4;5;5;3;2;6;4;4;2;4;4;4;4;4;4;3;3;3;2;2;3;3;3;3;3;3;3;3;2;3;3;3;3;3;-3;-3;-3;-3;-3;-3;-3;-3;-3;-3;-3;-3;-3;-3;2;3;-1;-1;6;6;1;6;3;-3;235.35462235
1061;2026Q2;ES704A0;ES704;1;1;66;2;1;5;5;10;-1;-1;-1;6;-1;-1;-1;65;5;-1;-1;1;9;2;2;4;3;3;6;5;5;5;1;6;2;3;4;4;5;2;2;5;2;5;2;4;2;2;4;2;4;5;5;4;4;5;4;2;3;5;4;4;4;1;3;5;4;3;3;-3;2;-3;2;4;4;-3;2;3;-1;-1;1;6;5;6;1;3;112.13423277
1062;2026Q2;ES704A0;ES704;6;2;49;1;1;1;5;1;6;2;9;1;-1;-1;-1;-1;-1;-1;-1;-1;-1;3;3;6;3;2;6;5;4;4;4;6;2;4;2;4;2;4;5;4;4;4;4;4;4;2;2;2;2;2;2;2;2;4;4;4;4;4;2;2;4;3;3;2;3;3;2;3;2;3;2;2;3;2;2;3;-1;-1;6;6;1;6;-3;1;237.72096769
1063;2026Q2;ES705A2;ES705;1;1;52;1;1;1;3;1;6;2;-9;1;-1;-1;-1;-1;-1;-1;-1;-1;-1;2;2;4;2;2;-1;-9;-9;-9;-9;-9;-9;-9;-9;-9;-9;-9;-9;-9;-9;-9;-9;-9;-9;-9;-9;-9;-9;-9;-9;-9;-9;-9;3;3;3;3;3;3;-3;-3;-3;-3;-3;-7;-3;-3;-3;-3;-3;-7;-3;-3;1;-9;-1;-1;-9;-9;1;-9;-3;-3;1350.4079106
1064;2026Q2;ES705A2;ES705;6;2;35;1;1;1;8;10;-1;-1;-1;6;-1;-1;-1;62;9;-1;1;2;8;3;3;8;2;2;5;5;5;2;5;1;2;1;1;3;1;5;5;2;5;1;5;2;3;3;4;2;1;2;3;2;2;2;4;5;5;5;3;1;1;4;1;1;3;3;3;1;2;1;1;1;2;1;1;1;1;4;1;6;1;6;5;1;771.25945188
1065;2026Q2;ES705A2;ES705;6;2;68;1;1;1;3;12;-1;-1;-1;1;-1;1;6;-1;-1;-1;-1;-1;-1;2;2;6;3;3;5;-9;4;2;3;6;-9;4;-9;2;4;2;4;-9;-9;-9;4;-9;4;-9;-9;-9;4;4;-9;-9;-9;-9;4;4;4;4;4;4;-3;2;3;3;4;-7;4;-3;-3;-3;-3;-3;-3;-3;2;1;4;2;6;6;5;6;2;3;1033.0154009
1066;2026Q2;ES705A2;ES705;6;2;27;1;1;1;9;1;6;2;4;6;-1;-1;-1;56;1;3;-1;-1;-1;3;3;2;7;5;4;2;2;1;1;6;1;1;1;2;1;5;5;1;5;1;5;1;4;5;1;1;1;1;1;2;2;2;5;5;5;5;1;1;3;1;3;1;1;1;1;1;3;1;1;1;1;1;1;1;2;4;1;6;1;6;3;1;987.61140315
1067;2026Q2;ES705A2;ES705;1;1;33;3;1;3;10;1;6;2;7;6;-1;-1;-1;63;3;-1;-1;1;-9;2;2;6;3;3;-1;4;4;2;2;6;2;4;4;4;5;4;5;4;4;4;4;4;4;4;4;4;2;4;4;4;4;4;4;4;4;4;2;2;4;3;4;3;4;3;3;4;4;4;3;4;4;4;2;1;3;1;1;6;3;6;1;3;1319.823691
1068;2026Q2;ES705A2;ES705;6;2;55;1;1;1;9;3;6;2;9;1;-1;-1;-1;-1;-1;-1;-1;-1;-1;1;2;6;4;4;6;3;2;2;2;1;4;4;5;4;5;3;2;4;2;4;2;4;2;4;4;4;4;4;4;4;4;4;3;3;3;3;3;3;4;4;4;4;4;4;4;4;4;4;4;4;4;4;2;2;-1;-1;6;6;1;1;1;-3;117.14895047
1069;2026Q2;ES705A2;ES705;1;1;56;1;1;1;6;10;-1;-1;-1;6;-1;-1;-1;50;1;4;-1;-1;-1;2;2;8;3;3;3;5;5;3;2;6;4;5;5;5;5;2;5;5;2;4;4;4;2;2;1;1;4;4;4;4;1;1;4;4;4;4;2;2;3;4;4;4;4;4;4;4;3;3;3;2;3;3;2;1;3;2;1;1;1;6;2;1;146.36925179
1070;2026Q2;ES705A2;ES705;1;1;70;1;1;1;5;12;-1;-1;-1;1;-1;2;5;-1;-1;-1;-1;-1;-1;1;1;1;3;5;3;2;2;1;2;6;1;2;5;1;1;4;4;-9;4;1;4;2;4;4;2;2;3;2;1;2;4;2;4;4;4;4;2;2;2;2;2;2;3;1;1;2;2;2;3;2;2;2;2;1;3;3;1;6;5;6;-3;1;775.41268063
1071;2026Q2;ES705A2;ES705;6;2;23;1;1;1;10;2;6;2;2;1;-1;-1;-1;-1;-1;-1;-1;-1;-1;1;1;1;4;6;2;5;5;2;1;6;4;4;2;4;4;4;5;5;5;2;5;2;4;4;3;4;2;4;4;4;3;4;5;5;5;5;2;2;4;5;4;4;4;4;4;4;4;4;4;2;2;2;1;1;3;1;1;6;1;6;1;1;329.20380105
1072;2026Q2;ES705A2;ES705;6;2;26;1;1;1;6;2;6;2;5;6;-1;-1;-1;47;-9;-1;-1;-1;-1;3;3;-9;-9;-9;-1;1;1;1;1;-9;-9;-9;-9;-9;-9;-9;-9;-9;-9;-9;-9;-9;-9;-9;-9;-9;-9;-9;-9;-9;-9;-9;-9;-9;-9;-9;-9;-9;-7;-7;-7;-7;-7;-7;-7;-7;-7;-7;-7;-7;-7;-7;2;-9;-1;-1;-9;-9;2;-9;-7;-7;987.61140315
1073;2026Q2;ES705A2;ES705;1;1;60;1;1;1;8;12;-1;-1;-1;1;-1;1;7;-1;-1;-1;-1;-1;-1;3;3;2;6;4;4;4;2;2;2;1;4;-9;-9;4;4;4;-9;4;3;4;-9;3;-9;2;4;4;3;4;4;4;4;4;-9;3;3;3;-9;-9;5;4;3;4;3;3;4;-3;4;-3;-3;-3;-3;-3;2;-9;-1;-1;6;6;1;6;-3;-3;2901.2033358
1074;2026Q2;ES705A2;ES705;6;2;64;1;1;1;9;12;-1;-1;-1;1;-1;1;2;-1;-1;-1;-1;-1;-1;2;2;4;6;5;2;5;5;3;3;6;4;4;2;4;4;3;2;3;4;4;3;2;2;2;3;3;2;2;4;4;4;4;2;2;2;4;3;4;3;2;3;3;3;1;1;3;3;3;3;2;3;2;2;3;-1;-1;6;6;1;6;3;-3;592.14687764
1075;2026Q2;ES705A2;ES705;6;2;54;1;1;1;8;2;6;2;5;6;-1;-1;-1;55;2;8;-1;-1;-1;2;3;2;2;2;-1;3;1;2;2;6;4;4;4;4;5;4;5;4;4;4;4;5;5;4;2;2;4;4;4;4;5;5;2;5;4;5;5;2;1;2;1;1;1;1;1;2;1;4;1;1;1;1;2;3;-1;-1;6;6;5;6;1;-3;600.70447667
1076;2026Q2;ES705A2;ES705;1;1;80;1;1;1;3;12;-1;-1;-1;1;-1;2;8;-1;-1;-1;-1;-1;-1;2;2;4;4;4;5;3;2;2;1;6;4;5;4;4;4;2;4;4;4;4;4;4;2;2;4;4;4;4;4;4;4;4;4;2;4;3;4;4;4;4;4;4;4;4;4;4;4;3;4;3;3;2;2;1;3;2;1;1;1;6;2;2;1550.8253613
1077;2026Q2;ES705A2;ES705;6;2;65;1;1;1;8;12;-1;-1;-1;6;-1;-1;-1;70;5;-1;-1;1;8;2;2;4;5;5;5;4;4;2;1;6;4;4;3;4;4;-9;-9;4;3;4;-9;3;2;2;4;4;3;4;3;2;4;4;3;3;3;-9;-9;-9;4;4;3;-3;3;3;4;-3;4;-3;-3;-3;-3;-3;3;-9;-1;-1;6;6;1;6;-3;-3;1033.0154009
1078;2026Q2;ES705A2;ES705;6;2;44;1;1;1;8;1;6;2;3;1;-1;-1;-1;-1;-1;-1;-1;-1;-1;1;1;1;4;6;3;4;4;4;1;6;5;2;2;3;2;4;5;2;5;2;4;2;3;3;4;2;2;3;4;2;3;3;4;4;4;3;2;2;1;1;1;1;1;3;5;1;5;4;4;1;1;1;2;1;3;1;1;6;1;6;1;-3;556.21426895
1079;2026Q2;ES705A2;ES705;1;1;43;1;1;1;7;1;6;2;8;6;-1;-1;-1;52;1;2;-1;-1;-1;2;2;4;6;5;1;4;4;2;2;6;2;5;4;4;4;5;2;4;3;2;2;2;2;4;4;2;4;4;4;2;2;4;4;2;4;4;3;4;1;1;1;1;1;1;1;1;1;1;1;1;1;1;1;3;-1;-1;6;6;1;6;4;2;747.06089184
1080;2026Q2;ES705A2;ES705;6;2;48;1;1;1;5;15;-1;-1;-1;1;1;1;5;-1;-1;-1;-1;-1;-1;1;2;6;3;3;5;5;5;3;1;6;4;4;4;4;4;2;4;4;3;4;4;4;4;4;4;4;4;4;4;4;4;4;4;2;4;2;4;4;4;4;4;4;4;4;4;4;4;4;3;4;4;-3;2;3;-1;-1;6;6;1;6;2;3;479.27672668
1081;2026Q2;ES705A2;ES705;6;2;28;1;1;1;7;1;6;2;3;6;-1;-1;-1;40;1;5;-1;-1;-1;2;4;2;5;3;5;5;5;3;2;6;5;4;4;4;4;3;2;4;2;4;2;4;2;2;2;4;4;4;4;4;4;4;2;2;2;2;4;4;4;4;4;4;4;4;3;4;4;4;4;4;4;4;2;3;-1;-1;6;6;5;6;-3;-3;658.4076021
1082;2026Q2;ES705A2;ES705;6;2;53;1;1;1;6;10;-1;-1;-1;1;-1;1;5;-1;-1;-1;-1;-1;-1;2;2;6;1;1;5;3;3;3;1;6;1;1;1;1;1;5;5;1;5;2;5;2;5;5;2;2;3;2;2;2;2;2;5;5;5;5;2;2;1;1;2;1;1;1;1;3;1;1;1;1;1;1;2;1;4;1;1;6;1;6;3;1;146.36925179
1083;2026Q2;ES705A2;ES705;1;1;36;2;1;4;7;1;6;1;7;1;-1;-1;-1;-1;-1;-1;-1;-1;-1;1;1;1;3;5;4;3;3;3;3;6;4;4;2;4;4;4;4;4;4;3;2;3;2;4;4;4;4;4;4;4;4;4;4;3;2;3;3;3;4;3;4;4;4;3;4;-3;3;2;3;-3;4;3;2;3;-1;-1;6;6;4;6;3;-3;373.53044592
1084;2026Q2;ES705A2;ES705;6;2;69;1;1;1;5;14;-1;-1;-1;6;-1;-1;-1;74;5;-1;-1;2;7;4;4;3;6;3;4;3;3;2;1;6;3;4;-9;4;4;-9;4;4;-9;3;3;3;-9;-9;-9;3;3;4;4;4;4;4;3;3;-9;-9;-9;3;4;4;4;4;4;4;4;-3;-3;-3;-3;-3;-3;-3;2;2;-1;-1;6;6;1;6;-3;-3;2066.0308018
1085;2026Q2;ES705A2;ES705;6;2;52;1;1;1;5;1;6;2;5;1;-1;-1;-1;-1;-1;-1;-1;-1;-1;1;2;6;3;3;5;5;4;3;2;6;4;1;4;1;1;1;1;1;1;2;2;2;2;3;-9;2;2;1;3;2;5;4;3;5;3;4;-9;3;3;2;3;2;3;1;4;2;3;1;2;2;2;1;1;3;-1;-1;6;6;1;6;3;2;300.35223833
1086;2026Q2;ES705A2;ES705;6;2;61;1;1;1;5;2;6;2;3;1;-1;-1;-1;-1;-1;-1;-1;-1;-1;2;2;4;6;5;3;5;5;2;1;6;4;4;4;4;4;4;4;2;2;2;4;2;2;2;4;4;2;2;4;4;4;4;2;2;4;4;3;3;4;3;4;4;5;5;4;4;4;-3;-3;-3;-3;-3;2;1;1;1;1;6;5;6;4;1;234.29790094
1087;2026Q2;ES705A2;ES705;6;2;52;1;1;5;8;10;-1;-1;-1;-9;-1;-1;-1;-1;-1;-1;-1;-1;-1;2;2;8;-9;-9;-1;-9;-9;-9;-9;-9;-9;-9;-9;-9;-9;-9;-9;-9;-9;-9;-9;-9;-9;-9;-9;-9;-9;-9;-9;-9;-9;-9;-9;-9;-9;-9;-9;-9;1;1;1;1;1;1;1;1;1;1;1;1;1;1;3;-9;-1;-1;-9;-9;5;-9;-7;-7;146.36925179
1088;2026Q2;ES705A2;ES705;6;2;56;1;1;1;5;14;-1;-1;-1;6;-1;-1;-1;60;1;4;-1;-1;-1;4;4;2;6;4;3;4;4;4;1;6;5;5;-9;5;4;2;2;5;2;2;2;2;2;2;-9;4;-9;4;-9;4;-9;4;-9;-9;2;1;4;4;4;4;-3;4;4;4;-3;-3;-3;4;4;4;4;-3;2;3;-1;-1;6;6;5;6;4;-3;1184.2937553
1089;2026Q2;ES705A2;ES705;6;2;48;1;1;1;7;10;-1;-1;-1;6;-1;-1;-1;59;8;-1;1;1;5;3;4;2;4;2;4;5;5;3;-9;6;5;5;5;5;5;3;5;4;5;3;5;3;-9;-9;5;4;5;5;5;5;5;5;3;1;3;3;4;5;5;5;5;5;5;4;1;-3;4;-3;-3;4;4;4;2;3;-1;-1;6;6;5;6;3;-3;219.55387768
1090;2026Q2;ES705A2;ES705;1;1;33;1;1;1;9;1;6;1;7;6;-1;-1;-1;66;5;-1;-1;1;7;3;3;8;6;4;5;5;5;3;2;6;5;3;3;4;3;4;5;2;5;2;5;3;3;3;3;4;3;3;3;3;3;3;4;4;5;5;2;2;4;3;3;2;4;4;4;4;4;4;4;3;3;3;2;1;2;3;-9;6;1;6;4;1;1979.7355365
1091;2026Q2;ES705A2;ES705;1;1;55;1;1;1;5;15;-1;-1;-1;6;-1;-1;-1;80;5;-1;-1;-9;-1;2;2;6;4;4;-1;5;4;2;2;6;4;4;3;4;-9;4;4;4;-9;2;-9;-9;-9;-9;-9;4;2;2;2;2;4;4;4;2;2;2;-9;2;-3;-3;-3;-3;-3;-3;-3;-3;-3;-3;-3;-3;-3;-3;2;-9;-1;-1;-9;-9;1;6;2;-3;1934.1355572
1092;2026Q2;ES705A2;ES705;1;1;55;1;1;1;7;10;-1;-1;-1;1;-1;1;9;-1;-1;-1;-1;-1;-1;3;4;3;2;1;6;4;4;4;4;1;4;5;3;4;4;2;5;4;5;2;5;3;4;3;5;2;3;4;2;3;3;4;4;3;2;2;4;2;3;4;3;4;4;3;3;4;3;2;2;2;3;3;3;2;-1;-1;6;6;5;6;4;1;219.55387768
1093;2026Q2;ES708A0;ES708;1;1;41;2;1;5;5;1;1;2;5;1;-1;-1;-1;-1;-1;-1;-1;-1;-1;1;1;1;4;6;5;5;5;5;5;1;5;4;5;5;5;4;5;2;5;4;5;4;4;4;4;4;4;2;3;4;4;4;4;2;4;4;4;5;4;5;3;4;4;3;4;4;4;3;3;1;3;3;1;1;1;1;1;6;5;6;5;1;113.84903384
1094;2026Q2;ES708A0;ES708;6;2;61;1;1;1;5;7;-1;-1;5;1;-1;-1;-1;-1;-1;-1;-1;-1;-1;1;1;1;5;6;3;5;5;5;3;1;5;5;4;4;4;2;4;4;2;4;2;4;2;2;4;4;4;2;4;4;4;4;2;2;2;2;4;4;2;3;3;2;2;2;1;2;1;2;2;2;2;1;1;1;4;4;6;6;1;1;4;1;57.706312799
1095;2026Q2;ES708A0;ES708;6;2;71;1;1;1;7;12;-1;-1;-1;1;-1;1;5;-1;-1;-1;-1;-1;-1;3;4;7;3;1;5;1;2;2;1;1;4;4;4;2;4;4;4;2;4;4;2;4;4;2;5;4;4;4;4;4;4;4;4;4;4;4;2;2;3;3;4;3;4;3;3;3;3;3;3;2;-3;3;2;2;-1;-1;6;6;1;6;2;2;761.20326549
1096;2026Q2;ES708A0;ES708;1;1;41;3;1;5;5;10;-1;-1;-1;1;-1;1;5;-1;-1;-1;-1;-1;-1;2;2;4;5;5;5;5;5;5;1;1;4;4;2;2;4;4;2;4;3;4;2;2;2;2;2;2;4;4;4;4;4;4;3;4;4;4;4;4;3;4;3;4;4;3;3;4;4;2;2;2;3;3;2;1;1;4;6;6;5;6;5;1;57.533168087
1097;2026Q2;ES708A0;ES708;1;1;35;3;3;4;3;2;6;2;9;-9;-1;-1;-1;-1;-1;-1;-1;-1;-1;4;4;8;-9;-9;-1;4;4;4;4;1;-9;5;-9;4;4;5;4;2;4;4;4;4;4;4;-9;4;4;2;4;4;4;4;4;4;4;4;2;2;4;4;3;4;4;4;4;-3;4;-3;-3;-3;4;-3;1;1;4;4;1;6;4;6;5;1;1515.8633712
1098;2026Q2;ES708A0;ES708;1;1;31;1;1;1;5;2;6;1;7;1;-1;-1;-1;-1;-1;-1;-1;-1;-1;1;1;1;4;6;4;4;4;4;4;6;4;4;-9;4;-9;2;4;3;2;4;4;4;4;2;3;2;2;4;2;2;3;4;4;4;4;4;2;2;4;4;4;4;4;3;3;2;2;-3;-3;2;2;2;2;1;3;3;6;6;1;6;2;1;250.90688303
1099;2026Q2;ES708A0;ES708;1;1;54;3;3;3;5;1;6;1;7;1;-1;-1;-1;-1;-1;-1;-1;-1;-1;2;2;4;6;5;5;-9;5;5;1;1;4;4;3;4;4;2;4;-9;4;4;4;4;4;4;4;4;4;4;-9;4;4;4;4;4;4;4;2;4;4;4;4;-3;4;4;3;-3;-3;-3;-3;1;4;4;2;1;3;2;1;1;3;6;3;-3;624.71130037
1100;2026Q2;ES708A0;ES708;6;2;39;3;2;5;5;1;1;2;5;1;-1;-1;-1;-1;-1;-1;-1;-1;-1;2;2;4;4;4;5;4;5;5;4;1;4;3;2;4;2;4;5;2;5;2;4;4;5;5;2;-9;2;2;2;-9;2;4;2;-9;-9;4;3;2;-3;-3;-3;-3;-3;-3;1;-3;-3;-3;2;1;-3;-3;2;2;-1;-1;6;6;5;6;5;1;266.19700782
1101;2026Q2;ES708A0;ES708;1;1;54;1;1;1;5;1;1;1;8;6;-1;-1;-1;54;1;5;-1;-1;-1;2;2;4;6;5;6;5;5;5;3;6;5;5;5;5;5;5;5;5;5;5;3;5;5;5;4;5;5;5;5;5;5;5;5;5;5;5;5;5;5;5;5;5;5;3;3;-3;-3;5;5;5;5;5;3;3;-1;-1;6;6;5;6;4;1;347.12157763
1102;2026Q2;ES708A0;ES708;1;1;24;3;3;3;3;2;1;1;5;1;-1;-1;-1;-1;-1;-1;-1;-1;-1;3;4;8;7;4;5;5;5;5;5;1;4;4;4;4;4;4;5;4;4;2;4;4;3;3;4;4;4;4;4;4;4;4;4;2;2;2;-9;3;4;4;4;4;4;4;4;-3;4;3;3;3;4;4;1;3;-1;-1;6;6;3;6;4;-3;1169.1052332
1103;2026Q2;ES708A0;ES708;6;2;64;3;2;5;5;1;6;2;5;6;-1;-1;-1;71;5;-1;-1;1;7;2;2;8;4;4;5;5;5;5;4;6;3;5;3;5;5;5;5;5;5;4;5;3;5;1;1;4;5;5;5;5;5;5;3;5;5;5;1;1;3;3;3;4;3;3;3;3;3;3;3;3;3;3;2;1;1;2;1;6;5;6;4;1;232.40033966
1104;2026Q2;ES708A0;ES708;6;2;43;3;2;3;6;1;1;1;4;1;-1;-1;-1;-1;-1;-1;-1;-1;-1;1;1;1;4;6;3;5;-9;5;4;6;4;5;5;5;5;4;5;2;5;3;5;4;3;3;4;4;5;2;4;5;3;5;-9;4;4;5;3;4;5;5;3;4;4;4;4;-3;-7;1;1;2;4;3;3;1;3;2;1;6;3;6;5;1;133.09850391
1105;2026Q2;ES709A3;ES709;6;2;57;3;2;5;5;1;1;1;9;1;-1;-1;-1;-1;-1;-1;-1;-1;-1;1;1;1;2;4;6;4;4;4;4;1;4;4;4;3;4;4;4;4;4;4;4;3;4;2;4;4;4;4;4;4;4;4;4;2;-9;-9;-9;4;3;3;3;4;4;5;5;4;5;3;4;3;3;3;1;-9;-1;-1;6;6;5;6;-3;2;1090.4145057
1106;2026Q2;ES709A3;ES709;1;1;51;3;2;5;9;1;6;2;5;1;-1;-1;-1;-1;-1;-1;-1;-1;-1;3;3;2;6;4;5;5;4;4;4;6;3;2;2;5;5;5;5;5;5;3;5;4;5;5;3;3;4;2;4;4;4;4;5;5;5;5;1;1;4;3;4;1;3;4;2;3;3;1;1;1;3;3;1;3;-1;-1;6;6;5;6;5;1;6656.7327294
1107;2026Q2;ES709A3;ES709;1;1;57;2;1;5;5;1;6;2;9;1;-1;-1;-1;-1;-1;-1;-1;-1;-1;2;3;2;5;4;6;5;5;5;3;1;5;5;5;5;4;4;5;2;4;4;4;2;2;2;4;4;4;2;4;4;4;4;4;4;4;4;2;2;3;1;3;3;4;3;3;3;4;3;3;1;3;3;2;1;3;1;1;6;5;6;2;1;348.93889284
1108;2026Q2;ES709A3;ES709;6;2;48;3;2;5;5;1;6;2;9;6;-1;-1;-1;52;1;7;-1;-1;-1;2;3;2;5;4;5;4;4;2;4;1;4;4;4;4;4;4;4;4;4;2;4;4;4;2;4;2;4;2;4;4;4;4;4;4;4;4;2;2;4;4;-3;3;4;4;4;-3;4;4;4;3;4;4;2;1;3;1;1;1;5;6;1;3;1673.1046634
1109;2026Q2;ES709A3;ES709;1;1;57;1;1;1;5;10;-1;-1;-1;1;-1;1;2;-1;-1;-1;-1;-1;-1;1;1;1;1;2;2;5;4;4;2;6;4;5;4;4;4;4;5;2;4;5;4;4;5;4;2;4;5;2;2;2;1;1;5;5;4;5;2;2;4;4;2;2;2;5;4;5;4;1;1;1;4;4;3;1;3;1;1;6;1;6;4;1;115.77764067
1110;2026Q2;ES709A3;ES709;6;2;60;3;1;5;5;1;6;2;9;1;-1;-1;-1;-1;-1;-1;-1;-1;-1;3;3;2;3;2;6;4;5;4;3;1;4;4;4;4;4;4;4;4;4;4;4;4;4;4;2;4;2;4;2;2;2;2;4;4;4;4;2;2;5;3;5;3;3;5;3;1;4;1;1;1;3;3;2;3;-1;-1;6;6;5;6;5;1;1122.7425648
1111;2026Q2;ES709A3;ES709;6;2;23;3;2;3;6;10;-1;-1;-1;6;-1;-1;-1;28;1;8;-1;-1;-1;2;2;4;4;4;-1;3;3;3;1;6;5;4;2;4;4;4;4;4;4;2;4;2;2;4;2;4;4;4;4;4;4;4;5;2;4;4;-9;2;4;4;4;4;4;4;4;4;-3;4;4;-3;4;4;1;2;-1;-1;-9;6;3;6;3;-3;1152.1999193
1112;2026Q2;ES709A3;ES709;6;2;58;3;1;5;6;10;-1;-1;-1;1;-1;1;4;-1;-1;-1;-1;-1;-1;1;1;1;3;5;3;5;5;5;4;6;4;2;2;3;2;5;5;1;5;1;4;1;5;4;1;1;2;2;2;2;2;2;5;5;3;4;2;1;2;3;3;1;2;3;3;1;3;1;2;1;3;2;1;1;1;2;1;6;5;6;5;1;115.77764067
1113;2026Q2;ES709A3;ES709;1;1;26;3;2;5;6;7;-1;-1;3;6;-1;-1;-1;55;1;9;-1;-1;-1;3;3;2;6;4;6;5;5;5;5;1;4;2;3;4;3;5;5;4;5;2;5;3;4;5;4;3;2;2;3;4;4;4;5;4;5;4;3;3;5;5;4;3;4;5;5;1;5;2;2;2;2;1;2;1;3;4;1;6;5;6;5;3;7454.4303882
1114;2026Q2;ES709A3;ES709;1;1;26;1;1;1;10;1;6;2;2;1;-1;-1;-1;-1;-1;-1;-1;-1;-1;3;3;2;5;4;1;4;4;5;1;6;2;2;1;2;4;4;5;4;5;1;5;2;4;4;4;4;2;2;4;4;2;4;5;5;4;5;2;1;4;2;-3;2;2;2;4;-3;-3;-3;-3;2;2;2;1;1;4;2;1;6;5;6;4;-3;1856.9166299
1115;2026Q2;ES709A3;ES709;1;1;44;3;1;5;5;1;1;1;7;1;-1;-1;-1;-1;-1;-1;-1;-1;-1;2;3;2;4;3;5;5;5;5;4;1;2;2;4;5;2;4;5;5;5;4;4;4;4;4;2;4;4;2;4;2;4;4;4;4;4;4;2;2;3;3;3;3;3;3;3;3;3;3;3;3;3;3;2;1;4;4;1;6;5;6;4;1;1307.6149583
1116;2026Q2;ES709A3;ES709;6;2;45;1;1;5;3;1;6;2;-9;6;-1;-1;-1;51;8;-1;1;1;9;2;3;2;6;4;6;5;5;5;2;6;2;4;4;4;4;5;2;4;2;4;4;4;4;2;4;4;4;4;4;4;4;4;4;4;3;4;2;2;2;2;2;1;3;2;2;-3;-3;1;2;1;2;2;3;1;1;-9;1;6;3;6;5;1;240.77069513
1117;2026Q2;ES709A3;ES709;6;2;70;2;1;5;10;12;-1;-1;-1;1;-1;1;4;-1;-1;-1;-1;-1;-1;1;1;1;4;6;3;5;5;5;3;6;2;2;2;4;2;4;4;4;4;2;4;2;4;4;4;2;2;2;2;2;4;4;4;4;4;4;2;2;3;3;3;3;3;2;3;3;3;2;2;2;3;2;1;1;4;4;1;6;5;6;4;1;745.90896306
1118;2026Q2;ES709A3;ES709;1;1;43;3;2;5;5;6;-1;-1;1;1;-1;-1;-1;-1;-1;-1;-1;-1;-1;2;3;6;6;4;1;5;5;5;4;1;4;4;4;4;3;4;5;4;4;4;4;4;4;3;4;4;4;2;4;4;4;4;2;4;2;4;4;4;4;2;3;3;4;4;4;4;-3;2;-3;3;3;3;2;3;-1;-1;1;6;5;6;3;-7;5039.2907972
1119;2026Q2;ES709A3;ES709;1;1;61;1;1;1;5;15;-1;-1;-1;1;1;1;5;-1;-1;-1;-1;-1;-1;3;3;2;5;4;5;3;3;2;2;1;4;5;4;4;5;2;4;4;2;2;4;2;4;4;2;2;2;2;4;2;4;4;4;4;4;4;2;2;3;3;3;3;3;2;3;3;3;3;3;3;3;3;2;1;3;2;6;6;5;6;4;1;4994.2201466
1120;2026Q2;ES709A3;ES709;6;2;38;2;1;5;10;1;6;2;3;6;-1;-1;-1;33;1;3;-1;-1;-1;2;4;2;6;3;2;5;5;4;5;1;5;4;4;5;4;5;5;4;4;4;4;4;5;5;2;4;4;2;2;4;5;5;5;5;4;5;2;1;5;3;5;1;3;4;4;2;2;1;1;1;1;1;2;1;4;4;1;1;4;6;5;1;803.59131744
1121;2026Q2;ES709A3;ES709;6;2;46;3;2;5;5;1;6;2;5;1;-1;-1;-1;-1;-1;-1;-1;-1;-1;3;3;8;4;3;5;5;5;5;4;1;3;3;4;4;4;4;4;4;4;4;4;2;4;4;3;4;4;2;4;4;4;4;4;4;4;4;2;2;4;4;2;2;-3;2;4;4;4;4;2;2;4;-3;2;1;5;2;1;6;5;6;5;1;2509.6569951
1122;2026Q2;ES709A3;ES709;6;2;36;3;1;4;10;11;-1;-1;-1;1;-1;-1;-1;-1;-1;-1;-1;-1;-1;1;2;6;3;3;-1;3;3;3;2;6;5;5;4;4;4;2;2;4;2;4;2;4;2;2;2;4;4;4;4;4;4;4;2;2;3;2;4;3;4;4;4;4;4;4;4;4;4;4;4;2;4;4;2;1;3;4;1;1;3;6;4;1;115.77764067
1123;2026Q2;ES706A0;ES706;1;3;32;1;1;1;1;8;-1;-1;2;6;-1;-1;-1;60;1;-9;-1;-1;-1;3;3;2;2;2;-1;-9;-9;-9;-9;-9;-9;-9;-9;-9;-9;-9;-9;-9;-9;-9;-9;-9;-9;-9;-9;-9;-9;-9;-9;-9;-9;-9;-9;-9;-9;-9;-9;-9;1;1;1;1;1;1;1;1;1;1;2;1;1;1;2;-9;-1;-1;-9;-9;3;-9;-7;-7;128.44232476
1124;2026Q2;ES706A0;ES706;1;1;36;1;1;1;7;2;1;2;6;1;-1;-1;-1;-1;-1;-1;-1;-1;-1;1;1;1;3;5;5;4;4;4;4;1;3;2;2;3;2;4;4;4;4;2;4;4;3;3;4;4;4;4;4;4;4;4;4;2;4;3;3;4;4;4;4;4;4;3;2;3;3;3;3;1;3;3;1;2;-1;-1;-9;6;1;6;4;1;44.798082395
1125;2026Q2;ES706A0;ES706;6;2;40;1;1;1;3;2;6;2;9;-9;-1;-1;-1;-1;-1;-1;-1;-1;-1;3;3;8;7;5;-1;4;5;3;2;6;4;4;4;4;4;4;2;4;2;4;2;4;2;3;4;4;4;2;4;4;4;4;2;3;2;2;3;3;4;4;3;3;4;3;3;4;4;3;3;-3;3;-3;2;-9;-1;-1;6;6;5;6;4;-3;147.30920004
1126;2026Q2;ES706A0;ES706;6;2;60;3;1;5;6;1;6;2;5;1;-1;-1;-1;-1;-1;-1;-1;-1;-1;1;1;1;2;4;5;2;1;2;2;6;4;4;4;4;4;4;4;4;4;4;4;4;4;2;4;4;4;4;4;4;4;4;2;2;2;3;4;4;5;5;5;5;5;5;5;5;4;5;4;2;4;4;1;3;-1;-1;6;6;5;6;5;2;163.1380304
1127;2026Q2;ES706A0;ES706;1;1;64;1;1;5;3;5;-1;-1;8;1;-1;-1;-1;-1;-1;-1;-1;-1;-1;2;2;4;4;4;5;5;5;5;5;1;4;4;4;4;4;4;2;4;2;4;2;4;2;2;4;2;4;4;4;4;2;4;4;4;2;2;4;4;2;2;2;3;3;2;1;2;3;2;2;2;3;2;2;3;-1;-1;6;6;5;6;1;1;83.877795798
1128;2026Q2;ES706A0;ES706;1;1;53;1;1;1;5;2;6;2;8;1;-1;-1;-1;-1;-1;-1;-1;-1;-1;3;4;5;3;1;-1;4;-9;2;2;6;3;2;-9;3;3;4;4;4;4;2;4;2;4;4;4;2;2;4;2;2;2;3;4;4;5;5;2;2;2;2;-3;2;-3;4;1;2;-3;2;2;2;2;3;3;1;1;3;1;1;1;6;1;-3;135.55829859
1129;2026Q2;ES706A0;ES706;1;1;64;1;1;1;3;12;-1;-1;-1;1;-1;1;9;-1;-1;-1;-1;-1;-1;2;2;4;4;4;6;-9;-9;-9;-9;6;4;4;3;3;3;4;2;2;4;3;4;2;4;4;3;2;2;2;4;4;2;4;4;4;4;4;2;2;-3;4;-3;-3;-3;3;2;-3;-3;-3;-3;-3;-3;2;2;1;5;1;1;6;5;6;-3;-3;240.09123996
1130;2026Q2;ES706A0;ES706;1;1;48;3;2;5;5;1;6;1;5;1;-1;-1;-1;-1;-1;-1;-1;-1;-1;1;1;1;3;5;5;5;3;3;2;-9;4;5;4;4;5;5;3;4;5;3;4;4;4;5;4;4;4;4;4;4;4;4;4;4;5;4;3;3;-3;-3;-3;-3;5;4;4;-7;-3;-3;-3;-3;-3;-3;2;-9;-1;-1;-9;-9;5;6;5;-3;164.0397565
1131;2026Q2;ES706A0;ES706;6;2;54;1;1;5;1;1;1;2;-9;1;-1;-1;-1;-1;-1;-1;-1;-1;-1;1;1;1;-9;-9;-1;4;4;4;-9;6;-9;-9;1;4;3;5;5;4;4;3;5;4;3;5;3;4;4;3;1;4;4;4;5;5;5;5;2;3;2;3;2;2;3;4;3;1;3;2;2;1;2;1;2;1;2;4;-9;6;5;6;-7;-3;58.317425408
1132;2026Q2;ES706A0;ES706;1;1;46;1;1;1;7;2;6;2;9;1;-1;-1;-1;-1;-1;-1;-1;-1;-1;3;3;6;6;4;6;5;3;2;1;6;4;4;4;4;4;4;4;3;4;4;2;4;2;2;4;4;-9;2;2;4;4;4;4;2;4;2;2;2;4;3;4;3;4;4;4;3;4;3;3;4;4;3;1;3;-1;-1;6;6;1;6;4;3;135.55829859
1133;2026Q2;ES706A0;ES706;6;2;40;1;1;1;3;2;6;2;5;-9;-1;-1;-1;-1;-1;-1;-1;-1;-1;2;2;4;-9;-9;-1;5;5;5;5;1;3;3;3;4;4;5;5;4;4;3;4;4;4;2;4;4;3;4;4;4;4;3;4;4;2;3;2;4;4;1;4;1;4;3;3;3;3;2;1;2;3;2;3;1;5;2;1;1;5;6;4;1;98.206133358
1134;2026Q2;ES706A0;ES706;6;2;48;3;1;5;3;11;-1;-1;-1;1;-1;-1;-1;-1;-1;-1;-1;-1;-1;1;3;6;2;2;-1;4;3;2;2;6;4;4;4;4;4;4;5;4;4;4;4;4;2;4;2;4;4;4;4;4;4;4;4;4;4;4;4;4;4;3;4;4;4;4;4;4;4;4;4;3;4;4;1;1;1;3;1;1;5;6;4;1;25.089473867
1135;2026Q2;ES706A0;ES706;1;1;76;1;1;1;4;12;-1;-1;-1;1;-1;1;7;-1;-1;-1;-1;-1;-1;2;2;4;2;2;5;4;4;4;1;6;4;4;4;4;4;4;4;4;2;2;4;2;4;2;2;4;4;2;2;4;2;4;2;4;4;2;2;4;-3;-3;-3;-3;2;2;2;2;2;2;2;-3;-3;-3;2;-9;-1;-1;6;6;1;6;-7;-3;475.37768357
1136;2026Q2;ES706A0;ES706;1;1;27;1;1;1;6;10;-1;-1;-1;1;-1;1;9;-1;-1;-1;-1;-1;-1;2;2;6;3;3;6;5;5;3;1;6;2;4;4;4;4;4;5;4;4;2;2;3;2;5;3;3;4;1;1;3;4;4;5;4;4;2;4;4;4;2;4;4;4;4;4;3;4;4;4;2;3;2;3;1;3;3;1;6;4;6;5;1;187.49075578
1137;2026Q2;ES709A3;ES709;1;1;51;1;1;1;10;2;1;1;2;-9;-1;-1;-1;-1;-1;-1;-1;-1;-1;2;3;2;5;3;-1;4;4;1;1;6;2;1;1;2;4;5;5;2;5;1;5;1;4;5;3;2;2;1;1;3;2;2;5;5;5;5;1;1;-7;3;-7;1;3;1;3;1;3;-3;-3;1;2;-7;2;1;3;4;1;6;1;6;5;1;929.73595077
1138;2026Q2;ES709A3;ES709;6;2;46;1;1;1;6;1;6;2;4;6;-1;-1;-1;80;5;-1;-1;1;4;4;4;5;4;2;3;5;4;2;3;1;4;2;5;5;5;4;5;4;4;2;5;4;-9;4;2;4;2;-9;4;4;3;4;5;4;4;4;2;2;2;2;2;1;4;2;1;2;2;2;2;1;1;1;3;2;-1;-1;6;6;1;6;3;1;634.01386475
1139;2026Q2;ES709A3;ES709;6;2;29;1;1;1;9;1;6;1;4;6;-1;-1;-1;60;1;2;-1;-1;-1;2;2;6;6;6;2;4;4;1;2;6;1;1;2;2;4;5;5;2;5;3;5;3;5;5;3;1;3;1;2;2;3;3;5;4;4;5;2;2;5;4;4;3;3;3;3;1;3;3;3;1;2;2;2;1;2;3;1;6;5;6;2;1;1681.4702622
1140;2026Q2;ES709A3;ES709;6;2;45;1;1;1;9;11;-1;-1;-1;1;-1;-1;-1;-1;-1;-1;-1;-1;-1;1;2;6;3;3;-1;5;5;1;1;6;3;2;2;3;1;5;5;1;5;1;5;1;5;2;2;1;1;1;1;1;3;4;5;5;5;5;1;1;-7;-7;-7;1;-3;1;1;-3;-7;1;1;1;1;-7;1;1;1;3;1;6;1;6;3;3;152.43680169
1141;2026Q2;ES709A3;ES709;6;2;44;3;1;5;7;1;6;2;5;1;-1;-1;-1;-1;-1;-1;-1;-1;-1;3;4;8;7;4;5;5;5;2;1;6;3;3;3;3;3;3;5;3;5;2;4;3;3;3;4;3;3;3;3;3;4;4;5;3;3;4;-9;3;4;4;4;-7;4;3;3;3;4;3;3;2;-7;-3;2;2;-1;-1;6;6;5;6;4;1;1587.0537211
1142;2026Q2;ES709A3;ES709;6;2;27;1;1;1;10;1;1;2;2;1;-1;-1;-1;-1;-1;-1;-1;-1;-1;2;2;6;5;5;1;4;4;2;2;6;4;2;2;2;2;4;5;4;4;2;5;2;2;4;4;4;2;2;4;4;4;4;4;4;4;4;2;2;4;4;3;3;4;3;3;2;3;2;2;2;2;3;1;1;1;4;1;6;5;6;3;1;1681.4702622
1143;2026Q2;ES709A3;ES709;6;2;45;1;1;1;4;10;-1;-1;-1;1;-1;1;9;-1;-1;-1;-1;-1;-1;1;2;6;2;2;6;4;4;3;1;6;4;4;2;4;2;4;4;4;-9;2;4;2;4;4;2;2;2;4;-9;2;3;4;5;4;4;3;2;2;2;2;2;1;1;1;1;1;1;1;1;1;1;1;1;1;1;1;6;6;5;6;4;1;152.43680169
1144;2026Q2;ES709A3;ES709;1;1;65;1;1;1;3;15;-1;-1;-1;6;-1;-1;-1;60;3;-1;-1;1;5;4;4;8;5;2;5;3;3;3;2;1;4;4;4;4;4;4;-9;4;4;4;2;4;2;4;2;4;4;4;4;4;4;4;2;2;2;2;4;4;4;4;3;2;4;4;4;4;4;4;4;4;4;3;2;1;4;-9;1;1;5;6;2;2;5642.8559341
1145;2026Q2;ES709A3;ES709;1;1;56;1;1;1;5;1;6;2;8;1;-1;-1;-1;-1;-1;-1;-1;-1;-1;2;2;4;6;5;5;4;4;2;2;6;3;2;2;3;4;4;4;2;-9;-9;3;2;-9;3;4;-9;2;-9;3;-9;4;4;5;-9;-9;-9;-9;4;2;3;-7;-7;-7;3;3;2;2;2;2;2;2;2;3;-9;-1;-1;6;6;5;6;3;-3;459.42488119
1146;2026Q2;ES709A3;ES709;6;2;27;1;1;1;5;10;-1;-1;-1;6;-1;-1;-1;56;1;9;-1;-1;-1;2;3;6;3;2;6;5;5;3;3;6;4;4;4;4;4;2;4;4;4;2;4;4;4;4;4;4;4;4;4;4;4;4;4;4;4;4;2;2;3;2;4;2;4;3;3;3;3;4;4;4;4;3;3;1;1;4;1;1;1;6;4;3;304.87360338
1147;2026Q2;ES709A3;ES709;6;2;25;1;1;1;8;2;6;2;3;6;-1;-1;-1;55;1;4;-1;-1;-1;2;2;6;7;6;3;5;5;4;2;6;4;2;4;4;2;4;5;2;5;2;4;2;4;2;2;2;2;1;1;4;3;4;4;4;4;4;2;1;4;4;4;3;4;3;1;3;3;1;3;1;3;3;2;2;-1;-1;6;6;1;6;4;1;1277.0975097
1148;2026Q2;ES709A3;ES709;1;1;55;1;1;1;7;7;-1;-1;5;1;-1;-1;-1;-1;-1;-1;-1;-1;-1;3;3;2;6;4;3;4;4;4;4;1;4;4;4;4;4;3;4;4;3;4;3;3;3;3;4;4;4;3;3;4;4;4;4;3;3;3;4;3;4;3;3;3;3;3;3;3;3;3;3;3;3;3;3;1;3;2;1;1;1;6;-3;-3;523.40833926
1149;2026Q2;ES709A3;ES709;1;1;55;1;1;1;5;1;6;2;7;1;-1;-1;-1;-1;-1;-1;-1;-1;-1;1;1;1;3;5;4;5;5;5;5;1;1;1;1;4;3;4;5;2;5;4;5;4;2;2;2;4;1;1;1;1;4;4;2;5;5;5;1;1;5;3;3;3;4;4;2;1;1;1;1;1;1;1;2;3;-1;-1;6;6;1;6;4;1;174.46944642
1150;2026Q2;ES709A3;ES709;1;1;65;3;3;5;5;1;6;2;4;6;-1;-1;-1;53;1;4;-1;-1;-1;2;3;2;6;4;3;5;5;4;4;1;4;2;4;5;4;4;4;2;4;4;4;4;2;2;4;4;4;4;4;4;4;4;4;2;4;4;4;4;4;4;4;3;4;3;3;-3;4;2;2;3;3;4;2;1;4;2;6;6;3;6;3;1;2894.0441527
1151;2026Q2;ES709A3;ES709;1;1;70;1;1;1;2;12;-1;-1;-1;1;-1;1;7;-1;-1;-1;-1;-1;-1;1;1;1;3;5;4;4;4;3;2;6;4;4;4;4;3;4;3;4;4;3;3;2;4;3;3;4;4;3;4;4;3;3;3;3;3;3;3;3;3;3;3;3;3;3;3;3;3;3;3;3;3;3;2;3;-1;-1;6;6;5;6;3;-7;1071.4547594
1152;2026Q2;ES709A3;ES709;6;2;46;1;1;1;5;1;6;2;5;1;-1;-1;-1;-1;-1;-1;-1;-1;-1;1;2;6;3;3;5;5;5;5;4;1;4;2;-9;4;2;4;5;4;5;3;5;2;5;2;4;1;2;3;3;3;3;4;4;3;4;5;2;2;4;4;4;1;3;1;1;2;3;1;2;1;3;1;1;2;-1;-1;6;6;1;6;4;1;120.38534757
1153;2026Q2;ES709A3;ES709;6;2;60;2;1;5;7;16;-1;-1;-1;1;-9;-1;-1;-1;-1;-1;-1;-1;-1;2;2;8;-9;-9;-1;5;5;5;-9;6;-9;-9;-9;-9;-9;-9;-9;-9;-9;-9;-9;-9;-9;-9;-9;-9;-9;2;3;3;4;4;-9;-9;-9;-9;-9;-9;4;2;-3;3;3;2;1;-3;4;-3;-3;2;3;2;1;1;3;2;-9;-9;5;6;-7;-3;1810.5500242
1154;2026Q2;ES709A3;ES709;6;2;59;3;1;5;7;1;6;2;9;1;-1;-1;-1;-1;-1;-1;-1;-1;-1;2;2;4;4;4;6;5;4;4;4;1;4;4;4;4;4;4;4;4;-9;4;4;4;4;4;4;4;4;4;4;4;4;4;4;2;4;2;4;4;4;4;5;4;4;4;3;4;4;4;4;4;4;2;3;1;4;4;1;6;5;6;-3;-3;748.49504317
1155;2026Q2;ES709A3;ES709;1;1;37;1;1;5;8;10;-1;-1;-1;1;-1;1;7;-1;-1;-1;-1;-1;-1;1;1;1;2;4;5;5;5;5;5;6;2;1;1;2;2;5;5;2;5;1;5;1;5;2;1;1;1;1;1;3;1;2;5;5;5;5;1;1;1;5;-3;1;-3;4;2;-3;-3;-3;1;1;1;1;2;2;-1;-1;-9;6;3;6;5;-7;391.69792572
1156;2026Q2;ES709A3;ES709;1;1;47;1;1;1;10;10;-1;-1;-1;6;-1;-1;-1;48;1;5;-1;-1;-1;2;2;4;4;4;5;4;4;4;4;1;4;4;4;5;5;4;2;5;2;4;4;2;2;2;4;2;4;2;2;5;4;4;2;4;4;4;2;2;4;3;3;1;3;3;1;3;2;1;1;3;2;1;2;1;3;1;1;1;1;6;4;1;231.55528134
1157;2026Q2;ES709A3;ES709;1;1;60;3;1;5;10;4;1;1;8;6;-1;-1;-1;60;8;-1;1;1;3;2;2;4;7;6;3;5;5;5;5;1;5;5;2;2;2;4;5;4;5;2;5;2;5;5;2;2;2;2;2;2;2;2;1;1;1;1;1;1;4;1;1;1;1;1;1;3;3;1;1;1;1;1;2;1;4;4;1;1;5;6;5;1;348.93889284
1158;2026Q2;ES709A3;ES709;6;2;48;2;1;5;9;2;6;2;2;1;-1;-1;-1;-1;-1;-1;-1;-1;-1;1;1;1;5;6;2;5;5;5;1;6;4;4;5;4;4;3;5;4;5;1;5;1;5;4;2;1;3;2;3;3;3;2;5;5;4;4;3;2;4;1;3;3;3;3;3;4;3;2;2;1;3;2;1;1;3;4;1;6;5;6;5;1;120.38534757
1159;2026Q2;ES709A3;ES709;1;1;65;1;1;5;6;12;-1;-1;-1;1;-1;1;3;-1;-1;-1;-1;-1;-1;2;2;4;6;5;2;5;4;4;3;1;4;5;5;4;4;2;4;3;-9;2;2;4;4;4;4;-9;4;1;-9;-9;4;4;-9;-9;4;4;-9;-9;4;4;4;4;4;4;2;-3;4;2;2;2;4;2;2;3;-1;-1;6;6;5;6;3;1;2142.9095187
1160;2026Q2;ES709A3;ES709;6;2;55;1;1;1;3;14;-1;-1;-1;6;-1;-1;-1;66;5;-1;-1;1;5;3;3;6;5;3;5;5;5;5;3;6;5;5;5;5;5;5;5;5;-9;4;4;3;2;5;4;4;3;5;5;5;5;5;5;5;5;4;-9;-9;5;5;-3;3;4;3;3;-3;4;5;-3;3;-3;-3;3;3;-1;-1;6;6;5;6;4;1;2715.8250362
1161;2026Q2;ES709A3;ES709;1;1;40;2;1;5;8;11;-1;-1;-1;6;-1;-1;-1;40;8;-1;1;1;4;2;2;4;3;3;3;-9;-9;-9;-9;6;4;3;3;4;4;4;5;2;4;3;4;2;4;2;4;2;2;2;3;3;4;4;2;4;3;4;2;2;-3;-3;-3;3;-3;4;3;-3;-3;-3;-3;1;1;-3;2;3;-1;-1;6;6;4;6;5;1;783.39585145
1162;2026Q2;ES709A3;ES709;6;2;53;3;2;5;3;1;6;1;5;1;-1;-1;-1;-1;-1;-1;-1;-1;-1;2;2;6;3;3;5;-9;-9;4;-9;-9;3;3;-9;3;-9;4;5;3;3;2;3;3;3;3;3;-9;3;-9;-9;-9;1;3;5;-9;4;-9;-9;-9;-3;-3;-3;-3;-3;2;2;-3;-3;-3;-3;-7;-3;-3;1;-9;-1;-1;6;6;2;6;4;-3;1673.1046634
1163;2026Q2;ES709A3;ES709;1;1;23;1;1;1;8;1;6;1;4;6;-1;-1;-1;52;1;1;-1;-1;-1;3;3;2;7;6;2;4;4;3;2;1;3;2;2;4;4;4;5;5;5;3;5;3;-9;-9;4;4;-9;3;4;4;4;3;5;4;5;4;3;2;-3;-3;-3;3;-3;-7;3;-3;4;-3;-3;3;-3;-7;1;1;4;1;1;6;1;6;4;-3;1856.9166299
1164;2026Q2;ES709A3;ES709;1;1;39;3;3;3;9;1;6;2;5;6;-1;-1;-1;58;1;8;-1;-1;-1;3;3;5;7;5;6;5;5;5;5;1;5;5;5;5;5;1;2;4;3;5;4;4;2;2;2;5;4;5;5;5;5;5;4;4;2;2;4;4;5;5;5;5;5;5;5;5;5;5;5;5;5;5;3;1;4;1;1;6;3;6;-7;1;7558.9361957
1165;2026Q2;ES709A3;ES709;6;2;44;2;1;5;8;2;6;2;3;1;-1;-1;-1;-1;-1;-1;-1;-1;-1;2;3;7;4;3;2;5;5;2;1;6;4;1;1;4;1;5;5;1;5;1;5;1;5;5;1;1;4;1;1;1;1;3;5;5;5;5;1;1;5;3;2;1;4;2;2;1;3;1;1;2;2;2;3;1;3;4;1;6;5;6;4;1;803.59131744
1166;2026Q2;ES709A3;ES709;6;2;74;1;1;1;5;12;-1;-1;-1;1;-1;1;5;-1;-1;-1;-1;-1;-1;1;1;1;3;5;5;3;-9;4;2;6;4;4;4;4;4;3;2;4;4;4;4;4;4;2;3;4;4;4;4;4;4;4;4;4;4;4;3;4;-3;-3;-3;4;-3;3;3;-3;-3;-3;-3;3;-3;-3;1;1;3;4;6;6;5;6;-3;1;745.90896306
1167;2026Q2;ES709A3;ES709;6;2;43;1;1;1;6;10;-1;-1;-1;6;-1;-1;-1;43;1;-9;-1;-1;-1;2;3;2;5;4;-1;3;4;1;3;1;3;3;1;4;2;5;5;4;5;4;5;2;4;3;3;1;1;2;2;1;2;2;5;4;5;5;2;1;3;3;3;2;1;3;2;1;1;2;2;1;3;3;1;1;1;1;6;6;5;6;5;1;231.55528134
1168;2026Q2;ES709A3;ES709;6;2;63;3;2;5;8;7;-1;-1;5;6;-1;-1;-1;65;2;3;-1;-1;-1;2;2;8;6;6;3;5;5;5;5;1;5;5;5;5;5;5;3;4;3;4;3;4;-9;1;4;5;4;-9;4;4;5;5;4;3;-9;4;-9;3;-3;-3;-3;-3;-3;-3;-3;-3;-3;-3;-3;-3;-3;-3;2;3;-1;-1;6;6;5;6;3;2;2180.8290115
1169;2026Q2;ES709A3;ES709;1;1;23;1;1;1;4;1;6;2;5;1;-1;-1;-1;-1;-1;-1;-1;-1;-1;3;3;8;7;6;5;5;5;4;4;1;4;2;4;2;2;4;4;4;4;4;4;2;4;4;4;2;4;2;2;2;4;4;4;4;4;4;2;2;2;4;4;2;4;2;2;2;4;2;2;2;2;2;2;1;1;4;6;6;1;6;3;1;1856.9166299
1170;2026Q2;ES709A3;ES709;6;2;54;3;1;5;5;14;-1;-1;-1;1;1;1;9;-1;-1;-1;-1;-1;-1;3;3;7;4;3;6;5;5;5;3;6;2;3;3;4;3;2;5;4;3;2;5;3;4;4;3;4;3;3;-9;4;3;3;5;4;5;5;4;4;4;4;4;3;-3;4;3;-3;-3;2;-3;2;-3;1;2;1;4;-9;1;6;5;6;2;1;1954.2385142
1171;2026Q2;ES709A3;ES709;6;2;59;2;1;5;7;1;6;2;9;1;-1;-1;-1;-1;-1;-1;-1;-1;-1;3;3;6;6;4;6;5;4;4;3;1;4;4;4;4;4;2;4;4;2;4;2;4;3;3;4;4;4;3;-9;-9;4;4;4;4;4;4;-9;4;4;2;-3;-3;4;4;3;-3;-3;-3;-3;3;-3;3;3;2;-1;-1;6;6;5;6;5;1;1122.7425648
1172;2026Q2;ES709A3;ES709;6;2;49;3;2;5;5;11;-1;-1;-1;6;-1;-1;-1;60;1;5;-1;-1;-1;4;4;2;4;2;5;5;5;5;4;1;5;2;2;5;2;2;5;4;5;4;4;4;5;5;2;2;3;2;4;2;4;2;5;5;4;5;2;2;1;1;3;1;3;4;1;1;1;1;1;1;1;2;1;2;-1;-1;1;1;5;6;3;1;463.11056269
1173;2026Q2;ES709A3;ES709;6;2;73;3;2;5;3;12;-1;-1;-1;6;-1;-1;-1;50;1;3;-1;-1;-1;4;4;3;6;4;3;-9;-9;-9;2;-9;-9;4;3;-9;-9;-9;4;3;3;-9;-9;-9;-9;-9;-9;-9;-9;-9;-9;-9;-9;-9;-9;-9;-9;-9;-9;-9;-3;-3;-3;-3;-3;-3;-3;-3;-3;-3;-3;-3;-3;-3;2;2;-1;-1;-9;6;5;6;1;-3;5848.3037888
1174;2026Q2;ES709A3;ES709;1;1;23;1;1;1;8;10;-1;-1;-1;6;-1;-1;-1;53;1;5;-1;-1;-1;2;2;6;2;2;5;5;5;5;3;6;4;1;1;3;2;4;5;2;5;2;5;2;4;5;2;1;2;2;1;2;4;4;5;5;5;5;1;1;5;2;3;1;2;1;3;2;5;3;3;2;1;1;2;1;1;4;1;6;1;6;5;1;713.72531309
1175;2026Q2;ES709A3;ES709;6;2;33;3;1;5;5;11;-1;-1;-1;1;-1;-1;-1;-1;-1;-1;-1;-1;-1;1;2;6;2;2;-1;4;4;4;4;1;4;4;4;4;4;4;4;4;4;4;4;4;4;4;2;4;4;4;4;4;4;4;4;4;2;4;2;2;4;4;4;2;4;2;2;4;2;4;2;2;-3;-3;2;1;3;4;1;6;5;6;5;1;115.77764067
1176;2026Q2;ES709A3;ES709;6;2;69;1;1;1;5;14;-1;-1;-1;6;-1;-1;-1;77;5;-1;-1;2;6;2;2;4;4;4;5;5;5;5;1;6;5;2;-9;4;2;5;5;5;5;3;5;3;5;4;4;4;3;-9;-9;-9;-9;5;5;5;5;-9;-9;-9;-3;-3;-3;-3;-3;1;1;-3;-3;-3;-3;-3;-3;-3;1;1;3;-9;6;6;1;6;-3;-3;1491.8179261
1177;2026Q2;ES709A3;ES709;1;1;59;3;2;5;10;1;6;2;5;1;-1;-1;-1;-1;-1;-1;-1;-1;-1;1;1;1;3;5;5;4;3;1;2;6;3;3;3;3;3;3;3;3;3;4;5;3;4;4;2;4;2;3;3;3;3;3;3;3;3;3;3;3;3;3;3;3;3;2;1;3;3;3;3;2;2;3;1;1;2;3;1;6;5;6;1;1;2040.3073659
1178;2026Q2;ES709A3;ES709;6;2;26;3;3;4;7;1;6;2;9;6;-1;-1;-1;28;1;5;-1;-1;-1;2;3;2;5;4;5;5;5;5;3;6;5;5;2;4;4;4;4;5;4;4;4;2;4;4;2;2;4;4;4;4;4;4;5;4;5;5;2;2;4;2;5;2;2;2;1;4;2;2;2;2;2;2;1;2;-1;-1;-9;1;4;6;5;1;2709.4314779
1179;2026Q2;ES709A3;ES709;6;2;54;3;3;5;3;15;-1;-1;-1;1;1;1;9;-1;-1;-1;-1;-1;-1;1;1;1;2;3;6;5;5;5;5;6;5;5;5;5;2;4;5;5;5;1;5;1;5;5;2;1;1;1;1;1;1;1;4;4;5;5;1;1;2;2;2;2;-3;5;3;-7;-7;-7;-7;2;2;2;2;1;5;4;1;6;5;6;5;1;1367.5798222
1180;2026Q2;ES709A3;ES709;1;1;48;1;1;1;3;10;-1;-1;-1;1;-1;1;7;-1;-1;-1;-1;-1;-1;1;1;1;2;3;5;4;4;4;1;6;3;-9;-9;3;3;3;4;-9;4;-9;-9;-9;-9;-9;-9;-9;-9;-9;-9;-9;-9;4;-9;-9;-9;4;-9;-9;-3;-3;-3;-3;-3;4;4;-3;-3;-3;-3;-3;-3;-3;2;-9;-1;-1;-9;-9;5;6;-7;-3;115.77764067
1181;2026Q2;ES709A3;ES709;6;2;48;2;1;5;6;14;-1;-1;-1;6;-1;-1;-1;61;1;5;-1;-1;-1;2;3;2;4;3;5;5;5;1;5;1;3;3;2;5;5;2;2;5;1;2;-9;2;3;2;2;2;2;2;2;3;4;4;4;4;4;4;2;2;2;3;5;1;-3;1;2;-3;1;1;1;1;-3;1;2;3;-1;-1;6;6;5;6;1;1;1302.8256761
1182;2026Q2;ES709A3;ES709;6;2;41;1;1;1;4;1;6;2;9;1;-1;-1;-1;-1;-1;-1;-1;-1;-1;1;2;6;3;3;6;4;5;5;5;1;4;5;4;4;4;2;4;4;2;2;4;4;2;3;4;4;2;3;3;2;4;4;1;4;2;4;1;1;4;4;2;2;4;4;2;-3;3;3;3;2;3;2;2;3;-1;-1;6;6;1;6;1;1;401.79565872
1183;2026Q2;ES709A3;ES709;6;2;31;1;1;1;3;10;-1;-1;-1;6;-1;-1;-1;55;1;9;-1;-1;-1;2;3;6;3;2;6;2;2;2;2;1;3;4;4;3;3;4;5;5;5;4;4;3;4;3;3;3;3;2;3;3;3;4;5;4;4;3;3;3;2;3;3;3;3;4;1;3;4;3;3;1;3;2;1;1;3;4;6;6;1;6;-3;1;231.55528134
1184;2026Q2;ES709A3;ES709;1;1;32;1;1;5;7;10;-1;-1;-1;6;-1;-1;-1;63;1;9;-1;-1;-1;2;2;6;6;5;6;4;4;2;3;1;4;4;4;4;4;4;2;4;4;4;4;4;4;4;4;4;4;4;4;4;4;4;4;4;4;4;-9;4;5;4;5;4;-3;2;2;2;4;4;4;4;5;4;1;3;-1;-1;6;6;5;6;-7;1;713.72531309
1185;2026Q2;ES709A3;ES709;6;2;41;3;3;4;3;1;6;2;9;6;-1;-1;-1;34;1;5;-1;-1;-1;2;3;2;4;3;5;1;1;1;1;6;3;3;3;3;3;3;3;3;3;3;3;3;3;3;3;3;3;3;3;3;3;3;3;3;3;3;3;3;3;3;3;3;3;3;3;3;3;3;3;3;3;3;2;1;1;4;6;6;4;6;1;1;2235.9252857
1186;2026Q2;ES707A0;ES707;1;1;60;1;1;1;5;10;-1;-1;-1;1;-1;1;8;-1;-1;-1;-1;-1;-1;1;1;1;1;2;5;5;3;2;2;6;3;1;4;2;4;4;4;4;4;2;4;2;4;2;4;4;3;4;4;4;4;4;4;2;3;2;2;4;3;3;2;3;1;2;3;2;4;3;-3;4;4;3;3;3;-1;-1;6;6;1;6;3;-3;121.98842692
1187;2026Q2;ES707A0;ES707;1;1;61;1;1;1;4;15;-1;-1;-1;1;1;1;8;-1;-1;-1;-1;-1;-1;2;2;6;2;2;5;5;1;1;1;6;5;5;5;5;4;4;2;4;1;3;2;2;3;2;4;4;4;4;3;4;4;4;1;1;2;4;4;4;3;4;3;3;3;3;3;2;2;3;3;4;4;3;2;1;4;1;6;6;1;6;3;-3;555.54392573
1188;2026Q2;ES707A0;ES707;1;1;63;3;1;5;5;10;-1;-1;-1;6;-1;-1;-1;70;5;-1;-1;1;5;2;2;4;3;3;5;3;2;2;1;6;2;4;2;1;2;4;4;4;4;1;2;3;2;2;4;1;2;4;4;4;4;4;4;4;3;3;2;4;1;1;1;3;4;3;4;3;2;3;2;1;3;1;2;1;1;4;6;6;5;6;3;1;243.97685384
1189;2026Q2;ES707A0;ES707;6;2;59;1;1;1;8;18;-1;-1;-1;-9;-1;-1;-1;-1;-1;-1;-1;-1;-1;3;3;8;4;3;-1;5;3;2;2;6;2;2;-9;-9;-9;4;4;2;4;-9;-9;4;-9;-9;-9;4;-9;3;4;2;2;2;4;2;2;2;-9;4;-3;-3;-3;-3;4;3;3;-3;4;-3;-3;4;-3;-3;1;1;3;1;1;1;5;6;3;-3;551.13868837
1190;2026Q2;ES707A0;ES707;6;2;49;2;1;3;6;10;-1;-1;-1;1;-1;1;3;-1;-1;-1;-1;-1;-1;1;1;1;1;2;4;4;3;2;2;6;5;3;4;4;4;5;4;4;5;3;4;3;5;3;4;3;3;5;3;3;5;5;4;5;4;4;2;2;3;3;2;2;4;5;3;3;3;2;1;1;3;3;1;3;-1;-1;6;6;3;6;5;1;26.635074623
1191;2026Q2;ES707A0;ES707;1;1;55;1;1;1;8;1;6;1;5;1;-1;-1;-1;-1;-1;-1;-1;-1;-1;1;1;1;4;6;5;4;2;2;2;6;4;4;4;4;4;2;4;2;2;4;4;2;2;4;4;4;2;2;2;2;4;4;2;2;4;4;2;2;4;4;2;3;3;3;4;4;2;4;2;3;3;4;2;1;3;4;1;6;3;6;3;1;207.30820415
1192;2026Q2;ES707A0;ES707;1;1;21;1;1;1;5;1;6;1;-9;6;-1;-1;-1;43;2;1;-1;-1;-1;3;3;2;6;4;1;4;4;3;3;1;4;4;2;4;4;4;4;4;3;4;5;2;2;5;4;4;2;2;4;2;4;4;5;5;5;5;4;1;5;2;4;2;2;4;1;-3;-3;-3;-3;4;2;2;2;1;1;-9;1;6;2;1;3;1;382.83313186
1193;2026Q2;ES707A0;ES707;1;1;62;1;1;1;7;2;1;2;7;1;-1;-1;-1;-1;-1;-1;-1;-1;-1;2;2;4;4;4;4;4;3;1;1;6;3;2;4;2;2;4;5;4;5;2;4;4;4;4;2;4;2;4;2;2;4;2;2;4;5;5;2;2;4;4;4;4;4;4;2;2;4;2;4;1;1;2;2;3;-1;-1;6;6;5;6;3;1;414.6164083
1194;2026Q2;ES707A0;ES707;6;2;50;1;1;1;10;2;1;2;2;1;-1;-1;-1;-1;-1;-1;-1;-1;-1;1;1;1;-9;-9;1;3;2;2;1;6;3;2;3;3;4;4;5;4;4;3;4;2;2;2;4;3;4;3;3;2;4;4;3;4;4;4;2;3;4;3;4;3;4;4;4;3;4;3;4;2;3;3;1;1;3;4;1;6;5;6;3;1;101.31786123
1195;2026Q2;ES707A0;ES707;6;2;45;1;1;1;6;10;-1;-1;-1;1;-1;-9;-1;-1;-1;-1;-1;-1;-1;1;1;1;2;3;-1;2;2;2;1;6;3;4;3;3;3;4;5;2;4;2;4;3;4;3;3;3;3;4;4;4;3;3;4;4;4;4;3;2;4;4;4;3;3;3;4;3;3;3;4;2;3;4;2;1;4;1;1;1;4;6;4;1;26.635074623
1196;2026Q2;ES707A0;ES707;6;2;53;1;1;1;3;14;-1;-1;-1;1;-9;-1;-1;-1;-1;-1;-1;-1;-1;1;1;1;2;3;-1;5;4;2;2;6;2;3;-9;3;3;4;3;3;2;2;2;2;2;2;3;4;3;2;3;3;4;3;2;3;2;3;2;3;4;-3;-3;-3;-3;2;-3;-3;3;-3;-3;-3;-3;-3;3;3;-1;-1;6;6;1;6;2;-3;181.3729175
1197;2026Q2;ES707A0;ES707;1;1;36;1;1;1;4;7;-1;-1;8;1;-1;-1;-1;-1;-1;-1;-1;-1;-1;2;4;2;4;2;5;5;3;3;1;6;3;3;3;3;3;3;2;3;3;4;2;3;3;3;3;3;4;3;4;3;3;4;3;3;3;3;3;4;3;1;3;1;3;2;3;2;3;3;3;3;3;3;3;3;-1;-1;6;6;5;6;-7;-3;62.698795332
1198;2026Q2;ES707A0;ES707;6;2;51;1;1;1;9;2;1;2;2;6;-1;-1;-1;66;5;-1;-1;1;2;4;4;2;7;5;1;4;3;2;1;6;4;5;5;4;4;4;5;5;4;4;4;3;4;4;4;4;4;5;5;5;5;5;5;4;5;3;3;4;4;4;4;2;3;4;4;1;5;3;3;1;-3;2;1;3;-1;-1;6;6;5;6;4;2;405.27144491
1199;2026Q2;ES707A0;ES707;6;2;67;1;1;1;7;15;-1;-1;-1;6;-1;-1;-1;61;1;8;-1;-1;-1;3;3;7;3;2;5;5;3;2;3;6;2;2;-9;4;4;4;5;-9;4;4;4;4;-9;3;3;4;4;4;4;2;4;4;3;3;4;4;-9;3;-3;3;-3;-3;4;4;2;-3;-3;-3;-3;2;-3;3;2;3;-1;-1;6;6;5;6;1;1;707.9946632
1200;2026Q2;ES707A0;ES707;1;1;61;1;1;1;4;10;-1;-1;-1;1;-1;1;7;-1;-1;-1;-1;-1;-1;1;1;1;1;2;4;2;3;3;1;6;4;4;4;4;4;4;-9;4;4;4;4;4;4;4;4;4;3;3;4;4;3;4;4;3;3;3;3;4;3;-3;-3;-3;3;3;3;3;3;3;3;3;3;3;3;1;4;-9;6;1;1;6;1;-3;121.98842692
1201;2026Q2;ES707A0;ES707;1;1;33;1;1;1;10;2;1;1;2;1;-1;-1;-1;-1;-1;-1;-1;-1;-1;2;2;4;7;6;1;4;3;3;2;6;4;4;4;4;4;4;4;4;4;4;4;4;4;4;4;5;4;4;4;4;4;4;4;4;4;4;2;2;4;4;4;4;4;4;4;3;4;2;2;2;3;3;1;1;3;2;1;6;1;6;3;3;255.22208791
1202;2026Q2;ES707A0;ES707;6;2;51;1;1;1;8;2;6;2;4;1;-1;-1;-1;-1;-1;-1;-1;-1;-1;1;1;1;3;5;3;1;3;2;1;6;2;2;2;2;2;5;5;2;5;1;4;1;4;5;2;2;2;2;2;2;3;3;5;5;5;5;1;1;1;1;1;1;2;4;1;1;2;1;1;1;1;1;1;1;3;4;1;1;5;6;4;1;101.31786123
1203;2026Q2;ES707A0;ES707;6;2;20;1;1;1;6;13;-1;-1;-1;6;-1;-1;-1;54;1;2;-1;-1;-1;3;3;6;6;4;1;5;3;2;1;6;2;2;2;5;3;5;5;4;5;-9;5;1;3;3;4;2;1;3;4;3;5;5;5;5;5;5;2;3;4;3;3;4;4;-3;4;-3;5;-3;-3;1;2;1;2;2;-1;-1;-9;6;1;6;3;1;827.13663141
1204;2026Q2;ES707A0;ES707;6;2;55;1;1;1;5;10;-1;-1;-1;6;-1;-1;-1;53;1;6;-1;-1;-1;4;4;2;4;2;5;4;3;3;2;6;4;4;4;4;4;2;4;4;2;4;2;4;4;2;4;4;4;4;4;4;4;4;2;2;4;4;4;4;4;4;4;4;4;4;4;4;4;4;4;4;4;4;2;1;1;3;1;1;1;6;5;1;108.31839275
1205;2026Q2;ES707A0;ES707;1;1;40;1;1;1;5;11;-1;-1;-1;6;-1;-1;-1;66;1;5;-1;-1;-1;2;2;6;5;5;6;4;4;2;2;6;4;4;4;4;4;2;5;4;2;4;4;2;4;2;4;4;2;4;4;4;4;4;4;2;2;2;4;4;4;4;5;4;3;4;5;-3;4;5;5;2;4;4;2;1;4;2;1;6;3;6;3;1;53.270149246
1206;2026Q2;ES707A0;ES707;6;2;50;1;1;1;8;1;6;2;5;1;-1;-1;-1;-1;-1;-1;-1;-1;-1;2;4;2;4;2;5;2;1;1;3;6;2;4;3;3;2;3;3;4;2;2;3;4;5;2;3;3;3;2;2;2;4;4;3;2;4;2;3;2;1;1;1;1;1;1;1;1;1;1;1;1;1;1;1;1;2;1;1;6;1;6;3;1;202.63572246
1207;2026Q2;ES707A0;ES707;1;1;41;3;2;5;8;7;-1;-1;6;1;-1;-1;-1;-1;-1;-1;-1;-1;-1;2;2;4;4;4;5;4;3;3;2;6;2;2;4;2;2;4;5;4;4;2;4;-9;2;4;-9;4;4;2;4;4;4;4;4;2;4;2;4;2;3;3;3;3;4;4;4;4;-3;3;3;-3;3;-3;1;1;4;-9;1;6;3;1;3;2;572.96784004
1208;2026Q2;ES707A0;ES707;1;1;46;1;1;1;3;2;1;1;6;-9;-1;-1;-1;-1;-1;-1;-1;-1;-1;2;2;8;5;5;-1;5;4;-9;3;6;4;4;-9;4;4;5;3;-9;-9;4;-9;-9;2;2;4;4;3;-9;-9;-9;2;3;2;3;-9;3;-9;-9;-3;-3;-3;-3;-3;-3;-3;-3;-3;-3;-3;-3;-3;-3;2;1;4;-9;6;6;1;6;1;-3;307.27095864
1209;2026Q2;ES707A0;ES707;6;2;73;3;2;4;8;12;-1;-1;-1;1;-1;1;5;-1;-1;-1;-1;-1;-1;2;2;4;4;4;5;5;4;5;1;6;4;5;3;4;5;3;4;4;2;4;3;3;4;2;4;4;4;4;4;4;2;2;4;5;4;3;4;4;2;4;-3;3;4;4;3;-3;-3;-3;-3;4;4;-3;2;3;-1;-1;-9;6;4;6;4;-3;1086.3155346
1210;2026Q2;ES707A0;ES707;1;1;37;1;1;1;3;7;-1;-1;6;1;-1;-1;-1;-1;-1;-1;-1;-1;-1;2;2;4;4;4;5;5;3;3;2;6;4;4;4;4;4;2;4;4;2;4;4;4;4;2;4;4;4;4;4;4;4;4;4;2;2;2;4;4;4;4;4;4;4;4;4;4;3;3;3;1;4;3;2;1;4;1;1;1;3;6;3;1;62.698795332
1211;2026Q2;ES707A0;ES707;1;1;49;1;1;1;4;1;6;2;7;1;-1;-1;-1;-1;-1;-1;-1;-1;-1;2;2;4;6;5;4;4;3;3;3;1;4;4;3;4;4;3;3;4;3;2;4;3;3;3;4;3;3;3;3;4;4;4;4;3;3;3;4;3;4;3;4;3;4;4;3;3;4;4;4;3;4;3;2;2;-1;-1;-9;6;1;6;-3;-3;307.27095864
1212;2026Q2;ES707A0;ES707;6;2;80;1;1;5;5;12;-1;-1;-1;1;-1;2;1;-1;-1;-1;-1;-1;-1;1;1;1;2;4;1;5;5;5;1;6;5;5;4;4;4;4;5;4;2;2;2;2;2;2;4;4;4;4;4;4;5;4;3;2;2;2;4;4;3;1;2;2;4;1;3;4;3;-3;3;3;4;4;1;1;1;2;1;1;5;6;1;3;235.99822107
1213;2026Q2;ES707A0;ES707;1;1;63;1;1;1;5;15;-1;-1;-1;1;1;1;7;-1;-1;-1;-1;-1;-1;1;1;1;2;4;4;5;3;1;1;6;3;2;-9;5;5;2;2;-9;1;5;1;5;1;2;4;3;2;4;4;2;2;4;1;2;1;2;4;5;-3;-3;-3;-3;3;3;3;2;3;3;3;3;3;-3;2;3;-1;-1;6;6;5;6;3;1;277.77196287
1214;2026Q2;ES707A0;ES707;1;1;28;1;1;1;3;11;-1;-1;-1;1;-1;-1;-1;-1;-1;-1;-1;-1;-1;1;1;1;1;1;-1;4;2;3;1;6;4;2;2;4;4;2;3;4;4;3;3;3;3;2;2;3;2;4;4;3;4;4;2;2;2;4;2;2;4;-3;-3;-3;-3;4;-3;-3;-3;-3;4;4;4;4;3;-9;-1;-1;6;6;1;6;-3;3;42.291266724
1215;2026Q2;ES707A0;ES707;1;1;36;1;1;1;8;2;1;2;-9;6;-1;-1;-1;76;5;-1;-1;2;-9;2;2;8;5;5;-1;3;2;2;1;6;2;4;3;4;4;4;4;4;4;2;5;3;3;4;2;3;4;2;1;4;4;4;4;3;5;5;3;3;3;3;2;1;2;3;3;3;3;2;2;1;2;1;1;1;2;2;1;6;1;6;4;1;62.698795332
1216;2026Q2;ES707A0;ES707;1;1;46;1;1;5;9;2;6;2;2;1;-1;-1;-1;-1;-1;-1;-1;-1;-1;2;2;4;4;4;2;5;5;4;1;6;1;1;3;4;1;5;5;3;5;2;5;1;4;4;3;2;3;2;2;3;4;4;4;4;5;5;3;2;-7;-7;-7;2;4;4;-7;-7;-7;-7;-7;-7;-7;-7;2;3;-1;-1;6;6;5;6;5;1;307.27095864
1217;2026Q2;ES707A0;ES707;6;2;71;1;1;1;3;12;-1;-1;-1;1;-1;-9;-1;-1;-1;-1;-1;-1;-1;2;2;4;3;3;-1;3;2;3;2;6;4;4;-9;4;4;3;4;4;2;3;2;3;2;2;3;3;4;3;5;3;4;4;2;2;3;3;2;3;4;3;4;3;4;3;4;4;4;4;3;5;3;5;2;3;-1;-1;6;6;1;6;3;-3;471.99644213
1218;2026Q2;ES707A0;ES707;6;2;28;1;1;1;7;1;6;1;5;6;-1;-1;-1;32;2;5;-1;-1;-1;2;4;2;5;3;5;4;4;2;1;6;4;4;4;4;4;4;4;4;4;4;2;4;2;2;4;4;4;4;4;4;4;4;2;2;2;2;4;4;4;4;4;4;4;4;4;4;4;4;4;4;4;4;3;2;-1;-1;1;6;1;6;1;3;391.31430839
1219;2026Q2;ES707A0;ES707;1;1;73;1;1;1;2;12;-1;-1;-1;1;-1;1;7;-1;-1;-1;-1;-1;-1;3;3;5;3;2;5;4;3;1;3;6;4;5;4;3;4;4;2;4;2;5;2;4;2;2;4;4;4;4;4;2;2;2;2;2;2;2;4;4;3;2;2;3;4;4;4;3;3;3;4;3;2;2;2;1;3;-9;6;-9;5;6;2;3;1341.5848364
1220;2026Q2;ES707A0;ES707;6;2;74;1;1;1;5;16;-1;-1;-1;1;-9;-1;-1;-1;-1;-1;-1;-1;-1;1;1;1;2;3;-1;3;3;3;1;6;4;4;-9;4;4;-9;5;4;4;2;4;2;5;-9;-9;2;4;2;2;2;4;4;2;-9;-9;4;2;-9;3;3;4;4;4;3;4;3;3;-3;-3;3;3;3;2;1;3;1;6;6;1;6;-7;1;235.99822107
1221;2026Q2;ES707A0;ES707;1;1;46;1;1;1;9;1;1;1;-9;1;-1;-1;-1;-1;-1;-1;-1;-1;-1;1;1;1;3;5;-1;5;4;4;-9;6;1;1;1;-9;5;-9;5;1;5;-9;5;1;5;-9;1;-9;1;1;1;1;1;1;5;5;5;5;1;1;1;1;1;1;1;1;1;1;1;1;1;1;1;1;3;1;3;4;-9;6;1;6;5;1;153.63547932
1222;2026Q2;ES707A0;ES707;6;2;80;1;1;5;3;12;-1;-1;-1;1;-1;-9;-1;-1;-1;-1;-1;-1;-1;2;2;8;3;3;-1;5;5;2;2;6;5;5;2;4;4;5;5;4;-9;4;2;3;2;2;4;-9;4;4;4;4;5;5;1;1;1;1;2;1;4;2;4;4;4;4;4;4;2;-3;-3;3;3;2;2;3;-1;-1;6;6;5;6;1;-3;471.99644213
1223;2026Q2;ES707A0;ES707;6;2;43;1;1;1;10;2;6;2;2;1;-1;-1;-1;-1;-1;-1;-1;-1;-1;2;4;2;6;3;1;4;3;2;1;6;4;2;3;4;2;4;4;4;3;3;4;4;4;3;4;3;3;2;4;4;3;4;4;4;4;4;2;4;4;3;2;2;3;2;2;-3;-3;-3;-3;2;3;3;1;1;3;2;1;6;5;6;2;1;252.5697546
1224;2026Q2;ES707A0;ES707;6;2;43;1;1;1;10;2;6;2;2;6;-1;-1;-1;76;5;-1;-1;1;1;3;3;2;7;5;1;5;3;3;1;6;2;1;2;1;2;5;5;2;5;1;5;1;5;5;2;2;2;1;2;3;3;3;5;5;5;5;1;1;-3;-3;2;1;3;3;3;3;3;1;2;1;1;1;1;1;1;2;1;6;1;6;4;1;378.8546319
1225;2026Q2;ES707A0;ES707;1;1;35;1;1;5;7;2;6;2;4;6;-1;-1;-1;63;1;4;-1;-1;-1;3;3;6;7;6;3;5;3;2;3;6;2;2;2;2;1;5;5;2;5;2;5;2;5;4;2;2;3;2;4;3;3;4;5;4;5;5;2;2;3;1;2;2;2;1;3;3;2;1;2;2;2;2;1;3;-1;-1;6;6;5;6;-7;1;94.048192997
1226;2026Q2;ES707A0;ES707;6;2;52;1;1;1;5;1;6;2;9;1;-1;-1;-1;-1;-1;-1;-1;-1;-1;1;1;1;3;5;6;3;3;4;2;6;4;4;4;4;4;2;4;4;2;2;2;4;2;2;2;4;4;4;4;4;4;4;1;1;4;2;2;2;4;4;4;4;4;5;4;4;4;4;4;3;4;4;2;1;1;2;-9;6;1;6;5;1;101.31786123
1227;2026Q2;ES707A0;ES707;1;1;42;1;1;1;6;16;-1;-1;-1;1;1;1;-9;-1;-1;-1;-1;-1;-1;1;1;1;2;4;-1;2;2;2;2;6;3;3;2;2;3;4;4;3;2;2;4;2;2;2;2;4;3;2;4;4;3;3;4;4;4;4;3;2;3;2;2;2;4;2;1;2;4;2;2;3;3;2;1;3;-1;-1;6;6;3;6;4;1;101.81315638
1228;2026Q2;ES707A0;ES707;1;1;67;1;1;1;5;12;-1;-1;-1;1;-1;1;3;-1;-1;-1;-1;-1;-1;3;3;2;4;3;3;4;3;2;2;6;4;4;4;4;4;4;4;4;4;4;4;2;4;4;4;4;4;2;2;4;4;4;4;4;4;4;4;4;3;4;4;4;4;2;1;2;3;3;3;2;3;3;1;1;1;1;1;1;5;6;4;1;1341.5848364
1229;2026Q2;ES707A0;ES707;6;2;35;1;1;1;8;10;-1;-1;-1;6;-1;-1;-1;65;5;-1;-1;1;7;4;4;8;-9;-9;5;-9;-9;-9;-9;6;2;3;-9;3;-9;5;5;3;4;-9;-9;3;3;3;-9;-9;-9;3;-9;-9;4;4;-9;-9;-9;-9;-9;-9;-7;-7;-7;-7;-7;-7;-7;-7;-7;-7;-7;2;-7;-7;3;-9;-1;-1;-9;6;1;6;-7;1;198.82654255
1230;2026Q2;ES707A0;ES707;6;2;54;1;1;1;9;1;6;1;1;6;-1;-1;-1;54;2;7;-1;-1;-1;3;4;2;6;4;4;5;4;2;4;1;5;5;5;4;4;2;4;4;4;4;2;4;2;2;4;4;4;3;4;4;4;4;2;2;2;2;4;4;3;2;1;3;3;3;3;3;3;4;4;3;4;3;2;2;-1;-1;6;6;5;6;3;2;303.95358369
1231;2026Q2;ES707A0;ES707;1;1;54;1;1;1;7;2;6;2;5;1;-1;-1;-1;-1;-1;-1;-1;-1;-1;1;1;1;3;5;5;4;3;3;1;6;4;4;4;4;4;2;2;4;4;4;4;4;2;2;4;4;4;4;4;4;4;4;3;3;4;4;-9;4;4;2;3;3;4;3;4;-3;3;1;2;-3;3;-3;1;-9;-1;-1;6;6;5;6;4;3;153.63547932
1232;2026Q2;ES707A0;ES707;1;1;44;1;1;1;7;6;-1;-1;7;1;-1;-1;-1;-1;-1;-1;-1;-1;-1;2;3;2;7;5;4;3;3;3;2;6;3;3;3;2;2;4;3;2;2;2;4;2;2;2;2;2;2;2;2;2;2;2;3;3;3;4;2;2;3;3;3;2;3;2;2;2;2;2;2;3;3;3;1;2;-1;-1;-9;6;1;6;4;2;62.698795332
1233;2026Q2;ES707A0;ES707;6;2;38;1;1;1;7;1;6;1;4;6;-1;-1;-1;65;5;-1;-1;2;7;4;4;2;7;5;4;4;3;2;1;6;3;3;3;4;2;3;4;-9;4;2;4;3;1;2;-9;4;3;1;3;4;3;3;3;4;3;4;2;2;5;4;4;3;4;-7;-7;-3;-7;-3;-3;-3;-7;2;1;2;-1;-1;6;6;5;6;2;-3;505.1395092
1234;2026Q2;ES707A0;ES707;6;2;48;1;1;1;3;10;-1;-1;-1;6;-1;-1;-1;52;1;0;-1;-1;-1;2;2;4;4;4;-1;5;2;2;2;6;3;3;3;4;4;3;5;3;5;4;3;-9;-9;-9;-9;-9;-9;-9;-9;4;4;4;3;3;3;3;-9;3;-3;-3;-3;-3;-3;-3;-3;-3;-3;-3;-3;-3;-3;-3;2;-9;-1;-1;-9;-9;5;6;-3;-7;53.270149246
1235;2026Q2;ES707A0;ES707;6;2;52;1;1;1;8;10;-1;-1;-1;6;-1;-1;-1;53;1;8;-1;-1;-1;4;4;2;5;3;-1;3;3;3;3;1;4;4;-9;4;-9;4;5;4;4;3;-9;3;2;2;-9;3;4;4;4;4;3;-9;3;3;-9;3;4;3;4;4;4;3;4;3;3;-7;-7;-7;-3;3;3;3;2;3;-1;-1;6;6;5;6;4;1;106.54029849
1236;2026Q2;ES707A0;ES707;6;2;53;3;1;5;7;1;6;2;5;6;-1;-1;-1;52;2;5;-1;-1;-1;2;3;6;6;5;3;4;4;2;4;1;4;4;2;4;4;4;2;4;2;2;2;2;2;2;-9;4;3;4;4;2;3;4;2;2;2;3;3;3;3;3;3;3;4;3;3;3;1;3;3;4;3;3;1;2;-1;-1;1;1;5;6;4;-3;202.63572246
1237;2026Q2;ES707A0;ES707;6;2;44;1;1;1;8;2;6;2;4;1;-1;-1;-1;-1;-1;-1;-1;-1;-1;2;2;4;5;5;3;3;2;2;1;6;1;1;-9;4;2;5;5;1;5;1;5;2;5;3;2;2;1;2;2;3;3;2;5;5;5;5;1;1;2;-3;-3;3;3;1;2;-3;-3;2;2;2;2;1;2;1;3;3;1;6;4;6;4;-3;252.5697546
1238;2026Q2;ES709A3;ES709;6;2;42;1;1;1;5;10;-1;-1;-1;1;-1;1;5;-1;-1;-1;-1;-1;-1;2;3;7;2;2;5;4;4;3;3;6;4;4;2;4;4;4;4;4;4;4;4;4;4;4;2;4;2;2;2;2;4;4;3;3;3;2;4;2;4;1;4;4;4;5;5;5;5;5;2;1;4;4;2;3;-1;-1;6;6;5;6;4;1;265.75037407
1239;2026Q2;ES709A3;ES709;6;2;65;1;1;1;5;10;-1;-1;-1;1;-1;1;5;-1;-1;-1;-1;-1;-1;1;1;1;2;4;5;5;5;3;2;6;5;4;2;4;4;4;2;4;2;4;2;4;4;3;4;4;4;4;4;4;4;4;2;4;2;2;-9;4;4;4;2;4;5;4;2;4;4;3;3;2;4;3;2;2;-1;-1;-9;6;5;6;5;1;132.87518704
1240;2026Q2;ES709A3;ES709;1;1;45;1;1;1;8;1;1;2;3;1;-1;-1;-1;-1;-1;-1;-1;-1;-1;2;2;4;5;5;3;5;5;4;2;6;5;5;5;5;5;2;2;4;2;5;3;4;2;4;5;5;5;5;3;3;4;5;2;2;2;2;2;4;5;5;5;5;5;5;4;4;4;-3;-3;-3;-3;4;2;3;-1;-1;6;6;5;6;-3;-3;810.42659635
1241;2026Q2;ES709A3;ES709;6;2;41;1;1;1;8;1;6;2;4;1;-1;-1;-1;-1;-1;-1;-1;-1;-1;1;2;6;2;2;3;4;4;4;3;6;4;4;4;5;4;1;4;4;2;4;-9;5;2;2;4;5;4;4;4;4;4;4;1;2;4;2;-9;4;4;4;4;4;4;4;4;4;4;4;4;4;4;4;3;1;2;1;1;1;5;6;3;1;461.13112163
1242;2026Q2;ES709A3;ES709;1;1;69;2;1;5;10;12;-1;-1;-1;1;-1;1;2;-1;-1;-1;-1;-1;-1;4;4;2;7;5;1;4;4;3;2;6;4;4;4;4;4;4;5;4;4;4;5;3;3;3;4;4;3;3;4;4;4;4;3;4;4;4;3;3;4;5;3;2;3;3;3;2;3;2;2;3;2;3;2;1;1;1;1;6;5;6;2;-3;4918.7304466
1243;2026Q2;ES709A3;ES709;1;1;57;1;1;1;7;2;6;2;7;6;-1;-1;-1;63;1;4;-1;-1;-1;2;2;4;6;5;3;4;4;3;3;6;4;4;4;4;4;4;4;4;4;4;4;4;4;4;4;2;4;4;4;4;4;4;2;2;4;4;2;2;4;4;4;2;4;4;4;2;4;4;4;2;4;2;1;1;1;2;6;6;4;6;3;1;400.46869483
1244;2026Q2;ES709A3;ES709;1;1;50;3;1;3;5;1;6;2;9;1;-1;-1;-1;-1;-1;-1;-1;-1;-1;4;4;3;6;3;6;5;3;2;1;6;4;4;3;4;4;3;4;4;2;2;3;4;4;2;4;4;4;4;4;4;4;4;4;3;4;3;3;3;4;4;-3;-3;-3;-3;-3;-3;-3;-3;-3;-3;-3;-3;2;1;1;2;1;6;3;6;-3;2;2026.0664909
1245;2026Q2;ES709A3;ES709;6;2;70;1;1;1;5;12;-1;-1;-1;1;-1;2;9;-1;-1;-1;-1;-1;-1;1;1;1;2;3;6;5;5;3;1;6;4;4;4;5;4;2;3;4;2;3;3;4;2;2;4;4;4;4;4;4;4;4;2;2;4;2;4;4;4;-3;4;4;4;4;4;4;3;4;4;3;3;4;3;3;-1;-1;-9;6;1;6;3;-3;856.06160571
1246;2026Q2;ES709A3;ES709;1;1;31;2;1;3;8;1;6;2;3;1;-1;-1;-1;-1;-1;-1;-1;-1;-1;2;2;4;5;5;3;5;5;4;3;6;1;1;1;1;1;4;5;1;5;1;5;2;4;5;1;3;1;1;1;1;4;4;5;5;5;5;2;1;4;5;3;2;5;5;5;3;4;3;2;1;2;2;2;1;5;3;1;6;3;6;4;1;1420.7587526
1247;2026Q2;ES709A3;ES709;6;2;44;1;1;1;9;2;6;2;2;6;-1;-1;-1;43;1;2;-1;-1;-1;2;3;2;7;5;2;5;5;4;1;6;4;4;4;4;4;4;5;3;4;3;4;3;3;3;3;3;4;2;3;3;2;2;4;4;3;3;2;2;3;4;4;3;3;3;3;3;3;3;3;3;3;3;2;1;4;2;6;6;4;6;3;-3;922.26224326
1248;2026Q2;ES709A3;ES709;6;2;41;1;1;1;10;10;-1;-1;-1;6;-1;-1;-1;66;2;7;-1;-1;-1;3;3;2;-9;-9;4;-9;-9;-9;-9;6;-9;-9;-9;-9;-9;-9;-9;-9;-9;-9;-9;-9;-9;-9;-9;-9;-9;-9;-9;-9;-9;-9;-9;-9;-9;-9;-9;-9;-3;-3;-3;-3;-3;-3;-3;-3;-3;-3;-3;-3;-3;-3;3;2;-1;-1;6;-9;1;6;-7;-3;398.62556111
1249;2026Q2;ES709A3;ES709;6;2;46;3;3;3;4;11;-1;-1;-1;6;-1;-1;-1;31;1;9;-1;-1;-1;4;4;7;4;2;6;3;4;3;3;6;4;5;4;4;4;3;4;4;4;2;4;2;4;2;4;4;4;4;4;4;4;4;4;4;4;4;3;4;3;4;3;4;4;4;4;-3;-3;-3;-3;-3;-3;-3;1;1;2;-9;1;6;2;6;1;-3;531.50074815
1250;2026Q2;ES709A3;ES709;6;2;59;1;1;1;5;16;-1;-1;-1;1;1;1;9;-1;-1;-1;-1;-1;-1;1;1;1;2;4;6;-9;-9;-9;1;6;5;4;4;4;5;5;5;4;4;-9;3;4;-9;4;4;4;4;4;3;2;-9;4;3;-9;3;4;2;2;4;4;4;3;4;3;4;3;4;3;4;4;4;3;2;1;3;4;1;6;5;6;4;3;1038.9621507
1251;2026Q2;ES709A3;ES709;6;2;54;3;2;5;9;2;6;1;3;1;-1;-1;-1;-1;-1;-1;-1;-1;-1;3;3;6;4;3;3;4;4;-9;-9;6;-9;3;-9;-9;-9;-9;-9;-9;4;2;4;3;4;4;2;-9;-9;2;2;-9;-9;-9;4;4;-9;-9;-9;2;-7;3;-3;2;-3;3;-3;2;-7;-7;-7;3;-7;3;3;-9;-1;-1;6;6;5;6;2;1;2880.2723971
1252;2026Q2;ES709A3;ES709;1;1;54;1;1;1;8;15;-1;-1;-1;6;-1;-1;-1;80;5;-1;-1;1;5;3;3;2;5;3;3;5;5;2;1;6;4;4;2;4;4;4;4;4;2;4;2;4;2;2;4;4;4;4;4;4;4;4;2;2;2;2;2;4;4;4;3;4;3;4;3;4;4;4;3;2;4;3;1;1;4;4;1;6;5;6;1;1;6346.6820513
1253;2026Q2;ES709A3;ES709;6;2;33;1;1;1;8;1;1;1;5;6;-1;-1;-1;38;1;7;-1;-1;-1;2;4;2;6;3;4;4;4;2;4;1;4;4;3;4;4;3;5;4;2;3;5;3;5;4;2;3;4;4;3;5;4;4;4;4;4;2;4;2;4;4;4;4;4;4;4;4;-3;4;4;5;4;4;1;3;-1;-1;6;6;1;1;4;3;1465.693803
1254;2026Q2;ES709A3;ES709;1;1;50;1;1;1;8;2;6;2;3;6;-1;-1;-1;72;7;-1;6;-1;-1;3;3;6;-9;-9;-1;4;4;4;2;6;4;4;4;4;4;5;5;5;5;2;5;2;4;4;4;4;4;3;3;4;4;4;4;4;4;4;3;4;3;4;3;4;3;3;3;2;3;3;2;1;2;2;1;2;-1;-1;-9;6;1;6;4;1;1215.6398945
1255;2026Q2;ES703A0;ES703;1;1;30;2;1;5;3;7;-1;-1;5;6;-1;-1;-1;68;2;5;-1;-1;-1;3;3;2;6;5;3;5;3;3;3;6;4;5;3;4;4;2;4;4;3;2;3;3;4;5;2;4;4;3;4;2;2;3;5;5;3;3;3;2;-7;-7;3;4;4;5;2;-7;4;4;4;3;3;-7;1;2;-1;-1;-9;6;4;6;3;-3;141.0169109
1256;2026Q2;ES703A0;ES703;6;2;68;3;1;5;5;14;-1;-1;-1;1;1;1;5;-1;-1;-1;-1;-1;-1;3;3;2;4;3;5;-9;-9;-9;1;6;4;4;3;4;3;-9;3;4;4;3;3;3;3;2;4;4;4;4;4;4;4;4;4;2;4;4;2;2;-3;3;3;3;3;3;4;-3;-3;-3;4;-3;-3;-3;3;1;2;4;1;1;5;6;3;-3;137.66833421
1257;2026Q2;ES703A0;ES703;6;2;46;3;3;3;5;15;-1;-1;-1;1;1;1;9;-1;-1;-1;-1;-1;-1;3;4;2;4;2;6;3;3;3;2;1;5;5;4;5;4;-9;3;5;4;4;2;3;-9;3;4;4;3;3;3;4;4;4;3;1;-9;2;4;4;4;4;4;4;-3;4;4;-3;-3;-3;-3;-3;-3;-3;2;2;-1;-1;1;1;3;6;-3;1;203.37771405
1258;2026Q2;ES703A0;ES703;6;2;70;1;1;1;10;12;-1;-1;-1;1;-1;1;4;-1;-1;-1;-1;-1;-1;2;2;6;5;5;3;4;4;4;1;6;2;4;2;4;4;4;4;4;4;2;4;4;4;2;4;4;4;4;2;4;4;4;5;4;2;2;4;2;2;3;3;4;2;4;4;-3;3;2;2;2;3;2;3;3;-1;-1;6;6;5;6;5;1;91.778889473
1259;2026Q2;ES703A0;ES703;1;1;64;3;1;4;10;2;6;2;2;1;-1;-1;-1;-1;-1;-1;-1;-1;-1;1;1;1;4;6;2;5;4;4;1;6;5;2;3;4;2;4;5;4;4;2;4;2;4;4;4;2;2;2;2;4;4;4;4;4;4;4;2;2;3;3;3;3;3;3;5;3;3;3;3;3;3;3;2;2;-1;-1;6;6;2;6;4;1;15.561177513
1260;2026Q2;ES703A0;ES703;1;1;63;1;1;1;10;12;-1;-1;-1;1;-1;1;2;-1;-1;-1;-1;-1;-1;2;2;6;6;6;1;4;4;4;2;6;5;5;4;4;4;3;4;4;3;4;4;4;2;2;4;3;4;4;4;4;4;4;3;2;2;2;3;3;4;4;4;4;4;4;4;-3;-3;-3;-3;4;4;4;1;1;2;2;6;6;3;6;4;1;91.353576675
1261;2026Q2;ES703A0;ES703;6;2;77;1;1;1;1;15;-1;-1;-1;6;-1;-1;-1;80;5;-1;-1;1;9;3;3;8;2;2;6;4;3;-9;1;6;4;4;-9;4;-9;4;4;-9;4;-9;-9;-9;4;-9;-9;-9;-9;-9;-9;-9;-9;-9;4;4;4;4;2;2;-3;-3;-3;-3;-3;-3;-3;-3;-3;-3;-3;-3;-3;-3;2;-9;-1;-1;-9;6;1;6;1;-3;137.66833421
1262;2026Q2;ES703A0;ES703;6;2;75;1;1;1;2;12;-1;-1;-1;1;-1;1;9;-1;-1;-1;-1;-1;-1;3;4;3;4;2;6;-9;-9;-9;-9;6;4;4;4;4;2;4;4;4;4;4;4;4;4;3;4;4;4;4;4;4;4;4;3;4;4;4;4;4;4;4;4;4;4;4;4;4;-3;4;4;4;4;4;2;2;-1;-1;6;6;5;6;-3;-3;137.66833421
1263;2026Q2;ES703A0;ES703;1;1;44;3;2;5;8;7;-1;-1;1;6;-1;-1;-1;50;1;2;-1;-1;-1;3;3;5;7;6;1;4;4;3;2;6;2;1;4;5;4;5;5;5;4;2;4;2;5;5;1;4;2;2;5;4;2;4;5;5;5;5;5;1;2;5;2;4;5;4;2;1;2;1;1;1;3;2;1;3;-1;-1;6;6;4;6;4;1;205.48886053
1264;2026Q2;ES703A0;ES703;1;1;53;1;1;1;5;1;1;2;7;1;-1;-1;-1;-1;-1;-1;-1;-1;-1;1;1;1;3;5;4;4;4;4;3;1;4;4;2;4;4;3;2;4;2;4;2;4;2;2;4;4;4;2;4;4;4;4;4;2;2;2;4;4;4;3;4;4;3;4;3;2;3;2;2;2;4;2;1;3;-1;-1;1;6;5;6;4;-3;24.638526054
1265;2026Q2;ES703A0;ES703;6;2;30;1;1;5;10;1;1;2;2;6;-1;-1;-1;37;1;3;-1;-1;-1;2;2;4;6;5;3;4;3;2;1;6;2;2;2;2;2;4;5;2;5;2;4;2;4;5;2;2;1;2;2;2;4;4;5;4;4;4;1;1;4;4;2;2;4;2;2;2;4;2;-3;4;-3;-3;1;1;1;1;1;6;3;6;4;-3;46.650269147
1266;2026Q2;ES703A0;ES703;1;1;39;1;1;1;7;2;1;2;7;6;-1;-1;-1;60;1;5;-1;-1;-1;2;2;8;5;5;5;3;2;3;2;6;3;4;2;4;4;2;4;4;2;2;2;4;2;2;2;4;4;4;4;4;4;2;2;2;2;2;2;2;5;4;4;3;4;3;4;4;4;4;3;3;4;3;1;3;-1;-1;6;6;2;6;4;1;55.223057371
1267;2026Q2;ES703A0;ES703;6;2;77;1;1;1;9;12;-1;-1;-1;1;-1;1;2;-1;-1;-1;-1;-1;-1;1;1;1;6;6;-1;3;3;2;1;6;4;4;-9;4;4;-9;4;4;-9;4;-9;4;4;-9;4;4;4;4;4;4;5;4;4;4;4;4;-9;4;3;3;4;3;3;4;4;4;3;-3;3;3;3;3;2;3;-1;-1;6;6;5;6;4;-3;45.889444736
1268;2026Q2;ES703A0;ES703;1;1;73;1;1;5;5;12;-1;-1;-1;1;-1;2;6;-1;-1;-1;-1;-1;-1;2;2;4;4;4;5;5;5;5;1;6;5;5;5;5;5;3;4;5;4;5;3;4;2;2;4;5;5;5;5;4;5;5;4;5;5;4;-9;-9;3;4;3;3;3;3;4;-3;4;4;4;4;4;3;2;1;3;2;1;6;5;6;4;3;144.56431998
1269;2026Q2;ES703A0;ES703;1;1;72;2;1;5;10;12;-1;-1;-1;1;-1;1;2;-1;-1;-1;-1;-1;-1;1;1;1;6;6;-1;5;2;2;1;6;3;2;4;3;2;5;5;2;5;2;5;2;5;4;3;2;2;2;3;3;4;4;1;5;5;5;1;1;4;3;4;1;-3;3;3;3;-3;3;3;1;-3;2;2;1;1;4;1;6;5;6;1;1;72.282159991
1270;2026Q2;ES703A0;ES703;1;1;62;1;1;5;4;10;-1;-1;-1;1;-1;1;7;-1;-1;-1;-1;-1;-1;1;1;1;-9;-9;5;5;3;4;1;6;3;2;4;4;4;4;4;4;4;4;3;4;-9;2;2;4;2;2;4;4;2;2;4;4;4;4;2;2;4;2;4;2;4;4;4;2;-3;2;-3;-3;-3;2;3;1;1;4;1;1;5;6;3;-3;30.642447622
1271;2026Q2;ES703A0;ES703;1;1;65;3;1;5;5;1;1;1;5;1;-1;-1;-1;-1;-1;-1;-1;-1;-1;3;3;6;6;4;5;5;2;2;2;6;2;2;3;4;2;4;4;2;4;3;4;2;4;2;2;2;4;2;2;3;2;2;4;4;3;4;2;2;4;2;-3;2;2;4;2;-3;2;1;2;1;4;2;1;1;1;4;1;6;5;6;4;1;126.4996475
1272;2026Q2;ES703A0;ES703;6;2;61;2;1;5;6;10;-1;-1;-1;1;-1;1;2;-1;-1;-1;-1;-1;-1;1;1;1;1;1;-1;4;3;3;1;6;1;1;1;2;2;5;4;4;5;1;4;2;-9;-9;-9;2;2;1;1;-9;-9;-9;5;5;5;5;1;1;-3;-3;-3;-3;-3;-3;-3;-3;-3;-3;-3;-3;-3;-3;2;-9;-1;-1;-9;-9;5;6;5;-3;9.8269774196
1273;2026Q2;ES703A0;ES703;1;1;30;3;2;4;5;11;-1;-1;-1;1;-1;-1;-1;-1;-1;-1;-1;-1;-1;1;1;1;1;1;-1;2;1;2;2;6;4;4;4;4;4;4;4;4;4;4;4;4;4;4;4;4;4;4;4;4;4;4;4;4;4;4;4;4;-3;3;3;-3;-3;3;-3;3;3;3;3;2;3;-3;1;1;4;4;1;6;3;6;1;3;102.97166524
1274;2026Q2;ES703A0;ES703;6;3;25;3;1;1;5;11;-1;-1;-1;6;-1;-1;-1;50;3;-1;-1;1;5;2;2;6;2;2;5;4;3;3;1;6;2;4;2;4;4;4;5;4;4;2;4;3;2;5;4;4;2;3;3;2;4;4;4;4;4;4;2;2;-3;-3;-3;2;2;4;4;-3;-3;-3;-3;2;-3;-3;3;1;1;4;1;6;1;6;4;1;11.609646738
1275;2026Q2;ES703A0;ES703;6;2;80;1;1;1;3;16;-1;-1;-1;1;6;-1;-1;-1;-1;-1;-1;-1;-1;1;1;1;2;3;-1;2;3;2;2;6;4;4;4;4;4;4;4;4;2;4;2;3;2;2;4;4;4;2;3;2;4;4;2;2;4;2;3;2;-3;-3;-3;-3;-3;-3;-3;-3;-3;-3;-3;-3;-3;-3;2;2;-1;-1;6;-9;5;6;1;-3;45.889444736
1276;2026Q2;ES709A3;ES709;6;2;67;1;1;1;10;12;-1;-1;-1;1;-1;1;4;-1;-1;-1;-1;-1;-1;1;1;1;5;6;3;5;4;4;2;6;4;2;2;4;2;4;5;2;4;2;4;2;4;4;2;2;4;2;2;4;4;2;4;2;4;4;2;2;2;2;2;3;4;2;3;-3;2;2;2;1;2;1;2;3;-1;-1;6;6;1;6;2;1;745.90896306
1277;2026Q2;ES709A3;ES709;6;2;57;1;1;1;10;2;6;2;2;1;-1;-1;-1;-1;-1;-1;-1;-1;-1;2;2;6;6;5;1;3;3;2;2;6;2;2;3;4;4;4;4;4;4;2;2;2;2;2;4;4;2;2;2;2;4;4;4;4;4;4;2;2;-3;2;1;1;-3;3;3;-3;3;1;2;1;2;1;2;1;3;4;6;6;1;6;4;1;748.49504317
1278;2026Q2;ES709A3;ES709;6;2;55;1;1;1;4;2;6;2;4;1;-1;-1;-1;-1;-1;-1;-1;-1;-1;2;2;8;3;3;3;5;5;3;1;6;5;3;3;5;3;4;5;4;4;3;4;3;4;3;5;4;5;3;4;5;5;5;4;3;4;4;2;3;-3;-3;3;3;-3;3;3;-3;3;3;3;2;3;-3;3;1;5;2;6;6;1;6;3;1;748.49504317
1279;2026Q2;ES709A3;ES709;1;1;54;3;1;5;7;2;6;2;8;1;-1;-1;-1;-1;-1;-1;-1;-1;-1;2;2;8;4;4;-1;5;5;4;4;6;5;3;3;4;4;4;5;4;5;3;5;3;3;2;4;4;3;4;4;4;5;5;5;4;5;4;3;3;3;4;4;3;4;4;4;2;4;2;2;1;2;1;2;1;3;3;6;6;5;6;4;1;706.14598072
1280;2026Q2;ES709A3;ES709;6;2;58;1;1;1;5;10;-1;-1;-1;1;-1;1;5;-1;-1;-1;-1;-1;-1;1;1;1;1;2;5;4;4;3;1;6;4;4;3;4;4;4;4;2;2;2;4;2;4;4;2;2;2;2;2;4;4;4;4;4;4;4;2;2;-3;2;3;2;3;4;1;3;2;-3;-3;-3;-3;-3;2;3;-1;-1;6;6;1;6;5;-3;115.77764067
1281;2026Q2;ES709A3;ES709;6;2;40;1;1;1;4;10;-1;-1;-1;6;-1;-1;-1;45;1;8;-1;-1;-1;2;3;6;4;3;5;3;3;2;2;6;4;4;4;4;4;2;5;2;4;4;4;-9;4;4;-9;4;3;2;2;2;2;4;4;4;4;4;2;2;2;3;-3;3;4;2;2;1;3;2;2;2;3;2;1;1;3;4;6;6;1;6;3;1;231.55528134
1282;2026Q2;ES709A3;ES709;6;2;69;3;2;5;5;12;-1;-1;-1;1;-1;1;3;-1;-1;-1;-1;-1;-1;3;3;7;3;2;3;5;5;5;5;1;2;4;4;4;4;4;4;3;4;4;4;4;-9;2;3;4;3;4;4;3;4;4;5;2;3;3;2;3;-3;-3;-3;-3;-3;4;3;-3;-3;2;3;-3;-3;-3;1;1;1;2;1;6;4;6;3;1;4386.2278416
1283;2026Q2;ES709A3;ES709;6;2;37;1;1;1;9;1;6;2;2;1;-1;-1;-1;-1;-1;-1;-1;-1;-1;2;3;2;6;4;2;4;4;3;1;6;3;1;1;4;1;4;5;1;5;1;5;1;5;5;1;1;2;1;1;2;2;3;5;5;5;5;2;1;5;3;3;1;3;1;1;1;3;1;1;1;1;1;2;1;3;4;1;6;1;6;5;1;803.59131744
1284;2026Q2;ES709A3;ES709;1;1;76;1;1;1;5;12;-1;-1;-1;1;-1;2;1;-1;-1;-1;-1;-1;-1;1;1;1;2;4;1;5;5;5;1;6;5;5;5;4;5;2;5;5;2;4;2;5;5;4;-9;5;4;5;4;4;4;5;4;2;1;2;1;4;5;5;5;5;4;4;4;5;5;4;5;5;5;5;2;3;-1;-1;6;6;5;6;4;1;1071.4547594
1285;2026Q2;ES709A3;ES709;6;2;24;1;1;1;10;2;6;2;-9;6;-1;-1;-1;57;1;-9;-1;-1;-1;3;3;8;4;3;-1;4;4;4;4;-9;2;2;2;4;2;2;4;2;5;2;4;1;3;3;3;2;2;-9;-9;-9;-9;-9;-9;-9;-9;-9;-9;-9;-7;-7;-7;-7;-7;-7;-7;-7;-7;-7;-7;-7;-7;-7;2;-9;-1;-1;6;6;1;6;-7;1;1915.6462645
1286;2026Q2;ES709A3;ES709;1;1;58;1;1;1;5;1;1;2;5;6;-1;-1;-1;59;3;-1;-1;1;9;2;2;8;3;3;6;2;3;1;1;6;2;3;4;4;4;4;4;2;4;4;4;2;4;4;4;2;4;3;2;4;4;4;5;4;4;4;3;1;3;4;4;2;4;2;3;2;1;4;3;3;3;1;2;3;-1;-1;6;6;1;6;1;1;348.93889284
1287;2026Q2;ES709A3;ES709;6;2;57;1;1;1;6;2;6;1;5;1;-1;-1;-1;-1;-1;-1;-1;-1;-1;3;3;8;5;3;6;4;4;3;1;6;3;4;3;4;4;3;4;4;4;3;2;2;2;2;3;4;4;4;4;4;4;4;4;2;2;2;4;4;4;4;4;4;4;4;4;4;4;-3;4;3;3;3;2;2;-1;-1;6;6;1;6;2;1;1122.7425648
1288;2026Q2;ES709A3;ES709;1;1;63;1;1;1;5;10;-1;-1;-1;1;-1;1;7;-1;-1;-1;-1;-1;-1;3;3;6;4;3;5;5;5;5;2;6;4;4;4;4;4;4;4;2;2;4;4;2;4;4;4;3;4;4;2;4;2;3;4;4;4;4;2;2;4;4;4;3;4;3;3;-3;-3;-3;-3;-3;-3;-3;1;1;2;1;1;6;1;6;4;-3;347.33292202
1289;2026Q2;ES709A3;ES709;6;2;77;1;1;1;3;14;-1;-1;-1;6;-1;-1;-1;80;5;-1;-1;1;6;2;2;4;3;3;5;3;4;3;2;6;4;4;4;5;4;4;4;4;4;2;4;2;4;4;4;2;2;4;2;4;4;4;4;4;4;4;2;2;4;4;4;2;4;4;2;4;4;4;3;3;4;3;3;2;-1;-1;6;6;5;6;2;-3;1491.8179261
1290;2026Q2;ES709A3;ES709;1;1;44;1;1;1;5;1;6;1;9;6;-1;-1;-1;47;1;5;-1;-1;-1;2;4;2;6;3;5;3;4;2;3;1;4;4;4;4;4;2;4;2;4;2;4;2;2;4;4;4;2;2;4;4;2;4;4;2;4;4;2;4;4;4;3;3;4;4;3;-3;-3;2;4;2;2;4;2;3;-1;-1;6;6;5;6;3;3;1307.6149583
1291;2026Q2;ES709A3;ES709;1;1;41;1;1;1;5;1;1;1;3;6;-1;-1;-1;65;5;-1;-1;1;-9;2;2;8;4;4;-1;5;5;3;3;6;4;4;4;4;4;4;4;4;4;2;4;3;3;2;4;4;3;4;4;4;4;4;4;4;4;4;4;4;4;4;4;3;3;3;3;-3;3;3;3;1;4;3;2;1;1;-9;6;6;1;6;3;1;1307.6149583
1292;2026Q2;ES709A3;ES709;1;1;61;1;1;1;3;1;6;2;9;1;-1;-1;-1;-1;-1;-1;-1;-1;-1;3;3;2;4;3;6;4;-9;4;3;6;4;4;-9;4;4;4;4;4;3;-9;2;-9;2;2;3;4;4;4;4;-9;-9;4;2;-9;4;4;4;4;4;3;4;3;4;2;3;3;4;3;3;3;4;4;2;1;3;-9;6;1;5;6;4;3;523.40833926
1293;2026Q2;ES709A3;ES709;6;2;43;1;1;1;7;1;6;2;5;6;-1;-1;-1;46;1;1;-1;-1;-1;2;4;2;6;3;2;4;4;2;4;1;3;2;2;3;3;5;5;2;5;1;4;1;5;5;1;1;1;1;1;1;1;4;5;4;5;5;1;1;1;3;1;1;2;2;2;1;1;1;1;3;1;1;1;1;4;3;6;6;5;6;3;1;803.59131744
1294;2026Q2;ES709A3;ES709;6;2;45;1;1;1;5;15;-1;-1;-1;1;1;1;-9;-1;-1;-1;-1;-1;-1;3;3;2;6;4;-1;5;4;3;1;6;5;4;4;4;4;4;4;4;5;2;4;2;2;4;4;2;2;4;2;4;4;4;2;4;4;4;4;4;3;3;4;3;3;3;3;3;4;3;3;3;3;3;1;1;3;2;1;6;1;6;1;1;1954.2385142
1295;2026Q2;ES709A3;ES709;1;1;61;1;3;3;9;1;6;2;5;1;-1;-1;-1;-1;-1;-1;-1;-1;-1;2;2;4;3;3;3;5;5;5;5;1;5;5;5;5;4;4;3;3;3;4;4;4;3;3;3;4;4;3;4;4;4;4;3;3;2;2;3;4;4;4;4;4;4;4;4;4;4;4;4;4;4;4;3;1;5;2;1;1;2;6;-7;-7;4080.6147317
1296;2026Q2;ES709A3;ES709;6;2;55;1;1;1;5;1;6;2;9;6;-1;-1;-1;64;5;-1;-1;1;5;4;4;3;6;3;5;5;5;5;5;1;4;4;4;4;4;4;5;3;5;2;4;2;3;4;2;4;2;4;4;4;4;2;4;4;4;4;2;2;4;4;4;1;3;4;2;-3;3;2;2;1;2;3;3;1;3;4;1;6;5;6;2;1;1871.2376079
1297;2026Q2;ES709A3;ES709;6;2;49;3;1;5;5;1;6;2;9;1;-1;-1;-1;-1;-1;-1;-1;-1;-1;3;3;2;6;4;6;5;5;5;5;6;4;4;4;4;2;4;4;4;4;4;4;4;2;4;4;4;4;4;4;4;4;4;4;4;2;4;2;4;-3;-3;5;3;-3;5;5;-3;-3;5;5;1;-3;-3;2;3;-1;-1;6;6;2;6;1;2;361.1560427
1298;2026Q2;ES709A3;ES709;6;2;20;1;1;1;8;13;-1;-1;-1;6;-1;-1;-1;49;1;5;-1;-1;-1;3;4;8;4;2;5;5;5;4;2;6;4;2;3;4;3;5;5;2;3;2;5;1;4;3;3;2;2;2;2;2;2;4;5;3;4;4;2;2;3;2;1;3;1;2;2;-3;4;1;1;1;-3;-3;3;1;3;2;1;6;1;6;-7;1;3508.728736
1299;2026Q2;ES709A3;ES709;6;2;47;3;2;5;10;1;6;2;5;1;-1;-1;-1;-1;-1;-1;-1;-1;-1;1;2;6;3;3;3;4;3;2;1;1;4;4;3;4;4;2;4;4;4;2;4;2;3;2;3;4;2;2;3;2;4;4;3;4;4;3;3;3;4;4;4;3;4;5;4;4;4;4;3;3;4;3;1;1;1;1;1;6;5;6;5;1;836.55233171
1300;2026Q2;ES709A3;ES709;6;2;59;1;1;1;5;15;-1;-1;-1;1;1;1;9;-1;-1;-1;-1;-1;-1;1;1;1;3;5;6;4;4;4;2;6;4;4;4;3;4;4;4;4;4;2;4;2;4;4;2;4;2;4;4;4;4;4;4;4;2;4;2;2;4;4;4;2;2;2;2;2;2;2;2;2;4;4;2;1;3;4;1;6;1;6;4;3;905.27501208
1301;2026Q2;ES709A3;ES709;6;2;56;1;1;1;10;2;6;2;2;1;-1;-1;-1;-1;-1;-1;-1;-1;-1;1;2;6;4;4;1;5;5;3;1;6;2;3;2;3;2;4;4;4;3;3;3;2;2;2;3;2;3;2;2;4;3;3;2;2;3;3;3;3;3;4;3;4;4;4;3;3;4;3;3;2;2;3;1;1;1;4;1;1;1;6;3;1;374.24752159
1302;2026Q2;ES709A3;ES709;6;2;40;1;1;1;5;1;6;1;8;1;-1;-1;-1;-1;-1;-1;-1;-1;-1;3;4;6;5;2;5;5;5;4;1;6;4;5;3;4;4;5;5;4;4;2;4;3;4;3;3;2;4;2;3;4;4;4;5;4;5;5;-9;2;4;3;3;3;4;3;2;2;3;-3;-3;2;4;3;2;3;-1;-1;6;6;1;6;4;1;1205.3869762
1303;2026Q2;ES709A3;ES709;6;2;22;1;1;1;5;1;6;2;5;6;-1;-1;-1;50;1;-9;-1;-1;-1;4;4;6;7;5;-1;4;4;3;3;1;4;4;4;4;3;3;4;4;4;4;2;3;4;3;3;4;3;4;3;2;4;4;4;4;3;4;3;4;4;4;4;4;4;3;4;-3;3;4;3;3;3;-3;1;2;-1;-1;6;6;1;6;3;-3;2554.1950193
1304;2026Q2;ES709A3;ES709;6;2;21;3;2;3;3;10;-1;-1;-1;1;-1;1;4;-1;-1;-1;-1;-1;-1;4;4;9;6;3;3;5;5;3;3;1;4;2;3;5;3;4;5;3;5;1;3;3;4;5;3;2;2;1;2;4;4;5;-9;5;3;5;1;2;4;5;3;1;2;2;1;1;4;-3;2;1;1;1;1;1;1;3;1;6;3;6;4;1;2304.3998386
1305;2026Q2;ES709A3;ES709;6;2;44;1;1;1;5;1;1;2;-9;1;-1;-1;-1;-1;-1;-1;-1;-1;-1;3;4;8;-9;-9;-1;4;4;1;1;6;5;5;5;-9;4;4;-9;5;4;5;5;2;-9;4;2;1;2;1;2;1;3;2;5;4;-9;4;2;-9;4;4;3;4;4;4;4;3;3;4;3;3;3;3;2;1;3;-9;6;6;5;6;4;1;1205.3869762
1306;2026Q2;ES709A3;ES709;6;2;59;3;3;5;10;11;-1;-1;-1;1;-1;-1;-1;-1;-1;-1;-1;-1;-1;2;2;4;3;3;-1;5;5;5;2;6;4;4;4;-9;4;-9;-9;-9;-9;4;-9;2;4;2;4;4;2;4;4;4;4;4;2;4;2;-9;-9;-9;4;-3;4;4;-3;4;-3;4;-3;4;4;4;4;4;1;1;5;4;6;6;5;6;1;2;623.5974528
1307;2026Q2;ES709A3;ES709;1;1;39;3;1;5;9;1;6;1;7;6;-1;-1;-1;62;1;3;-1;-1;-1;3;3;8;6;4;2;5;5;5;5;-9;4;4;4;4;4;5;5;4;5;2;5;4;5;2;4;4;4;2;4;4;4;4;5;2;5;4;3;2;3;5;2;4;4;4;3;2;3;1;2;1;3;1;2;3;-1;-1;6;6;5;6;-7;2;1961.4224374
1308;2026Q2;ES709A3;ES709;6;2;20;3;1;5;5;10;-1;-1;-1;6;-1;-1;-1;37;1;5;-1;-1;-1;3;4;2;5;3;5;4;5;2;4;1;2;4;2;4;2;4;5;5;4;2;4;2;3;4;4;2;2;2;2;4;4;4;2;4;4;5;2;2;4;4;4;-3;4;4;2;-3;2;3;3;4;4;2;2;1;1;3;1;6;5;6;5;3;347.33292202
1309;2026Q2;ES709A3;ES709;1;1;63;1;1;1;4;1;6;1;5;1;-1;-1;-1;-1;-1;-1;-1;-1;-1;1;1;1;2;4;5;5;5;5;1;1;3;4;2;2;4;2;4;4;2;2;2;4;2;2;4;4;2;4;4;4;4;4;2;2;4;2;2;4;4;4;4;4;4;4;3;3;4;4;4;1;4;4;3;3;-1;-1;6;6;5;6;3;3;174.46944642
1310;2026Q2;ES709A3;ES709;6;2;37;3;1;5;7;10;-1;-1;-1;1;-1;1;5;-1;-1;-1;-1;-1;-1;2;3;2;4;3;4;4;5;3;4;1;2;3;5;4;4;4;5;3;5;2;5;4;2;5;3;4;2;2;2;4;4;4;5;4;4;4;2;3;4;4;4;4;4;3;3;3;3;3;3;3;3;3;2;1;3;1;1;6;5;6;5;1;231.55528134
1311;2026Q2;ES709A3;ES709;6;2;49;3;1;4;10;1;6;2;9;1;-1;-1;-1;-1;-1;-1;-1;-1;-1;1;3;6;4;3;6;4;4;4;4;1;2;4;4;4;4;2;4;4;4;4;4;4;4;4;4;4;4;4;4;4;4;4;4;2;4;4;4;4;4;4;4;4;4;3;4;3;4;4;4;3;-3;-3;2;2;-1;-1;6;6;4;6;1;-3;120.38534757
1312;2026Q2;ES709A3;ES709;6;2;41;3;1;5;7;1;6;2;3;1;-1;-1;-1;-1;-1;-1;-1;-1;-1;3;3;2;4;3;3;5;5;3;5;1;2;2;2;4;4;5;5;4;5;1;4;2;5;3;3;2;3;2;2;2;3;4;5;5;5;5;1;1;-3;1;2;1;1;1;2;1;2;1;1;1;2;1;1;1;1;2;1;6;5;6;3;1;1205.3869762
1313;2026Q2;ES709A3;ES709;6;2;60;1;1;5;5;10;-1;-1;-1;1;-1;1;5;-1;-1;-1;-1;-1;-1;1;1;1;3;5;5;5;5;3;1;6;4;4;3;4;2;4;5;3;4;2;4;4;4;4;3;2;4;2;2;4;4;4;4;4;4;4;2;2;3;3;3;1;3;1;5;3;3;5;4;3;3;3;1;1;1;1;1;1;5;6;4;1;115.77764067
1314;2026Q2;ES709A3;ES709;6;2;52;2;1;5;3;10;-1;-1;-1;1;-1;1;4;-1;-1;-1;-1;-1;-1;2;2;8;5;5;3;5;5;4;3;6;5;5;5;5;5;4;3;5;4;5;-9;4;3;1;4;5;5;4;3;5;4;4;3;3;2;2;-9;3;4;3;4;3;4;3;3;-3;4;2;3;4;4;4;3;-9;-1;-1;-9;-9;5;6;-3;-3;231.55528134
1315;2026Q2;ES709A3;ES709;6;2;52;2;1;5;5;1;6;2;5;6;-1;-1;-1;52;1;5;-1;-1;-1;4;4;2;7;5;3;5;5;3;1;6;5;2;2;4;2;4;5;2;5;2;5;2;4;5;2;2;2;2;2;2;2;4;4;4;4;4;2;2;4;4;-3;2;1;1;1;1;-3;1;1;1;1;1;2;1;4;4;1;6;5;6;4;1;481.54139026
1316;2026Q2;ES709A3;ES709;6;2;24;1;1;1;10;11;-1;-1;-1;6;-1;-1;-1;49;1;5;-1;-1;-1;3;3;8;3;2;5;5;5;4;3;1;4;4;4;4;5;4;5;4;4;1;4;4;4;1;4;2;4;4;4;4;4;4;5;5;4;5;4;1;3;3;3;2;2;2;2;2;2;3;3;2;2;2;1;1;3;4;1;6;1;6;4;1;347.33292202
1317;2026Q2;ES709A3;ES709;1;1;68;1;1;1;5;12;-1;-1;-1;1;-1;1;8;-1;-1;-1;-1;-1;-1;1;1;1;2;4;5;4;4;3;1;6;4;4;4;5;4;2;2;4;2;4;2;4;2;2;4;4;4;4;4;4;4;4;2;2;4;2;4;4;4;4;4;4;4;4;3;4;4;4;3;4;4;3;2;3;-1;-1;6;6;5;6;1;1;1071.4547594
1318;2026Q2;ES709A3;ES709;6;2;59;1;1;1;8;2;6;2;5;1;-1;-1;-1;-1;-1;-1;-1;-1;-1;1;1;1;3;5;5;4;4;4;2;6;4;4;3;4;4;4;4;4;4;2;4;2;4;2;4;2;4;4;3;2;4;4;4;2;2;4;2;2;3;2;2;2;3;2;2;3;3;2;2;2;3;3;1;2;-1;-1;6;6;5;6;-7;1;374.24752159
1319;2026Q2;ES709A3;ES709;6;2;57;1;1;1;5;1;6;2;5;1;-1;-1;-1;-1;-1;-1;-1;-1;-1;2;2;4;4;4;5;4;4;4;4;1;1;1;4;2;2;4;4;4;4;2;4;2;4;4;1;2;2;2;2;2;2;2;4;4;4;4;2;2;2;2;2;1;1;2;2;2;1;2;1;2;2;1;2;1;3;2;1;6;5;6;-3;3;748.49504317
1320;2026Q2;ES709A3;ES709;6;2;60;1;1;1;5;15;-1;-1;-1;1;1;1;5;-1;-1;-1;-1;-1;-1;1;1;1;3;5;6;5;5;5;1;6;4;4;4;4;4;4;2;4;2;4;4;4;2;2;4;4;4;3;4;4;4;4;4;2;3;4;4;4;4;4;4;4;4;4;4;4;4;4;4;3;4;4;1;1;4;3;6;6;5;6;3;-3;905.27501208
1321;2026Q2;ES709A3;ES709;1;1;37;3;1;5;5;10;-1;-1;-1;1;-1;2;5;-1;-1;-1;-1;-1;-1;2;4;2;3;2;3;5;5;4;4;1;4;5;-9;4;4;4;5;4;4;4;4;2;4;4;2;4;2;2;4;2;4;4;5;4;5;5;2;2;5;4;4;4;4;4;4;5;4;4;4;3;4;4;2;3;-1;-1;6;6;5;6;-7;1;783.39585145
1322;2026Q2;ES709A3;ES709;6;2;29;3;1;4;8;10;-1;-1;-1;6;-1;-1;-1;65;1;8;-1;-1;-1;3;3;6;5;3;-1;4;5;3;1;6;4;3;4;2;2;4;5;2;5;2;4;2;4;4;3;2;4;2;2;4;4;4;5;4;4;4;2;2;4;5;3;3;3;3;3;3;4;-3;-3;2;3;2;1;1;4;2;1;6;4;6;-3;1;347.33292202
1323;2026Q2;ES709A3;ES709;1;1;45;1;1;1;8;1;6;2;8;1;-1;-1;-1;-1;-1;-1;-1;-1;-1;1;1;1;3;5;5;5;5;4;4;6;3;2;1;4;2;5;5;4;5;1;5;3;5;4;3;3;2;2;2;3;4;4;5;5;5;5;2;2;-7;-7;-7;3;3;3;3;-7;-7;2;2;1;2;2;3;2;-1;-1;6;6;3;6;-3;1;353.07299036
1324;2026Q2;ES709A3;ES709;1;1;59;1;1;1;5;1;1;1;8;1;-1;-1;-1;-1;-1;-1;-1;-1;-1;3;3;2;7;6;5;2;2;2;2;1;1;4;4;4;4;4;4;4;4;2;4;2;4;4;4;2;2;2;2;2;2;4;4;3;3;4;4;4;4;3;4;4;4;3;4;3;3;4;4;3;3;3;2;2;-1;-1;6;6;5;6;3;1;523.40833926
1325;2026Q2;ES709A3;ES709;6;2;60;1;1;1;4;10;-1;-1;-1;1;-1;1;9;-1;-1;-1;-1;-1;-1;1;1;1;2;4;6;5;5;4;1;6;5;5;4;5;4;4;4;4;4;4;4;2;1;2;-9;2;-9;-9;-9;4;4;4;2;2;4;3;2;3;3;4;4;4;-3;4;3;-3;3;2;2;3;-3;3;1;2;-1;-1;6;6;5;6;3;2;115.77764067
1326;2026Q2;ES709A3;ES709;6;2;65;1;1;1;4;12;-1;-1;-1;1;-1;1;-9;-1;-1;-1;-1;-1;-1;2;2;4;5;5;-1;5;5;5;5;6;4;5;4;5;5;3;4;5;-9;5;2;4;2;3;-9;4;4;3;4;3;3;4;3;3;4;4;4;3;4;4;3;4;-3;4;4;4;4;4;-3;2;4;4;1;3;-1;-1;6;6;5;6;1;1;1491.8179261
1327;2026Q2;ES709A3;ES709;6;2;70;1;1;1;5;14;-1;-1;-1;6;-1;-1;-1;71;5;-1;-1;1;7;2;2;4;3;3;5;4;5;5;1;6;5;5;5;5;5;2;2;5;1;5;2;4;2;1;5;4;4;4;4;4;4;4;2;2;4;4;4;4;2;2;2;2;3;3;4;1;-3;3;4;1;3;1;2;1;4;1;1;1;1;6;2;1;1491.8179261
1328;2026Q2;ES709A3;ES709;6;2;46;1;1;1;4;1;6;2;9;1;-1;-1;-1;-1;-1;-1;-1;-1;-1;2;3;2;7;5;6;4;4;4;3;6;4;4;4;3;4;4;4;4;3;4;2;4;2;2;4;4;4;3;4;4;4;4;4;4;4;4;4;4;3;4;3;4;3;4;3;4;3;3;3;4;3;4;2;1;3;4;6;6;5;6;-3;1;240.77069513
1329;2026Q2;ES709A3;ES709;6;2;41;1;1;1;9;1;1;2;1;6;-1;-1;-1;47;1;3;-1;-1;-1;2;4;6;6;3;4;4;5;2;2;6;1;4;2;2;2;4;5;4;4;2;4;2;2;4;2;2;2;2;2;2;4;2;4;4;4;4;2;2;4;2;4;2;4;4;-3;3;4;-3;-3;3;-3;2;1;1;4;4;6;6;1;1;4;3;803.59131744
1330;2026Q2;ES709A3;ES709;6;2;36;1;1;1;7;1;6;2;5;1;-1;-1;-1;-1;-1;-1;-1;-1;-1;3;4;3;6;3;5;4;4;3;3;1;4;4;4;4;4;4;5;4;4;4;4;3;4;3;3;4;4;3;3;4;4;4;5;4;4;3;3;3;4;4;4;4;4;4;3;4;3;3;3;3;4;3;2;1;4;-9;1;6;1;6;3;1;1205.3869762
1331;2026Q2;ES709A3;ES709;6;2;53;2;1;5;9;1;1;2;1;1;-1;-1;-1;-1;-1;-1;-1;-1;-1;2;2;8;6;5;1;5;5;4;5;1;4;4;4;4;4;2;4;4;4;2;2;2;4;4;4;4;4;4;4;4;4;4;4;4;3;4;4;4;5;4;5;4;4;4;5;5;5;4;4;5;4;4;1;1;5;1;6;6;5;6;5;1;240.77069513
1332;2026Q2;ES709A3;ES709;1;1;49;3;2;5;8;1;1;2;4;6;-1;-1;-1;46;1;2;-1;-1;-1;4;4;8;6;3;2;5;5;5;4;1;4;4;2;4;4;2;5;4;5;2;5;2;5;5;2;2;2;2;2;4;4;4;5;4;5;5;1;1;3;1;3;2;3;2;1;2;3;1;3;1;2;1;1;1;3;4;1;6;5;6;4;1;8875.6436392
1333;2026Q2;ES709A3;ES709;6;2;67;3;1;1;3;11;-1;-1;-1;6;-1;-1;-1;67;3;-1;-1;1;7;2;2;4;1;1;4;5;1;1;1;6;5;5;3;5;5;3;3;3;3;4;4;3;1;3;3;5;5;5;5;5;5;5;3;3;3;3;4;4;4;4;3;2;3;2;4;-3;4;-3;-3;3;3;3;3;3;-1;-1;6;6;5;6;-3;-3;231.55528134
1334;2026Q2;ES709A3;ES709;6;2;44;1;1;1;5;1;1;2;5;6;-1;-1;-1;49;1;7;-1;-1;-1;3;3;2;6;5;5;5;5;5;5;1;5;4;4;4;4;3;2;4;2;2;2;2;3;2;2;2;2;2;2;2;4;4;4;4;4;2;3;3;4;4;4;4;4;2;2;4;4;4;5;2;4;4;2;2;-1;-1;1;1;5;6;5;-3;1205.3869762
1335;2026Q2;ES709A3;ES709;6;2;67;3;1;2;8;11;-1;-1;-1;6;-1;-1;-1;50;1;-9;-1;-1;-1;3;3;9;-9;-9;-1;4;4;2;2;6;4;4;4;4;4;4;3;4;3;4;3;4;3;3;4;4;4;4;4;4;4;4;3;3;3;3;4;4;3;3;3;3;3;4;4;4;4;3;3;3;3;4;3;-9;-1;-1;6;-9;2;6;-7;-3;347.33292202
1336;2026Q2;ES709A3;ES709;1;1;26;1;1;1;7;2;6;1;5;6;-1;-1;-1;58;1;-9;-1;-1;-1;4;4;2;6;3;-1;5;3;3;3;6;4;4;4;4;4;4;4;4;4;2;4;2;3;3;3;4;3;3;3;3;4;4;2;4;2;4;3;3;4;4;4;3;4;3;3;3;3;3;3;3;3;3;2;3;-1;-1;6;6;1;6;2;1;2475.8888398
1337;2026Q2;ES709A3;ES709;6;2;33;1;1;1;6;1;6;2;4;1;-1;-1;-1;-1;-1;-1;-1;-1;-1;2;2;6;5;5;3;4;4;2;4;1;2;2;4;4;2;5;4;4;4;2;4;2;4;4;2;2;2;2;2;5;4;4;4;5;5;5;2;2;2;2;4;1;4;1;1;2;3;1;1;1;1;2;1;1;1;3;6;6;1;6;3;1;1277.0975097
1338;2026Q2;ES709A3;ES709;1;1;31;3;1;4;5;7;-1;-1;5;1;-1;-1;-1;-1;-1;-1;-1;-1;-1;1;1;1;4;6;3;5;5;3;5;1;5;5;5;5;5;1;4;5;3;4;4;4;3;4;4;3;4;3;4;4;4;4;4;4;4;4;3;3;4;3;4;3;4;4;3;3;3;-3;-3;3;3;3;2;-9;-1;-1;6;6;4;6;2;2;618.97220996
1339;2026Q2;ES709A3;ES709;1;1;48;3;1;5;8;1;6;2;7;1;-1;-1;-1;-1;-1;-1;-1;-1;-1;3;4;3;4;2;5;5;4;3;2;1;5;5;5;4;4;2;2;4;2;4;2;4;2;2;4;5;4;4;4;4;4;4;2;2;4;2;4;4;4;4;4;3;3;3;4;4;4;-3;-3;3;-3;-3;2;3;-1;-1;6;6;4;6;2;-7;1059.2189711
1340;2026Q2;ES709A3;ES709;6;2;49;1;1;1;7;10;-1;-1;-1;6;-1;-1;-1;50;1;3;-1;-1;-1;4;4;2;6;3;3;-9;2;3;3;6;4;4;3;4;4;3;4;4;4;3;4;3;4;2;2;4;3;4;2;4;4;4;4;4;4;3;2;2;5;3;3;1;2;4;3;-3;2;3;3;2;3;2;2;2;-1;-1;6;6;1;6;3;1;463.11056269
1341;2026Q2;ES709A3;ES709;1;1;40;1;1;1;6;1;1;1;-9;1;-1;-1;-1;-1;-1;-1;-1;-1;-1;1;2;4;3;3;-1;5;5;5;5;1;4;4;4;5;5;5;5;1;5;3;5;3;3;5;4;5;5;5;1;5;5;5;5;5;5;5;2;1;1;1;1;1;1;1;2;1;1;1;-3;1;1;1;1;1;3;3;6;6;5;6;-3;1;653.80747914
1342;2026Q2;ES709A3;ES709;6;1;47;2;2;5;5;5;-1;-1;8;1;-1;-1;-1;-1;-1;-1;-1;-1;-1;3;4;3;6;3;5;4;4;2;2;1;4;4;4;4;4;4;4;4;4;4;3;3;2;4;4;4;2;4;2;4;4;4;4;4;2;4;4;2;3;3;4;-3;4;4;2;4;-7;4;4;2;3;3;2;3;-1;-1;1;1;3;6;1;1;2509.6569951
1343;2026Q2;ES709A3;ES709;6;2;48;1;1;1;4;1;6;1;9;1;-1;-1;-1;-1;-1;-1;-1;-1;-1;2;3;2;4;3;6;5;5;5;3;1;3;3;3;2;2;4;4;2;4;2;4;2;4;4;2;2;2;2;2;2;2;1;4;4;4;4;2;2;2;2;2;2;2;2;2;2;2;2;2;4;2;2;1;1;5;4;1;1;5;1;5;1;240.77069513
1344;2026Q2;ES709A3;ES709;6;2;55;3;1;5;4;15;-1;-1;-1;1;1;1;9;-1;-1;-1;-1;-1;-1;2;2;9;4;4;6;2;1;3;2;6;4;4;3;4;4;4;4;4;2;4;4;2;3;4;4;3;4;4;4;4;4;4;4;4;4;4;4;2;3;3;3;3;3;4;4;3;3;3;3;2;2;2;2;1;2;4;1;1;4;6;5;1;1810.5500242
1345;2026Q2;ES709A3;ES709;1;1;18;1;1;1;6;13;-1;-1;-1;6;-1;-1;-1;56;1;-9;-1;-1;-1;3;3;2;5;4;-1;4;4;4;5;1;3;3;2;5;4;3;4;3;4;4;4;3;2;4;3;2;-9;2;4;4;3;5;4;5;4;4;2;1;5;2;4;2;4;3;2;4;4;3;4;4;4;3;1;-9;-1;-1;6;6;1;6;1;-3;6327.7284372
1346;2026Q2;ES709A3;ES709;1;1;62;1;1;1;5;7;-1;-1;8;1;-1;-1;-1;-1;-1;-1;-1;-1;-1;2;2;4;3;3;5;4;3;3;3;1;3;3;4;4;2;4;5;2;4;4;5;3;5;4;2;1;3;2;2;3;4;3;5;5;3;4;2;2;3;2;3;1;3;2;1;1;3;1;3;1;2;3;2;3;-1;-1;1;6;1;6;5;1;348.93889284
1347;2026Q2;ES709A2;ES709;1;1;32;1;1;1;9;2;6;2;2;6;-1;-1;-1;60;1;2;-1;-1;-1;4;4;7;7;6;1;2;2;1;1;6;3;2;2;3;2;4;3;3;3;3;4;2;-9;-9;-9;-9;-9;2;3;3;4;3;3;3;3;3;3;3;5;5;5;3;3;3;3;3;3;2;2;1;1;1;1;1;1;2;1;6;5;6;3;3;1020.1513157
1348;2026Q2;ES709A2;ES709;1;1;32;1;1;1;7;1;6;2;7;1;-1;-1;-1;-1;-1;-1;-1;-1;-1;2;2;4;6;5;5;5;5;2;2;6;3;4;3;4;4;4;5;4;5;2;4;4;3;3;3;4;3;3;3;4;4;3;4;3;4;4;3;2;3;4;3;2;3;3;3;3;3;3;3;2;3;3;2;1;3;4;6;6;1;6;3;1;510.07565783
1349;2026Q2;ES709A2;ES709;1;1;29;1;1;1;9;2;6;2;2;6;-1;-1;-1;58;1;2;-1;-1;-1;4;4;2;7;5;1;2;2;1;1;6;2;1;1;2;1;5;5;2;5;1;4;1;4;5;2;2;1;2;2;2;2;3;5;5;5;5;5;1;1;4;4;2;3;3;2;1;3;3;3;1;1;1;1;1;2;4;1;6;1;6;5;1;1020.1513157
1350;2026Q2;ES709A2;ES709;1;1;59;1;1;1;5;15;-1;-1;-1;6;-1;-1;-1;51;8;-1;1;1;5;2;3;6;2;2;5;3;3;2;1;6;4;4;-9;4;3;4;3;3;2;3;2;4;2;3;4;3;4;3;4;2;-9;4;3;3;-9;4;2;2;4;4;3;3;-3;3;2;-3;2;3;3;3;3;3;3;2;-1;-1;6;6;1;6;3;3;1780.7025744
1351;2026Q2;ES709A2;ES709;1;1;32;1;1;1;7;1;1;1;7;1;-1;-1;-1;-1;-1;-1;-1;-1;-1;2;3;6;5;3;4;4;4;2;3;1;4;4;4;4;4;2;4;4;2;4;2;4;2;4;4;4;4;4;4;4;4;4;4;2;2;3;4;4;4;4;4;4;4;4;3;-3;4;3;5;4;4;3;2;3;-1;-1;6;6;1;6;3;-3;510.07565783
1352;2026Q2;ES709A2;ES709;6;2;27;1;1;1;10;11;-1;-1;-1;6;-1;-1;-1;50;8;-1;1;1;9;4;4;2;5;3;6;4;4;2;2;6;2;2;2;4;2;2;4;3;4;2;4;2;5;5;2;2;2;2;3;4;4;4;5;5;4;5;2;2;2;1;4;1;4;2;4;2;1;-3;-3;2;2;2;1;1;1;4;1;6;1;6;3;1;323.07322115
1353;2026Q2;ES709A2;ES709;6;2;55;1;1;1;9;15;-1;-1;-1;6;-1;-1;-1;56;1;5;-1;-1;-1;3;4;7;6;3;5;5;5;3;1;6;4;3;2;4;4;4;4;4;4;2;4;2;4;4;4;2;2;3;4;4;4;4;4;4;4;4;2;2;4;3;4;4;4;4;4;4;4;3;3;2;2;2;1;1;3;3;1;6;1;6;5;1;1600.9126011
1354;2026Q2;ES709A2;ES709;1;1;51;1;1;1;8;1;6;2;9;-9;-1;-1;-1;-1;-1;-1;-1;-1;-1;4;4;8;-9;-9;-1;4;4;-9;4;1;1;2;2;2;2;4;5;2;5;1;4;2;4;3;2;2;2;1;1;3;4;4;5;3;4;4;2;2;-3;1;-3;-3;2;2;1;1;2;-3;-3;1;-3;1;2;3;-1;-1;6;6;1;6;-7;-3;1754.5874635
1355;2026Q2;ES709A2;ES709;6;2;50;3;2;5;10;1;1;1;2;6;-1;-1;-1;53;1;8;-1;-1;-1;3;4;3;7;5;5;5;5;1;1;6;4;2;2;5;2;5;5;-9;4;3;5;3;5;4;4;2;3;3;2;2;4;4;5;4;5;5;1;1;3;-3;3;3;4;4;5;-3;-3;-3;-7;-3;2;1;1;1;1;2;6;6;5;6;3;1;1955.2408784
1356;2026Q2;ES709A2;ES709;1;1;47;1;1;1;6;1;1;2;7;1;-1;-1;-1;-1;-1;-1;-1;-1;-1;1;2;6;3;3;4;2;2;1;1;6;5;4;2;3;2;5;5;2;5;2;5;2;5;5;2;2;2;4;2;4;2;2;5;5;2;5;2;1;4;4;1;1;1;1;1;1;2;1;4;1;2;1;2;1;3;-9;6;6;1;6;1;1;438.64686587
1357;2026Q2;ES709A2;ES709;6;2;48;1;1;1;8;1;6;2;4;1;-1;-1;-1;-1;-1;-1;-1;-1;-1;2;3;6;3;2;3;4;4;2;2;6;4;2;4;3;2;4;4;2;4;2;5;4;4;4;2;2;2;4;2;3;4;4;5;5;4;4;2;2;4;3;3;3;4;4;2;3;4;3;3;3;3;3;1;2;-1;-1;6;6;1;6;3;1;669.21601939
1358;2026Q2;ES709A2;ES709;1;1;35;1;1;1;4;11;-1;-1;-1;1;-1;-1;-1;-1;-1;-1;-1;-1;-1;4;4;3;5;2;-1;5;5;2;1;6;5;4;4;4;4;4;4;4;4;4;2;2;2;3;4;4;3;4;4;4;3;4;2;3;3;4;4;4;4;4;4;4;5;4;3;4;4;2;4;4;4;4;1;1;2;3;6;6;1;6;3;3;323.07322115
1359;2026Q2;ES709A3;ES709;1;1;19;1;1;1;8;11;-1;-1;-1;6;-1;-1;-1;49;9;-1;1;1;9;2;2;8;1;1;6;5;5;5;3;6;4;4;4;5;5;2;4;2;4;4;2;4;4;4;2;4;2;4;4;2;2;4;4;4;4;4;2;4;1;5;5;5;5;5;4;2;4;2;4;2;4;4;1;3;-1;-1;6;6;1;6;1;1;819.12521208
1360;2026Q2;ES709A3;ES709;6;2;35;3;2;5;8;1;6;1;5;6;-1;-1;-1;80;5;-1;-1;-9;-1;3;3;8;6;4;-1;3;3;2;2;6;3;4;2;4;4;2;4;3;2;4;4;4;3;5;3;2;2;3;2;3;4;4;5;5;4;4;2;2;3;3;4;2;2;2;3;3;3;4;3;3;2;3;2;1;3;4;1;6;5;6;3;1;3849.1757409
1361;2026Q2;ES709A3;ES709;6;2;40;1;1;1;10;2;1;2;1;1;-1;-1;-1;-1;-1;-1;-1;-1;-1;1;1;1;6;6;1;4;5;3;2;6;1;1;2;3;2;3;5;2;5;2;5;2;3;2;4;2;3;2;2;4;4;5;1;4;5;4;2;1;2;1;1;1;3;1;3;3;3;3;3;1;1;1;1;1;2;3;1;1;4;6;5;1;461.13112163
1362;2026Q2;ES709A3;ES709;6;2;50;1;1;1;4;11;-1;-1;-1;6;-1;-1;-1;51;1;4;-1;-1;-1;3;3;2;3;2;3;5;5;4;2;6;4;4;2;4;3;4;4;4;4;4;4;4;4;3;4;1;4;4;4;4;2;4;4;3;4;4;2;4;4;4;4;4;4;4;2;-3;4;4;4;1;2;5;2;1;5;2;1;6;1;6;3;1;398.62556111
1363;2026Q2;ES709A3;ES709;6;2;60;1;1;1;5;11;-1;-1;-1;6;-1;-1;-1;66;1;5;-1;-1;-1;2;2;4;4;4;5;3;4;3;4;1;4;2;4;4;4;4;4;4;4;3;4;2;4;4;4;4;4;4;2;4;4;4;2;4;4;4;3;1;4;4;4;3;4;3;2;4;4;4;4;4;5;3;2;1;4;3;1;6;5;6;4;1;265.75037407
1364;2026Q2;ES709A3;ES709;6;2;80;1;1;5;3;12;-1;-1;-1;1;-1;1;7;-1;-1;-1;-1;-1;-1;1;1;1;4;6;4;5;5;4;-9;6;4;5;5;4;2;5;-9;4;4;3;4;3;5;2;4;3;4;4;3;4;4;4;5;4;3;4;4;2;2;2;3;3;2;3;4;2;3;1;2;1;1;1;2;2;-1;-1;6;6;5;6;4;1;856.06160571
1365;2026Q2;ES709A3;ES709;6;2;21;1;1;1;7;10;-1;-1;-1;6;-1;-1;-1;25;1;7;-1;-1;-1;2;3;2;4;3;4;3;4;1;1;1;3;1;4;4;4;3;4;4;2;4;4;2;4;4;4;2;2;2;4;3;4;2;5;4;4;4;4;2;-3;2;-3;2;4;1;3;3;4;3;-3;2;4;3;2;1;3;4;1;6;4;6;4;2;265.75037407
1366;2026Q2;ES709A3;ES709;6;2;48;1;1;1;6;10;-1;-1;-1;6;-1;-1;-1;49;1;8;-1;-1;-1;2;2;4;3;3;5;4;4;4;4;1;3;2;4;4;4;4;4;4;4;2;4;2;4;4;4;2;2;2;2;4;4;4;2;4;4;4;2;2;2;2;2;2;2;2;2;3;3;3;3;2;2;3;2;1;1;4;1;1;5;6;4;1;265.75037407
1367;2026Q2;ES709A3;ES709;6;2;50;3;3;5;10;1;6;1;5;1;-1;-1;-1;-1;-1;-1;-1;-1;-1;2;2;4;6;5;5;4;4;3;4;1;4;4;3;4;4;2;4;2;2;4;4;2;2;4;2;2;4;4;4;4;4;4;4;4;4;3;2;2;4;3;3;3;4;4;4;4;3;4;4;3;3;3;1;3;-1;-1;6;6;5;6;4;1;1920.181598
1368;2026Q2;ES709A3;ES709;6;2;45;3;1;5;6;1;1;2;-9;1;-1;-1;-1;-1;-1;-1;-1;-1;-1;1;2;6;3;3;-1;5;5;5;5;1;2;2;4;4;-9;2;5;-9;5;5;5;2;5;4;2;2;2;3;-9;-9;4;4;5;4;4;5;-9;2;2;4;3;3;3;2;1;3;1;1;1;1;-3;2;1;-9;-1;-1;-9;6;5;6;4;1;138.16334036
1369;2026Q2;ES709A3;ES709;6;2;24;1;1;1;10;2;6;2;2;1;-1;-1;-1;-1;-1;-1;-1;-1;-1;2;2;8;5;5;2;3;4;3;1;6;4;4;4;-9;4;-9;5;2;4;2;5;2;-9;4;4;4;2;2;2;2;4;4;5;4;5;5;-9;2;2;2;3;3;3;3;2;3;3;3;3;2;3;2;1;1;3;1;1;6;1;6;5;1;1465.693803
1370;2026Q2;ES709A3;ES709;1;2;29;2;1;5;6;1;1;2;5;6;-1;-1;-1;36;1;-9;-1;-1;-1;4;4;8;-9;-9;-1;5;5;3;1;1;4;4;4;5;4;3;5;3;5;2;5;3;3;3;3;4;4;3;3;4;4;4;4;4;4;4;3;3;4;4;4;3;3;3;4;3;3;3;4;1;3;3;1;1;3;1;6;6;5;6;5;1;2841.5175052
1371;2026Q2;ES709A3;ES709;6;2;32;1;1;1;5;10;-1;-1;-1;1;-1;1;5;-1;-1;-1;-1;-1;-1;1;2;6;1;1;5;1;1;1;1;6;1;1;1;1;1;1;1;1;1;1;1;1;1;1;1;1;1;1;1;1;1;1;1;1;1;1;1;1;1;1;1;1;1;1;1;1;1;1;1;1;1;1;2;1;4;4;6;1;1;6;5;1;132.87518704
1372;2026Q2;ES709A3;ES709;1;1;59;1;1;1;3;15;-1;-1;-1;6;-1;-1;-1;80;5;-1;-1;1;9;3;3;2;5;4;6;-9;-9;-9;1;6;3;3;3;-9;4;1;5;3;4;3;2;2;5;4;2;3;3;3;1;4;3;4;3;2;3;3;3;2;2;2;2;1;2;3;1;3;4;2;3;2;3;3;3;2;-1;-1;6;6;1;1;4;-3;5731.745199
1373;2026Q2;ES709A3;ES709;1;1;71;1;1;1;3;12;-1;-1;-1;1;-1;1;8;-1;-1;-1;-1;-1;-1;4;4;2;6;3;5;5;5;4;3;6;4;2;1;4;2;4;5;2;4;4;3;4;4;3;3;3;3;3;3;4;3;4;1;5;5;5;2;1;3;3;1;1;1;1;1;1;2;1;1;1;1;1;3;1;3;3;1;1;1;6;5;1;4918.7304466
1374;2026Q2;ES709A3;ES709;1;1;52;3;1;5;7;1;6;1;5;1;-1;-1;-1;-1;-1;-1;-1;-1;-1;2;3;8;3;2;5;4;5;4;3;6;4;4;4;4;4;3;5;4;4;2;3;4;2;2;3;4;4;3;3;3;4;4;4;3;4;4;2;2;4;3;4;3;3;4;3;3;3;3;3;2;3;3;3;2;-1;-1;-9;6;5;6;4;-3;810.42659635
1375;2026Q2;ES709A3;ES709;6;2;76;1;1;5;5;12;-1;-1;-1;1;-1;1;9;-1;-1;-1;-1;-1;-1;3;3;2;6;4;6;3;-9;3;3;1;4;4;4;4;4;4;2;2;2;4;4;4;4;2;4;4;4;4;4;4;4;4;4;4;4;4;4;4;3;3;3;3;3;4;3;-3;4;4;4;2;3;3;3;3;-1;-1;1;1;5;6;3;-3;2568.1848171
1376;2026Q2;ES709A3;ES709;6;2;58;3;1;4;9;10;-1;-1;-1;1;-1;1;5;-1;-1;-1;-1;-1;-1;1;1;1;2;3;4;5;5;5;1;6;4;5;4;4;5;5;5;2;5;2;4;4;5;5;4;4;4;1;4;4;4;4;5;5;2;5;4;4;4;4;5;4;4;4;5;4;4;4;4;1;4;4;1;1;4;-9;1;6;4;6;5;1;132.87518704
1377;2026Q2;ES709A3;ES709;1;1;71;1;1;1;5;12;-1;-1;-1;1;-1;1;3;-1;-1;-1;-1;-1;-1;2;2;4;4;4;2;4;4;4;1;6;5;4;4;5;4;4;4;4;5;4;4;4;4;4;4;4;4;4;4;4;4;4;4;4;4;4;4;4;3;3;3;3;3;3;3;3;3;3;3;3;3;3;1;1;1;2;1;6;1;6;4;1;2459.3652233
1378;2026Q2;ES709A3;ES709;6;2;61;1;1;1;3;1;6;1;5;6;-1;-1;-1;60;1;2;-1;-1;-1;3;3;2;-9;-9;1;3;3;1;1;6;4;3;-9;4;4;4;5;-9;4;2;4;3;2;3;-9;2;-9;-9;-9;-9;-9;-9;4;2;-9;-9;-9;-9;-3;3;3;-3;-3;-3;-3;-3;-3;-3;-3;-3;-3;-3;3;-9;-1;-1;-9;6;1;6;-3;1;1288.5443806
1379;2026Q2;ES709A3;ES709;6;2;50;1;1;1;8;2;6;2;4;6;-1;-1;-1;79;7;-1;6;-1;-1;3;3;7;5;4;-1;5;5;3;1;6;4;2;2;4;2;4;5;4;5;2;5;2;4;2;4;2;2;2;2;2;4;4;4;4;4;5;2;2;4;4;3;2;4;2;2;4;4;4;4;3;3;1;2;1;3;4;1;1;1;6;1;1;414.49002108
1380;2026Q2;ES709A3;ES709;6;2;28;1;1;1;8;13;-1;-1;-1;6;-1;-1;-1;58;1;7;-1;-1;-1;3;3;2;5;3;4;3;3;1;1;6;1;1;1;1;1;5;5;1;5;1;5;1;5;5;1;1;1;1;1;1;1;4;5;5;5;5;1;1;4;5;3;3;4;3;2;5;3;1;1;1;1;1;3;1;5;2;1;6;1;6;4;1;4026.8827759
1381;2026Q2;ES709A3;ES709;1;1;28;1;1;1;10;10;-1;-1;-1;1;-1;-9;-1;-1;-1;-1;-1;-1;-1;2;2;8;-9;-9;-1;5;5;4;3;6;2;2;2;2;2;4;4;2;4;2;4;2;5;5;2;1;1;2;2;2;2;3;4;4;4;4;2;2;2;2;2;2;2;2;2;2;2;2;2;2;2;2;1;2;-1;-1;6;6;5;6;4;1;819.12521208
1382;2026Q2;ES709A3;ES709;1;1;36;1;1;1;8;1;6;2;-9;1;-1;-1;-1;-1;-1;-1;-1;-1;-1;1;1;1;4;6;-1;2;2;2;1;6;3;2;2;2;2;4;4;2;4;2;4;2;3;4;2;2;2;2;2;2;3;3;5;4;4;4;2;2;2;2;2;1;2;2;2;2;2;2;2;2;2;2;2;1;4;-9;1;6;1;6;2;-3;750.3589689
1383;2026Q2;ES709A3;ES709;6;2;39;1;1;4;5;6;-1;-1;9;6;-1;-1;-1;41;2;8;-1;-1;-1;2;3;8;-9;-9;5;2;2;3;3;1;2;4;2;2;2;2;3;2;2;2;2;2;2;4;2;4;2;4;4;4;4;4;2;4;2;2;2;2;4;4;4;4;4;4;4;4;4;4;4;4;3;4;1;1;2;3;1;6;2;6;5;1;922.26224326
1384;2026Q2;ES706A0;ES706;1;1;54;1;1;1;10;2;6;2;2;1;-1;-1;-1;-1;-1;-1;-1;-1;-1;2;2;4;5;5;2;5;4;4;3;6;4;2;2;4;4;4;5;3;5;2;4;2;4;4;4;3;3;1;3;3;4;4;5;5;4;4;2;1;5;4;4;2;3;2;2;-3;2;1;2;2;2;2;3;1;5;4;1;1;5;6;5;1;90.372199058
1385;2026Q2;ES706A0;ES706;1;1;62;1;1;1;8;1;6;1;-9;1;-1;-1;-1;-1;-1;-1;-1;-1;-1;2;2;4;7;6;-1;5;5;3;1;6;2;1;2;4;2;4;5;2;4;2;4;1;4;1;4;2;2;2;2;4;4;5;4;4;4;4;2;2;2;2;4;2;4;5;4;5;1;1;1;1;2;2;1;1;4;4;1;1;1;6;4;1;83.877795798
1386;2026Q2;ES706A0;ES706;1;1;61;1;1;1;7;2;6;2;9;1;-1;-1;-1;-1;-1;-1;-1;-1;-1;3;3;6;6;5;6;5;4;4;2;6;4;4;4;5;4;4;5;5;4;4;2;4;2;2;4;4;2;4;4;4;4;4;4;4;2;4;4;2;4;4;4;3;3;4;3;3;4;3;2;3;3;3;1;1;4;1;6;6;5;6;4;1;125.8166937
1387;2026Q2;ES706A0;ES706;1;1;53;1;1;1;9;2;1;2;2;1;-1;-1;-1;-1;-1;-1;-1;-1;-1;1;1;1;3;5;-1;4;4;4;2;6;2;2;4;4;3;4;4;2;4;2;4;3;2;2;4;3;2;2;3;4;4;4;4;3;4;4;3;3;4;4;3;3;4;4;3;-3;4;-3;-3;3;-3;3;2;1;4;1;1;1;5;6;4;-3;45.186099529
1388;2026Q2;ES706A0;ES706;6;2;55;1;1;1;7;2;6;2;5;1;-1;-1;-1;-1;-1;-1;-1;-1;-1;2;2;6;3;3;5;5;4;4;1;6;4;4;4;4;4;2;4;4;2;4;2;2;2;2;2;4;-9;4;2;4;4;4;2;2;2;2;4;4;4;4;2;4;3;3;4;5;4;2;-3;2;2;2;1;1;3;1;1;6;1;6;4;1;326.27606081
1389;2026Q2;ES706A0;ES706;1;1;52;1;1;1;8;7;-1;-1;7;1;-1;-1;-1;-1;-1;-1;-1;-1;-1;1;1;1;5;6;4;5;4;4;4;1;4;5;4;4;4;4;2;4;2;4;2;4;4;3;4;4;4;4;4;2;4;4;4;4;4;4;4;4;5;4;5;5;5;4;4;-3;-3;4;5;3;3;1;1;2;-1;-1;6;6;1;6;5;3;45.186099529
1390;2026Q2;ES706A0;ES706;1;1;21;1;1;1;6;13;-1;-1;-1;6;-1;-1;-1;52;1;-9;-1;-1;-1;3;4;2;4;2;-1;5;5;3;1;6;1;1;3;2;1;5;5;1;4;1;5;3;2;5;2;3;4;1;1;5;4;4;5;5;5;5;1;1;5;2;2;2;2;5;1;1;3;1;2;1;2;1;1;3;-1;-1;6;6;1;1;4;1;362.762491
1391;2026Q2;ES706A0;ES706;6;2;80;1;1;1;9;12;-1;-1;-1;1;-1;1;2;-1;-1;-1;-1;-1;-1;1;1;1;6;6;2;4;4;3;2;6;4;4;4;4;3;4;4;4;4;3;3;4;3;3;3;4;3;3;3;4;3;4;4;3;3;3;3;3;4;4;4;4;3;3;3;3;4;3;3;3;4;4;2;2;-1;-1;1;6;3;6;4;-3;131.54905058
1392;2026Q2;ES709A2;ES709;6;2;42;1;3;1;7;2;6;2;3;1;-1;-1;-1;-1;-1;-1;-1;-1;-1;2;2;6;2;2;3;3;3;1;3;1;2;4;-9;4;3;4;4;-9;-9;2;4;2;4;4;3;2;2;2;3;4;3;3;4;3;4;4;2;2;2;2;3;2;3;4;3;3;3;3;3;2;2;2;1;1;1;2;1;6;5;6;3;3;1550.2494655
1393;2026Q2;ES709A2;ES709;1;1;39;3;1;1;5;1;6;1;6;1;-1;-1;-1;-1;-1;-1;-1;-1;-1;3;3;5;5;3;5;-9;-9;-9;-9;6;2;1;3;1;2;4;5;5;3;1;4;2;4;4;2;2;2;2;2;2;4;4;5;5;5;5;1;1;4;-3;4;1;4;2;2;4;-3;4;4;2;2;2;2;3;-1;-1;6;6;5;6;4;1;1185.1188366
1394;2026Q2;ES709A2;ES709;6;2;35;1;1;1;5;1;6;1;5;6;-1;-1;-1;39;1;6;-1;-1;-1;3;3;5;4;3;5;1;1;1;1;6;2;2;2;2;2;4;5;2;2;1;4;2;4;4;2;2;2;2;2;2;2;2;5;4;3;3;1;1;1;1;1;1;1;1;1;1;-7;-7;1;1;1;1;2;3;-1;-1;6;6;4;6;4;1;1161.9021955
1395;2026Q2;ES709A2;ES709;6;2;50;1;1;1;4;1;6;2;5;1;-1;-1;-1;-1;-1;-1;-1;-1;-1;2;2;4;7;6;5;5;5;5;3;6;4;4;4;5;5;4;5;4;5;4;4;4;3;4;3;4;4;4;4;4;4;4;2;4;4;5;2;2;3;2;3;1;1;1;1;1;2;1;1;2;2;2;1;1;1;4;1;1;5;6;5;-3;818.37325345
1396;2026Q2;ES709A2;ES709;1;1;54;1;1;5;7;10;-1;-1;-1;6;-1;-1;-1;47;1;2;-1;-1;-1;2;3;2;4;3;2;5;5;4;1;6;2;2;4;4;2;4;4;3;4;2;4;2;3;4;2;2;2;2;2;2;2;4;4;4;4;4;2;2;1;1;1;1;1;1;2;1;3;-3;-3;1;1;1;3;2;-1;-1;6;6;5;6;5;1;353.92044986
1397;2026Q2;ES709A2;ES709;6;2;44;1;1;1;5;10;-1;-1;-1;6;-1;-1;-1;53;1;7;-1;-1;-1;3;4;3;5;3;5;5;5;3;2;6;4;4;4;4;4;4;4;4;4;2;4;2;3;4;4;2;4;4;4;4;4;4;4;4;4;4;3;2;2;2;3;3;3;2;2;3;3;3;3;2;2;1;2;2;-1;-1;1;6;1;6;4;1;296.31069277
1398;2026Q2;ES709A2;ES709;6;2;27;1;1;1;8;4;6;2;7;1;-1;-1;-1;-1;-1;-1;-1;-1;-1;4;4;9;7;5;4;5;5;5;2;6;3;3;3;2;3;4;5;4;5;2;5;2;5;3;3;4;3;4;3;4;4;5;5;4;5;5;3;2;2;2;4;3;3;3;3;4;3;1;2;1;2;1;2;1;1;3;6;6;2;6;-3;1;2071.9028401
1399;2026Q2;ES709A2;ES709;1;1;31;1;1;1;9;1;6;2;2;1;-1;-1;-1;-1;-1;-1;-1;-1;-1;1;1;1;3;5;1;5;5;5;5;6;3;3;3;3;3;5;5;3;2;3;5;3;5;3;4;3;3;3;3;3;4;4;5;5;5;5;1;1;3;3;4;1;2;5;4;3;5;1;4;1;1;1;1;1;5;3;1;6;1;6;3;2;311.88156254
1400;2026Q2;ES709A2;ES709;1;1;62;1;1;1;4;1;6;1;7;1;-1;-1;-1;-1;-1;-1;-1;-1;-1;4;4;2;6;4;4;3;3;3;2;6;4;4;2;4;4;5;5;4;4;2;4;2;4;4;2;2;2;4;2;4;4;4;4;4;4;4;2;2;4;3;3;3;3;4;3;3;3;3;3;2;3;3;2;1;1;1;1;6;5;6;4;1;2291.6931723
1401;2026Q2;ES709A1;ES709;6;2;25;1;1;1;9;2;6;2;2;1;-1;-1;-1;-1;-1;-1;-1;-1;-1;2;2;4;6;5;1;5;5;4;2;6;2;2;1;4;4;5;5;3;5;2;5;1;5;5;3;3;3;2;1;4;4;4;5;5;5;5;3;1;1;2;2;1;1;1;3;2;4;1;1;1;2;1;1;1;1;4;1;6;4;6;4;1;813.89114656
1402;2026Q2;ES709A1;ES709;1;1;66;1;1;5;5;12;-1;-1;-1;1;-1;1;4;-1;-1;-1;-1;-1;-1;1;1;1;2;4;3;3;3;3;2;6;4;4;3;3;4;4;4;4;3;4;3;3;4;2;2;3;3;4;4;4;4;4;4;4;4;4;3;2;3;4;4;1;4;3;2;-3;3;2;3;3;3;1;2;1;1;4;6;6;5;1;4;1;644.58647264
1403;2026Q2;ES709A1;ES709;1;1;42;1;1;1;10;1;1;2;3;6;-1;-1;-1;42;1;2;-1;-1;-1;2;2;4;7;6;1;5;4;3;1;6;1;1;1;2;2;5;4;2;5;2;5;2;-9;5;-9;2;3;2;1;2;2;2;5;5;5;5;1;1;1;-3;-3;1;-3;1;3;1;-3;1;1;3;1;1;1;1;3;4;1;1;1;6;3;1;1000.011559
1404;2026Q2;ES709A1;ES709;6;2;75;1;1;1;5;12;-1;-1;-1;-9;-1;-1;-1;-1;-1;-1;-1;-1;-1;2;2;4;3;3;-1;5;-9;3;1;6;4;4;3;4;4;3;2;4;2;3;2;4;3;2;4;3;4;4;4;3;4;4;4;2;2;3;2;3;4;4;4;4;5;5;4;-3;4;4;4;4;4;4;2;2;-1;-1;1;-9;5;6;1;1;1757.8155478
1405;2026Q2;ES709A1;ES709;6;2;75;1;1;1;6;12;-1;-1;-1;6;-1;-1;-1;42;1;5;-1;-1;-1;2;2;8;3;3;5;4;4;4;1;6;4;4;4;4;4;4;4;4;4;2;4;2;4;2;3;2;4;3;4;4;3;2;4;2;3;3;3;2;4;3;4;4;4;3;3;3;3;-3;4;2;-3;4;2;2;-1;-1;6;6;5;6;1;1;1757.8155478
1406;2026Q2;ES709A1;ES709;6;2;38;2;1;5;6;1;6;2;9;1;-1;-1;-1;-1;-1;-1;-1;-1;-1;2;2;4;3;3;6;5;5;5;4;1;1;2;1;2;2;5;5;5;5;1;1;1;1;5;2;1;3;2;2;2;2;3;5;5;5;5;5;5;4;1;3;4;-3;-7;3;-3;3;-3;1;2;3;1;1;1;4;4;6;6;3;6;4;1;958.77849788
1407;2026Q2;ES709A1;ES709;1;1;40;3;2;5;3;10;-1;-1;-1;6;-1;-1;-1;44;1;2;-1;-1;-1;2;2;9;6;5;2;5;4;3;1;6;2;1;2;2;2;2;5;3;4;2;-9;3;-9;2;3;4;3;-9;-9;2;3;4;5;5;4;5;2;2;-3;3;-3;1;3;2;3;4;3;-3;-7;3;2;2;2;3;-1;-1;6;6;5;6;-7;-3;422.49243541
1408;2026Q2;ES709A1;ES709;1;1;56;2;1;5;5;1;1;1;5;1;-1;-1;-1;-1;-1;-1;-1;-1;-1;2;2;6;3;3;4;4;4;4;-9;6;4;4;-9;5;5;2;5;5;5;5;5;4;4;4;3;5;5;4;5;5;5;4;5;3;3;3;3;3;4;-3;-3;-3;-3;-7;-7;-7;-7;-3;-3;1;-3;-3;2;2;-1;-1;6;6;5;6;-3;3;1218.7498724
1409;2026Q2;ES709A1;ES709;1;1;42;1;1;1;2;1;1;1;9;1;-1;-1;-1;-1;-1;-1;-1;-1;-1;2;2;8;3;3;6;5;5;5;3;6;5;4;4;4;4;4;2;4;4;4;4;4;4;4;4;4;4;4;4;4;4;4;2;4;4;4;2;4;4;4;4;4;4;4;4;4;4;4;4;3;4;3;2;2;-1;-1;1;6;1;6;3;1;1000.011559
1410;2026Q2;ES709A1;ES709;1;1;29;1;1;1;5;7;-1;-1;2;6;-1;-1;-1;34;3;-1;-1;1;3;2;2;4;3;3;2;3;3;2;1;6;1;1;1;2;2;5;5;4;5;1;5;1;5;4;2;2;2;1;1;4;4;5;5;5;5;5;1;1;4;3;4;1;3;3;1;1;2;1;2;4;2;1;1;1;5;4;1;1;1;6;4;2;760.68322184
1411;2026Q2;ES709A1;ES709;1;1;44;1;1;1;8;1;6;2;7;1;-1;-1;-1;-1;-1;-1;-1;-1;-1;1;1;1;4;6;4;5;5;4;2;6;4;5;4;4;4;5;5;4;5;2;4;2;4;4;3;2;2;4;2;4;4;4;4;4;4;4;2;2;3;3;3;3;4;3;3;3;3;3;2;1;3;3;1;3;-1;-1;6;6;5;6;2;1;500.00577949
1412;2026Q2;ES709A1;ES709;6;2;60;1;1;5;6;2;6;2;4;-9;-1;-1;-1;-1;-1;-1;-1;-1;-1;2;2;4;6;5;-1;3;3;4;2;6;3;3;3;4;3;4;4;4;4;3;4;2;4;2;2;2;4;2;4;3;3;3;4;4;4;4;2;2;4;3;4;2;4;3;3;3;3;3;3;3;3;3;1;1;3;4;1;6;5;6;4;1;906.21699861
1413;2026Q2;ES709A1;ES709;6;2;42;1;1;1;9;2;6;2;2;6;-1;-1;-1;49;1;1;-1;-1;-1;2;4;2;7;5;1;5;5;4;3;6;3;3;3;4;4;5;5;2;3;3;5;3;5;5;3;4;4;1;3;2;2;2;4;4;4;4;2;3;2;2;2;2;3;2;2;2;2;1;2;1;1;1;2;1;3;2;1;6;5;6;5;1;958.77849788
1414;2026Q2;ES709A1;ES709;6;2;44;3;1;5;7;1;6;2;-9;1;-1;-1;-1;-1;-1;-1;-1;-1;-1;1;1;1;-9;-9;-1;4;4;5;1;6;2;2;2;2;2;5;5;2;5;2;5;2;5;5;2;2;2;2;2;4;2;4;1;2;2;4;2;2;4;4;4;3;4;4;3;2;3;1;3;1;1;3;2;1;3;3;1;6;4;6;4;1;479.38924894
1415;2026Q2;ES709A1;ES709;6;2;66;1;1;1;3;2;6;2;5;1;-1;-1;-1;-1;-1;-1;-1;-1;-1;4;4;8;6;3;6;5;5;4;3;6;3;3;2;3;3;5;5;3;4;1;5;1;5;3;3;1;3;3;2;4;4;4;5;5;5;5;3;1;3;3;4;1;4;3;4;-3;3;3;4;1;1;3;1;1;2;3;1;1;1;6;-7;1;480.74187557
1416;2026Q2;ES709A1;ES709;1;1;42;1;1;1;7;1;1;2;9;1;-1;-1;-1;-1;-1;-1;-1;-1;-1;2;2;6;4;4;6;5;5;3;4;1;4;4;4;4;4;2;4;4;3;4;4;3;4;4;4;4;4;4;4;4;4;4;4;4;3;4;3;2;3;3;4;3;4;4;3;4;4;4;4;3;4;3;1;3;-1;-1;6;6;5;6;1;1;1000.011559
1417;2026Q2;ES709A1;ES709;6;2;75;1;1;1;6;12;-1;-1;-1;1;-1;1;4;-1;-1;-1;-1;-1;-1;1;1;1;4;6;3;3;3;-9;2;6;4;4;4;4;4;-9;4;4;4;2;5;2;4;2;2;2;2;2;4;2;4;4;2;2;2;2;2;2;-3;4;-7;4;4;3;3;3;3;-3;-3;-7;-3;-3;3;-9;-1;-1;6;6;5;6;-3;1;878.9077739
1418;2026Q2;ES709A1;ES709;1;1;44;1;1;5;9;10;-1;-1;-1;6;-1;-1;-1;80;5;-1;-1;2;5;2;2;6;2;2;3;3;3;2;1;6;2;1;1;1;1;5;5;3;5;1;5;1;4;4;2;1;1;2;1;2;2;2;5;5;5;5;2;1;1;1;2;1;-3;1;1;1;-3;1;2;1;1;1;3;1;1;3;1;6;5;6;4;1;176.52901021
1419;2026Q2;ES709A1;ES709;6;2;65;1;1;1;10;2;6;2;2;1;-1;-1;-1;-1;-1;-1;-1;-1;-1;3;3;2;7;6;1;4;4;4;1;6;4;4;3;4;4;-9;4;4;3;2;2;3;2;3;2;3;4;4;4;2;4;4;2;3;3;2;3;2;-3;-3;3;3;4;4;3;3;4;3;3;3;3;4;1;2;-1;-1;1;6;1;6;1;1;360.55640668
1420;2026Q2;ES709A1;ES709;6;2;37;1;1;5;10;7;-1;-1;5;1;-1;-1;-1;-1;-1;-1;-1;-1;-1;3;3;2;7;5;4;4;4;3;3;1;2;5;3;4;3;5;5;3;5;2;4;2;5;5;3;-9;3;1;4;4;4;4;5;5;5;5;4;3;5;4;4;2;4;4;4;3;4;-3;-3;3;3;1;2;2;-1;-1;1;6;2;6;4;1;1438.1677468
1421;2026Q2;ES709A1;ES709;6;2;65;1;1;1;6;1;6;1;4;1;-1;-1;-1;-1;-1;-1;-1;-1;-1;1;1;1;4;6;3;5;5;4;1;6;3;2;5;3;3;5;5;2;5;2;4;2;2;4;4;3;2;2;2;3;3;4;5;5;5;5;1;1;4;-3;-3;2;-3;-3;-3;-3;2;1;-3;2;2;1;1;1;1;3;6;6;1;6;4;1;120.18546889
1422;2026Q2;ES709A1;ES709;6;2;29;3;1;1;9;2;6;2;5;-9;-1;-1;-1;-1;-1;-1;-1;-1;-1;4;4;8;-9;-9;-1;4;4;3;4;1;4;4;4;4;4;5;4;4;4;4;4;4;2;4;4;4;4;4;2;4;4;4;4;4;4;4;4;2;4;4;3;2;4;3;4;3;4;4;4;3;4;4;1;1;1;-9;1;6;5;6;2;1;1627.7822931
1423;2026Q2;ES709A1;ES709;1;1;38;1;1;5;8;1;6;2;7;1;-1;-1;-1;-1;-1;-1;-1;-1;-1;2;3;2;6;4;4;5;5;3;3;6;4;2;1;4;4;5;5;4;5;2;5;3;3;4;4;3;2;3;2;3;4;4;5;5;5;5;2;2;-3;-3;-3;5;-3;-3;-3;-3;-3;-3;-3;-3;-3;-3;1;1;1;4;1;6;5;6;4;1;1000.011559
1424;2026Q2;ES709A1;ES709;1;1;44;1;1;1;5;1;1;1;5;1;-1;-1;-1;-1;-1;-1;-1;-1;-1;2;2;4;5;5;5;4;4;3;3;1;4;2;4;2;2;5;5;2;5;2;3;3;2;4;2;2;2;4;2;2;4;4;4;4;4;4;1;2;1;3;3;1;3;3;1;3;3;2;3;1;2;2;1;2;-1;-1;6;6;1;6;5;1;1000.011559
1425;2026Q2;ES709A1;ES709;6;2;41;1;1;5;10;5;-1;-1;5;1;-1;-1;-1;-1;-1;-1;-1;-1;-1;1;2;6;3;3;3;4;5;3;2;6;4;2;2;2;2;4;4;2;4;3;4;3;4;-9;2;2;3;3;2;3;2;2;5;5;4;5;2;2;4;2;3;2;4;2;2;-3;2;-3;4;4;3;2;3;1;3;2;1;1;5;6;-3;3;479.38924894
1426;2026Q2;ES709A1;ES709;6;2;52;1;1;1;5;14;-1;-1;-1;1;6;-1;-1;-1;-1;-1;-1;-1;-1;2;2;6;4;4;-1;2;3;3;2;6;4;4;4;4;4;4;4;4;2;2;4;2;4;4;2;4;2;2;2;4;2;4;2;4;4;4;4;2;3;3;3;4;4;3;3;4;4;3;3;2;3;3;2;1;3;1;1;6;5;6;3;3;1978.3486819
1427;2026Q2;ES709A1;ES709;6;2;52;1;1;1;5;10;-1;-1;-1;1;-1;1;5;-1;-1;-1;-1;-1;-1;1;1;1;1;2;5;4;4;4;1;6;4;4;-9;4;4;4;4;4;-9;4;4;4;4;2;4;4;4;4;4;4;4;4;4;4;4;4;1;2;4;4;-3;4;3;4;5;3;3;-3;-3;2;-3;4;3;-9;-1;-1;6;6;5;6;4;1;42.106342398
1428;2026Q2;ES709A1;ES709;1;1;45;2;1;5;8;1;1;1;7;1;-1;-1;-1;-1;-1;-1;-1;-1;-1;2;3;2;6;5;4;4;4;3;2;6;2;1;2;3;1;4;4;3;5;2;5;2;5;5;2;2;2;1;1;1;1;1;5;4;4;4;2;2;2;3;3;1;3;3;4;1;3;3;3;1;1;1;1;1;1;4;1;6;5;6;5;1;1181.7771838
1429;2026Q2;ES709A1;ES709;1;1;31;2;3;2;9;8;-1;-1;3;1;-1;-1;-1;-1;-1;-1;-1;-1;-1;2;2;4;6;5;2;5;5;3;1;6;5;5;5;5;5;3;4;4;4;5;4;4;2;5;4;5;5;3;5;5;5;5;4;2;1;2;4;4;4;4;4;5;4;5;5;2;4;4;4;-7;-7;4;1;1;3;4;6;6;4;-9;3;2;1006.646647
1430;2026Q2;ES709A1;ES709;6;2;63;1;1;1;10;12;-1;-1;-1;1;-1;1;2;-1;-1;-1;-1;-1;-1;2;2;4;7;6;-1;5;5;3;1;6;2;2;2;4;4;4;4;2;4;2;4;2;4;4;4;4;2;2;3;4;4;4;4;4;4;4;2;2;4;3;4;2;4;4;3;-3;3;3;-3;2;2;-3;2;1;1;2;1;6;5;6;4;1;2423.6616086
1431;2026Q2;ES709A1;ES709;6;2;27;1;1;1;10;1;1;2;2;6;-1;-1;-1;35;1;5;-1;-1;-1;4;4;9;7;5;5;4;5;5;3;1;2;2;2;2;2;5;5;2;4;2;4;2;4;4;2;2;2;2;2;2;2;2;4;4;5;5;1;2;4;4;1;1;4;2;2;2;4;2;2;1;2;2;2;1;4;3;1;1;3;6;-7;-3;1627.7822931
1432;2026Q2;ES709A1;ES709;6;2;44;1;1;1;8;1;6;2;4;1;-1;-1;-1;-1;-1;-1;-1;-1;-1;4;4;9;7;5;3;4;4;3;1;6;4;3;2;4;4;5;5;2;5;1;5;1;3;3;3;4;3;2;1;3;4;4;4;4;5;4;3;2;4;4;3;3;4;4;4;2;2;2;2;1;2;1;1;1;3;2;1;6;1;6;4;1;1917.5569958
1433;2026Q2;ES709A1;ES709;6;2;25;3;2;4;10;1;1;1;5;1;-1;-1;-1;-1;-1;-1;-1;-1;-1;1;1;1;3;5;5;4;4;4;4;1;4;4;3;4;4;4;5;4;4;2;4;3;4;3;4;2;2;4;3;2;4;4;1;2;3;4;4;1;3;3;3;3;4;4;4;4;4;4;-3;1;3;2;2;1;1;2;1;6;4;6;-7;1;663.8299871
1434;2026Q2;ES709A1;ES709;1;1;39;3;3;3;10;1;1;2;3;6;-1;-1;-1;33;1;4;-1;-1;-1;4;4;6;7;3;3;5;5;3;3;1;4;2;4;4;4;4;4;4;4;2;4;2;4;4;4;2;4;4;4;4;4;4;4;4;4;4;4;4;3;3;4;3;3;4;4;3;4;3;4;3;3;3;1;1;5;4;6;6;3;6;3;-3;2491.9499684
1435;2026Q2;ES709A1;ES709;6;2;50;1;1;5;4;2;1;1;5;6;-1;-1;-1;45;1;7;-1;-1;-1;3;3;5;6;5;4;3;3;3;3;6;3;2;2;2;4;4;4;2;3;2;4;3;4;4;3;3;3;2;2;2;3;3;3;3;4;4;3;2;3;3;3;3;3;3;3;3;3;3;3;1;3;3;2;2;-1;-1;6;6;5;6;4;2;691.35610779
1436;2026Q2;ES709A1;ES709;1;1;63;1;1;1;6;1;6;1;4;1;-1;-1;-1;-1;-1;-1;-1;-1;-1;1;1;1;2;3;3;5;5;4;3;6;4;2;-9;-9;-9;5;5;2;5;-9;5;2;5;-9;-9;-9;-9;2;3;4;-9;4;5;5;5;5;2;2;2;3;3;2;3;3;2;2;2;2;2;2;1;1;2;1;3;4;6;6;1;6;-7;1;609.37493619
1437;2026Q2;ES709A1;ES709;6;2;49;1;1;1;8;2;6;2;5;1;-1;-1;-1;-1;-1;-1;-1;-1;-1;2;2;8;4;4;5;4;3;3;4;1;4;4;3;4;2;3;3;3;2;3;4;3;2;1;-9;3;3;4;3;3;4;4;2;3;4;4;2;2;4;3;3;2;3;2;3;2;3;2;2;1;2;2;1;1;4;1;1;1;5;1;4;1;460.90407186
1438;2026Q2;ES709A1;ES709;6;2;51;1;1;1;10;2;6;2;2;1;-1;-1;-1;-1;-1;-1;-1;-1;-1;2;4;2;6;3;1;5;5;4;2;6;2;2;2;4;3;5;5;2;2;3;4;3;2;4;2;4;3;2;-9;4;4;3;4;4;4;5;2;3;5;4;4;3;4;4;4;-3;4;2;-3;-3;-3;3;1;1;1;2;1;6;5;6;3;-3;460.90407186
1439;2026Q2;ES709A1;ES709;6;2;48;1;1;5;9;1;1;2;2;6;-1;-1;-1;48;2;2;-1;-1;-1;2;4;2;6;3;1;5;5;4;3;1;4;2;2;4;4;5;3;2;4;2;4;2;3;3;3;4;4;3;4;2;2;2;2;4;4;4;4;3;4;3;4;2;3;3;3;2;2;-3;3;3;3;4;1;1;2;2;1;6;5;6;4;-3;460.90407186
1440;2026Q2;ES709A1;ES709;1;1;50;1;1;1;5;2;6;2;9;1;-1;-1;-1;-1;-1;-1;-1;-1;-1;3;3;2;4;3;6;1;2;1;1;6;4;4;2;2;2;2;2;4;2;2;4;4;2;4;4;2;2;4;2;2;2;4;4;2;2;2;2;2;3;1;3;3;3;3;3;3;2;1;3;3;3;3;2;1;2;4;1;1;3;6;1;1;1772.6657757
1441;2026Q2;ES709A1;ES709;1;1;50;2;1;5;10;2;6;2;3;1;-1;-1;-1;-1;-1;-1;-1;-1;-1;2;2;4;6;5;3;4;4;3;1;6;4;2;2;4;2;4;4;4;4;2;4;2;3;2;3;2;3;2;2;2;4;3;4;4;4;4;4;2;4;4;4;4;4;4;4;-7;4;-3;4;2;4;2;1;1;1;3;1;6;3;6;3;1;1181.7771838
1442;2026Q2;ES709A1;ES709;6;2;69;1;1;1;11;12;-1;-1;-1;1;-1;1;2;-1;-1;-1;-1;-1;-1;1;1;1;6;6;2;4;4;3;2;6;3;3;3;3;-9;3;3;2;2;4;4;4;4;4;-9;4;4;4;4;4;4;4;2;2;2;2;4;4;5;4;4;3;4;4;4;3;4;-3;-3;3;4;4;3;3;-1;-1;6;6;5;6;-3;-3;878.9077739
1443;2026Q2;ES709A1;ES709;6;2;38;1;1;1;10;10;-1;-1;-1;6;-1;-1;-1;36;2;5;-1;-1;-1;2;3;2;5;3;3;4;4;3;1;6;4;4;4;5;4;4;5;4;4;4;5;5;4;4;2;4;4;2;4;4;5;4;5;2;2;2;4;4;4;4;4;4;4;5;2;3;4;4;4;1;2;2;1;1;4;3;6;6;1;6;2;1;162.11851816
1444;2026Q2;ES709A1;ES709;6;2;65;3;2;5;9;14;-1;-1;-1;6;-1;-1;-1;73;2;2;-1;-1;-1;4;4;2;7;5;2;4;4;3;1;6;4;5;4;4;4;4;4;4;2;4;3;3;4;4;4;4;4;4;3;4;4;4;4;4;2;4;3;2;4;4;4;4;4;4;4;4;4;-3;4;4;4;4;2;1;1;4;1;6;5;6;3;3;4543.1687509
1445;2026Q2;ES709A1;ES709;6;2;67;1;1;1;3;12;-1;-1;-1;1;-1;1;9;-1;-1;-1;-1;-1;-1;2;2;6;2;2;6;4;4;2;2;6;2;4;4;3;2;4;4;4;4;3;5;4;4;4;2;3;4;4;4;4;3;2;4;4;4;4;4;4;-3;-3;-3;-3;-3;-3;-3;-3;-3;3;4;-3;-3;-3;2;1;1;4;6;6;1;6;3;-3;1757.8155478
1446;2026Q2;ES709A1;ES709;6;2;62;1;1;1;4;15;-1;-1;-1;1;1;1;9;-1;-1;-1;-1;-1;-1;1;1;1;2;3;6;5;5;3;3;6;5;3;-9;5;4;4;-9;5;5;-9;-9;-9;4;-9;-9;-9;-9;-9;-9;-9;-9;5;-9;-9;-9;-9;-9;-9;4;5;5;-7;-3;-3;-3;1;-3;-7;-3;-3;-3;-3;2;1;4;3;1;1;1;6;2;-7;1211.8308043
1447;2026Q2;ES709A1;ES709;6;2;29;1;1;1;8;1;6;2;3;1;-1;-1;-1;-1;-1;-1;-1;-1;-1;2;2;4;6;5;3;5;5;5;4;1;2;2;1;3;2;5;5;2;5;1;5;1;3;2;2;1;2;1;1;1;3;3;5;5;5;5;1;1;1;1;1;1;1;2;1;1;1;1;1;1;1;1;1;1;4;4;1;6;4;6;5;1;813.89114656
1448;2026Q2;ES709A1;ES709;1;1;38;1;1;1;8;7;-1;-1;7;6;-1;-1;-1;78;5;-1;-1;1;8;2;2;6;4;4;-1;3;3;2;2;6;4;4;4;4;4;4;4;4;4;2;4;2;5;5;1;4;2;4;4;4;4;4;4;4;4;2;2;2;3;3;3;4;4;3;2;3;3;3;3;3;3;3;1;3;-1;-1;1;6;1;6;2;-3;1000.011559
1449;2026Q2;ES709A1;ES709;1;1;48;3;1;5;5;10;-1;-1;-1;1;-1;-9;-1;-1;-1;-1;-1;-1;-1;1;1;1;2;3;-1;3;2;2;1;6;2;2;2;4;2;2;2;4;2;4;2;2;4;2;2;2;2;4;4;4;4;4;2;2;4;4;2;2;4;3;3;3;4;3;2;3;3;3;3;3;3;3;2;1;1;4;6;6;5;6;1;1;179.14731752
1450;2026Q2;ES709A1;ES709;6;2;72;2;1;1;6;12;-1;-1;-1;1;-1;1;4;-1;-1;-1;-1;-1;-1;1;1;1;2;4;3;5;3;3;3;6;4;5;-9;-9;2;3;2;4;2;2;2;4;5;5;2;2;-9;4;4;2;4;4;4;4;4;4;3;4;3;3;-7;2;4;3;3;-7;-7;3;3;-7;-7;3;2;3;-1;-1;6;6;1;6;1;2;878.9077739
1451;2026Q2;ES709A1;ES709;1;1;49;1;1;1;3;10;-1;-1;-1;1;-1;1;9;-1;-1;-1;-1;-1;-1;2;3;8;3;2;6;4;4;4;2;6;4;4;2;4;4;3;4;4;4;2;4;2;4;3;2;2;2;2;2;4;4;4;4;4;3;4;2;2;-3;-3;-3;-3;-3;4;-3;-3;-3;-3;-3;-3;-3;-3;2;1;3;-9;6;6;1;6;1;1;358.29463503
1452;2026Q2;ES709A1;ES709;6;2;36;1;1;1;9;1;6;1;-9;6;-1;-1;-1;74;5;-1;-1;1;5;2;2;8;6;5;5;4;3;3;2;6;2;2;3;4;4;4;4;4;4;3;3;4;4;4;3;2;3;4;4;4;4;4;4;4;3;3;4;2;4;4;4;4;4;4;3;3;4;2;2;4;4;4;2;3;-1;-1;6;6;1;6;-3;3;958.77849788
1453;2026Q2;ES709A1;ES709;6;2;31;3;3;4;6;10;-1;-1;-1;6;-1;-1;-1;33;1;5;-1;-1;-1;4;4;6;4;2;5;3;3;3;2;1;4;4;4;4;4;2;4;2;2;2;3;4;4;2;4;4;3;4;4;4;2;4;3;4;3;4;3;2;3;3;4;3;3;3;3;2;3;4;4;3;3;3;1;1;3;2;1;-9;4;6;-3;2;1061.999989
1454;2026Q2;ES709A1;ES709;1;1;26;3;3;5;9;13;-1;-1;-1;6;-1;-1;-1;47;2;2;-1;-1;-1;3;3;6;7;5;1;5;5;4;1;6;5;4;5;5;5;2;4;5;4;4;5;4;4;3;1;4;3;4;4;4;1;1;2;1;1;2;3;4;1;3;1;1;3;5;1;1;1;1;1;1;1;2;2;3;-1;-1;6;6;4;6;1;1;1845.4707417
1455;2026Q2;ES709A1;ES709;1;1;60;1;1;1;7;1;6;2;8;1;-1;-1;-1;-1;-1;-1;-1;-1;-1;2;2;4;5;5;5;4;4;4;2;6;-9;4;2;4;4;4;4;4;2;2;4;4;2;4;2;2;2;2;4;2;4;4;-9;4;2;4;-9;-9;-3;-3;-3;-3;-7;-7;-3;-3;-3;-3;-3;-3;-3;-3;2;-9;-1;-1;6;6;1;6;1;-3;1218.7498724
1456;2026Q2;ES709A1;ES709;6;2;46;1;1;1;9;6;-1;-1;5;1;-1;-1;-1;-1;-1;-1;-1;-1;-1;2;3;7;7;5;3;4;5;3;3;1;5;5;4;5;5;3;2;5;3;5;-9;4;2;4;3;5;5;5;4;5;5;5;4;2;3;2;3;5;5;4;5;4;4;3;4;-3;2;2;2;-3;4;2;1;3;-1;-1;1;1;5;1;1;3;460.90407186
1457;2026Q2;ES709A1;ES709;1;1;55;3;1;5;5;1;6;2;9;1;-1;-1;-1;-1;-1;-1;-1;-1;-1;1;1;1;2;4;6;4;3;4;2;6;4;4;3;4;4;4;4;4;4;4;4;4;5;4;4;4;4;4;4;4;2;4;4;4;4;4;4;3;3;3;3;2;4;3;3;3;4;3;3;3;2;3;3;1;1;4;1;1;5;6;2;-3;609.37493619
1458;2026Q2;ES709A1;ES709;1;1;31;1;1;1;8;1;6;2;9;6;-1;-1;-1;59;1;5;-1;-1;-1;4;4;2;6;3;5;5;4;4;3;6;4;4;4;4;5;2;4;4;2;4;2;4;2;2;4;4;4;4;4;4;4;4;2;2;2;2;2;4;4;4;4;4;4;3;3;4;4;4;3;4;4;4;2;3;-1;-1;6;6;1;6;2;2;1521.3664437
1459;2026Q2;ES709A1;ES709;6;2;28;1;1;1;9;1;1;2;1;1;-1;-1;-1;-1;-1;-1;-1;-1;-1;2;2;4;7;6;1;5;5;3;1;6;4;4;2;5;4;4;5;2;5;2;5;2;4;5;4;4;3;2;3;2;4;3;5;4;4;4;2;2;4;4;4;3;4;4;3;3;4;3;3;3;3;3;1;1;1;4;1;6;5;6;5;1;813.89114656
1460;2026Q2;ES709A1;ES709;1;1;36;3;2;4;5;1;1;2;-9;1;-1;-1;-1;-1;-1;-1;-1;-1;-1;2;2;9;3;3;-1;4;4;2;2;6;1;1;4;4;4;4;5;4;2;2;4;2;4;5;2;1;2;4;2;2;2;4;5;5;4;4;4;1;4;4;4;2;4;4;1;1;2;4;4;1;2;2;1;3;-1;-1;6;6;4;6;4;1;1245.9749842
1461;2026Q2;ES709A1;ES709;6;2;40;1;1;1;8;2;6;2;5;1;-1;-1;-1;-1;-1;-1;-1;-1;-1;1;2;6;3;3;5;5;5;1;1;6;2;2;1;2;1;5;5;2;5;1;5;1;5;5;1;1;1;1;1;4;4;4;5;5;5;5;1;1;4;3;4;1;3;3;1;-3;-3;-3;-3;1;1;1;3;1;5;2;1;6;5;6;2;1;479.38924894
1462;2026Q2;ES709A1;ES709;6;2;54;1;1;1;4;1;6;2;9;6;-1;-1;-1;59;1;9;-1;-1;-1;3;4;3;5;3;6;4;3;3;4;1;1;1;1;4;1;5;4;2;1;4;4;2;4;4;4;1;4;4;1;2;4;4;1;4;1;4;1;1;5;4;5;2;4;1;1;1;1;1;1;1;2;1;3;1;1;1;1;1;5;6;-3;1;691.35610779
1463;2026Q2;ES709A1;ES709;6;2;36;1;1;1;5;2;6;1;4;1;-1;-1;-1;-1;-1;-1;-1;-1;-1;2;3;7;5;3;3;3;3;3;3;6;5;5;4;4;4;4;4;4;2;4;2;2;4;2;2;2;4;4;4;4;4;4;2;2;2;2;4;4;4;4;4;4;4;4;4;4;4;4;4;4;4;4;2;3;-1;-1;6;6;1;6;1;-3;958.77849788
1464;2026Q2;ES709A1;ES709;1;1;47;1;1;1;8;2;6;2;4;1;-1;-1;-1;-1;-1;-1;-1;-1;-1;3;3;6;7;5;3;5;5;3;2;6;4;4;3;4;3;4;5;4;4;4;4;3;3;4;4;4;3;4;4;4;4;4;5;4;5;4;4;4;4;3;4;4;4;4;3;-3;4;4;4;1;3;4;2;3;-1;-1;6;6;5;6;3;1;1772.6657757
1465;2026Q2;ES709A1;ES709;6;2;25;1;1;1;5;1;6;2;5;6;-1;-1;-1;54;5;-1;-1;1;3;3;3;6;4;3;3;4;4;3;2;1;4;5;4;4;4;4;5;4;4;2;4;4;2;4;4;2;2;4;2;4;4;4;4;4;4;4;2;2;4;4;3;2;4;4;3;3;4;3;4;4;4;4;1;3;-1;-1;1;6;1;6;1;2;1220.8367198
1466;2026Q2;ES709A1;ES709;1;1;23;1;1;1;5;11;-1;-1;-1;6;-1;-1;-1;44;3;-1;-1;1;5;2;3;6;2;2;5;4;4;1;1;6;4;4;-9;3;3;5;5;1;5;2;-9;2;-9;4;2;2;2;3;2;2;3;3;4;4;4;3;2;2;2;2;2;2;2;2;2;2;2;2;2;2;2;2;2;2;-1;-1;6;6;1;6;1;-3;84.212684796
1467;2026Q2;ES709A1;ES709;6;2;33;3;1;5;6;1;1;2;5;1;-1;-1;-1;-1;-1;-1;-1;-1;-1;3;3;2;6;5;5;4;3;3;1;6;3;3;3;3;3;4;5;4;4;2;4;2;3;4;3;4;3;2;3;4;2;4;4;4;4;3;2;2;3;3;4;2;4;4;4;3;3;3;3;1;3;1;2;2;-1;-1;6;6;5;6;1;1;1220.8367198
1468;2026Q2;ES709A1;ES709;1;1;24;1;1;1;7;1;6;2;7;6;-1;-1;-1;58;1;3;-1;-1;-1;4;4;6;7;5;2;5;5;3;1;6;1;1;4;4;4;4;5;1;3;1;5;2;5;5;1;1;1;1;2;2;2;2;5;5;5;5;1;1;2;1;3;4;4;3;3;4;3;4;3;1;4;3;2;1;3;4;1;6;1;6;1;1;1521.3664437
1469;2026Q2;ES709A1;ES709;6;2;31;1;1;1;7;2;6;2;5;6;-1;-1;-1;64;2;2;-1;-1;-1;2;2;6;6;6;1;3;3;2;1;6;4;2;3;4;3;4;5;3;5;2;4;3;4;4;3;3;2;2;4;4;3;4;4;5;4;4;3;2;3;4;3;-3;4;4;3;3;4;3;3;2;2;3;3;1;1;3;1;6;1;6;4;1;813.89114656
1470;2026Q2;ES709A1;ES709;1;1;30;1;1;1;10;2;6;2;3;6;-1;-1;-1;59;1;3;-1;-1;-1;2;4;6;7;4;3;5;5;5;5;1;3;2;1;3;2;5;5;3;5;1;5;1;5;4;1;3;2;3;4;4;4;4;5;5;5;5;1;1;4;5;4;1;2;3;2;-3;3;2;2;1;3;1;1;1;3;4;1;6;5;6;-3;1;760.68322184
1471;2026Q2;ES709A1;ES709;6;2;52;1;1;1;7;1;6;2;5;1;-1;-1;-1;-1;-1;-1;-1;-1;-1;3;3;6;3;2;5;4;4;2;2;6;4;4;4;4;4;-9;4;4;4;4;5;4;4;4;4;4;2;2;4;4;2;5;5;5;4;5;4;2;2;4;4;2;4;3;4;4;-3;5;4;2;4;4;2;1;1;2;1;6;1;6;4;1;691.35610779
1472;2026Q2;ES709A1;ES709;6;2;29;3;1;5;10;2;6;2;2;6;-1;-1;-1;36;1;7;-1;-1;-1;2;2;8;5;5;5;4;3;2;1;6;2;2;2;3;2;4;4;2;2;2;2;2;3;3;2;2;2;2;2;2;2;2;4;4;4;4;2;2;3;3;2;2;2;3;3;2;4;3;-3;1;2;3;2;1;3;4;1;6;5;6;2;1;813.89114656
1473;2026Q2;ES709A1;ES709;1;1;38;1;1;1;8;1;6;2;7;6;-1;-1;-1;35;1;4;-1;-1;-1;2;3;2;6;5;3;5;5;4;1;6;1;1;1;1;1;4;5;1;5;1;4;1;4;5;1;1;1;1;1;1;1;1;5;5;5;5;1;1;1;1;1;1;3;1;1;1;2;1;1;1;1;1;1;1;1;4;6;6;1;6;1;1;1000.011559
1474;2026Q2;ES709A1;ES709;6;2;49;1;1;1;9;1;6;1;4;1;-1;-1;-1;-1;-1;-1;-1;-1;-1;2;3;2;5;4;3;5;5;3;4;1;2;2;1;3;2;5;5;2;4;2;-9;2;5;4;3;3;3;1;-9;3;2;1;4;1;5;5;1;1;3;3;2;1;2;3;2;1;-3;-3;-3;2;-3;-3;1;1;1;3;1;1;1;6;3;-3;460.90407186
1475;2026Q2;ES709A1;ES709;6;2;42;1;1;1;10;2;6;2;2;6;-1;-1;-1;44;1;2;-1;-1;-1;2;4;6;7;5;1;4;4;4;1;6;1;1;1;1;1;4;5;2;4;1;4;1;4;4;2;1;1;1;1;2;2;2;4;5;5;5;2;1;1;2;2;1;2;2;2;2;4;2;2;2;2;2;1;2;-1;-1;6;6;5;6;2;-3;958.77849788
1476;2026Q2;ES709A1;ES709;6;2;47;2;1;3;8;10;-1;-1;-1;1;-1;1;3;-1;-1;-1;-1;-1;-1;1;1;1;3;5;4;4;4;3;2;6;2;2;4;4;3;4;4;4;4;2;4;3;4;3;2;4;3;2;3;2;4;4;4;4;4;4;-9;2;4;4;4;3;4;4;3;3;4;-3;-3;2;3;2;1;1;1;4;1;6;3;6;3;1;42.106342398
1477;2026Q2;ES709A1;ES709;6;2;26;3;1;5;9;1;6;1;5;6;-1;-1;-1;52;2;8;-1;-1;-1;4;4;3;6;2;5;4;4;4;4;1;4;4;3;4;4;3;4;4;4;4;4;4;2;4;3;3;3;4;4;4;4;4;4;2;4;5;4;4;5;4;5;4;3;4;4;4;4;4;4;2;5;4;2;1;3;4;6;6;5;6;3;1;2441.6734397
1478;2026Q2;ES709A1;ES709;1;1;42;1;1;1;8;7;-1;-1;3;6;-1;-1;-1;69;8;-1;1;1;4;3;3;8;5;3;3;3;4;3;1;6;3;3;3;3;3;3;3;3;3;3;3;3;3;3;3;3;3;3;3;3;3;3;3;3;3;3;3;3;3;4;3;3;4;3;3;4;3;3;3;3;4;4;2;1;3;3;6;6;1;6;1;2;1500.0173385
1479;2026Q2;ES709A1;ES709;1;1;59;1;1;1;3;12;-1;-1;-1;1;-1;1;7;-1;-1;-1;-1;-1;-1;1;1;1;2;4;5;5;5;2;1;6;4;4;3;4;4;2;2;4;2;4;2;4;1;2;4;5;4;4;4;4;5;5;2;2;2;2;4;4;4;4;4;4;5;3;4;4;-3;-3;4;-3;-3;4;2;1;1;2;1;1;5;6;1;3;721.20852655
1480;2026Q2;ES709A1;ES709;6;2;49;1;1;1;5;1;6;2;9;1;-1;-1;-1;-1;-1;-1;-1;-1;-1;2;2;6;3;3;6;5;5;4;2;6;3;3;3;4;4;3;4;2;3;3;3;3;4;4;3;3;3;3;3;3;3;3;3;3;3;3;3;3;4;4;4;4;4;4;3;3;4;4;4;3;3;3;2;2;-1;-1;6;6;1;6;-3;-3;460.90407186
1481;2026Q2;ES709A1;ES709;1;1;67;3;1;4;11;1;6;2;2;6;-1;-1;-1;60;1;2;-1;-1;-1;3;3;5;5;4;1;4;4;4;2;6;5;5;5;4;1;4;4;-9;4;4;4;4;4;2;4;4;4;3;4;4;5;5;4;4;-9;-9;-9;4;4;5;4;4;5;5;5;5;5;5;1;-3;-3;-3;2;2;-1;-1;6;6;4;6;2;-3;1598.2586468
1482;2026Q2;ES709A1;ES709;1;1;30;1;1;1;5;1;6;2;9;6;-1;-1;-1;55;1;-9;-1;-1;-1;3;3;6;-9;-9;-1;4;4;2;2;6;2;2;4;4;2;4;5;4;4;2;4;2;4;4;2;2;2;2;2;4;2;2;2;4;4;4;4;2;2;3;3;2;3;2;2;3;3;2;3;2;2;2;2;1;3;4;1;6;1;6;2;1;1141.0248328
1483;2026Q2;ES709A1;ES709;6;2;64;1;1;1;5;2;6;2;5;6;-1;-1;-1;25;1;2;-1;-1;-1;2;2;6;4;4;2;4;5;3;1;6;4;4;2;4;4;5;5;4;5;2;5;2;4;4;2;3;1;2;2;4;2;2;4;5;5;4;2;2;5;3;4;4;5;4;2;-3;-3;-3;2;1;3;3;3;1;1;3;1;6;5;6;-3;1;906.21699861
1484;2026Q2;ES709A1;ES709;6;2;38;1;1;1;5;14;-1;-1;-1;1;1;-9;-1;-1;-1;-1;-1;-1;-1;1;1;1;2;3;-1;-9;5;3;2;6;4;4;-9;4;4;3;2;4;3;1;4;3;2;3;3;2;3;4;2;3;4;3;3;3;4;3;2;3;3;4;3;3;4;5;4;3;4;4;5;3;3;3;3;2;-1;-1;6;6;1;6;2;2;1238.1115539
1485;2026Q2;ES709A1;ES709;6;2;45;1;1;1;3;18;-1;-1;-1;6;-1;-1;-1;49;1;7;-1;-1;-1;3;3;7;3;2;4;3;3;1;1;6;3;3;2;3;2;5;2;4;5;2;5;2;5;5;1;1;2;2;2;1;3;3;5;5;4;5;1;1;5;1;5;1;2;1;1;1;1;1;1;1;1;1;3;1;4;4;6;6;1;1;4;-3;2967.5230228
1486;2026Q2;ES709A1;ES709;1;1;19;2;1;5;5;11;-1;-1;-1;6;-1;-1;-1;43;1;0;-1;-1;-1;2;3;8;4;3;-1;4;5;2;3;6;3;4;4;3;4;4;4;2;4;3;4;3;2;2;4;4;3;4;2;4;5;5;3;3;3;4;3;4;4;3;4;4;5;4;4;4;5;4;4;2;4;3;3;2;-1;-1;6;6;5;6;1;3;84.212684796
1487;2026Q2;ES709A1;ES709;6;2;51;1;1;5;7;16;-1;-1;-1;1;1;1;5;-1;-1;-1;-1;-1;-1;1;1;1;2;4;4;4;4;3;1;6;4;4;-9;4;-9;4;5;4;3;3;4;4;4;-9;2;-9;4;4;2;2;-9;-9;2;4;2;4;-9;3;3;4;4;3;2;3;2;-3;-3;-3;-3;2;-3;-3;2;1;5;1;6;6;5;6;4;1;989.17434094
1488;2026Q2;ES709A1;ES709;1;1;52;1;1;1;3;11;-1;-1;-1;1;-1;-1;-1;-1;-1;-1;-1;-1;-1;2;2;4;4;4;-1;2;4;3;3;6;4;4;4;4;4;4;4;4;4;4;4;4;2;2;4;4;4;4;4;4;4;4;2;2;4;2;4;4;4;3;4;4;3;3;3;3;4;4;4;3;3;3;2;1;4;4;1;6;1;6;1;1;358.29463503
1489;2026Q2;ES709A1;ES709;6;2;19;1;1;1;6;13;-1;-1;-1;6;-1;-1;-1;54;1;7;-1;-1;-1;3;3;2;4;3;4;5;5;2;2;6;3;2;2;4;3;-9;5;2;3;1;5;-9;5;5;2;2;3;2;2;3;4;4;5;5;5;4;2;1;4;-7;-7;-7;-7;-7;-7;-7;-7;-7;3;3;3;3;2;-9;-1;-1;-9;-9;1;6;-3;-3;3497.0036349
1490;2026Q2;ES709A1;ES709;6;2;48;1;1;1;7;16;-1;-1;-1;6;-1;-1;-1;72;9;-1;6;-1;-1;2;2;8;3;3;-1;-9;-9;-9;-9;6;-9;3;-9;-9;-9;-9;-9;3;-9;3;-9;-9;-9;-9;-9;3;3;-9;-9;-9;3;4;-9;3;3;-9;-9;-9;-3;-3;-3;-3;-3;3;-3;-3;-3;-3;-3;-3;-3;-3;2;-9;-1;-1;-9;6;5;6;1;-3;1978.3486819
1491;2026Q2;ES709A1;ES709;1;1;31;1;1;1;7;10;-1;-1;-1;6;-1;-1;-1;75;9;-1;-9;-1;-1;2;2;8;3;3;-1;5;5;5;5;6;3;5;2;5;5;3;5;4;5;4;5;3;5;5;2;4;3;4;1;2;-9;4;4;3;3;5;3;4;4;5;4;3;3;4;5;4;4;5;4;3;4;4;2;1;5;1;1;6;1;6;1;-7;84.212684796
1492;2026Q2;ES709A1;ES709;1;1;62;1;1;1;5;11;-1;-1;-1;1;-1;-1;-1;-1;-1;-1;-1;-1;-1;2;2;8;2;2;-1;3;3;2;2;6;4;2;4;4;2;4;4;4;4;2;4;2;2;2;4;2;2;4;4;4;4;4;2;2;2;2;2;4;4;3;4;4;4;4;3;3;4;-3;3;3;3;3;1;3;-1;-1;6;6;5;6;1;1;395.26732359
1493;2026Q2;ES709A1;ES709;6;2;27;1;1;1;10;1;1;2;2;6;-1;-1;-1;63;8;-1;1;1;3;3;3;8;6;4;4;4;4;2;2;6;2;2;-9;2;4;2;4;2;4;2;4;2;4;4;4;4;2;2;2;4;4;4;4;4;4;4;3;2;4;4;4;3;4;3;3;2;5;2;3;1;1;2;2;1;1;2;1;6;5;6;4;1;1220.8367198
1494;2026Q2;ES709A1;ES709;6;2;50;3;1;1;8;11;-1;-1;-1;6;-1;-1;-1;53;9;-1;1;1;7;2;2;8;2;2;5;5;4;4;4;6;4;4;4;4;4;4;4;4;4;1;2;1;2;2;2;1;1;4;2;4;4;4;2;2;2;2;2;2;1;1;1;1;1;1;1;1;1;1;1;1;1;1;1;-9;-1;-1;-9;-9;2;-9;-7;-7;84.212684796
1495;2026Q2;ES709A1;ES709;1;1;56;1;1;1;7;1;6;1;8;1;-1;-1;-1;-1;-1;-1;-1;-1;-1;3;3;2;5;3;5;5;4;3;3;1;4;4;4;4;4;4;4;4;2;4;2;3;2;3;4;4;4;2;4;4;4;4;2;2;3;2;4;4;3;3;3;3;3;3;4;3;2;2;2;2;3;2;3;1;3;3;1;6;1;6;4;1;1828.1248086
1496;2026Q2;ES709A1;ES709;1;1;60;1;1;1;5;15;-1;-1;-1;6;-1;-1;-1;80;5;-1;-1;1;-9;2;2;8;3;3;-1;4;3;-9;-9;6;4;4;3;4;4;4;4;4;2;3;2;3;2;2;2;3;3;4;3;4;4;4;3;2;2;2;4;4;4;-3;-3;4;4;4;4;-3;-3;-3;-3;4;-3;-3;3;3;-1;-1;6;6;5;6;1;-3;1442.4170531
1497;2026Q2;ES709A1;ES709;6;2;33;3;1;4;10;2;6;2;2;1;-1;-1;-1;-1;-1;-1;-1;-1;-1;4;4;5;6;3;1;5;5;3;4;6;5;4;4;4;4;4;5;4;4;4;4;2;4;4;2;4;4;4;2;4;4;4;4;4;4;4;4;4;4;-3;4;4;-3;4;4;-3;4;-3;-3;-3;-3;-3;1;1;1;4;1;6;3;6;-3;-3;1627.7822931
1498;2026Q2;ES709A1;ES709;1;1;76;1;1;1;4;12;-1;-1;-1;1;-1;1;7;-1;-1;-1;-1;-1;-1;3;3;2;4;3;4;3;4;3;2;6;5;4;4;4;4;2;4;2;2;4;4;4;2;2;4;4;4;4;4;4;4;4;2;2;2;2;2;2;4;4;4;2;4;4;4;3;4;4;4;3;4;4;2;3;-1;-1;6;6;5;6;2;1;1933.7594179
1499;2026Q2;ES709A1;ES709;1;1;47;1;1;1;7;1;1;1;-9;6;-1;-1;-1;72;5;-1;-1;-9;-1;2;2;6;3;3;-1;5;5;5;2;6;5;5;5;5;4;2;2;4;1;5;1;4;2;1;5;5;5;4;4;4;4;4;2;2;2;2;2;4;4;3;4;3;3;3;2;2;3;3;-3;1;1;1;3;3;-1;-1;6;6;1;6;1;2;1181.7771838
1500;2026Q2;ES709A1;ES709;6;2;57;3;1;5;4;10;-1;-1;-1;1;-1;1;5;-1;-1;-1;-1;-1;-1;1;1;1;1;1;3;3;3;3;1;6;4;4;2;5;4;4;2;4;2;2;5;2;1;4;4;2;2;3;4;4;4;3;4;4;2;2;4;4;3;4;3;4;4;3;3;4;4;3;3;3;4;4;2;3;-1;-1;6;6;3;6;3;2;54.778509444
1501;2026Q2;ES709A1;ES709;6;2;66;3;1;5;5;16;-1;-1;-1;6;-1;-1;-1;67;5;-1;-1;1;7;2;2;4;2;2;4;5;5;3;1;6;4;4;2;4;4;4;4;2;4;2;4;2;2;4;2;2;2;2;2;4;4;4;4;4;2;4;2;2;4;3;2;4;4;4;4;5;4;4;4;2;4;3;1;1;4;2;6;6;5;6;1;1;1757.8155478
1502;2026Q2;ES709A1;ES709;1;1;53;1;1;1;8;10;-1;-1;-1;6;-1;-1;-1;80;5;-1;-1;-9;-1;2;2;8;2;2;-1;4;4;4;1;6;4;4;4;4;4;4;5;4;4;3;4;3;2;4;3;4;4;4;4;4;4;4;4;4;-9;2;-9;3;4;4;3;4;4;3;3;-3;2;2;3;2;3;3;2;3;-1;-1;6;6;1;6;-3;1;358.29463503
1503;2026Q2;ES709A1;ES709;1;1;78;1;1;1;3;12;-1;-1;-1;1;-1;1;8;-1;-1;-1;-1;-1;-1;2;2;8;2;2;5;4;3;3;2;6;4;4;3;4;4;-9;4;4;4;4;4;4;4;2;3;4;4;4;4;4;4;4;2;2;4;4;4;4;4;-3;-3;-3;-3;-3;4;-3;-3;-3;-3;-3;-3;-3;2;1;3;-9;1;1;5;6;1;-3;1289.1729453
1504;2026Q2;ES709A1;ES709;6;2;37;3;1;5;5;10;-1;-1;-1;6;-1;-1;-1;35;1;5;-1;-1;-1;2;2;4;6;5;4;4;4;2;2;1;2;4;4;4;4;4;4;2;4;2;4;2;4;4;4;4;4;4;4;2;4;4;4;4;4;4;2;3;4;4;3;2;4;4;2;4;3;4;4;2;4;-3;2;1;2;3;6;6;5;6;3;3;162.11851816
1505;2026Q2;ES709A1;ES709;1;1;41;1;1;1;3;10;-1;-1;-1;1;-1;1;7;-1;-1;-1;-1;-1;-1;3;3;2;3;2;4;4;4;3;1;6;2;3;4;4;2;2;2;-9;2;2;2;3;1;4;2;4;3;2;4;4;4;4;4;2;2;2;4;4;3;3;3;3;3;4;4;3;4;4;4;4;4;3;2;1;3;1;6;6;5;6;2;1;264.79351531
1506;2026Q2;ES709A1;ES709;6;2;70;1;1;1;3;12;-1;-1;-1;6;-1;-1;-1;74;5;-1;-1;1;9;2;2;4;3;3;6;4;4;2;1;6;3;3;3;3;3;5;5;3;5;3;4;2;4;5;3;3;3;2;3;4;3;3;5;5;5;5;3;3;4;3;4;3;4;3;3;3;3;3;3;3;3;3;3;-9;-1;-1;6;6;1;6;-3;1;1757.8155478
1507;2026Q2;ES709A1;ES709;1;1;43;1;1;1;5;1;6;2;8;6;-1;-1;-1;71;5;-1;-1;1;8;3;3;2;5;4;6;3;3;2;3;6;4;4;4;4;4;2;5;2;5;2;4;2;5;4;2;4;2;2;4;4;2;2;4;4;4;5;2;2;3;3;2;2;3;2;1;3;3;2;3;2;3;2;2;1;3;4;1;6;2;6;1;2;1500.0173385
1508;2026Q2;ES709A1;ES709;1;1;73;1;1;1;8;12;-1;-1;-1;1;-1;1;9;-1;-1;-1;-1;-1;-1;2;2;4;4;4;6;5;5;3;1;6;3;4;2;4;4;5;5;4;4;3;-9;2;2;4;4;4;2;4;4;4;3;4;4;5;5;4;4;2;4;4;4;3;4;3;1;3;2;3;3;1;4;-7;2;3;-1;-1;6;6;1;6;2;1;1289.1729453
1509;2026Q2;ES709A1;ES709;6;2;45;1;1;1;7;7;-1;-1;9;1;-1;-1;-1;-1;-1;-1;-1;-1;-1;1;3;6;2;2;6;4;4;4;3;6;5;2;4;2;4;5;5;4;4;1;5;5;5;3;2;2;2;4;2;4;4;4;5;5;5;4;2;5;2;4;4;1;1;1;3;3;4;3;3;4;3;2;2;3;-1;-1;6;6;1;6;-3;-3;230.45203593
1510;2026Q2;ES709A1;ES709;1;1;32;1;1;5;10;2;1;2;2;1;-1;-1;-1;-1;-1;-1;-1;-1;-1;1;1;1;5;6;-1;-9;-9;-9;-9;-9;1;1;1;2;2;2;2;2;2;3;3;3;3;3;3;2;-9;1;1;1;1;1;1;1;1;1;1;1;-3;-3;2;2;2;2;2;2;3;3;3;3;3;3;1;1;3;4;1;1;3;6;-7;-7;380.34161092
1511;2026Q2;ES709A1;ES709;1;1;51;1;1;5;5;1;6;2;8;1;-1;-1;-1;-1;-1;-1;-1;-1;-1;2;2;4;4;4;5;5;5;4;1;6;2;2;3;4;2;4;4;1;4;2;4;2;4;2;2;2;4;2;2;4;4;4;4;4;4;4;2;2;4;4;2;1;4;3;1;4;-3;1;2;-3;2;2;2;1;1;-9;1;6;5;6;1;-3;1181.7771838
1512;2026Q2;ES709A1;ES709;6;2;59;1;1;1;8;2;6;2;3;1;-1;-1;-1;-1;-1;-1;-1;-1;-1;2;2;6;3;3;3;3;3;1;1;6;4;4;3;4;4;2;4;4;4;4;2;4;2;2;4;4;2;4;4;4;4;4;2;3;4;4;4;4;3;3;3;3;4;3;2;3;4;4;4;4;4;3;1;1;3;4;6;6;1;6;3;3;906.21699861
1513;2026Q2;ES709A1;ES709;1;1;42;1;1;1;5;1;1;2;-9;1;-1;-1;-1;-1;-1;-1;-1;-1;-1;1;1;1;3;5;-1;5;5;3;5;1;5;5;5;5;5;1;1;5;1;3;1;4;1;1;2;5;2;4;5;4;3;4;1;2;2;1;4;3;3;4;4;2;4;1;1;4;2;4;2;5;5;3;2;3;-1;-1;6;6;5;6;1;2;500.00577949
1514;2026Q2;ES709A1;ES709;6;2;46;2;1;4;8;1;1;2;4;6;-1;-1;-1;67;5;-1;-1;1;5;3;4;7;6;3;5;5;5;4;4;1;5;4;4;4;4;4;4;3;4;2;5;2;4;3;4;2;3;4;2;4;4;4;2;2;2;2;2;2;4;4;4;3;4;4;3;3;4;4;3;3;3;3;2;1;3;2;1;6;4;6;1;1;691.35610779
1515;2026Q2;ES709A1;ES709;1;1;66;1;1;1;4;12;-1;-1;-1;1;-1;1;8;-1;-1;-1;-1;-1;-1;2;2;4;3;3;5;2;2;4;1;6;4;4;2;4;4;2;2;2;2;3;2;4;2;2;2;4;4;4;4;2;4;4;2;3;4;4;2;2;4;4;4;4;4;4;4;2;2;4;4;2;2;2;2;3;-1;-1;6;6;1;6;3;1;1289.1729453
1516;2026Q2;ES709A1;ES709;6;2;33;1;1;1;5;10;-1;-1;-1;6;-1;-1;-1;39;1;7;-1;-1;-1;2;3;2;4;3;5;4;4;3;1;6;4;4;4;4;4;4;4;4;3;4;3;4;2;3;4;4;4;4;4;4;4;4;2;2;2;2;3;3;4;4;4;4;4;4;4;4;4;4;4;3;4;4;3;3;-1;-1;1;6;5;6;1;-3;84.212684796
1517;2026Q2;ES709A1;ES709;6;2;76;1;1;5;3;12;-1;-1;-1;1;-1;-9;-1;-1;-1;-1;-1;-1;-1;2;2;4;3;3;-1;3;2;-9;-9;6;2;4;4;-9;4;2;4;4;4;3;2;2;4;4;3;-9;3;3;3;4;-9;3;4;4;4;4;4;4;3;3;3;4;4;3;3;3;3;3;4;3;3;3;3;1;1;-9;6;1;5;6;1;-3;1757.8155478
1518;2026Q2;ES709A1;ES709;6;2;56;1;1;1;8;1;1;2;3;6;-1;-1;-1;57;1;3;-1;-1;-1;3;4;2;6;4;3;4;3;3;3;6;4;4;4;3;3;3;3;4;3;3;3;3;3;3;3;4;4;4;4;4;4;4;3;3;3;3;3;4;4;3;4;3;4;4;4;4;3;3;3;3;3;3;1;2;-1;-1;-9;6;5;6;-3;-3;1359.3254979
1519;2026Q2;ES709A1;ES709;6;2;30;1;1;1;8;11;-1;-1;-1;6;-1;-1;-1;31;1;7;-1;-1;-1;3;4;9;6;3;5;3;3;3;4;6;4;4;4;5;4;4;4;5;5;4;4;2;4;5;2;4;2;2;2;4;4;4;4;4;4;5;1;2;3;4;4;2;4;3;3;4;3;3;3;3;4;3;2;3;-1;-1;6;6;4;6;1;1;126.31902719
1520;2026Q2;ES709A1;ES709;6;2;63;1;1;1;5;15;-1;-1;-1;6;-1;-1;-1;71;5;-1;-1;1;7;2;2;4;4;4;4;5;5;4;4;6;5;5;2;4;4;4;5;4;4;2;2;2;1;4;4;2;4;4;4;4;5;4;2;4;4;4;4;2;4;2;5;3;5;4;1;-3;3;2;2;1;1;1;2;1;3;3;1;1;5;6;3;1;2423.6616086
1521;2026Q2;ES709A1;ES709;1;1;40;1;1;5;5;2;1;2;3;1;-1;-1;-1;-1;-1;-1;-1;-1;-1;2;2;4;7;6;3;4;4;3;2;6;2;2;2;4;2;4;4;2;4;2;4;2;4;4;2;2;2;2;-9;-9;2;2;4;-9;4;4;2;2;4;3;3;3;3;3;3;3;3;2;2;3;3;2;1;1;4;3;1;6;5;6;4;3;1000.011559
1522;2026Q2;ES709A1;ES709;1;1;41;1;1;1;5;10;-1;-1;-1;1;-1;1;8;-1;-1;-1;-1;-1;-1;1;1;1;2;4;5;4;4;2;2;6;2;3;3;4;4;2;4;4;4;2;4;4;2;3;2;2;2;3;3;4;4;4;4;4;3;3;2;4;4;4;4;4;2;2;2;2;4;4;3;3;3;4;2;3;-1;-1;6;6;5;6;1;-3;88.264505105
1523;2026Q2;ES709A1;ES709;1;1;51;1;1;1;4;1;1;1;7;1;-1;-1;-1;-1;-1;-1;-1;-1;-1;2;3;6;4;3;5;4;4;3;1;6;4;4;4;4;4;4;4;4;4;4;2;4;2;3;3;4;4;4;4;4;4;4;3;3;2;3;3;3;3;3;3;3;4;4;2;3;3;-3;-3;-3;3;3;2;3;-1;-1;6;6;1;6;-7;-3;1181.7771838
1524;2026Q2;ES709A1;ES709;1;1;42;1;1;1;5;1;1;2;7;1;-1;-1;-1;-1;-1;-1;-1;-1;-1;4;4;3;7;3;5;5;5;2;3;6;5;5;4;4;4;2;4;4;4;4;4;2;2;2;4;4;4;4;4;4;4;4;2;4;2;2;4;2;4;4;4;4;5;4;3;4;4;4;4;3;4;3;2;1;4;4;1;1;5;6;-3;3;2500.0288975
1525;2026Q2;ES709A1;ES709;6;2;64;3;1;5;7;10;-1;-1;-1;6;-1;-1;-1;32;1;5;-1;-1;-1;2;2;6;3;3;5;3;2;3;2;6;2;4;4;2;4;3;4;4;4;4;5;4;4;2;2;4;2;4;2;4;4;4;2;2;3;2;2;3;4;5;4;3;4;5;3;3;4;5;3;2;2;3;3;2;-1;-1;1;6;5;6;-3;-3;109.55701889
1526;2026Q2;ES709A1;ES709;6;2;51;1;1;1;3;10;-1;-1;-1;1;-1;1;5;-1;-1;-1;-1;-1;-1;2;2;8;3;3;5;5;5;3;2;6;3;4;4;4;4;4;5;4;4;2;4;3;4;3;3;3;3;3;4;3;3;3;4;4;4;4;3;3;4;3;3;3;4;3;3;3;3;3;3;2;3;3;1;1;1;1;1;1;1;6;5;1;84.212684796
1527;2026Q2;ES707A0;ES707;6;2;48;1;1;1;7;7;-1;-1;5;1;-1;-1;-1;-1;-1;-1;-1;-1;-1;1;1;1;3;5;3;4;3;3;2;6;4;4;3;4;5;2;5;4;4;2;4;4;4;2;4;4;2;2;4;4;4;4;2;2;4;2;2;4;3;3;4;3;3;3;4;3;3;4;4;3;4;3;1;3;-1;-1;6;6;1;6;4;1;74.228719307
1528;2026Q2;ES707A0;ES707;6;2;49;1;1;5;7;1;6;1;4;1;-1;-1;-1;-1;-1;-1;-1;-1;-1;1;1;1;3;5;3;3;3;3;2;6;5;4;4;5;5;5;5;4;5;4;5;5;4;4;4;5;5;4;4;4;4;4;5;5;4;4;4;3;4;3;4;4;3;4;2;3;4;2;2;-3;-3;-3;1;1;4;4;6;6;5;6;1;-3;74.228719307
1529;2026Q2;ES707A0;ES707;6;2;49;3;1;4;7;10;-1;-1;-1;1;-1;1;9;-1;-1;-1;-1;-1;-1;3;3;8;2;2;6;4;3;3;1;6;3;3;2;3;4;4;5;3;4;2;4;2;3;4;2;2;4;3;4;3;4;4;4;4;3;3;2;2;4;3;4;3;4;3;4;-3;3;2;2;3;3;1;3;1;3;3;1;1;4;6;2;-3;58.541133437
1530;2026Q2;ES707A0;ES707;6;2;62;3;1;4;6;3;1;2;5;1;-1;-1;-1;-1;-1;-1;-1;-1;-1;1;1;1;2;4;5;3;4;3;2;6;3;3;3;3;4;4;5;3;2;3;3;4;4;5;4;4;4;4;4;4;4;4;4;4;4;4;2;2;4;4;4;4;5;5;5;4;4;4;4;4;4;4;1;1;1;3;6;6;4;6;-3;-3;75.9430628
1531;2026Q2;ES707A0;ES707;1;1;34;1;1;1;7;10;-1;-1;-1;6;-1;-1;-1;41;1;5;-1;-1;-1;3;3;9;3;2;5;5;5;5;2;6;4;2;5;4;4;5;2;-9;2;2;2;4;2;4;2;4;2;2;2;-9;2;4;4;4;2;2;2;2;5;3;2;1;-3;2;2;-3;4;2;1;1;2;1;3;3;-1;-1;6;6;5;6;4;1;92.951820994
1532;2026Q2;ES707A0;ES707;6;2;72;1;1;4;7;14;-1;-1;-1;6;-1;-1;-1;80;5;-1;-1;1;3;2;2;4;3;3;3;5;4;4;2;6;4;4;4;4;4;4;5;4;4;4;4;3;4;3;4;4;4;2;4;4;4;4;4;3;4;4;3;3;4;3;4;4;3;4;3;3;3;3;3;3;3;4;1;2;-1;-1;-9;6;4;6;2;2;345.79975329
1533;2026Q2;ES707A0;ES707;1;1;23;3;3;5;7;2;6;2;9;1;-1;-1;-1;-1;-1;-1;-1;-1;-1;2;3;8;3;2;6;4;4;3;2;6;4;4;4;4;4;4;4;3;-9;-9;4;2;-9;3;3;4;4;-9;4;4;-9;4;3;-9;-9;-9;2;4;-3;4;3;3;3;3;-3;-3;-3;-3;-3;-3;-3;-3;3;3;-1;-1;-9;6;5;6;3;-3;560.82339012
1534;2026Q2;ES707A0;ES707;6;2;76;3;1;5;5;14;-1;-1;-1;6;-1;-1;-1;71;1;5;-1;-1;-1;2;2;4;3;3;5;3;3;3;2;6;4;-9;-9;4;4;4;4;4;4;2;4;-9;2;4;-9;4;3;4;4;-9;2;2;4;4;2;4;2;2;-3;-3;-3;-3;3;4;-3;-3;3;-3;-3;3;-3;3;3;1;1;4;1;1;5;6;3;1;345.79975329
1535;2026Q2;ES707A0;ES707;1;1;79;1;1;1;3;12;-1;-1;-1;1;-1;2;1;-1;-1;-1;-1;-1;-1;3;3;8;5;4;-1;5;3;3;2;1;5;5;2;4;2;3;4;4;2;2;2;2;2;2;-9;2;-9;2;2;3;4;4;2;2;2;2;3;2;2;2;2;5;1;5;5;3;2;3;3;3;3;2;1;1;3;-9;6;6;1;1;-7;-3;982.88814077
1536;2026Q2;ES707A0;ES707;6;2;61;2;1;5;10;1;6;2;2;6;-1;-1;-1;60;1;2;-1;-1;-1;4;4;8;6;3;-1;5;4;4;1;6;4;4;3;4;4;3;4;4;3;3;3;4;3;3;4;4;3;3;4;4;4;4;2;4;3;3;3;3;4;4;4;4;4;4;4;4;-7;-7;-7;4;-7;4;2;2;-1;-1;6;6;5;6;3;-3;379.715314
1537;2026Q2;ES707A0;ES707;6;2;69;1;1;5;10;12;-1;-1;-1;1;-1;-9;-1;-1;-1;-1;-1;-1;-1;1;1;1;4;6;-1;5;4;3;1;6;4;5;-9;5;5;-9;5;4;4;-9;-9;-9;-9;2;-9;4;-9;4;4;4;4;4;-9;-9;3;3;-9;4;-3;-3;-3;-3;4;-3;-3;-3;2;3;3;-7;-7;-7;2;2;-1;-1;6;6;5;6;-7;-7;172.89987664
1538;2026Q2;ES707A0;ES707;6;2;53;1;1;1;6;9;-1;-1;6;1;-1;-1;-1;-1;-1;-1;-1;-1;-1;2;2;8;2;2;5;5;3;3;1;6;3;3;3;4;3;5;4;3;4;3;4;3;4;4;2;3;2;2;4;2;3;3;3;4;5;4;2;2;3;3;3;3;-3;4;4;-3;2;3;-3;2;3;1;3;3;-1;-1;6;6;1;6;4;-3;148.45743861
1539;2026Q2;ES707A0;ES707;6;2;44;2;1;3;9;7;-1;-1;2;1;-1;-1;-1;-1;-1;-1;-1;-1;-1;1;2;6;5;5;1;4;3;2;1;6;4;4;3;4;5;4;5;4;2;2;2;2;2;2;4;4;4;2;4;2;4;4;4;4;4;4;2;2;4;4;4;3;4;4;4;4;3;4;4;2;4;2;1;1;1;3;1;6;3;6;2;1;92.520357181
1540;2026Q2;ES707A0;ES707;6;2;51;1;1;1;9;2;1;2;2;1;-1;-1;-1;-1;-1;-1;-1;-1;-1;2;4;2;5;3;2;4;4;4;2;6;4;3;4;3;3;4;4;4;4;2;4;3;2;2;4;4;3;2;2;2;2;2;3;4;4;4;2;2;3;2;4;2;2;2;3;2;4;2;3;2;2;1;1;2;-1;-1;6;6;1;6;4;1;148.45743861
1541;2026Q2;ES707A0;ES707;6;2;56;1;1;1;8;10;-1;-1;-1;6;-1;-1;-1;57;2;6;-1;-1;-1;3;3;2;3;2;5;4;3;3;2;6;4;4;4;2;2;4;4;4;2;2;4;2;4;4;3;2;2;2;2;2;4;4;4;3;3;2;2;2;4;4;4;4;4;4;1;1;3;4;3;3;3;3;3;2;-1;-1;6;6;1;6;2;1;59.518150158
1542;2026Q2;ES707A0;ES707;1;1;33;1;1;1;10;7;-1;-1;2;1;-1;-1;-1;-1;-1;-1;-1;-1;-1;2;2;4;5;5;1;4;3;3;2;1;4;3;3;4;5;4;5;4;3;2;5;4;3;3;3;2;4;3;3;4;5;5;4;3;3;3;3;2;4;4;3;3;3;3;2;3;3;2;2;2;3;3;1;1;1;3;-9;6;4;6;4;1;186.98389893
1543;2026Q2;ES707A0;ES707;1;1;38;3;1;5;8;7;-1;-1;3;6;-1;-1;-1;61;1;5;-1;-1;-1;2;2;6;7;6;5;4;5;3;3;1;4;4;1;5;5;2;5;2;5;4;4;4;4;4;4;4;4;4;4;4;4;4;4;4;4;4;2;2;4;3;4;3;4;4;4;4;3;3;3;3;3;3;1;2;-1;-1;6;6;5;6;2;1;45.935151247
1544;2026Q2;ES707A0;ES707;1;1;39;3;1;5;6;1;6;2;5;6;-1;-1;-1;46;1;-9;-1;-1;-1;2;3;8;6;4;-1;4;4;4;3;1;4;4;3;4;4;2;5;4;4;4;4;4;2;2;4;4;4;4;3;3;4;4;4;2;2;2;4;4;4;3;-3;4;4;4;3;3;2;3;-7;-3;-3;3;2;3;-1;-1;6;6;5;6;5;1;45.935151247
1545;2026Q2;ES707A0;ES707;1;1;36;3;3;3;5;1;6;2;7;1;-1;-1;-1;-1;-1;-1;-1;-1;-1;2;4;2;4;2;4;5;5;4;2;6;4;4;2;4;4;2;5;4;4;4;2;4;4;2;4;4;4;4;4;4;4;4;2;2;2;4;4;4;4;4;4;4;5;4;4;4;3;4;3;1;4;3;1;1;1;2;1;1;3;6;5;1;419.77464244
1546;2026Q2;ES707A0;ES707;1;1;45;2;1;5;6;2;6;2;-9;1;-1;-1;-1;-1;-1;-1;-1;-1;-1;1;3;6;5;3;-1;5;5;3;1;6;4;4;4;4;4;3;5;4;4;3;3;3;3;2;4;4;4;4;4;4;3;4;2;2;2;2;4;4;2;2;4;4;4;4;4;4;-3;4;-3;-3;4;2;2;3;-1;-1;6;6;4;6;-7;-3;112.55828668
1547;2026Q2;ES707A0;ES707;1;1;25;3;1;5;5;10;-1;-1;-1;6;-1;-1;-1;43;1;5;-1;-1;-1;3;4;6;5;3;5;5;3;3;2;6;4;4;4;4;4;4;5;4;5;4;5;4;3;3;4;4;4;1;3;3;4;4;5;4;5;4;1;1;4;4;4;4;4;4;3;4;4;2;3;3;3;4;2;3;-1;-1;6;6;5;6;4;1;92.951820994
1548;2026Q2;ES707A0;ES707;1;1;48;1;1;1;6;1;6;2;4;6;-1;-1;-1;80;5;-1;-1;-9;-1;2;2;8;3;3;-1;5;3;3;1;6;2;2;2;1;1;5;5;2;5;1;5;1;4;4;1;1;1;1;1;1;1;1;4;5;5;5;1;1;3;1;1;1;1;1;1;1;3;1;1;1;1;1;3;-9;-1;-1;-9;6;5;6;4;1;225.11657336
1549;2026Q2;ES707A0;ES707;6;2;64;3;1;5;5;16;-1;-1;-1;1;1;1;5;-1;-1;-1;-1;-1;-1;2;2;8;2;2;5;4;4;3;1;6;3;2;2;2;4;4;4;2;4;2;4;2;4;2;2;2;2;2;4;4;4;2;2;4;4;4;2;2;4;3;3;4;3;4;4;4;3;4;4;3;3;3;1;3;-1;-1;6;1;3;6;-3;1;269.18793654
1550;2026Q2;ES707A0;ES707;1;1;23;1;1;1;5;5;-1;-1;9;6;-1;-1;-1;42;-9;-1;-1;-1;-1;2;2;-9;6;5;-1;1;1;1;1;6;2;2;2;2;2;2;2;2;2;3;4;3;3;3;3;3;3;-9;-9;-9;-9;-9;-9;-9;-9;-9;-9;-9;-3;-3;-3;-3;-3;-3;-3;-3;-3;-3;-3;-3;-3;-3;1;3;-1;-1;6;6;1;6;-7;-3;186.98389893
1551;2026Q2;ES707A0;ES707;6;2;34;3;1;5;7;1;6;2;5;6;-1;-1;-1;54;1;5;-1;-1;-1;3;4;6;3;2;5;4;3;3;2;6;4;4;2;2;2;4;4;4;4;-9;2;4;2;2;4;4;4;4;2;4;4;4;4;4;4;4;4;2;5;3;4;4;4;5;2;-3;3;3;4;4;4;4;1;3;-1;-1;6;6;5;6;2;-3;430.03414609
1552;2026Q2;ES707A0;ES707;6;2;60;3;1;5;7;10;-1;-1;-1;-9;-1;-1;-1;-1;-1;-1;-1;-1;-1;2;2;4;-9;-9;-1;-9;-9;-9;-9;6;-9;5;-9;5;2;3;5;1;3;1;3;3;4;5;1;3;2;1;1;4;1;1;5;5;3;3;-9;1;-3;1;1;1;-3;1;-3;1;1;1;1;1;1;1;2;2;-1;-1;6;6;2;6;-7;1;39.678766772
1553;2026Q2;ES707A0;ES707;6;2;48;1;1;1;10;2;6;2;2;1;-1;-1;-1;-1;-1;-1;-1;-1;-1;1;1;1;6;6;2;5;5;5;2;6;5;5;-9;5;4;-9;5;5;3;4;-9;5;-9;2;4;4;5;4;4;4;4;4;3;-9;3;3;4;4;4;4;4;5;4;4;4;-3;-3;-3;-3;-3;-3;3;1;1;1;3;1;6;5;6;4;3;74.228719307
1554;2026Q2;ES707A0;ES707;6;2;22;3;1;5;8;13;-1;-1;-1;6;-1;-1;-1;80;5;-1;-1;-9;-1;3;3;8;2;2;-1;5;5;4;1;6;3;3;2;4;3;2;4;4;4;3;4;3;4;4;2;2;4;3;3;4;4;4;4;4;3;3;3;2;4;4;4;2;3;3;3;3;4;3;2;3;4;3;2;3;-1;-1;6;6;5;6;4;3;605.9868625
1555;2026Q2;ES707A0;ES707;1;1;66;3;1;4;6;11;-1;-1;-1;1;-1;-1;-1;-1;-1;-1;-1;-1;-1;2;2;4;2;2;-1;4;3;4;1;6;2;4;2;4;3;2;4;4;4;2;2;3;4;2;4;4;4;4;4;4;4;4;4;4;4;4;2;3;4;3;4;3;3;4;4;3;3;3;-3;3;4;4;3;3;-1;-1;6;6;4;6;2;-3;426.99471661
1556;2026Q2;ES707A0;ES707;6;2;52;1;1;1;5;10;-1;-1;-1;1;-1;-9;-1;-1;-1;-1;-1;-1;-1;2;4;6;1;1;-1;4;3;3;2;6;4;4;4;4;3;4;5;4;4;3;4;3;4;4;3;3;3;2;3;3;4;4;4;3;4;4;3;3;3;3;3;3;3;3;3;3;3;3;3;3;3;3;2;1;2;2;6;6;5;6;5;-3;39.027422291
1557;2026Q2;ES707A0;ES707;1;1;59;1;1;1;1;10;-1;-1;-1;1;-1;1;9;-1;-1;-1;-1;-1;-1;2;2;8;3;3;6;-9;-9;-9;2;-9;4;4;-9;4;-9;4;-9;4;-9;-9;-9;-9;-9;-9;3;-9;4;4;-9;-9;-9;4;-9;-9;-9;-9;4;4;2;-3;-3;3;-3;-3;3;-3;-3;-3;-3;-3;-3;-3;3;-9;-1;-1;6;6;1;-9;-7;-3;178.74527928
1558;2026Q2;ES707A0;ES707;6;2;40;1;1;1;4;1;1;2;-9;6;-1;-1;-1;43;1;-9;1;-9;-1;2;4;2;2;1;-1;2;2;2;2;6;3;3;3;-9;-9;-9;-9;-9;-9;-9;-9;-9;-9;-9;-9;-9;-9;-9;-9;-9;-9;-9;-9;-9;-9;-9;-9;-9;-7;-7;-7;-7;-7;-3;-7;-7;-7;-7;-7;-7;-7;-7;3;1;4;-9;-9;-9;5;6;-7;-7;185.04071436
1559;2026Q2;ES707A0;ES707;1;1;36;1;1;1;8;1;6;2;9;6;-1;-1;-1;80;5;-1;-1;1;7;3;3;8;5;4;4;5;4;4;3;6;4;4;4;4;4;4;5;4;3;4;4;4;2;3;3;4;4;3;3;4;4;4;3;3;3;3;2;2;4;4;4;3;4;3;3;-3;3;2;2;2;3;3;2;2;-1;-1;6;6;1;6;2;3;68.90272687
1560;2026Q2;ES707A0;ES707;6;2;43;1;1;1;5;10;-1;-1;-1;6;-1;-1;-1;44;1;7;-1;-1;-1;2;2;4;4;4;4;2;2;2;2;6;2;2;2;3;2;3;5;3;5;2;4;3;3;3;3;3;3;3;3;3;3;3;3;4;4;4;3;3;4;4;4;4;4;3;4;3;4;3;4;1;4;2;3;2;-1;-1;6;6;3;6;-7;1;72.833355534
1561;2026Q2;ES707A0;ES707;1;1;28;1;1;1;4;1;6;2;5;1;-1;-1;-1;-1;-1;-1;-1;-1;-1;3;3;6;4;3;5;4;4;3;1;6;4;4;4;4;4;4;4;4;4;4;4;4;4;2;4;4;4;4;4;2;4;4;5;2;2;2;4;4;4;-3;4;4;4;5;2;4;4;-3;2;-3;4;-3;2;-9;-1;-1;6;6;1;6;4;-7;280.4758484
1562;2026Q2;ES707A0;ES707;1;1;65;1;1;1;5;10;-1;-1;-1;6;-1;-1;-1;80;5;-1;-1;-9;-1;2;2;6;3;3;-1;3;3;3;1;6;2;4;1;4;2;4;5;2;2;4;2;2;2;2;4;4;5;5;5;5;4;5;2;2;2;2;2;4;3;3;5;5;5;3;5;5;3;3;3;1;5;3;2;3;-1;-1;1;6;1;6;3;1;426.99471661
1563;2026Q2;ES707A0;ES707;1;1;23;3;1;4;5;13;-1;-1;-1;6;-1;-1;-1;52;3;-1;-1;1;9;2;2;6;3;3;6;3;3;3;1;6;3;3;2;3;1;4;4;3;4;2;4;2;4;4;3;3;2;2;2;4;3;4;5;5;5;5;2;2;2;2;2;1;2;1;2;2;3;2;1;1;2;1;1;1;3;4;1;6;4;6;-3;1;290.23192457
1564;2026Q2;ES707A0;ES707;6;2;46;1;1;1;9;1;1;2;1;1;-1;-1;-1;-1;-1;-1;-1;-1;-1;2;4;2;7;5;1;5;4;4;2;1;4;4;4;4;5;5;5;5;4;4;3;4;2;2;3;4;4;5;5;5;5;5;3;3;3;4;3;3;-7;-7;5;5;5;4;4;-7;4;4;4;-7;-7;-7;1;1;1;2;1;6;5;1;4;-3;148.45743861
1565;2026Q2;ES707A0;ES707;1;1;47;1;1;1;5;10;-1;-1;-1;1;-1;1;7;-1;-1;-1;-1;-1;-1;2;2;6;3;3;5;4;4;4;3;6;4;4;4;3;4;4;2;4;4;4;2;2;2;3;4;4;4;4;4;4;3;4;4;3;2;3;3;4;3;3;4;4;4;3;1;3;4;3;3;4;3;3;2;3;-1;-1;6;6;1;6;-7;-3;100.10055509
1566;2026Q2;ES707A0;ES707;1;1;23;1;1;1;8;13;-1;-1;-1;6;-1;-1;-1;64;2;7;-1;-1;-1;3;3;2;6;4;5;5;4;3;3;1;4;3;2;4;4;4;5;4;4;2;5;-9;2;4;3;2;3;1;2;4;3;4;4;5;5;5;1;1;3;3;2;1;3;1;4;2;4;2;3;1;2;1;1;1;3;4;1;6;5;6;4;1;435.34788686
1567;2026Q2;ES707A0;ES707;6;2;28;1;1;5;5;10;-1;-1;-1;1;-1;1;5;-1;-1;-1;-1;-1;-1;1;1;1;3;5;5;3;3;3;1;6;2;2;4;5;3;5;5;2;4;2;5;4;2;2;2;2;4;4;4;4;4;4;4;2;2;2;4;2;3;1;3;-3;3;3;4;2;3;3;4;1;4;2;1;1;1;4;1;6;5;6;5;1;87.241035951
1568;2026Q2;ES707A0;ES707;1;1;59;1;1;1;7;2;6;2;8;1;-1;-1;-1;-1;-1;-1;-1;-1;-1;3;3;6;6;5;5;3;1;3;1;6;2;4;2;4;4;2;4;4;2;-9;3;4;3;2;-9;-9;4;4;4;2;4;4;-9;2;-9;4;-9;4;-3;-3;-3;3;3;3;3;-3;-3;-3;-3;-3;-3;-3;3;2;-1;-1;6;6;1;6;1;-3;455.64194632
1569;2026Q2;ES707A0;ES707;6;2;19;1;1;1;8;13;-1;-1;-1;6;-1;-1;-1;47;1;4;-1;-1;-1;2;3;6;4;3;3;3;3;3;3;6;4;4;2;2;2;4;4;4;4;4;4;4;4;4;4;2;2;2;2;2;4;4;4;4;4;2;4;2;3;2;3;4;3;4;4;4;4;4;3;3;4;4;2;1;3;2;1;6;1;6;3;3;403.99124167
1570;2026Q2;ES707A0;ES707;6;2;80;1;1;5;5;12;-1;-1;-1;6;-1;-1;-1;37;1;-9;-1;-1;-1;3;4;5;-9;-9;-1;-9;2;3;2;6;-9;4;-9;4;-9;3;4;4;2;2;-9;-9;-9;2;4;4;-9;-9;4;4;4;4;-9;2;-9;-9;3;4;-3;-3;-3;4;4;3;4;-3;-3;-3;-3;-3;-3;-3;2;1;1;-9;1;1;5;6;1;-3;518.69962993
1571;2026Q2;ES707A0;ES707;1;1;32;1;1;1;8;1;6;2;7;6;-1;-1;-1;30;1;3;-1;-1;-1;4;4;6;7;5;3;5;3;2;1;6;1;5;1;2;1;4;5;2;5;2;5;2;3;2;3;2;2;2;3;2;4;4;4;4;5;4;2;2;4;4;-3;3;3;2;3;2;2;-3;-3;-3;-3;-3;2;1;1;4;1;6;1;6;-7;1;373.96779786
1572;2026Q2;ES707A0;ES707;1;1;27;3;1;3;3;2;1;1;9;1;-1;-1;-1;-1;-1;-1;-1;-1;-1;2;4;2;6;3;6;4;3;3;3;6;4;4;4;5;2;4;4;5;4;4;2;4;2;4;4;4;4;4;5;4;4;4;4;2;4;4;4;4;4;4;3;3;4;3;3;3;4;3;3;4;3;3;2;3;-1;-1;1;1;3;6;1;3;186.98389893
1573;2026Q2;ES707A0;ES707;1;1;31;1;1;1;5;1;6;2;5;6;-1;-1;-1;57;1;7;-1;-1;-1;4;4;7;6;4;4;4;3;3;1;1;3;2;2;4;4;4;5;3;3;1;3;2;4;3;2;2;2;2;3;3;3;3;4;4;4;3;1;1;3;4;4;2;3;2;4;2;2;1;1;2;3;3;1;1;3;4;1;6;1;6;4;1;373.96779786
1574;2026Q2;ES707A0;ES707;1;1;51;1;1;1;7;1;6;1;7;1;-1;-1;-1;-1;-1;-1;-1;-1;-1;1;1;1;3;5;5;5;3;2;3;6;4;4;3;4;4;4;4;4;2;3;4;3;3;3;4;4;2;-9;4;4;4;4;4;2;3;2;4;4;4;2;3;3;4;3;3;4;4;4;4;3;4;4;1;1;3;1;1;1;1;6;5;1;112.55828668
1575;2026Q2;ES707A0;ES707;1;1;49;1;1;1;5;1;6;2;8;1;-1;-1;-1;-1;-1;-1;-1;-1;-1;3;3;2;2;2;5;3;3;3;1;6;4;2;3;4;4;4;4;3;4;2;4;3;3;3;2;2;4;2;3;4;4;4;4;2;4;4;3;3;2;3;3;3;3;3;2;3;3;3;3;1;3;3;2;3;-1;-1;6;6;1;6;4;-3;337.67486004
1576;2026Q2;ES707A0;ES707;1;1;60;1;1;1;5;2;6;2;3;1;-1;-1;-1;-1;-1;-1;-1;-1;-1;2;3;2;3;2;4;3;3;3;2;6;4;4;4;2;4;4;5;4;4;2;2;2;2;2;4;4;4;4;4;4;4;4;2;4;2;4;4;4;3;3;3;3;4;4;2;2;2;1;3;1;3;1;1;1;4;4;6;1;5;6;4;3;303.76129755
1577;2026Q2;ES707A0;ES707;6;2;42;3;1;5;10;2;6;2;2;1;-1;-1;-1;-1;-1;-1;-1;-1;-1;2;4;2;7;4;2;4;4;4;1;6;4;4;4;4;4;2;4;5;4;4;3;4;3;2;4;3;4;3;2;4;4;4;2;2;2;2;3;3;4;4;4;4;4;4;4;-3;4;4;3;-3;-3;-3;1;1;1;2;1;1;5;6;3;-3;185.04071436
1578;2026Q2;ES707A0;ES707;1;1;48;2;1;5;6;7;-1;-1;3;6;-1;-1;-1;51;1;-9;-1;-1;-1;2;4;8;-9;-9;-1;5;5;5;2;6;2;2;1;3;3;4;5;1;5;1;5;3;5;4;1;2;3;2;2;4;3;3;5;5;5;5;1;2;1;1;3;1;1;1;3;1;1;1;1;1;1;1;1;1;5;4;-9;6;5;-9;4;-3;225.11657336
1579;2026Q2;ES707A0;ES707;6;2;33;1;1;1;7;1;1;2;-9;1;-1;-1;-1;-1;-1;-1;-1;-1;-1;3;4;3;4;2;-1;5;4;4;2;6;3;1;2;4;3;4;5;5;5;2;4;2;3;4;3;2;2;2;2;2;2;3;4;4;4;4;2;1;1;2;1;1;1;1;1;1;1;1;1;1;1;1;1;2;-1;-1;1;6;1;6;4;1;430.03414609
1580;2026Q2;ES707A0;ES707;6;2;80;1;1;1;5;14;-1;-1;-1;1;6;-1;-1;-1;-1;-1;-1;-1;-1;1;1;1;1;1;-1;3;3;3;1;6;3;4;4;4;4;4;4;4;4;4;2;4;4;3;4;4;4;4;2;4;4;4;4;3;4;-9;4;4;3;-3;3;4;3;4;4;-3;3;-3;-3;-3;3;3;2;1;1;1;-9;1;1;6;1;-3;172.89987664
1581;2026Q2;ES707A0;ES707;6;2;57;1;1;5;8;2;6;2;4;-9;-1;-1;-1;-1;-1;-1;-1;-1;-1;3;3;2;-9;-9;-1;5;3;3;-9;6;3;2;3;4;2;4;-9;2;2;2;2;2;1;1;1;2;2;-9;2;2;2;3;1;2;2;-9;4;4;4;5;4;5;-3;5;5;-3;2;4;4;-3;-3;-3;2;2;-1;-1;6;6;5;6;-7;-3;227.8291884
1582;2026Q2;ES707A0;ES707;6;2;58;1;1;1;7;2;6;2;5;1;-1;-1;-1;-1;-1;-1;-1;-1;-1;1;1;1;3;5;5;2;2;2;2;6;2;2;2;2;2;4;4;4;2;2;4;-9;-9;-9;-9;-9;-9;2;2;2;2;2;2;2;4;4;2;2;-3;-3;-3;-3;-3;-3;-3;-3;-3;-3;-3;-3;-3;-3;1;1;1;2;6;6;5;6;1;1;75.9430628
1583;2026Q2;ES707A0;ES707;6;2;56;1;1;1;9;15;-1;-1;-1;1;1;1;3;-1;-1;-1;-1;-1;-1;2;3;2;6;4;3;5;2;2;1;6;4;-9;2;4;2;4;5;2;4;2;4;-9;2;2;4;2;2;2;2;2;2;2;4;4;4;5;2;2;4;3;2;3;-3;2;2;-3;-3;-3;-3;2;-3;2;1;1;1;2;1;6;5;6;3;1;269.18793654
1584;2026Q2;ES707A0;ES707;1;1;49;1;1;1;9;1;6;2;3;1;-1;-1;-1;-1;-1;-1;-1;-1;-1;1;4;6;6;3;3;5;5;3;2;6;3;4;2;2;3;5;5;3;5;3;4;3;4;4;3;3;4;2;3;3;3;3;4;5;5;5;1;2;3;3;2;1;2;1;1;2;1;1;1;1;2;2;1;1;3;1;1;6;3;6;4;2;112.55828668
1585;2026Q2;ES707A0;ES707;6;2;55;1;1;1;8;1;6;1;5;1;-1;-1;-1;-1;-1;-1;-1;-1;-1;2;2;8;3;3;4;5;4;3;5;1;4;4;4;4;4;4;4;4;4;4;4;4;2;3;4;4;4;4;4;4;4;4;4;3;4;4;2;4;3;3;3;3;-3;4;3;2;2;2;-3;2;-3;-3;2;1;1;1;1;1;5;6;2;1;151.8861256
1586;2026Q2;ES707A0;ES707;6;2;45;1;1;1;5;10;-1;-1;-1;1;-1;1;5;-1;-1;-1;-1;-1;-1;1;1;1;2;3;5;5;5;4;2;6;5;4;4;4;3;4;4;4;4;2;4;4;4;3;3;4;4;5;5;4;5;5;2;2;2;2;4;5;3;4;4;5;3;4;3;5;5;5;5;4;5;4;2;3;-1;-1;6;6;5;6;1;-7;19.513711146
1587;2026Q2;ES707A0;ES707;6;2;54;1;1;1;7;10;-1;-1;-1;-9;-1;-1;-1;-1;-1;-1;-1;-1;-1;4;4;6;6;3;-1;5;4;4;3;6;4;5;4;4;4;4;5;3;4;3;4;4;4;3;4;4;4;4;4;4;4;4;4;3;4;4;4;4;4;4;4;3;3;3;3;-3;1;2;2;1;3;-3;2;-9;-1;-1;-9;6;1;6;3;-3;78.054844582
1588;2026Q2;ES707A0;ES707;6;2;52;1;1;5;9;1;1;1;4;1;-1;-1;-1;-1;-1;-1;-1;-1;-1;1;1;1;3;5;3;5;5;4;3;6;4;5;4;5;4;3;5;4;4;4;2;4;2;2;4;4;4;3;3;4;4;5;3;2;2;2;2;3;3;1;2;2;1;1;1;1;1;2;-3;2;3;1;1;-9;-1;-1;1;1;5;1;3;3;74.228719307
1589;2026Q2;ES707A0;ES707;6;2;71;1;1;1;5;12;-1;-1;-1;1;-1;1;4;-1;-1;-1;-1;-1;-1;4;4;3;7;5;3;4;2;2;5;1;1;2;2;4;4;5;5;4;4;2;4;2;4;4;4;2;2;2;3;2;3;2;5;4;5;5;2;2;-3;3;4;2;4;3;4;3;3;2;2;1;-7;-7;2;1;3;4;1;6;5;6;3;1;691.59950658
1590;2026Q2;ES707A0;ES707;1;1;27;3;1;4;7;1;6;1;8;6;-1;-1;-1;52;1;6;-1;-1;-1;4;4;3;6;2;5;3;3;3;3;6;4;5;3;4;4;4;4;5;3;4;2;3;2;2;3;4;4;4;4;3;4;4;3;2;3;3;3;3;4;4;4;4;4;4;4;4;3;4;4;4;4;4;2;2;-1;-1;6;6;4;6;3;3;467.45974733
1591;2026Q2;ES707A0;ES707;6;2;57;3;1;4;6;10;-1;-1;-1;6;-1;-1;-1;80;5;-1;-1;1;4;2;2;8;2;2;3;5;3;2;1;6;4;4;4;4;4;5;5;5;4;3;3;3;2;4;4;4;3;2;3;4;3;4;4;3;3;3;3;2;4;4;4;3;4;4;4;4;4;4;4;4;4;4;1;2;-1;-1;6;6;4;6;3;-3;39.678766772
1592;2026Q2;ES707A0;ES707;6;2;64;1;1;1;5;12;-1;-1;-1;1;-1;1;9;-1;-1;-1;-1;-1;-1;1;1;1;2;4;6;2;2;2;2;6;1;4;2;2;2;4;4;2;4;2;2;2;4;2;2;2;2;4;2;2;2;2;4;4;4;4;2;2;2;2;2;2;2;4;2;1;2;1;2;1;2;2;2;3;-1;-1;6;6;1;6;3;-3;134.59396827
1593;2026Q2;ES707A0;ES707;1;1;66;2;1;5;7;12;-1;-1;-1;1;-1;1;7;-1;-1;-1;-1;-1;-1;2;2;4;5;5;4;5;3;3;1;6;5;4;2;4;4;3;4;5;2;3;2;4;-9;4;-9;4;4;4;4;4;4;4;4;2;4;4;4;4;4;4;-3;2;-3;-3;-3;-3;-3;4;4;4;3;-3;2;2;-1;-1;1;6;5;1;3;3;655.25876052
1594;2026Q2;ES707A0;ES707;6;2;32;1;1;1;8;1;6;2;5;6;-1;-1;-1;34;1;7;-1;-1;-1;2;4;3;3;2;4;4;3;3;1;6;3;3;3;4;2;4;4;3;4;3;3;3;4;2;3;2;4;3;3;3;3;4;4;5;5;5;1;1;1;1;1;2;1;1;1;2;1;1;1;1;1;1;2;1;1;3;1;6;1;6;4;-7;286.68943073
1595;2026Q2;ES707A0;ES707;6;2;56;1;1;1;7;1;6;1;3;1;-1;-1;-1;-1;-1;-1;-1;-1;-1;3;3;2;5;4;3;-9;-9;-9;-9;6;3;4;-9;4;-9;-9;4;-9;-9;-9;-9;3;-9;-9;-9;-9;-9;-9;-9;-9;-9;-9;-9;-9;-9;-9;-9;-9;-3;-3;-3;-3;-3;-3;-3;-3;-3;-3;-3;-3;-3;-3;1;-9;-1;-1;-9;-9;5;6;-7;-7;227.8291884
1596;2026Q2;ES707A0;ES707;6;2;54;1;1;1;8;10;-1;-1;-1;1;-1;1;4;-1;-1;-1;-1;-1;-1;1;1;1;1;2;3;4;4;3;1;6;4;4;4;4;4;2;4;4;2;4;2;4;2;4;4;4;4;4;4;4;4;4;2;2;2;2;2;3;4;4;4;4;4;3;3;3;4;4;4;4;4;4;3;3;-1;-1;6;6;1;6;3;3;19.513711146
1597;2026Q2;ES707A0;ES707;1;1;34;2;1;3;6;2;1;2;5;1;-1;-1;-1;-1;-1;-1;-1;-1;-1;1;2;6;5;5;3;5;5;5;2;6;4;4;4;4;4;2;4;4;4;4;4;4;2;2;4;4;4;2;2;4;4;4;4;2;4;4;4;4;4;4;4;4;-3;1;5;5;4;4;4;2;4;4;3;3;-1;-1;6;6;3;6;5;1;93.491949466
1598;2026Q2;ES707A0;ES707;6;2;55;1;1;1;8;2;6;2;4;1;-1;-1;-1;-1;-1;-1;-1;-1;-1;1;1;1;3;5;3;5;4;-9;5;1;5;5;2;5;4;3;4;5;4;4;2;4;2;4;-9;-9;4;4;2;4;4;4;2;2;4;2;4;4;3;3;3;4;4;3;3;4;-7;1;-7;2;-3;1;3;3;-1;-1;6;6;1;1;1;1;75.9430628
1599;2026Q2;ES707A0;ES707;6;2;50;1;1;1;6;10;-1;-1;-1;1;-1;1;4;-1;-1;-1;-1;-1;-1;2;2;8;1;1;3;5;4;3;1;6;4;4;4;4;4;2;4;4;4;2;2;2;2;2;4;3;2;4;4;4;4;4;4;4;2;2;4;3;2;2;2;2;1;1;2;2;1;2;1;2;2;2;2;2;-1;-1;6;6;2;6;1;-3;39.027422291
1600;2026Q2;ES707A0;ES707;6;2;46;3;3;5;5;1;6;1;5;1;-1;-1;-1;-1;-1;-1;-1;-1;-1;1;2;6;3;3;5;4;4;3;1;6;4;2;2;4;3;4;4;4;4;2;4;2;2;4;2;2;2;2;2;4;4;4;4;2;4;2;2;2;4;-3;2;2;3;-3;3;3;2;2;-3;2;3;-3;1;2;-1;-1;6;6;4;6;2;1;299.26366836
1601;2026Q2;ES709A2;ES709;6;2;62;1;1;1;4;1;6;1;9;6;-1;-1;-1;33;1;3;-1;-1;-1;2;2;6;4;4;3;3;3;3;1;6;3;4;4;3;3;4;4;3;4;2;4;-9;4;4;3;4;4;3;3;2;2;4;5;3;3;2;3;3;4;3;3;-3;3;3;2;-3;-3;-3;-3;-3;-3;4;1;3;-1;-1;6;6;1;6;3;-3;200.05638668
1602;2026Q2;ES709A2;ES709;6;2;52;1;1;1;5;11;-1;-1;-1;1;-1;-1;-1;-1;-1;-1;-1;-1;-1;2;3;2;1;1;-1;4;4;4;2;6;4;4;4;4;4;4;4;3;4;4;2;4;2;2;4;4;4;4;4;4;4;4;3;2;2;2;4;5;4;4;4;4;5;4;4;4;4;4;3;3;4;4;2;3;-1;-1;6;6;5;6;2;2;161.53661058
1603;2026Q2;ES709A2;ES709;1;1;24;1;1;1;7;11;-1;-1;-1;6;-1;-1;-1;53;1;-9;-1;-1;-1;3;3;2;3;2;-1;2;2;2;2;6;3;3;3;4;3;3;5;3;5;2;4;3;5;5;2;3;3;3;4;3;3;4;5;4;5;4;2;2;4;4;-3;4;4;5;5;-7;4;-7;4;2;4;3;1;1;1;-9;-9;6;5;6;-7;1;242.30491586
1604;2026Q2;ES709A2;ES709;6;2;67;3;1;5;3;16;-1;-1;-1;1;1;1;2;-1;-1;-1;-1;-1;-1;2;2;6;4;4;2;4;5;4;1;6;5;5;4;5;4;2;2;4;2;4;2;4;-9;2;4;4;4;4;4;4;4;5;5;4;4;4;2;2;4;4;4;4;4;4;4;4;3;4;4;2;4;2;2;1;4;3;1;6;4;6;-3;-3;2313.1803156
1605;2026Q2;ES709A2;ES709;6;2;22;1;1;1;5;13;-1;-1;-1;6;-1;-1;-1;42;1;9;-1;-1;-1;2;3;6;2;2;6;2;2;1;1;6;2;2;4;2;2;2;5;4;4;2;5;2;4;5;2;2;4;2;2;2;2;2;4;4;4;5;2;2;2;2;1;1;2;2;2;2;2;2;2;1;2;2;2;1;2;4;1;6;3;6;3;1;1544.9292806
1606;2026Q2;ES709A2;ES709;1;-9;45;1;1;1;7;1;6;2;4;1;-1;-1;-1;-1;-1;-1;-1;-1;-1;4;4;6;5;3;3;4;4;3;3;6;2;3;4;4;4;-9;4;4;4;2;4;2;4;4;2;4;4;4;2;-9;4;4;4;4;4;4;2;2;4;2;3;3;3;4;4;4;4;3;4;4;4;2;1;1;4;3;1;6;1;6;-3;1;1754.5874635
1607;2026Q2;ES709A2;ES709;6;2;45;2;1;5;9;2;6;2;2;6;-1;-1;-1;45;1;2;-1;-1;-1;2;3;2;7;6;2;4;4;2;1;6;3;4;3;4;4;4;4;2;4;2;4;2;4;4;3;2;2;4;3;4;4;4;4;4;5;5;3;3;4;3;4;3;4;4;4;-3;5;-3;-3;4;-3;-3;2;1;1;2;1;1;5;6;-3;-3;669.21601939
1608;2026Q2;ES709A2;ES709;6;2;52;1;1;1;5;10;-1;-1;-1;6;-1;-1;-1;78;5;-1;-1;2;5;4;4;8;2;1;3;4;5;3;1;6;3;4;2;4;4;2;4;1;4;2;4;2;2;4;2;3;-9;3;4;4;4;4;3;4;4;4;2;2;4;4;4;4;4;4;4;4;4;4;4;4;4;4;3;1;1;1;1;6;5;6;1;1;323.07322115
1609;2026Q2;ES709A2;ES709;6;2;39;2;1;5;10;2;6;2;2;1;-1;-1;-1;-1;-1;-1;-1;-1;-1;2;2;4;6;6;1;5;4;3;2;6;3;2;1;4;4;5;5;4;3;1;5;2;5;4;2;2;1;3;4;4;1;1;5;5;5;5;2;2;3;3;4;1;4;3;3;1;2;1;1;1;1;1;2;1;4;2;1;6;3;6;2;1;633.42210408
1610;2026Q2;ES709A2;ES709;6;2;39;3;1;5;10;2;6;1;3;6;-1;-1;-1;38;1;5;-1;-1;-1;2;2;4;4;4;5;4;4;3;3;-9;4;4;3;4;4;3;4;4;3;4;4;4;4;4;4;4;4;4;4;4;4;4;3;3;3;3;3;2;3;3;4;3;4;4;3;3;3;4;4;2;3;3;1;1;3;2;-9;6;3;6;-7;1;633.42210408
1611;2026Q2;ES709A2;ES709;6;2;45;3;2;5;11;2;6;2;2;1;-1;-1;-1;-1;-1;-1;-1;-1;-1;1;1;1;6;6;1;3;3;2;1;6;3;2;2;4;4;4;5;1;5;1;5;1;2;4;2;3;1;3;3;4;3;3;5;5;5;5;1;2;5;4;4;4;4;3;5;1;-3;-3;-3;1;2;1;1;1;1;4;1;6;4;6;-3;1;651.74695947
1612;2026Q2;ES709A2;ES709;6;2;49;1;1;1;8;1;6;1;5;6;-1;-1;-1;49;2;5;-1;-1;-1;2;4;2;4;2;3;5;5;2;1;6;4;5;2;4;4;2;2;4;2;4;2;2;2;2;4;4;4;4;4;4;4;4;2;3;2;2;4;2;3;2;3;2;3;1;1;3;3;-3;-3;1;3;2;3;1;1;4;1;6;5;6;3;1;669.21601939
1613;2026Q2;ES709A2;ES709;6;2;59;1;1;1;5;1;6;1;9;6;-1;-1;-1;59;1;7;-1;-1;-1;4;4;6;5;3;5;4;4;2;2;6;4;4;-9;4;4;2;4;4;2;4;2;4;2;2;4;4;4;4;4;4;4;4;3;3;4;2;4;4;-3;4;4;4;4;4;4;3;4;4;4;4;4;3;1;2;-1;-1;6;6;1;6;2;1;400.11277335
1614;2026Q2;ES709A2;ES709;1;1;49;1;1;1;8;7;-1;-1;3;1;-1;-1;-1;-1;-1;-1;-1;-1;-1;2;3;2;6;4;3;4;4;3;3;6;5;5;4;4;4;2;4;4;4;4;2;4;2;3;4;4;4;4;4;4;4;4;4;4;4;3;3;3;4;4;4;4;4;3;4;4;3;4;4;4;4;4;1;1;4;1;1;1;5;6;3;3;877.29373174
1615;2026Q2;ES709A2;ES709;6;2;33;1;1;1;8;1;6;2;5;1;-1;-1;-1;-1;-1;-1;-1;-1;-1;1;2;6;3;3;5;5;5;4;4;1;4;4;4;4;4;3;4;4;2;4;2;4;4;4;4;4;4;4;4;4;4;4;3;4;4;3;2;2;4;4;4;2;4;3;3;3;4;2;2;3;3;3;2;1;1;3;6;6;1;6;3;-3;414.38056802
1616;2026Q2;ES709A2;ES709;1;1;48;3;1;5;9;7;-1;-1;3;6;-1;-1;-1;53;9;-1;1;-9;-1;2;2;9;3;3;-1;5;5;3;1;6;2;1;1;2;2;4;5;3;4;1;4;2;3;2;3;2;2;2;3;3;2;2;5;5;4;5;2;1;4;4;3;2;3;3;3;3;3;-3;-3;2;3;3;1;-9;-1;-1;1;-9;5;6;4;1;1072.8280625
1617;2026Q2;ES709A2;ES709;1;1;51;1;1;1;10;7;-1;-1;2;1;-1;-1;-1;-1;-1;-1;-1;-1;-1;2;4;2;7;5;2;5;5;4;3;6;2;2;2;4;4;4;5;4;4;2;4;2;4;4;4;2;4;2;2;2;4;4;4;4;4;4;2;2;3;2;2;2;2;2;2;-3;-3;-3;-3;1;-3;-3;1;1;4;2;1;6;5;6;2;1;1072.8280625
1618;2026Q2;ES709A2;ES709;6;2;61;1;1;1;3;10;-1;-1;-1;1;-1;2;5;-1;-1;-1;-1;-1;-1;1;1;1;1;1;3;4;5;3;1;6;5;4;4;3;4;2;4;2;5;3;3;2;2;4;3;3;3;2;2;2;2;4;-9;5;4;4;1;1;4;3;3;2;2;1;1;-3;3;-3;-3;1;1;-3;3;2;-1;-1;6;6;1;6;3;-3;98.770230925
1619;2026Q2;ES709A2;ES709;6;2;51;1;1;1;9;1;1;1;3;6;-1;-1;-1;55;2;2;-1;-1;-1;2;4;5;5;3;1;3;3;3;3;6;4;4;4;4;-9;2;3;4;2;3;2;4;2;2;3;2;3;3;3;2;4;4;3;2;3;3;3;3;4;4;4;4;4;4;4;-3;-3;-3;4;4;4;4;2;2;-1;-1;6;6;1;6;2;-3;818.37325345
1620;2026Q2;ES709A2;ES709;6;2;45;2;1;5;8;2;6;2;3;6;-1;-1;-1;39;1;2;-1;-1;-1;2;4;2;7;4;2;4;4;4;3;1;2;2;1;3;3;4;5;4;5;2;4;3;5;3;2;3;4;4;4;4;4;4;5;5;5;5;2;1;5;4;5;1;4;3;4;3;4;2;3;1;4;2;1;1;3;4;1;6;5;6;5;1;818.37325345
1621;2026Q2;ES709A2;ES709;6;2;62;1;1;1;5;14;-1;-1;-1;6;-1;-1;-1;59;3;-1;-1;-9;-1;3;3;8;2;2;-1;4;4;3;1;6;4;4;4;4;4;4;4;4;-9;4;2;4;4;4;4;-9;4;-9;-9;-9;4;4;3;4;4;4;2;2;4;4;4;3;4;4;3;4;4;3;3;-7;-7;3;2;-9;-1;-1;6;6;1;6;1;-3;1957.7296656
1622;2026Q2;ES709A2;ES709;1;1;25;1;1;1;5;1;6;2;-9;1;-1;-1;-1;-1;-1;-1;-1;-1;-1;2;2;4;5;5;-1;5;5;4;4;6;3;4;2;4;2;5;5;2;5;3;4;3;4;3;2;4;5;2;4;4;4;4;5;3;5;5;2;1;5;4;5;1;4;2;1;4;5;4;1;1;2;4;2;3;-1;-1;6;6;1;6;2;1;623.76312507
1623;2026Q2;ES709A2;ES709;6;2;62;1;1;1;8;1;6;2;9;1;-1;-1;-1;-1;-1;-1;-1;-1;-1;3;3;2;4;3;6;3;2;2;2;6;2;2;2;2;2;4;4;2;4;2;4;2;4;4;2;2;2;2;-9;4;2;2;4;4;4;4;2;2;2;3;3;2;3;2;2;3;3;2;2;2;3;2;3;3;-1;-1;6;6;1;6;4;-3;366.96849289
1624;2026Q2;ES709A2;ES709;1;1;48;1;1;1;5;1;6;2;9;1;-1;-1;-1;-1;-1;-1;-1;-1;-1;2;3;2;5;3;6;5;5;4;4;6;5;5;4;4;4;3;4;4;4;3;3;3;3;3;3;3;3;3;3;3;3;3;3;3;3;3;3;3;-3;-3;-3;-3;-3;-3;2;-3;-3;-3;-3;-3;-3;-3;2;-9;-1;-1;6;6;1;6;-3;-3;1072.8280625
1625;2026Q2;ES709A2;ES709;1;1;71;3;2;5;9;12;-1;-1;-1;1;-1;1;2;-1;-1;-1;-1;-1;-1;1;1;1;5;6;1;5;5;5;1;6;4;4;3;4;4;4;5;4;5;4;3;2;4;4;2;3;3;2;3;3;2;2;2;4;5;4;4;2;2;2;3;3;3;2;2;3;3;3;3;3;3;3;2;1;1;3;1;6;5;6;3;1;1831.2412001
1626;2026Q2;ES709A2;ES709;1;1;62;3;1;5;5;7;-1;-1;5;6;-1;-1;-1;57;2;5;-1;-1;-1;2;2;8;-9;-9;3;4;-9;-9;-9;1;4;4;-9;4;4;4;-9;4;-9;4;4;4;-9;-9;4;4;4;4;4;4;4;4;-9;-9;-9;-9;-9;-9;-7;-7;-7;-7;-7;-7;-7;-7;-7;-7;-7;-7;-7;-7;1;-9;-1;-1;-9;-9;5;6;-7;-7;1145.8465861
1627;2026Q2;ES709A2;ES709;6;2;59;1;1;1;7;14;-1;-1;-1;6;-1;-1;-1;61;1;8;-1;-1;-1;3;3;2;4;3;5;5;5;4;2;1;1;1;4;-9;1;5;5;4;4;1;5;1;5;5;1;1;1;1;1;2;1;-9;5;5;5;5;1;1;-3;5;1;1;1;2;2;1;2;2;3;1;4;2;3;-9;-1;-1;6;6;1;6;5;1;1957.7296656
1628;2026Q2;ES709A2;ES709;1;1;45;1;1;1;8;10;-1;-1;-1;6;-1;-1;-1;45;1;4;-1;-1;-1;2;4;3;5;3;3;5;5;5;2;6;4;2;2;4;4;4;5;2;4;2;4;2;2;2;4;4;4;2;4;4;4;4;4;2;4;5;2;2;4;3;3;3;-3;3;3;-3;2;2;-3;1;3;2;2;2;-1;-1;-9;-9;3;6;4;1;353.92044986
1629;2026Q2;ES709A2;ES709;6;2;61;3;1;5;10;15;-1;-1;-1;1;1;1;2;-1;-1;-1;-1;-1;-1;1;1;1;2;4;1;4;4;4;1;6;4;4;-9;4;4;4;4;4;2;2;4;4;4;2;4;4;4;4;4;2;4;4;4;3;4;4;4;2;-3;3;2;3;4;4;-3;-3;4;-3;-3;1;2;2;1;3;-1;-1;6;6;5;6;4;-3;652.5765552
1630;2026Q2;ES709A2;ES709;6;2;42;3;1;5;10;1;6;2;2;6;-1;-1;-1;40;1;5;-1;-1;-1;2;3;2;7;6;3;4;4;3;1;6;4;4;4;4;4;4;3;4;2;3;2;3;2;2;4;2;4;4;2;2;4;4;5;4;2;3;2;2;4;4;4;3;4;3;4;3;4;4;4;3;3;3;2;3;-1;-1;6;6;5;6;4;1;774.60146365
1631;2026Q2;ES709A2;ES709;6;2;54;2;1;5;8;2;1;1;4;1;-1;-1;-1;-1;-1;-1;-1;-1;-1;1;1;1;3;5;3;5;5;5;1;6;5;5;4;5;5;5;5;4;2;5;5;4;5;4;2;4;5;2;2;2;4;4;5;2;5;5;2;2;4;4;2;4;4;2;5;2;2;-3;-3;2;2;4;2;2;-1;-1;6;6;5;6;4;2;409.18662672
1632;2026Q2;ES709A2;ES709;6;2;62;3;3;5;9;10;-1;-1;-1;1;-1;1;2;-1;-1;-1;-1;-1;-1;2;2;6;-9;-9;-1;5;5;5;1;6;4;4;4;4;4;4;3;4;2;4;3;4;2;2;4;4;4;4;4;4;4;4;4;2;2;2;3;3;4;-3;4;4;4;2;4;-3;4;-3;-3;4;4;-3;3;3;-1;-1;1;6;5;6;3;-3;197.54046185
1633;2026Q2;ES709A2;ES709;6;2;52;1;1;1;6;1;1;1;4;6;-1;-1;-1;46;1;1;-1;-1;-1;2;2;4;6;6;-1;5;5;4;3;1;3;4;2;3;3;4;5;2;5;2;4;2;5;5;2;2;2;2;2;3;3;2;5;5;4;4;2;2;3;3;3;1;-7;2;2;2;2;1;2;1;1;1;1;1;3;4;1;6;1;6;5;1;818.37325345
1634;2026Q2;ES709A2;ES709;6;2;36;2;1;1;6;1;6;2;5;1;-1;-1;-1;-1;-1;-1;-1;-1;-1;1;1;1;3;5;5;1;3;1;1;6;1;1;1;1;1;5;5;1;4;1;5;1;5;5;1;1;1;1;1;1;1;1;5;5;5;5;1;1;1;1;1;1;1;1;1;1;1;1;1;1;1;1;2;1;3;4;1;1;1;6;3;1;387.30073183
1635;2026Q2;ES709A2;ES709;1;1;58;1;1;1;5;6;-1;-1;5;1;-1;-1;-1;-1;-1;-1;-1;-1;-1;3;3;6;4;3;3;5;5;5;3;1;3;2;4;4;4;4;4;4;3;4;2;4;4;4;4;4;4;4;4;4;4;4;4;3;3;4;3;4;4;3;4;3;3;3;3;3;4;4;4;4;3;3;2;1;4;1;1;1;1;6;4;1;1718.7698792
1636;2026Q2;ES709A2;ES709;1;1;31;1;1;1;7;1;1;2;4;6;-1;-1;-1;31;1;2;-1;-1;-1;2;2;4;7;6;-1;4;4;5;4;1;4;2;4;4;4;4;4;4;4;2;4;2;4;4;2;2;2;2;1;4;3;2;5;5;5;5;1;1;3;3;3;1;3;1;1;3;3;1;4;1;1;1;1;1;3;4;1;1;1;6;5;1;623.76312507
1637;2026Q2;ES709A2;ES709;1;1;43;1;1;1;5;2;6;2;9;1;-1;-1;-1;-1;-1;-1;-1;-1;-1;3;4;3;6;3;6;5;4;3;1;6;5;4;4;4;4;4;5;3;3;4;3;4;2;2;4;4;5;5;4;4;4;4;2;2;3;2;4;4;4;3;4;4;4;4;4;-3;-3;-3;-3;-3;-3;-3;2;2;-1;-1;6;6;1;6;3;-3;1185.1188366
1638;2026Q2;ES709A2;ES709;6;2;24;1;1;1;8;2;1;1;5;6;-1;-1;-1;55;1;5;-1;-1;-1;4;4;8;7;5;5;3;3;4;2;6;4;4;4;4;4;4;5;4;5;4;4;4;4;4;4;4;4;2;4;4;5;5;5;5;5;5;2;2;5;4;4;4;4;4;4;4;5;4;4;5;4;4;1;1;3;3;1;6;1;6;-3;3;2071.9028401
1639;2026Q2;ES709A2;ES709;1;1;35;1;1;1;6;10;-1;-1;-1;6;-1;-1;-1;50;1;-9;-1;-1;-1;2;2;-9;2;2;-1;4;4;4;4;6;4;4;3;4;3;3;4;4;4;3;4;4;4;4;4;4;3;4;4;4;3;3;4;4;4;3;3;3;3;5;5;5;4;4;4;5;5;4;4;3;3;3;3;1;1;3;1;6;1;6;-7;-7;197.54046185
1640;2026Q2;ES709A2;ES709;6;2;55;3;1;5;10;1;6;1;5;1;-1;-1;-1;-1;-1;-1;-1;-1;-1;1;1;1;3;5;5;4;4;4;4;1;4;4;4;4;3;4;4;2;4;4;4;2;4;4;2;2;2;4;2;4;3;4;4;4;4;4;3;2;3;3;2;3;3;3;3;-3;2;2;3;3;3;3;1;1;3;4;6;6;5;6;4;1;122.32283096
1641;2026Q2;ES709A2;ES709;1;1;62;3;2;3;3;12;-1;-1;-1;1;-1;2;3;-1;-1;-1;-1;-1;-1;1;1;1;3;5;3;5;5;4;2;6;3;1;1;3;3;5;5;3;5;1;5;1;5;5;3;1;3;1;1;3;2;3;5;5;5;5;1;1;-3;1;1;1;2;1;1;1;2;1;1;1;1;1;3;-9;-1;-1;6;6;3;6;5;-3;1539.8233809
1642;2026Q2;ES709A2;ES709;1;1;59;1;1;1;6;7;-1;-1;3;1;-1;-1;-1;-1;-1;-1;-1;-1;-1;2;2;4;3;3;3;5;4;3;5;6;4;4;3;5;5;4;5;4;5;4;5;5;5;4;4;5;3;2;3;5;4;5;5;4;5;5;2;3;4;5;-3;-3;4;3;4;3;4;3;2;3;4;2;2;1;3;4;6;6;5;6;3;1;1145.8465861
1643;2026Q2;ES709A2;ES709;1;1;57;1;1;1;9;5;-1;-1;1;1;-1;-1;-1;-1;-1;-1;-1;-1;-1;1;1;1;3;5;2;5;5;3;2;6;4;4;2;4;4;3;4;2;4;4;4;4;4;4;2;4;2;2;4;2;4;4;4;4;5;5;2;2;3;2;3;2;3;2;2;1;2;1;1;2;2;2;1;1;4;-9;1;6;1;6;3;-3;572.92329307
1644;2026Q2;ES709A2;ES709;1;1;50;1;1;1;9;15;-1;-1;-1;1;-9;-1;-1;-1;-1;-1;-1;-1;-1;1;1;1;6;6;-1;5;5;3;2;6;4;5;2;4;5;2;5;4;3;3;4;3;4;3;2;3;3;4;4;4;4;4;3;4;2;3;2;2;3;3;4;1;1;2;2;1;2;1;3;2;3;-7;1;1;1;4;6;6;5;6;3;3;1052.2866703
1645;2026Q2;ES709A2;ES709;6;2;58;1;1;1;9;2;6;2;2;1;-1;-1;-1;-1;-1;-1;-1;-1;-1;2;2;8;5;5;2;5;5;3;3;1;3;2;2;4;3;5;4;3;4;2;2;2;2;2;3;3;3;2;3;4;4;4;4;4;4;4;3;2;4;4;4;1;2;3;3;3;3;2;2;2;2;1;2;1;1;3;1;6;5;6;3;2;244.64566193
1646;2026Q2;ES709A2;ES709;6;2;21;1;1;1;5;11;-1;-1;-1;6;-1;-1;-1;54;1;9;-1;-1;-1;4;4;2;2;1;6;5;5;2;2;6;5;4;4;5;4;4;5;2;5;2;4;2;2;5;2;2;2;2;2;4;4;4;4;4;4;4;2;2;5;4;5;2;4;1;4;4;4;4;4;2;4;4;2;1;3;2;1;6;1;6;3;3;493.85115462
1647;2026Q2;ES709A2;ES709;1;1;43;1;1;1;5;1;6;2;5;1;-1;-1;-1;-1;-1;-1;-1;-1;-1;2;2;8;6;5;5;4;4;2;2;1;4;2;4;4;4;2;4;4;4;4;2;4;2;2;2;4;2;2;4;4;4;4;5;5;5;4;2;4;3;2;3;3;3;4;3;3;4;4;4;4;3;2;1;1;1;3;6;6;1;6;2;2;790.07922442
1648;2026Q2;ES709A2;ES709;1;1;45;1;1;1;7;1;6;2;5;6;-1;-1;-1;70;5;-1;-1;1;5;2;3;7;4;3;5;4;4;4;4;6;1;1;1;3;2;1;5;1;5;1;5;1;5;5;1;1;1;1;1;1;1;3;5;5;5;5;2;1;2;3;2;4;1;1;2;2;1;4;4;2;2;2;1;1;4;1;1;6;1;6;5;1;1072.8280625
1649;2026Q2;ES709A2;ES709;6;2;50;1;1;1;10;10;-1;-1;-1;1;-1;1;3;-1;-1;-1;-1;-1;-1;4;4;5;6;3;3;4;4;2;2;6;4;4;2;4;4;5;5;3;4;2;4;2;4;4;3;2;3;2;2;2;3;4;5;3;5;4;3;2;4;3;3;2;4;3;2;2;3;3;2;2;4;3;2;3;-1;-1;6;6;1;6;3;1;395.0809237
1650;2026Q2;ES709A2;ES709;6;2;33;1;1;1;7;1;6;2;5;6;-1;-1;-1;57;7;-1;1;1;5;2;2;6;2;2;5;4;3;3;1;6;2;2;2;4;4;4;5;4;4;2;4;2;2;4;4;2;4;4;4;4;5;4;2;4;4;4;4;4;4;3;4;2;4;3;4;-3;-3;-3;-3;3;4;-3;2;1;3;4;1;6;5;6;2;1;828.76113604
1651;2026Q2;ES709A2;ES709;6;2;65;3;3;5;9;12;-1;-1;-1;1;-1;1;2;-1;-1;-1;-1;-1;-1;2;2;8;4;4;2;5;5;5;4;6;5;5;5;5;5;1;1;5;1;5;1;5;1;1;5;5;5;5;5;5;5;5;1;1;1;1;5;5;5;5;5;5;5;5;5;5;5;5;5;5;5;5;1;2;-1;-1;6;6;5;6;-7;2;3604.3981301
1652;2026Q2;ES709A2;ES709;1;1;37;1;1;1;10;2;1;2;2;6;-1;-1;-1;66;5;-1;-1;1;2;3;3;6;6;5;2;5;5;3;1;6;4;4;2;4;2;4;5;2;3;3;3;3;2;4;4;1;3;4;3;2;4;4;5;4;4;4;2;2;-3;3;2;3;3;3;3;-3;-3;-3;-3;-3;-3;-3;1;1;5;4;1;6;1;6;1;1;1185.1188366
1653;2026Q2;ES709A2;ES709;6;2;27;1;1;5;10;1;1;2;5;1;-1;-1;-1;-1;-1;-1;-1;-1;-1;4;4;9;7;5;3;5;5;3;3;6;4;2;2;3;4;4;5;3;5;1;5;2;4;4;3;4;3;2;1;4;4;4;5;5;5;4;1;1;1;3;3;1;1;3;3;3;3;2;3;1;3;1;1;1;1;4;1;6;5;6;4;1;1657.5222721
1654;2026Q2;ES709A2;ES709;6;2;67;1;1;1;5;12;-1;-1;-1;6;-1;-1;-1;70;5;-1;-1;1;5;3;3;6;4;3;5;4;4;3;1;6;4;4;-9;4;4;2;4;4;2;4;4;2;4;2;4;4;4;4;4;4;4;4;2;4;4;4;4;3;-3;-3;-3;-3;-3;3;4;-3;-3;-3;-3;-3;-3;-3;2;2;-1;-1;6;6;1;6;1;1;4243.1251924
1655;2026Q2;ES709A2;ES709;6;2;60;1;1;1;5;1;6;1;5;1;-1;-1;-1;-1;-1;-1;-1;-1;-1;1;1;1;3;5;5;5;5;2;1;6;4;4;4;4;4;4;4;4;4;4;4;4;4;4;4;4;4;4;3;3;2;-9;4;3;3;4;4;2;4;3;3;3;3;4;4;3;-3;-3;-3;2;-3;-3;1;2;-1;-1;6;1;5;6;3;-3;122.32283096
1656;2026Q2;ES709A2;ES709;6;2;34;1;1;1;9;2;6;2;2;6;-1;-1;-1;60;2;5;-1;-1;-1;2;2;8;7;6;3;5;5;3;2;6;3;3;2;3;4;3;5;3;4;2;5;3;3;3;4;2;3;2;4;4;4;4;5;4;4;5;2;3;4;4;4;3;4;3;4;3;4;3;3;2;3;2;1;1;1;3;1;6;1;6;3;1;828.76113604
1657;2026Q2;ES709A2;ES709;1;1;24;1;1;1;9;13;-1;-1;-1;6;-1;-1;-1;55;1;7;-1;-1;-1;2;4;8;3;2;4;5;5;4;3;6;4;4;2;4;3;5;5;3;5;3;5;4;4;4;3;3;4;3;4;4;3;4;5;4;5;5;3;3;5;3;3;2;4;4;3;2;3;2;3;1;3;2;1;1;5;3;1;6;1;6;4;1;1655.5084031
1658;2026Q2;ES709A2;ES709;1;1;53;1;1;1;5;1;1;2;7;1;-1;-1;-1;-1;-1;-1;-1;-1;-1;2;4;2;5;2;5;5;5;3;1;6;4;4;4;4;4;4;4;4;4;4;4;2;2;4;2;2;2;2;2;2;2;4;4;4;4;4;2;2;2;4;2;2;3;2;2;2;3;2;3;2;3;3;2;1;1;3;1;6;5;6;1;-3;1072.8280625
1659;2026Q2;ES709A2;ES709;6;2;62;1;1;1;6;1;6;2;5;1;-1;-1;-1;-1;-1;-1;-1;-1;-1;1;1;1;2;4;5;5;4;3;3;1;3;4;-9;-9;2;4;5;-9;3;2;4;2;-9;3;-9;2;-9;2;-9;2;4;4;4;4;-9;4;-9;2;4;3;3;-3;4;4;3;-3;3;3;-3;3;-3;3;1;1;3;2;1;6;1;6;1;1;122.32283096
1660;2026Q2;ES709A2;ES709;1;1;63;1;1;1;3;12;-1;-1;-1;1;-1;1;7;-1;-1;-1;-1;-1;-1;2;3;-9;4;3;5;4;4;3;1;6;4;5;3;4;4;-9;4;5;2;2;-9;2;3;4;2;3;3;1;4;4;2;4;5;5;-9;5;1;1;4;4;3;4;2;3;1;2;1;-3;1;3;-3;-3;1;3;-1;-1;6;6;1;6;-3;-3;2177.5918642
1661;2026Q2;ES709A2;ES709;6;2;48;1;1;1;8;1;6;1;2;1;-1;-1;-1;-1;-1;-1;-1;-1;-1;1;2;6;2;2;2;3;3;3;2;6;3;4;3;4;3;3;3;4;3;3;4;3;3;4;2;3;2;4;3;3;3;4;4;3;3;4;3;2;5;4;4;4;4;4;3;3;4;3;3;5;4;3;1;2;-1;-1;-9;6;1;6;3;3;409.18662672
1662;2026Q2;ES709A2;ES709;6;2;39;1;1;1;8;1;6;1;5;6;-1;-1;-1;74;5;-1;-1;1;4;3;3;2;7;5;3;4;4;2;3;1;3;2;2;3;2;5;5;3;5;2;5;2;5;5;2;2;2;1;1;4;1;4;5;4;5;5;1;1;2;3;1;1;1;1;3;3;3;1;2;1;-7;-7;2;1;3;3;1;6;1;1;4;1;1161.9021955
1663;2026Q2;ES709A2;ES709;6;2;40;3;2;4;10;10;-1;-1;-1;1;-1;1;3;-1;-1;-1;-1;-1;-1;1;1;1;3;5;3;4;-9;-9;-9;6;4;3;2;4;3;4;5;2;5;1;5;1;3;5;1;4;1;2;3;4;2;3;5;5;5;5;1;1;4;2;3;1;3;1;3;1;3;1;1;4;1;1;1;1;1;3;1;6;3;6;4;3;265.44959737
1664;2026Q2;ES709A2;ES709;6;2;76;1;1;1;10;12;-1;-1;-1;6;-1;-1;-1;80;5;-1;-1;1;2;2;2;4;5;5;-1;5;5;5;1;6;5;5;4;5;4;2;5;4;4;5;4;5;4;2;4;2;5;5;4;3;4;4;3;4;5;4;1;2;5;4;4;5;4;2;3;4;-3;3;2;3;1;3;1;3;-1;-1;6;6;1;6;4;3;2828.7501283
1665;2026Q2;ES709A2;ES709;6;2;66;1;1;1;3;12;-1;-1;-1;1;-1;-9;-1;-1;-1;-1;-1;-1;-1;1;1;1;2;4;-1;4;4;3;1;6;4;5;4;4;4;2;2;4;2;4;2;4;3;2;2;4;4;4;4;4;4;4;3;2;2;4;4;4;3;3;2;2;2;2;1;2;1;3;3;3;2;2;3;2;-1;-1;-9;6;1;6;4;1;1414.3750641
1666;2026Q2;ES709A2;ES709;6;2;43;3;1;5;7;2;6;1;5;6;-1;-1;-1;66;5;-1;-1;-9;-1;4;4;8;2;1;-1;4;3;3;2;6;3;3;3;2;2;5;5;4;4;2;4;3;5;3;3;3;3;2;2;2;3;4;4;5;3;5;2;2;4;3;3;2;2;1;1;2;3;2;3;1;3;3;2;1;3;4;1;6;5;6;3;1;1936.5036591
1667;2026Q2;ES709A2;ES709;1;1;44;1;1;1;10;5;-1;-1;1;1;-1;-1;-1;-1;-1;-1;-1;-1;-1;4;4;8;7;5;2;5;5;5;4;6;4;4;4;4;4;2;2;4;4;4;4;4;2;2;4;4;4;3;4;3;4;4;4;2;4;3;3;3;4;4;4;3;4;4;4;3;4;4;4;4;3;2;2;1;2;2;6;6;1;6;3;3;1580.1584488
1668;2026Q2;ES709A2;ES709;1;1;24;1;1;1;8;1;6;1;4;6;-1;-1;-1;55;2;7;-1;-1;-1;4;4;2;6;3;5;5;5;3;1;6;4;4;2;5;5;2;4;2;4;2;4;4;5;4;4;4;4;4;4;4;4;4;4;4;5;5;4;2;5;5;4;3;3;3;3;3;4;4;3;3;4;4;2;1;3;1;1;6;1;6;2;1;1247.5262501
1669;2026Q2;ES709A2;ES709;6;2;63;2;1;5;9;15;-1;-1;-1;1;1;1;2;-1;-1;-1;-1;-1;-1;2;3;7;7;6;-1;5;5;4;3;6;5;4;2;2;2;4;5;2;5;2;5;2;5;2;2;2;2;2;2;4;2;4;5;5;5;5;2;1;5;5;3;2;4;4;3;3;2;2;2;1;3;2;1;1;1;3;1;6;5;6;3;1;1305.1531104
1670;2026Q2;ES709A2;ES709;1;1;50;1;1;1;5;1;6;2;7;1;-1;-1;-1;-1;-1;-1;-1;-1;-1;2;4;5;5;3;4;-9;3;3;2;6;4;4;3;4;4;2;3;4;3;2;3;2;2;2;2;2;2;2;-9;4;2;4;2;3;2;4;4;4;-3;-3;-3;-3;-3;4;3;-3;-3;-3;-3;2;3;-3;2;2;-1;-1;6;6;1;6;1;-3;1072.8280625
1671;2026Q2;ES709A2;ES709;6;2;32;1;1;1;8;1;6;1;-9;1;-1;-1;-1;-1;-1;-1;-1;-1;-1;2;2;4;5;5;-1;5;5;5;5;6;1;2;1;3;4;5;4;3;2;3;3;3;4;3;3;3;3;2;1;1;1;-9;1;1;1;1;2;1;1;1;1;1;1;1;1;1;4;1;1;1;1;2;2;2;-1;-1;6;-9;2;6;2;2;828.76113604
1672;2026Q2;ES709A2;ES709;6;2;38;1;1;1;11;2;6;2;2;1;-1;-1;-1;-1;-1;-1;-1;-1;-1;2;2;4;6;5;1;5;5;3;1;6;2;1;1;2;2;5;5;2;5;2;5;2;5;5;2;3;3;3;2;3;2;2;5;5;5;5;2;2;-3;-3;2;2;2;4;4;1;-3;2;2;1;1;1;1;1;3;-9;6;6;1;6;4;1;774.60146365
1673;2026Q2;ES709A2;ES709;6;2;49;1;1;1;8;2;6;2;4;1;-1;-1;-1;-1;-1;-1;-1;-1;-1;2;2;6;6;5;3;5;5;5;1;6;1;1;1;1;1;5;5;1;5;1;5;1;5;5;1;1;1;1;1;1;1;5;4;4;4;4;1;1;1;1;1;1;1;1;1;-3;2;2;2;1;1;1;1;1;4;4;1;6;1;6;4;1;818.37325345
1674;2026Q2;ES709A2;ES709;6;2;59;1;1;1;5;7;-1;-1;5;1;-1;-1;-1;-1;-1;-1;-1;-1;-1;1;1;1;2;4;3;3;3;2;2;6;4;4;2;4;4;3;4;4;4;4;4;2;2;2;2;4;4;4;2;4;4;4;4;4;4;4;2;2;3;3;3;3;3;3;2;3;3;4;4;2;2;2;2;2;-1;-1;1;6;5;6;3;1;122.32283096
1675;2026Q2;ES709A2;ES709;1;1;43;1;1;1;4;1;6;1;5;1;-1;-1;-1;-1;-1;-1;-1;-1;-1;2;4;8;6;3;5;2;2;2;2;6;3;3;3;4;4;4;4;4;4;3;3;3;3;3;3;3;3;3;3;3;3;3;3;3;3;3;3;3;3;3;3;3;3;3;3;3;3;3;3;3;3;3;2;2;-1;-1;-9;6;5;6;4;1;790.07922442
1676;2026Q2;ES709A2;ES709;6;2;63;1;1;1;5;1;6;1;9;1;-1;-1;-1;-1;-1;-1;-1;-1;-1;3;3;2;6;4;6;5;5;3;5;1;3;4;4;4;3;4;5;4;4;4;2;2;5;4;3;2;2;2;2;3;3;2;5;5;5;5;1;2;4;3;1;3;4;2;2;2;3;-3;3;2;-3;3;2;1;4;2;1;1;5;6;4;1;366.96849289
1677;2026Q2;ES709A2;ES709;6;2;57;1;1;1;5;1;6;1;5;6;-1;-1;-1;57;1;7;-1;-1;-1;3;3;6;-9;-9;5;4;4;-9;3;-9;4;4;3;4;-9;3;-9;4;2;4;-9;3;2;-9;-9;2;3;-9;-9;2;4;4;-9;3;-9;3;2;3;-3;-3;3;3;4;4;4;-3;-3;-3;-3;3;-3;-3;2;1;3;3;6;-9;1;6;3;3;366.96849289
1678;2026Q2;ES709A2;ES709;6;2;25;3;1;5;10;1;6;2;2;6;-1;-1;-1;54;2;7;-1;-1;-1;4;4;6;7;5;5;5;5;3;3;1;3;2;5;4;4;4;5;2;5;2;5;3;4;5;2;4;3;1;2;3;3;3;5;5;5;5;1;1;3;4;2;1;1;3;3;-3;2;3;2;1;2;3;1;1;1;4;1;6;5;6;1;-3;1657.5222721
1679;2026Q2;ES709A2;ES709;6;2;26;1;1;1;7;7;-1;-1;5;6;-1;-1;-1;47;2;5;-1;-1;-1;4;4;6;6;4;5;4;4;3;2;6;1;3;3;4;4;4;5;2;3;2;4;2;5;5;3;2;2;1;3;4;4;3;5;5;5;5;2;2;4;2;4;3;4;4;3;2;4;3;2;1;3;3;2;1;4;3;1;1;1;6;3;1;1657.5222721
1680;2026Q2;ES709A2;ES709;1;1;53;1;1;1;5;1;6;2;3;1;-1;-1;-1;-1;-1;-1;-1;-1;-1;1;1;1;3;5;4;5;5;2;1;6;2;5;4;4;4;4;5;3;4;3;4;4;4;4;4;2;2;2;2;4;4;4;4;4;5;4;2;2;5;3;1;2;-3;2;2;3;4;3;3;4;3;2;2;1;4;2;6;6;1;6;1;1;536.41403125
1681;2026Q2;ES709A2;ES709;1;1;68;1;1;1;4;12;-1;-1;-1;1;-1;1;8;-1;-1;-1;-1;-1;-1;1;1;1;3;5;5;4;4;2;1;6;1;4;4;4;4;4;4;2;2;4;-9;4;2;2;4;4;5;4;4;4;4;4;1;2;4;4;-9;4;5;4;4;4;5;5;5;4;4;4;5;3;-3;-3;3;3;-1;-1;1;6;5;6;3;-3;1380.2137513
1682;2026Q2;ES709A2;ES709;1;1;38;3;2;2;6;11;-1;-1;-1;6;-1;-1;-1;66;5;-1;-1;1;7;4;4;3;2;1;4;5;4;4;1;6;5;4;5;4;4;4;5;3;5;4;5;4;5;5;4;5;4;5;4;5;5;5;1;1;4;5;1;1;3;3;3;3;3;3;3;3;3;3;3;3;3;3;1;1;4;-9;6;6;2;6;4;-3;1946.4530188
1683;2026Q2;ES709A2;ES709;6;2;48;2;1;5;7;10;-1;-1;-1;1;-1;1;5;-1;-1;-1;-1;-1;-1;1;3;6;3;2;5;5;5;4;5;1;2;4;4;4;5;2;2;4;2;4;2;4;2;2;3;4;4;4;4;4;4;4;1;1;1;1;4;4;3;1;3;3;2;2;1;1;1;1;1;1;1;1;1;3;-1;-1;6;6;5;1;4;2;98.770230925
1684;2026Q2;ES709A2;ES709;1;1;67;1;1;1;3;12;-1;-1;-1;1;-1;1;7;-1;-1;-1;-1;-1;-1;1;1;1;2;4;4;3;3;3;2;6;3;4;-9;2;-9;-9;-9;2;2;-9;-9;-9;-9;2;-9;-9;4;-9;-9;4;-9;-9;-9;-9;-9;-9;-9;-9;3;3;-3;3;3;4;3;-3;-3;-3;-3;-3;-3;-3;2;2;-1;-1;6;6;1;6;1;2;1380.2137513
1685;2026Q2;ES709A2;ES709;1;1;73;1;1;1;3;12;-1;-1;-1;1;-1;1;5;-1;-1;-1;-1;-1;-1;2;2;8;3;3;5;5;5;3;3;6;4;5;2;4;4;4;4;4;4;2;4;2;2;2;4;4;4;4;4;4;4;4;4;2;2;4;4;2;3;3;-3;3;4;3;3;-3;-3;-3;-3;-3;3;-3;1;1;3;1;1;1;5;6;4;-7;2760.4275025
1686;2026Q2;ES709A2;ES709;6;2;41;1;1;1;10;1;1;2;2;6;-1;-1;-1;46;1;5;-1;-1;-1;2;4;6;7;5;3;2;2;2;2;6;4;4;4;4;4;2;4;4;4;4;4;4;4;2;4;4;4;2;2;2;4;4;4;4;4;4;2;2;2;2;2;2;2;2;2;2;2;2;2;1;2;2;1;1;4;4;6;6;1;6;4;1;774.60146365
1687;2026Q2;ES709A2;ES709;6;2;75;1;1;1;4;12;-1;-1;-1;1;-1;1;9;-1;-1;-1;-1;-1;-1;2;2;8;2;2;6;5;4;4;-9;6;4;4;-9;4;4;4;4;-9;3;4;2;4;2;2;4;-9;4;4;4;4;4;4;-9;4;2;4;-9;4;4;4;4;3;4;4;-3;4;3;3;3;3;4;4;3;-9;-1;-1;-9;-9;1;6;-7;-3;2828.7501283
1688;2026Q2;ES709A2;ES709;1;1;28;1;1;1;6;11;-1;-1;-1;6;-1;-1;-1;25;1;5;-1;-1;-1;2;2;4;3;3;5;3;3;3;1;6;3;3;3;4;4;3;1;4;2;3;3;3;4;5;3;2;4;4;3;2;3;4;5;5;4;4;1;1;4;3;4;3;3;2;2;2;2;2;2;1;3;2;1;1;3;3;6;6;1;6;4;1;197.54046185
1689;2026Q2;ES709A2;ES709;6;2;48;1;1;1;9;6;-1;-1;2;1;-1;-1;-1;-1;-1;-1;-1;-1;-1;2;3;6;6;5;1;3;4;2;1;6;2;-9;4;4;4;4;5;2;5;2;5;2;3;4;2;4;2;2;4;4;2;2;5;3;4;4;2;2;3;3;4;3;5;5;1;3;1;1;3;1;3;1;1;3;-1;-1;6;6;1;6;4;1;818.37325345
1690;2026Q2;ES709A2;ES709;1;1;41;1;1;1;5;1;6;2;7;6;-1;-1;-1;76;5;-1;-1;1;9;2;2;6;3;3;6;2;2;3;2;6;4;4;4;4;4;4;5;4;4;2;4;2;-9;4;2;2;2;2;2;2;4;4;4;4;4;4;4;2;3;3;3;3;3;3;3;3;3;3;3;3;3;3;3;1;1;4;6;1;5;6;5;1;790.07922442
1691;2026Q2;ES709A2;ES709;6;2;50;1;1;1;5;1;6;1;5;6;-1;-1;-1;51;1;7;-1;-1;-1;3;4;2;5;2;5;3;3;2;2;6;3;1;3;3;1;3;-9;3;3;1;1;1;1;1;1;1;1;4;4;2;3;1;1;1;1;5;1;1;3;-3;-3;1;-3;1;1;-3;-3;3;3;1;3;-3;2;1;1;4;6;6;1;6;3;-3;1227.5598802
1692;2026Q2;ES709A2;ES709;6;2;31;1;1;1;10;1;6;2;2;1;-1;-1;-1;-1;-1;-1;-1;-1;-1;2;2;4;4;4;2;3;3;2;2;6;1;1;1;2;1;5;5;2;5;1;5;1;4;5;4;2;1;1;1;1;1;1;5;5;5;5;1;1;1;1;1;1;1;1;1;1;1;1;1;1;1;1;1;1;1;4;1;6;3;6;1;1;828.76113604
1693;2026Q2;ES709A2;ES709;6;2;62;3;1;5;6;10;-1;-1;-1;6;-1;-1;-1;61;8;-1;1;2;7;2;2;8;2;2;4;4;4;2;1;6;4;4;-9;4;4;2;4;2;3;3;4;2;3;-9;2;4;4;3;-9;2;4;4;4;3;4;4;-9;3;3;3;-3;3;-3;3;2;3;2;-3;-3;3;-3;3;2;-9;-1;-1;6;6;5;6;1;-3;197.54046185
1694;2026Q2;ES709A2;ES709;6;2;57;1;1;1;6;14;-1;-1;-1;6;-1;-1;-1;59;1;7;-1;-1;-1;4;4;2;3;2;4;4;4;3;1;6;4;4;4;4;4;5;4;3;3;3;2;3;3;4;3;3;2;4;4;2;4;4;3;4;2;3;3;3;3;3;4;3;3;3;2;3;3;3;3;2;3;2;3;3;-1;-1;6;6;1;6;3;-3;2610.3062208
1695;2026Q2;ES709A2;ES709;1;1;59;1;1;1;5;1;6;1;7;1;-1;-1;-1;-1;-1;-1;-1;-1;-1;4;4;2;3;2;4;4;4;2;2;6;4;4;4;4;4;4;5;3;4;4;4;2;2;4;3;2;-9;3;4;4;4;4;2;2;4;2;4;-9;4;-3;-3;5;-3;4;3;-3;-3;-3;4;-3;-3;-3;2;3;-1;-1;6;6;1;6;3;-7;2291.6931723
1696;2026Q2;ES709A2;ES709;1;1;70;3;3;1;8;12;-1;-1;-1;1;-1;1;7;-1;-1;-1;-1;-1;-1;2;2;4;-9;-9;5;4;4;3;-9;-9;-9;-9;-9;-9;-9;-9;-9;-9;-9;-9;-9;-9;-9;-9;-9;-9;-9;-9;-9;-9;-9;-9;-9;-9;-9;-9;-9;-9;-7;-7;-7;-7;-7;-7;-7;-7;-7;-7;-7;-7;-7;-7;3;3;-1;-1;6;6;5;-9;-7;-7;3662.4824002
1697;2026Q2;ES709A2;ES709;6;2;44;1;1;1;7;10;-1;-1;-1;6;-1;-1;-1;48;1;7;-1;-1;-1;2;4;2;4;2;4;4;4;4;1;6;2;2;2;2;2;5;4;2;4;2;4;2;4;4;2;2;2;2;2;2;2;2;4;4;4;4;1;2;4;2;2;1;3;2;2;3;2;2;2;2;2;1;1;1;1;1;6;6;5;6;2;1;197.54046185
1698;2026Q2;ES709A2;ES709;1;1;21;1;1;1;4;10;-1;-1;-1;6;-1;-1;-1;50;1;5;-1;-1;-1;3;3;8;3;2;5;4;4;3;2;6;3;4;4;4;4;4;4;4;3;3;4;3;2;3;4;4;4;3;4;4;4;4;4;3;4;3;3;3;4;4;4;4;4;4;3;4;4;4;-3;2;-3;4;2;1;2;2;1;6;1;6;-7;-3;296.31069277
1699;2026Q2;ES709A2;ES709;6;2;49;1;1;1;5;2;6;1;5;1;-1;-1;-1;-1;-1;-1;-1;-1;-1;2;2;6;2;2;5;4;4;3;1;6;4;4;4;4;4;5;3;2;2;3;3;2;2;3;2;3;2;4;3;3;4;4;2;2;3;4;3;2;4;-3;-3;2;-3;2;-3;-3;-3;-3;-3;1;-3;-3;2;2;-1;-1;6;6;5;6;-3;1;818.37325345
1700;2026Q2;ES709A2;ES709;1;1;52;1;1;1;3;1;1;1;3;6;-1;-1;-1;50;2;-9;-1;-1;-1;3;4;3;6;4;-1;5;5;3;3;6;5;5;-9;5;5;4;5;4;4;4;4;4;5;-9;-9;4;4;2;-9;-9;-9;-9;5;-9;-9;-9;-9;-9;-3;-3;-3;-3;-3;-3;-3;-3;-3;-3;-3;-3;-3;-3;1;1;3;-9;1;6;5;6;-7;-3;1609.2420937
1701;2026Q2;ES709A2;ES709;6;2;46;3;2;5;6;10;-1;-1;-1;6;-1;-1;-1;38;1;5;-1;-1;-1;2;3;2;3;2;5;4;5;3;4;1;4;3;3;4;3;4;5;4;4;3;5;3;3;3;3;3;3;2;3;4;3;3;5;4;5;5;1;2;3;3;3;2;2;2;3;-3;3;-3;-3;-3;-3;-3;3;2;-1;-1;-9;-9;5;6;3;1;574.67098454
1702;2026Q2;ES709A2;ES709;1;1;33;1;1;1;8;1;6;2;4;1;-1;-1;-1;-1;-1;-1;-1;-1;-1;2;2;4;4;4;3;5;5;4;3;6;3;2;2;2;2;5;5;2;4;2;4;2;4;5;2;2;2;2;2;2;2;2;5;5;5;5;2;2;1;2;1;1;1;1;1;3;3;2;-3;2;1;1;2;1;1;4;1;6;1;6;4;1;623.76312507
1703;2026Q2;ES709A2;ES709;6;2;55;1;1;1;5;1;6;2;9;6;-1;-1;-1;58;1;8;-1;-1;-1;4;4;2;6;4;5;4;4;2;2;6;5;4;4;4;4;4;4;4;4;4;3;4;4;2;3;4;3;3;4;2;4;4;3;3;2;4;2;2;4;4;4;3;3;3;3;3;4;-3;3;2;3;4;2;2;-1;-1;6;6;5;6;1;1;489.29132386
1704;2026Q2;ES709A2;ES709;1;1;39;1;1;1;8;1;6;2;5;6;-1;-1;-1;39;1;4;-1;-1;-1;2;3;2;5;4;3;3;4;3;2;6;4;4;2;4;4;4;4;2;4;2;4;4;2;4;2;2;4;2;4;4;4;3;4;4;4;4;2;3;4;3;4;3;4;3;4;4;3;3;2;3;3;3;1;1;1;4;6;6;5;6;4;-3;790.07922442
1705;2026Q2;ES709A1;ES709;1;1;71;3;1;5;6;12;-1;-1;-1;1;-1;1;7;-1;-1;-1;-1;-1;-1;1;1;1;2;3;5;2;2;5;1;6;4;4;4;4;4;4;4;-9;4;-9;4;4;4;4;4;4;4;4;4;4;4;4;4;-9;4;4;4;2;5;5;5;5;5;5;5;-3;-3;-3;-3;-3;5;5;2;-9;-1;-1;1;1;5;6;3;1;643.92940182
1706;2026Q2;ES709A1;ES709;6;2;65;3;1;5;5;12;-1;-1;-1;1;-1;1;5;-1;-1;-1;-1;-1;-1;1;1;1;3;5;4;4;4;4;1;6;4;4;4;2;4;4;5;4;4;2;4;4;3;2;4;4;4;4;4;2;4;4;2;2;2;2;3;4;4;4;3;4;4;3;3;3;-3;-3;-3;1;4;3;1;3;-1;-1;6;6;3;6;1;1;878.01184345
1707;2026Q2;ES709A1;ES709;6;2;47;1;1;1;7;1;1;2;9;6;-1;-1;-1;71;5;-1;-1;1;8;3;4;6;4;2;-1;-9;-9;-9;2;6;4;4;-9;4;4;4;-9;-9;-9;-9;4;4;-9;3;-9;-9;-9;2;-9;2;4;4;4;4;-9;4;-9;2;-3;-3;3;-3;-3;-3;-3;-3;-3;-3;-3;2;-3;-3;3;-9;-1;-1;-9;6;1;6;-7;-3;690.65136151
1708;2026Q2;ES709A1;ES709;6;2;36;1;1;1;7;10;-1;-1;-1;6;-1;-1;-1;42;1;8;-1;-1;-1;3;4;3;6;3;-1;5;5;3;1;-9;3;2;2;2;2;4;2;3;1;1;5;1;2;5;2;4;2;4;4;4;4;5;5;5;5;4;2;2;-3;-3;-3;-3;-3;1;1;-3;-3;-3;-3;1;-3;1;3;-9;-1;-1;6;6;1;6;-7;1;242.9298896
1709;2026Q2;ES709A1;ES709;6;2;77;1;1;5;2;12;-1;-1;-1;1;-1;1;9;-1;-1;-1;-1;-1;-1;1;1;1;3;5;6;5;5;2;1;6;1;1;1;1;1;5;5;1;5;1;5;2;5;5;1;1;1;1;1;3;1;2;5;5;5;5;1;1;1;1;1;1;1;1;1;1;1;1;1;1;1;1;1;1;1;4;6;6;4;6;4;1;878.01184345
1710;2026Q2;ES709A1;ES709;1;1;62;1;1;2;6;10;-1;-1;-1;1;-1;1;3;-1;-1;-1;-1;-1;-1;1;1;1;2;4;3;4;3;3;1;6;3;3;3;3;3;4;5;3;3;2;5;2;5;3;3;4;2;3;3;4;4;3;5;5;5;5;2;1;3;3;3;2;3;3;2;3;3;3;3;1;2;2;3;1;1;4;1;6;2;6;4;1;197.43220037
1711;2026Q2;ES709A1;ES709;6;2;60;1;1;1;10;15;-1;-1;-1;1;1;1;2;-1;-1;-1;-1;-1;-1;1;1;1;3;5;1;2;2;2;1;6;2;2;2;2;3;4;5;3;5;2;5;2;3;3;2;3;2;2;2;3;3;4;4;4;4;3;2;2;4;4;4;3;-7;4;3;-7;4;-7;2;2;-7;2;3;1;4;-9;-9;6;5;6;-7;1;1210.5955028
1712;2026Q2;ES709A1;ES709;6;2;48;1;1;1;8;5;-1;-1;7;6;-1;-1;-1;49;2;3;-1;-1;-1;2;2;4;7;6;3;5;5;2;3;6;2;2;2;2;2;4;4;2;4;2;4;2;3;4;3;2;2;2;2;2;2;2;4;4;4;4;2;2;4;2;2;1;2;2;-3;2;-3;2;2;2;1;1;1;1;1;4;1;6;5;6;2;3;460.434241
1713;2026Q2;ES709A1;ES709;6;2;58;1;1;1;5;5;-1;-1;5;1;-1;-1;-1;-1;-1;-1;-1;-1;-1;3;3;2;7;5;3;4;3;3;2;6;3;4;4;3;2;2;5;2;4;2;4;2;4;4;3;3;2;2;2;3;4;4;5;5;4;5;2;2;3;2;3;2;3;3;2;3;3;3;3;3;3;3;2;1;1;2;1;1;5;6;-3;1;1357.939845
1714;2026Q2;ES709A1;ES709;1;1;67;1;1;1;5;12;-1;-1;-1;1;-1;1;6;-1;-1;-1;-1;-1;-1;1;1;1;2;4;5;5;5;3;2;6;4;4;-9;4;4;3;4;4;4;4;4;-9;4;4;4;3;4;4;4;4;4;4;3;3;4;4;4;2;4;4;4;2;4;4;4;-3;4;3;-3;2;4;3;2;2;-1;-1;6;6;1;6;1;1;643.92940182
1715;2026Q2;ES709A1;ES709;1;1;61;1;1;1;4;15;-1;-1;-1;1;1;1;7;-1;-1;-1;-1;-1;-1;2;2;4;3;3;4;3;3;2;1;6;2;2;4;4;4;4;4;4;4;4;4;2;4;4;4;2;2;3;4;3;4;4;4;4;4;4;2;2;3;3;3;2;3;2;2;-3;-3;3;3;2;3;3;3;1;2;-9;1;6;5;6;2;1;1440.9466993
1716;2026Q2;ES709A1;ES709;1;1;80;1;1;1;2;12;-1;-1;-1;1;-1;1;8;-1;-1;-1;-1;-1;-1;1;1;1;2;4;5;4;4;2;2;6;5;5;2;4;4;2;4;4;2;4;4;4;2;2;2;4;4;4;4;4;4;4;2;2;4;4;2;4;4;4;4;4;5;4;4;3;4;4;4;3;4;3;3;1;1;3;1;1;1;6;2;1;643.92940182
1717;2026Q2;ES709A1;ES709;1;1;50;1;1;1;7;1;1;2;1;1;-1;-1;-1;-1;-1;-1;-1;-1;-1;3;3;2;7;5;1;5;4;2;1;6;4;2;2;4;4;4;5;2;5;2;5;2;2;2;4;4;2;2;2;4;4;4;4;4;4;4;2;2;5;3;3;1;3;1;1;1;3;3;2;1;1;1;1;1;3;3;6;6;1;6;2;1;1770.858777
1718;2026Q2;ES709A1;ES709;1;1;41;1;1;1;7;10;-1;-1;-1;6;-1;-1;-1;63;5;-1;-1;1;4;4;4;8;6;3;3;4;4;-9;1;6;3;3;2;3;3;4;4;2;3;2;3;3;5;4;3;3;3;3;3;3;4;4;4;4;3;4;2;2;3;1;3;2;3;2;2;3;3;-3;3;-3;-3;-3;3;-9;-1;-1;6;-9;1;6;3;-3;352.69812437
1719;2026Q2;ES709A1;ES709;6;2;44;1;1;1;5;2;6;1;9;1;-1;-1;-1;-1;-1;-1;-1;-1;-1;2;3;2;5;4;6;3;3;2;2;6;4;4;4;4;2;4;5;2;4;2;4;2;2;2;2;2;2;2;2;4;4;5;2;2;2;2;2;4;3;4;2;3;4;3;4;2;2;3;3;2;2;2;2;1;1;4;1;1;5;6;-3;3;957.80114977
1720;2026Q2;ES709A1;ES709;1;1;61;1;1;1;5;12;-1;-1;-1;1;-1;1;8;-1;-1;-1;-1;-1;-1;1;1;1;4;6;5;5;4;2;1;6;4;4;4;4;4;4;3;4;3;4;4;2;4;4;3;4;2;3;4;4;4;4;4;4;4;4;2;4;4;5;4;4;-3;-3;-3;-3;4;4;3;4;4;-3;1;1;4;-9;1;-9;1;6;1;-3;720.47334966
1721;2026Q2;ES709A1;ES709;6;2;45;1;1;1;7;10;-1;-1;-1;6;-1;-1;-1;46;1;5;-1;-1;-1;2;4;2;3;2;5;4;4;3;1;6;4;5;3;4;4;-9;4;4;4;3;3;3;3;2;3;3;3;4;4;4;4;4;3;3;3;3;3;3;4;4;4;4;4;4;4;-3;4;-3;-3;-3;-3;-3;2;-9;-1;-1;-9;-9;1;6;-7;-3;84.126841081
1722;2026Q2;ES709A1;ES709;6;2;46;1;1;1;8;11;-1;-1;-1;6;-1;-1;-1;80;5;-1;-1;1;6;3;3;2;4;3;5;3;3;2;2;6;4;4;4;4;4;4;2;4;2;4;2;4;4;4;4;4;4;4;4;4;4;4;2;2;2;2;4;4;4;4;4;4;4;4;4;4;4;4;4;3;3;4;2;3;-1;-1;6;6;1;6;1;1;126.19026162
1723;2026Q2;ES709A1;ES709;1;1;57;1;1;1;7;2;1;2;4;1;-1;-1;-1;-1;-1;-1;-1;-1;-1;2;2;-9;4;4;3;5;5;2;2;6;2;2;2;4;4;4;5;5;4;4;4;-9;2;4;4;4;-9;2;2;2;4;4;4;5;4;4;4;2;4;4;3;2;4;4;4;3;3;3;3;2;2;2;2;2;-1;-1;6;6;5;1;1;2;1217.5075178
1724;2026Q2;ES709A1;ES709;1;1;48;1;1;1;7;1;6;1;7;1;-1;-1;-1;-1;-1;-1;-1;-1;-1;4;4;8;4;2;4;5;5;3;1;6;4;3;4;4;2;5;4;4;4;2;5;4;5;2;5;4;4;4;5;5;5;4;5;5;5;4;3;4;4;4;4;5;5;3;4;4;2;1;1;4;4;4;3;1;4;2;1;6;1;6;1;-3;2361.145036
1725;2026Q2;ES709A1;ES709;6;2;58;3;1;5;9;1;6;2;5;1;-1;-1;-1;-1;-1;-1;-1;-1;-1;2;2;4;4;4;5;3;3;3;1;6;4;4;4;4;4;4;4;4;4;4;4;4;4;2;4;4;4;4;4;4;4;4;2;2;2;4;2;2;3;4;4;3;3;4;2;-3;3;3;3;2;3;1;2;1;3;1;1;6;3;6;2;1;905.29323001
1726;2026Q2;ES709A1;ES709;1;1;42;1;1;1;3;18;-1;-1;-1;6;-1;-1;-1;70;5;-1;-1;1;4;2;2;8;-9;-9;3;4;4;2;2;6;-9;4;-9;4;4;4;4;-9;-9;-9;-9;-9;-9;2;-9;4;2;-9;-9;-9;-9;-9;-9;-9;-9;-9;-9;-9;-7;-7;-7;-7;-7;-7;-7;-7;-7;-7;-7;-7;-7;-7;3;-9;-1;-1;-9;-9;5;6;-7;-7;1222.4313608
1727;2026Q2;ES709A1;ES709;6;2;45;1;1;1;6;7;-1;-1;4;6;-1;-1;-1;50;2;2;-1;-1;-1;2;3;2;7;6;2;5;5;4;1;6;5;5;4;4;4;4;5;1;5;4;3;2;5;4;2;4;3;1;1;3;4;4;5;5;5;5;2;1;3;2;3;2;4;3;3;2;2;2;2;3;-3;-3;1;1;1;3;1;6;5;6;-7;-3;460.434241
1728;2026Q2;ES709A1;ES709;6;2;50;1;1;1;10;2;6;2;2;1;-1;-1;-1;-1;-1;-1;-1;-1;-1;1;1;1;4;6;1;3;4;2;2;6;4;4;3;4;4;4;4;4;3;4;4;4;2;2;4;2;2;4;4;4;4;4;2;2;4;2;4;4;4;4;4;4;4;4;4;4;4;4;4;4;-3;3;2;1;2;1;1;6;5;6;1;3;230.2171205
1729;2026Q2;ES709A1;ES709;6;2;48;1;1;1;6;7;-1;-1;4;1;-1;-1;-1;-1;-1;-1;-1;-1;-1;1;2;6;1;1;3;4;4;3;5;1;3;3;2;3;1;4;4;2;5;1;4;2;5;5;3;2;2;2;3;3;2;3;4;4;5;5;2;2;3;2;2;1;3;1;1;1;2;2;3;-7;2;3;1;1;1;3;1;6;5;1;2;2;230.2171205
1730;2026Q2;ES709A1;ES709;1;1;43;1;1;1;10;10;-1;-1;-1;6;-1;-1;-1;77;5;-1;-1;1;2;3;3;2;6;4;2;5;4;2;1;6;3;1;3;3;3;4;4;4;4;2;3;3;3;3;3;4;2;3;4;4;4;4;4;3;4;4;2;2;4;4;4;3;4;4;3;2;4;2;3;2;3;2;2;3;-1;-1;6;6;1;6;-7;1;264.52359328
1731;2026Q2;ES709A1;ES709;1;1;57;1;1;1;5;16;-1;-1;-1;1;1;1;7;-1;-1;-1;-1;-1;-1;3;3;2;3;2;4;4;4;3;1;6;4;4;4;4;4;2;4;4;2;4;4;2;2;2;4;4;4;2;2;4;4;4;4;2;2;4;2;2;4;3;4;4;4;4;3;4;4;3;3;3;4;3;2;3;-1;-1;6;6;3;6;1;1;2161.420049
1732;2026Q2;ES707A0;ES707;6;2;44;3;1;5;10;2;6;2;2;-9;-1;-1;-1;-1;-1;-1;-1;-1;-1;2;2;4;5;5;-1;-9;-9;-9;-9;-9;-9;-9;-9;-9;-9;-9;-9;-9;-9;1;5;1;3;3;3;3;2;1;1;4;4;4;5;4;5;5;1;1;2;1;3;1;3;2;1;1;1;1;1;1;1;1;2;-9;-1;-1;6;6;5;1;4;-3;252.5697546
1733;2026Q2;ES709A3;ES709;6;3;64;1;1;5;7;10;-1;-1;-1;6;-1;-1;-1;64;3;-1;-1;1;5;2;2;4;4;4;5;5;4;4;2;1;4;3;-9;4;4;4;3;4;3;3;4;4;4;4;3;3;3;4;3;4;2;2;4;4;4;4;3;3;4;3;4;3;3;3;2;2;2;-7;-7;2;2;3;2;2;-1;-1;1;1;5;6;4;-7;265.75037407
1734;2026Q2;ES709A3;ES709;6;2;34;1;2;1;10;7;-1;-1;2;1;-1;-1;-1;-1;-1;-1;-1;-1;-1;1;1;1;4;6;1;4;4;3;3;6;4;2;1;3;2;4;5;2;5;2;4;2;-9;5;1;2;2;2;3;4;3;4;5;5;5;5;-9;2;-3;-3;4;2;-3;2;1;2;-3;-3;-3;1;2;-3;1;-9;-1;-1;1;6;1;6;3;1;1554.7743602
1735;2026Q2;ES709A3;ES709;6;2;44;1;1;1;8;1;1;2;4;1;-1;-1;-1;-1;-1;-1;-1;-1;-1;2;4;2;6;3;3;5;5;3;4;1;2;4;2;4;4;2;2;2;5;2;4;2;4;4;2;2;2;2;2;2;4;4;5;4;4;4;2;2;4;4;3;4;4;4;3;2;4;2;3;1;4;2;2;1;3;3;6;6;5;6;4;1;922.26224326
1736;2026Q2;ES709A3;ES709;6;2;70;3;1;5;10;12;-1;-1;-1;1;-1;1;9;-1;-1;-1;-1;-1;-1;1;1;1;2;4;6;5;5;5;1;6;3;3;3;4;4;3;4;3;3;2;3;3;3;3;3;3;3;3;3;3;3;3;3;3;3;3;3;3;-3;-3;-3;-3;-3;-3;-3;-3;-3;-3;-3;2;-3;-3;2;-9;-1;-1;6;6;5;6;-7;1;856.06160571
1737;2026Q2;ES709A3;ES709;1;1;28;1;1;1;5;1;6;2;5;6;-1;-1;-1;58;1;2;-1;-1;-1;4;4;2;7;6;1;5;5;3;3;1;5;4;4;5;4;4;3;3;3;3;3;2;2;1;3;3;2;2;3;3;3;3;4;3;3;3;3;3;3;4;3;3;3;3;3;-3;-3;-3;-3;2;2;3;1;1;1;4;1;6;5;6;3;1;2841.5175052
1738;2026Q2;ES709A3;ES709;1;1;38;1;1;1;7;1;1;2;4;1;-1;-1;-1;-1;-1;-1;-1;-1;-1;1;1;1;4;6;3;3;3;3;3;6;2;2;2;4;3;5;5;5;5;1;5;3;5;3;2;1;4;1;1;3;3;3;5;5;5;5;1;1;5;4;4;1;4;1;1;1;4;1;1;1;1;1;1;1;4;4;6;6;1;6;4;1;750.3589689
1739;2026Q2;ES709A3;ES709;1;1;47;1;1;1;8;10;-1;-1;-1;1;-1;1;7;-1;-1;-1;-1;-1;-1;1;1;1;2;4;4;5;5;3;1;6;3;4;3;4;3;4;5;3;4;2;5;2;4;4;3;2;4;4;3;4;4;4;4;4;4;4;2;2;4;4;4;2;4;4;2;3;3;3;2;1;3;1;2;1;1;3;6;6;1;6;4;1;132.87518704
1740;2026Q2;ES706A0;ES706;6;2;65;1;1;1;5;12;-1;-1;-1;6;-1;-1;-1;69;5;-1;-1;1;3;2;2;4;3;3;4;4;5;4;1;6;4;4;3;3;4;3;3;2;-9;3;2;4;2;2;4;4;4;2;4;4;4;2;2;2;2;2;3;4;4;4;4;4;4;4;4;-3;4;3;3;3;4;4;2;2;-1;-1;6;6;1;6;3;-3;277.12882573
1741;2026Q2;ES706A0;ES706;1;1;56;3;3;5;7;1;6;1;9;1;-1;-1;-1;-1;-1;-1;-1;-1;-1;2;2;4;4;4;6;5;3;3;2;6;4;4;4;4;4;2;4;2;5;2;4;2;4;5;2;2;2;4;4;4;4;4;3;2;4;4;4;4;4;3;4;4;4;4;4;3;3;3;3;3;4;3;3;2;-1;-1;6;6;5;6;4;1;338.73488043
1742;2026Q2;ES706A0;ES706;6;2;51;1;1;1;8;2;6;2;5;1;-1;-1;-1;-1;-1;-1;-1;-1;-1;1;1;1;4;6;5;5;4;3;1;6;4;1;3;4;4;4;5;4;3;2;3;3;2;2;3;2;2;2;1;2;3;4;2;3;3;4;5;1;3;3;1;1;1;1;5;1;1;1;1;1;1;1;2;1;3;4;1;6;1;6;4;1;61.427427837
1743;2026Q2;ES706A0;ES706;6;2;46;1;1;1;10;2;6;2;2;6;-1;-1;-1;46;1;2;-1;-1;-1;2;4;2;7;4;2;5;5;4;1;6;2;1;2;4;3;3;5;2;4;3;4;3;2;4;3;3;3;2;2;2;3;3;5;5;5;4;2;2;3;-3;3;2;3;3;-3;-3;3;-3;-3;3;-3;2;2;1;1;2;1;6;5;6;4;-7;122.85485567
1744;2026Q2;ES706A0;ES706;6;2;39;3;1;4;8;1;6;1;9;1;-1;-1;-1;-1;-1;-1;-1;-1;-1;2;2;4;6;5;6;4;4;4;3;1;3;3;3;3;3;3;5;5;5;3;4;3;3;3;4;3;4;4;4;4;3;4;3;3;3;3;3;3;3;3;3;3;3;3;3;3;3;3;3;3;3;3;1;2;-1;-1;-9;-9;4;1;3;1;103.44335553
1745;2026Q2;ES706A0;ES706;6;2;24;3;1;4;7;1;6;2;5;6;-1;-1;-1;56;1;8;-1;-1;-1;4;4;2;6;3;6;5;5;4;1;6;3;3;2;3;4;5;-9;4;3;-9;-9;-9;-9;-9;-9;-9;-9;2;4;5;5;4;5;5;5;5;1;2;3;3;3;1;2;1;3;3;3;3;3;3;3;3;2;-9;-1;-1;-9;6;4;6;5;1;447.66168396
1746;2026Q2;ES706A0;ES706;1;1;25;1;1;1;5;10;-1;-1;-1;6;-1;-1;-1;60;5;-1;-1;1;2;2;2;6;4;4;2;5;5;4;1;6;4;4;2;4;4;5;5;4;4;2;4;4;2;2;4;2;4;2;2;4;4;5;4;3;2;4;2;2;4;3;4;4;3;4;3;3;4;4;4;2;4;3;2;1;3;4;1;6;1;6;5;1;197.48942602
1747;2026Q2;ES706A0;ES706;1;1;51;1;1;1;5;2;6;2;4;1;-1;-1;-1;-1;-1;-1;-1;-1;-1;1;1;1;3;5;3;5;5;5;2;6;3;2;4;4;4;5;5;4;5;4;3;2;1;4;3;4;4;1;4;3;4;4;5;4;4;3;1;2;4;2;4;1;4;2;3;2;4;2;3;2;2;1;2;2;-1;-1;6;6;1;6;4;-3;47.59582318
1748;2026Q2;ES706A0;ES706;6;2;43;2;1;4;7;7;-1;-1;5;6;-1;-1;-1;45;1;8;-1;-1;-1;2;3;2;6;4;5;5;5;4;1;6;2;1;2;3;3;4;5;2;5;2;5;1;2;4;2;2;2;2;4;2;2;2;5;4;4;4;1;2;3;3;2;2;-3;2;3;-3;2;-3;-3;2;-3;-3;3;1;5;3;6;6;4;6;5;1;103.44335553
1749;2026Q2;ES706A0;ES706;1;1;79;1;1;1;5;12;-1;-1;-1;1;-1;1;8;-1;-1;-1;-1;-1;-1;2;2;4;5;5;6;4;3;3;2;6;4;4;4;4;4;2;2;4;2;4;2;4;2;2;4;4;4;4;4;4;4;4;2;2;2;2;4;4;4;4;4;4;4;4;3;4;4;3;3;3;4;4;2;3;-1;-1;6;6;5;6;5;1;500.72903851
1750;2026Q2;ES706A0;ES706;6;2;43;1;1;1;9;5;-1;-1;1;6;-1;-1;-1;41;1;1;-1;-1;-1;2;4;2;7;5;2;5;4;4;4;1;4;4;4;4;4;2;4;4;3;3;3;4;4;3;3;4;3;4;4;4;3;3;4;4;4;4;3;3;4;4;4;3;3;2;3;2;4;3;3;1;2;2;1;1;1;2;1;6;5;6;5;1;103.44335553
1751;2026Q2;ES706A0;ES706;6;2;66;2;1;5;10;12;-1;-1;-1;1;-1;1;2;-1;-1;-1;-1;-1;-1;2;2;8;6;5;2;3;3;3;-9;6;4;4;4;4;4;4;4;4;2;4;2;4;2;2;4;4;4;4;4;4;4;4;2;2;2;-9;-9;4;4;-3;4;4;4;4;4;-3;5;-3;-3;-3;-3;-3;1;3;-1;-1;6;6;5;6;4;3;277.12882573
1752;2026Q2;ES706A0;ES706;6;2;58;1;1;1;8;18;-1;-1;-1;1;-9;-1;-1;-1;-1;-1;-1;-1;-1;1;1;1;2;3;-1;5;5;4;4;6;4;4;4;4;4;4;5;3;5;4;5;4;5;4;2;5;3;1;1;1;4;4;5;4;5;3;3;1;4;3;3;2;1;3;1;3;2;3;3;1;3;3;1;2;-1;-1;6;6;5;6;5;1;162.75593655
1753;2026Q2;ES706A0;ES706;1;1;45;1;1;1;4;1;1;2;5;1;-1;-1;-1;-1;-1;-1;-1;-1;-1;2;3;2;5;4;4;4;2;2;2;1;3;2;3;3;3;3;4;2;2;2;4;3;4;4;2;2;2;4;4;3;3;3;4;4;4;4;3;3;1;1;3;3;3;3;3;4;4;3;3;1;1;1;3;1;3;2;1;1;5;6;4;1;95.19164636
1754;2026Q2;ES706A0;ES706;1;1;50;3;1;5;3;2;6;2;6;1;-1;-1;-1;-1;-1;-1;-1;-1;-1;3;3;8;5;3;5;5;5;5;5;1;3;2;3;3;3;4;5;3;4;2;4;3;3;3;2;2;3;2;3;3;3;4;4;4;4;4;2;3;4;4;-3;3;3;3;3;-3;3;-3;2;2;3;3;2;1;1;4;6;6;5;6;3;1;142.78746954
1755;2026Q2;ES706A0;ES706;6;2;46;3;3;5;8;1;1;1;5;6;-1;-1;-1;29;1;5;-1;-1;-1;2;2;4;6;5;5;3;3;3;1;6;4;4;3;4;4;4;4;4;3;2;3;4;2;2;2;4;4;2;4;4;4;2;3;4;4;4;3;3;3;3;3;4;5;5;3;3;3;1;1;1;1;1;2;2;-1;-1;6;6;5;6;5;1;368.26353462
1756;2026Q2;ES706A0;ES706;1;1;40;1;1;1;8;10;-1;-1;-1;1;-1;1;7;-1;-1;-1;-1;-1;-1;2;2;4;4;4;4;4;4;4;2;6;3;3;-9;-9;-9;5;5;3;4;-9;5;1;5;3;3;3;4;-9;3;-9;1;1;4;3;-9;5;-9;-9;1;1;1;1;2;3;3;1;1;1;1;1;1;1;1;1;5;-9;1;6;1;6;5;1;201.66898051
1757;2026Q2;ES706A0;ES706;1;1;68;1;1;1;6;12;-1;-1;-1;1;-1;1;3;-1;-1;-1;-1;-1;-1;2;2;8;5;5;3;4;3;3;2;6;-9;2;2;4;3;5;5;4;5;2;3;2;-9;1;2;4;2;2;2;2;2;2;3;4;4;4;2;2;4;5;-3;1;3;4;4;2;3;-3;-3;3;3;2;3;1;3;4;1;6;5;6;3;-3;500.72903851
1758;2026Q2;ES706A0;ES706;1;1;48;1;1;1;8;7;-1;-1;5;1;-1;-1;-1;-1;-1;-1;-1;-1;-1;2;4;2;2;1;3;5;5;5;1;6;5;5;5;4;5;3;3;5;1;4;2;4;2;2;4;4;4;4;4;4;4;4;2;2;2;2;4;4;4;3;4;4;1;1;1;-3;-3;1;1;1;-3;-3;1;1;4;2;1;1;1;6;4;1;95.19164636
1759;2026Q2;ES706A0;ES706;1;1;59;1;1;1;3;2;6;2;8;1;-1;-1;-1;-1;-1;-1;-1;-1;-1;2;2;8;3;3;5;5;5;5;2;6;3;4;4;4;4;4;4;4;4;4;4;4;2;2;4;4;4;4;4;4;4;4;2;3;3;3;4;4;4;4;4;4;4;4;4;-3;4;-3;-3;2;2;4;1;3;-1;-1;6;6;5;6;2;-3;88.35090391
1760;2026Q2;ES706A0;ES706;6;2;43;3;1;5;8;1;6;2;4;6;-1;-1;-1;51;1;7;-1;-1;-1;2;3;2;5;4;4;5;5;5;2;6;4;5;3;4;4;2;4;4;2;2;2;4;2;2;4;4;4;4;3;4;4;4;2;2;2;2;3;4;3;3;3;3;4;3;3;3;4;3;3;3;3;3;2;3;-1;-1;6;6;5;6;5;1;103.44335553
1761;2026Q2;ES706A0;ES706;6;2;26;1;1;1;9;13;-1;-1;-1;6;-1;-1;-1;53;1;2;-1;-1;-1;4;4;2;6;2;2;-9;-9;-9;-9;-9;1;1;1;1;1;1;1;1;1;1;1;1;1;1;1;1;1;1;1;1;1;1;1;1;1;1;1;1;-7;-7;-7;-7;-7;-7;-7;-7;-7;-7;-7;-7;-7;-7;2;-9;-1;-1;-9;-9;1;6;-7;-7;482.70165621
1762;2026Q2;ES706A0;ES706;1;1;19;1;1;1;5;13;-1;-1;-1;6;-1;-1;-1;54;1;1;-1;-1;-1;4;4;2;7;5;1;5;3;4;1;6;4;4;3;4;4;2;4;4;2;4;2;4;2;4;2;3;4;4;4;4;4;4;4;4;4;3;4;2;4;4;3;3;3;3;2;3;4;4;3;3;4;4;1;3;-1;-1;1;6;1;6;1;-3;636.84700819
1763;2026Q2;ES706A0;ES706;6;2;50;2;1;5;7;1;6;1;-9;-9;-1;-1;-1;-1;-1;-1;-1;-1;-1;2;2;8;-9;-9;-1;5;5;4;4;6;3;-9;-9;4;4;4;4;4;4;-9;4;2;-9;3;3;-9;-9;-9;-9;-9;-9;-9;-9;-9;-9;-9;-9;-9;-3;-3;-3;-3;-3;-3;-3;-3;-3;-3;-3;-3;-3;-3;2;3;-1;-1;6;6;5;6;2;-3;122.85485567
1764;2026Q2;ES706A0;ES706;6;2;59;1;1;5;7;1;6;2;6;1;-1;-1;-1;-1;-1;-1;-1;-1;-1;1;1;1;3;5;5;5;5;5;2;6;1;2;4;2;1;5;5;3;5;1;5;2;5;2;3;4;4;2;3;2;2;2;4;5;5;5;2;2;4;3;3;3;4;4;2;3;2;4;4;-3;3;2;2;3;-1;-1;6;6;5;6;3;1;171.83799731
1765;2026Q2;ES706A0;ES706;1;1;27;3;3;3;5;1;6;1;8;1;-1;-1;-1;-1;-1;-1;-1;-1;-1;2;3;2;5;4;5;4;4;4;1;6;4;4;4;4;4;2;4;4;4;4;2;3;2;2;4;4;4;2;4;4;4;4;4;2;4;2;4;4;4;4;4;4;4;4;4;4;4;4;4;4;4;4;3;1;3;3;1;6;3;6;4;-3;340.57864909
1766;2026Q2;ES706A0;ES706;6;2;42;1;1;1;9;1;6;1;3;1;-1;-1;-1;-1;-1;-1;-1;-1;-1;2;3;2;4;3;3;5;4;4;4;6;3;2;4;3;3;4;5;3;4;2;5;3;2;4;3;4;3;4;4;4;4;4;4;4;4;4;2;4;4;3;4;3;3;3;4;2;3;3;3;2;3;1;2;1;3;1;1;6;5;6;5;1;103.44335553
1767;2026Q2;ES706A0;ES706;1;1;35;1;1;1;8;2;6;2;3;6;-1;-1;-1;34;1;2;-1;-1;-1;2;3;2;7;5;2;3;3;3;3;6;4;4;4;4;4;3;4;4;3;3;3;4;4;4;4;3;4;5;4;4;4;5;4;4;4;4;3;3;4;3;4;4;4;4;4;4;4;4;4;3;4;3;1;1;1;4;1;1;1;6;3;1;94.374227061
1768;2026Q2;ES706A0;ES706;1;1;34;3;1;5;10;7;-1;-1;2;1;-1;-1;-1;-1;-1;-1;-1;-1;-1;1;1;1;6;6;1;5;5;3;1;6;5;5;4;4;4;4;5;4;5;2;5;4;4;4;4;4;2;2;2;4;4;4;4;4;4;4;2;2;4;4;3;2;3;3;2;3;3;2;1;2;2;2;1;1;3;4;1;6;4;6;5;1;45.097336289
1769;2026Q2;ES706A0;ES706;1;1;30;1;1;1;10;2;6;2;2;1;-1;-1;-1;-1;-1;-1;-1;-1;-1;3;3;2;7;6;1;5;4;4;2;6;4;2;1;4;1;5;5;2;5;1;5;1;5;5;2;1;2;1;1;4;2;4;4;5;5;5;2;1;3;1;1;1;3;3;4;1;4;1;4;1;3;1;1;1;1;3;1;6;5;6;4;1;135.29200887
1770;2026Q2;ES706A0;ES706;6;2;53;3;1;5;5;2;6;2;9;1;-1;-1;-1;-1;-1;-1;-1;-1;-1;2;3;2;6;4;6;4;5;4;3;1;4;4;4;4;4;4;5;4;4;4;2;4;2;2;4;4;4;4;4;4;4;4;4;4;4;4;2;2;4;4;4;3;4;4;4;4;4;4;4;2;3;4;2;1;4;3;1;6;5;6;5;3;122.85485567
1771;2026Q2;ES706A0;ES706;1;1;40;1;1;1;10;7;-1;-1;2;1;-1;-1;-1;-1;-1;-1;-1;-1;-1;1;1;1;2;4;1;5;4;3;2;6;3;4;2;4;4;4;4;3;4;2;4;2;3;4;3;2;3;3;3;2;2;4;4;4;3;3;3;3;3;3;-3;4;4;4;3;2;5;-3;4;3;3;3;3;1;1;2;6;6;1;6;3;3;47.18711353
1772;2026Q2;ES706A0;ES706;6;2;65;1;1;1;5;12;-1;-1;-1;1;-1;1;5;-1;-1;-1;-1;-1;-1;1;1;1;2;3;3;5;5;4;2;6;1;1;2;2;2;5;5;4;4;2;4;2;2;2;4;4;2;4;2;2;4;4;4;4;4;4;3;2;4;4;4;2;4;4;4;-3;4;-3;-3;1;2;2;2;1;4;3;1;1;4;6;4;1;138.56441287
1773;2026Q2;ES706A0;ES706;1;1;50;1;1;1;7;1;6;2;8;1;-1;-1;-1;-1;-1;-1;-1;-1;-1;2;4;2;6;3;5;4;4;4;1;6;4;4;4;4;2;4;2;2;4;4;2;2;2;2;4;4;2;2;4;4;4;4;2;2;4;2;4;4;4;4;5;3;3;4;4;4;4;4;4;3;3;3;3;3;-1;-1;6;6;1;6;1;1;95.19164636
1774;2026Q2;ES707A0;ES707;1;1;52;3;1;3;6;2;6;1;5;1;-1;-1;-1;-1;-1;-1;-1;-1;-1;3;3;8;6;4;5;4;4;4;1;6;4;4;4;4;4;2;4;4;4;5;2;4;2;4;4;4;4;4;4;4;4;4;2;2;4;4;4;4;4;4;4;4;4;4;4;4;4;4;4;4;4;4;2;1;1;-9;1;1;3;6;3;2;947.13334831
1775;2026Q2;ES707A0;ES707;1;1;52;1;1;1;5;1;6;2;9;6;-1;-1;-1;50;1;2;-1;-1;-1;3;3;6;3;2;2;4;4;2;2;6;4;4;4;4;4;4;4;4;4;2;4;4;4;4;2;4;4;2;4;4;2;4;4;4;4;4;2;2;4;4;4;2;4;4;2;2;4;2;2;2;4;2;2;1;3;3;1;6;1;6;3;1;947.13334831
1776;2026Q2;ES707A0;ES707;6;2;76;1;1;5;10;12;-1;-1;-1;1;-1;1;2;-1;-1;-1;-1;-1;-1;2;2;6;7;6;1;4;3;3;1;6;5;4;4;4;5;2;4;4;2;4;4;4;2;2;4;4;4;4;4;4;4;4;2;2;2;2;4;4;4;3;5;4;4;4;4;4;4;4;4;3;4;4;2;2;-1;-1;1;1;5;6;1;1;969.92259992
1777;2026Q2;ES707A0;ES707;6;2;51;3;1;5;10;2;6;2;2;1;-1;-1;-1;-1;-1;-1;-1;-1;-1;1;1;1;6;6;2;5;5;5;3;1;5;5;5;5;5;4;5;4;5;2;4;4;4;4;4;4;4;5;5;5;5;5;3;2;2;3;3;3;-3;-3;-3;2;-3;4;4;-3;-3;-3;-3;-3;-3;-3;2;3;-1;-1;6;6;5;6;-7;-7;208.20174605
1778;2026Q2;ES707A0;ES707;6;2;29;3;1;2;10;1;6;1;3;6;-1;-1;-1;80;5;-1;-1;-9;-1;2;2;8;4;4;-1;5;5;5;1;6;3;3;4;4;2;4;5;3;4;3;4;3;2;2;2;4;2;3;4;5;2;2;2;2;3;3;3;4;3;-3;5;4;3;3;3;-3;-3;-3;-3;-3;-3;-3;2;2;-1;-1;6;6;2;6;2;-3;804.12595839
1779;2026Q2;ES707A0;ES707;6;2;76;3;1;5;7;18;-1;-1;-1;1;6;-1;-1;-1;-1;-1;-1;-1;-1;1;1;1;2;3;-1;3;4;3;1;6;4;4;2;4;4;4;4;4;4;4;4;4;4;2;4;4;4;4;4;4;4;4;3;2;2;4;4;4;4;4;4;4;4;4;4;4;4;4;4;3;4;4;3;1;5;4;1;1;5;6;4;1;484.96129996
1780;2026Q2;ES707A0;ES707;1;1;58;3;1;5;3;1;6;1;9;1;-1;-1;-1;-1;-1;-1;-1;-1;-1;1;1;1;3;5;6;5;5;4;1;6;4;3;2;3;2;4;4;4;4;4;2;4;2;2;4;4;4;4;4;4;4;4;2;2;2;2;4;4;4;4;4;4;4;4;4;3;4;-3;-3;3;3;4;3;2;-1;-1;6;1;5;6;2;1;426.00514412
1781;2026Q2;ES707A0;ES707;1;1;74;1;1;1;7;12;-1;-1;-1;1;-1;1;5;-1;-1;-1;-1;-1;-1;2;2;4;5;5;5;-9;4;3;1;6;4;4;4;4;4;2;2;4;2;4;2;2;2;2;4;4;4;4;4;4;4;4;2;2;2;2;4;4;4;4;4;4;4;4;4;4;4;4;4;4;4;4;2;3;-1;-1;6;6;5;6;3;3;1837.9142107
1782;2026Q2;ES707A0;ES707;1;1;28;1;1;5;7;10;-1;-1;-1;6;-1;-1;-1;23;1;3;-1;-1;-1;2;2;4;4;4;3;5;5;5;3;1;4;4;-9;4;5;3;4;5;3;4;2;4;5;2;4;4;4;4;4;4;4;4;4;3;4;3;4;4;4;3;3;2;4;3;2;3;3;4;3;2;2;4;1;3;-1;-1;6;6;5;1;5;2;173.8117143
1783;2026Q2;ES707A0;ES707;6;2;49;1;1;1;10;2;1;2;2;1;-1;-1;-1;-1;-1;-1;-1;-1;-1;1;3;6;4;3;2;5;4;3;3;6;2;2;2;4;2;5;3;3;4;2;3;2;3;3;3;2;2;2;3;2;2;2;3;5;5;5;2;2;1;2;3;3;1;1;3;1;3;1;1;1;1;1;1;1;1;2;1;6;1;6;4;1;208.20174605
1784;2026Q2;ES707A0;ES707;1;1;62;1;1;1;10;12;-1;-1;-1;1;-1;1;2;-1;-1;-1;-1;-1;-1;1;1;1;5;6;1;4;3;3;1;6;3;3;2;3;3;4;5;2;4;2;3;3;2;3;3;3;3;3;3;3;4;4;3;3;3;3;3;3;-3;-3;-3;-3;-3;3;3;-3;-3;-3;-3;1;3;-3;1;1;1;3;6;6;5;6;5;1;570.80367638
1785;2026Q2;ES707A0;ES707;6;2;52;1;1;1;8;2;1;2;3;6;-1;-1;-1;51;1;2;-1;-1;-1;3;4;2;7;4;2;3;3;3;3;6;3;2;-9;3;3;3;1;2;4;3;3;3;4;3;2;3;4;3;3;3;3;3;4;3;3;3;3;2;3;3;3;3;3;3;3;3;3;3;3;2;3;2;1;1;1;3;6;6;1;6;5;1;624.60523815
1786;2026Q2;ES707A0;ES707;1;1;45;1;1;1;8;1;6;1;2;1;-1;-1;-1;-1;-1;-1;-1;-1;-1;1;1;1;2;4;2;5;4;3;1;6;2;1;2;1;2;5;4;2;3;1;4;1;3;2;3;2;2;1;1;1;4;4;3;4;5;5;1;1;1;2;1;1;1;3;4;1;-3;5;-3;1;3;-3;2;-9;-1;-1;-9;6;1;6;4;2;315.7111161
1787;2026Q2;ES707A0;ES707;6;2;47;1;1;1;4;1;1;1;4;1;-1;-1;-1;-1;-1;-1;-1;-1;-1;1;1;1;3;5;3;5;5;5;5;1;4;5;2;5;4;2;2;2;2;4;2;2;2;2;2;4;4;3;4;4;4;4;2;2;2;2;3;3;3;3;2;3;4;4;4;3;3;3;1;1;1;3;2;3;-1;-1;6;6;4;6;4;1;208.20174605
1788;2026Q2;ES707A0;ES707;1;1;55;1;1;1;5;15;-1;-1;-1;1;1;1;6;-1;-1;-1;-1;-1;-1;1;1;1;2;3;5;5;4;4;1;6;4;4;3;3;4;4;4;4;4;1;2;2;4;4;2;4;3;2;2;2;2;2;4;5;5;3;2;2;-3;-3;-3;4;4;4;4;-3;-3;-3;-3;-3;-3;-3;2;2;-1;-1;-9;6;1;6;-3;-7;570.80367638
1789;2026Q2;ES707A0;ES707;1;1;28;1;1;1;5;1;6;1;9;1;-1;-1;-1;-1;-1;-1;-1;-1;-1;2;3;6;3;2;6;5;5;2;1;6;5;4;-9;4;4;-9;4;4;2;2;2;-9;2;2;-9;2;2;4;4;4;4;4;4;2;2;2;2;4;4;4;4;4;4;4;4;4;3;2;3;3;3;-3;2;1;4;1;6;6;5;6;1;-3;524.46512084
1790;2026Q2;ES707A0;ES707;6;2;64;1;1;1;5;14;-1;-1;-1;6;-1;-1;-1;71;5;-1;-1;1;8;3;3;2;3;2;5;4;4;4;1;6;5;4;4;4;4;2;5;4;1;4;4;4;1;1;4;4;4;4;4;4;4;5;1;1;3;1;4;4;4;4;4;4;4;4;4;4;4;4;4;4;4;4;2;3;-1;-1;6;6;1;6;3;1;1132.5548708
1791;2026Q2;ES709A1;ES709;1;1;73;2;1;5;10;12;-1;-1;-1;1;-1;1;2;-1;-1;-1;-1;-1;-1;2;2;4;7;6;1;3;3;3;3;6;2;4;3;4;3;4;4;4;4;2;4;2;4;4;3;4;4;2;3;2;4;4;4;3;4;4;2;4;-3;4;3;4;4;4;4;-3;3;-3;-3;2;3;3;2;2;-1;-1;6;6;5;6;-3;-3;2017.0039327
1792;2026Q2;ES709A1;ES709;6;2;39;1;1;5;10;10;-1;-1;-1;6;-1;-1;-1;40;2;2;-1;-1;-1;2;4;2;4;2;1;5;5;4;3;6;4;4;3;4;2;4;4;4;4;2;4;2;2;2;4;4;4;2;4;4;4;4;4;4;2;4;2;2;4;2;3;3;3;3;2;4;3;-3;-3;-3;-3;-3;3;3;-1;-1;6;6;5;6;-3;-3;253.64609914
1793;2026Q2;ES709A1;ES709;1;1;36;1;1;1;10;7;-1;-1;2;1;-1;-1;-1;-1;-1;-1;-1;-1;-1;2;2;8;6;6;1;5;4;4;1;6;1;1;1;4;1;5;5;4;5;1;5;1;5;5;1;1;2;1;2;2;4;4;4;4;5;5;1;1;4;1;2;1;-3;2;2;1;-3;1;1;1;1;1;1;1;4;4;1;6;1;1;5;1;1564.5901154
1794;2026Q2;ES709A1;ES709;1;1;24;1;1;1;5;13;-1;-1;-1;6;-1;-1;-1;62;1;2;-1;-1;-1;4;4;2;7;4;1;5;5;4;1;6;4;3;2;2;4;5;5;2;2;2;4;2;1;4;2;4;2;1;2;4;2;2;4;4;3;3;1;1;5;4;4;2;3;4;4;4;2;2;-3;1;3;2;1;1;5;1;1;1;1;6;5;-3;3080.1742162
1795;2026Q2;ES709A1;ES709;6;2;55;1;1;1;6;10;-1;-1;-1;1;-1;1;4;-1;-1;-1;-1;-1;-1;1;2;8;3;3;3;3;3;3;2;6;4;4;4;4;4;4;4;2;4;2;4;-9;4;2;4;4;4;1;2;2;2;4;4;4;4;4;2;2;4;2;3;2;3;2;2;2;3;-3;-3;2;2;2;1;1;1;2;1;6;1;6;4;1;85.704923749
1796;2026Q2;ES709A1;ES709;1;1;56;1;1;1;6;2;6;2;3;1;-1;-1;-1;-1;-1;-1;-1;-1;-1;1;1;1;4;6;3;5;5;5;3;6;1;1;1;1;1;5;5;2;5;1;5;1;5;4;1;2;2;1;1;2;2;3;5;5;5;5;1;1;4;2;1;1;3;3;4;1;3;1;1;1;2;1;1;1;3;4;1;6;1;6;5;1;953.41098125
1797;2026Q2;ES709A1;ES709;1;1;49;1;1;1;9;1;6;2;3;1;-1;-1;-1;-1;-1;-1;-1;-1;-1;1;1;1;7;6;3;4;4;3;1;6;4;4;4;4;4;5;5;4;5;2;4;3;4;4;3;4;4;2;2;4;4;4;5;5;5;5;2;1;4;3;4;1;2;1;1;-3;3;-3;-3;3;-3;2;1;1;4;3;1;1;1;1;4;1;924.48776405
1798;2026Q2;ES709A1;ES709;6;2;26;2;1;3;8;2;6;2;5;1;-1;-1;-1;-1;-1;-1;-1;-1;-1;1;1;1;5;6;5;4;4;3;3;6;2;2;2;2;2;4;4;2;4;2;4;2;4;4;2;2;2;2;2;4;2;2;4;4;4;4;2;2;2;2;2;2;4;4;4;4;4;3;2;2;2;2;2;1;2;4;1;6;3;6;1;1;636.6956619
1799;2026Q2;ES709A1;ES709;1;1;25;3;1;5;10;13;-1;-1;-1;6;-1;-1;-1;53;1;3;-1;-1;-1;3;4;2;6;3;3;5;5;5;4;1;3;4;2;4;2;5;5;4;4;3;4;2;2;3;4;4;3;2;3;4;3;2;5;4;5;4;2;2;4;4;4;3;4;4;5;3;4;2;3;1;3;2;2;1;3;1;1;6;5;6;4;1;2310.1306621
1800;2026Q2;ES709A1;ES709;6;2;50;1;1;1;3;1;6;2;9;1;-1;-1;-1;-1;-1;-1;-1;-1;-1;4;4;7;6;2;6;3;2;-9;3;6;4;5;5;3;5;5;-9;5;3;4;1;5;-9;1;4;4;4;4;4;4;4;4;1;1;1;-9;4;4;5;5;5;5;5;5;5;4;5;5;4;5;5;5;2;1;2;-9;1;6;2;6;2;1;1442.2352392
1801;2026Q2;ES709A1;ES709;1;1;29;1;1;1;10;1;6;2;2;6;-1;-1;-1;60;1;5;-1;-1;-1;4;4;2;7;5;5;4;4;3;2;6;2;4;4;4;4;5;4;5;4;2;4;2;2;2;4;2;4;2;4;4;4;4;2;4;4;2;4;2;3;2;3;2;3;3;4;4;3;3;3;2;3;3;2;1;4;2;1;6;5;6;3;1;2380.287386
1802;2026Q2;ES709A1;ES709;6;2;52;1;1;1;5;1;1;1;4;6;-1;-1;-1;58;1;7;-1;-1;-1;2;2;4;4;4;4;5;5;4;4;6;5;5;3;4;4;4;4;5;3;3;2;3;3;3;3;3;2;2;2;2;4;4;3;3;3;3;3;2;-3;3;-3;-3;4;4;3;-3;-3;-3;-3;4;3;-3;3;3;-1;-1;6;6;1;6;4;1;721.11761959
1803;2026Q2;ES709A1;ES709;6;2;51;1;1;1;7;1;6;2;4;1;-1;-1;-1;-1;-1;-1;-1;-1;-1;1;2;6;4;4;3;5;5;5;1;6;3;2;2;4;3;4;4;2;3;2;4;4;2;4;4;3;3;3;3;2;4;3;4;3;3;3;-9;4;4;4;3;1;4;2;2;3;4;2;2;2;1;3;1;3;-1;-1;6;6;1;6;4;-3;360.55880979
1804;2026Q2;ES709A1;ES709;6;2;59;1;1;1;6;2;6;2;4;1;-1;-1;-1;-1;-1;-1;-1;-1;-1;3;3;2;4;3;3;5;5;4;1;6;2;1;2;3;2;5;5;2;5;2;4;3;4;4;3;3;2;2;2;2;2;2;5;5;5;5;2;1;-3;-3;-3;-3;-3;3;-3;-3;-3;-3;-3;1;1;1;2;1;1;4;6;6;5;6;5;1;2126.7626544
1805;2026Q2;ES709A1;ES709;1;1;34;1;1;1;8;1;6;2;3;1;-1;-1;-1;-1;-1;-1;-1;-1;-1;2;2;4;7;6;3;5;5;5;3;1;4;1;1;1;1;5;5;1;5;2;4;2;4;4;2;2;2;2;2;2;4;2;4;4;4;4;2;4;1;1;1;1;1;1;1;1;1;1;1;1;1;1;1;1;4;4;6;6;3;6;5;1;1190.143693
1806;2026Q2;ES709A1;ES709;1;1;33;3;2;4;5;7;-1;-1;7;1;-1;-1;-1;-1;-1;-1;-1;-1;-1;2;4;2;4;2;5;3;3;3;2;1;4;4;2;5;4;4;5;5;5;4;4;4;4;4;4;1;4;4;4;2;4;4;4;2;2;4;4;2;2;1;1;1;1;1;2;1;3;4;2;1;2;2;3;2;-1;-1;6;6;4;6;-3;-3;1574.9711886
1807;2026Q2;ES709A1;ES709;1;1;50;2;1;5;5;7;-1;-1;8;1;-1;-1;-1;-1;-1;-1;-1;-1;-1;1;1;1;3;5;5;3;3;2;1;6;3;4;3;4;4;3;3;3;3;3;3;3;3;3;3;3;3;3;3;3;3;4;3;3;3;3;3;3;-3;-3;-3;-3;-3;-3;2;-3;-3;-3;-3;-3;-3;-3;2;2;-1;-1;6;6;3;6;-7;-7;924.48776405
1808;2026Q2;ES709A1;ES709;6;2;64;1;1;1;6;10;-1;-1;-1;1;-1;1;5;-1;-1;-1;-1;-1;-1;1;1;1;2;3;5;4;4;1;1;6;4;4;4;4;4;-9;4;4;2;2;2;-9;4;2;4;4;4;3;4;2;5;5;4;2;5;3;-9;4;4;4;4;4;4;4;4;-3;4;-3;-3;-3;-3;4;2;2;-1;-1;-9;-9;1;6;-7;1;85.704923749
1809;2026Q2;ES709A1;ES709;6;2;34;1;1;1;8;11;-1;-1;-1;6;-1;-1;-1;64;5;-1;-1;1;5;2;3;7;4;3;5;3;3;2;2;6;5;5;5;5;4;4;5;4;5;2;5;2;4;5;2;2;4;4;4;4;4;5;4;4;4;4;2;4;3;4;4;4;4;-3;2;4;5;2;2;2;3;3;2;1;3;4;6;6;1;6;2;1;131.75681125
1810;2026Q2;ES709A1;ES709;1;1;67;1;1;1;5;12;-1;-1;-1;1;-1;1;7;-1;-1;-1;-1;-1;-1;4;4;2;4;2;4;4;3;3;1;6;2;2;2;3;2;4;4;2;-9;2;2;2;3;2;4;4;4;4;4;4;4;4;4;2;4;4;3;4;4;2;4;4;5;4;3;2;4;2;2;1;2;1;3;1;3;1;1;6;1;6;5;1;4034.0078653
1811;2026Q2;ES709A1;ES709;6;2;31;1;1;1;7;1;6;2;-9;1;-1;-1;-1;-1;-1;-1;-1;-1;-1;2;2;4;6;5;-1;4;4;4;1;6;2;2;2;2;2;2;2;2;2;1;5;2;5;5;1;2;1;1;1;4;1;1;5;5;5;5;1;1;1;1;1;1;1;1;1;1;1;1;1;1;1;1;1;1;1;4;6;6;1;6;4;3;1273.3913238
1812;2026Q2;ES709A1;ES709;6;2;69;1;1;1;5;12;-1;-1;-1;1;-1;1;9;-1;-1;-1;-1;-1;-1;1;1;1;2;4;6;-9;3;-9;2;6;4;4;-9;4;4;4;2;4;-9;4;2;-9;2;2;-9;4;4;4;4;-9;4;4;2;-9;2;3;-9;4;4;-3;4;4;4;3;4;-3;3;-3;-3;-3;-3;-3;2;2;-1;-1;-9;6;1;6;1;-3;1375.1145204
1813;2026Q2;ES709A1;ES709;1;1;51;1;1;1;2;11;-1;-1;-1;1;-1;-1;-1;-1;-1;-1;-1;-1;-1;1;1;1;1;1;-1;4;-9;-9;1;6;4;4;4;4;4;3;3;3;3;4;3;4;2;4;4;3;4;2;3;3;3;4;4;3;2;3;3;3;-3;-3;-3;-3;-3;3;-3;-3;-3;-3;-3;-3;-3;-3;3;1;5;-9;6;6;1;6;-3;-3;280.28888233
1814;2026Q2;ES709A1;ES709;6;2;49;1;1;1;8;1;6;2;8;6;-1;-1;-1;80;5;-1;-1;1;2;3;3;2;4;3;2;5;5;5;2;6;1;1;1;2;2;4;5;2;4;2;4;2;4;2;2;4;4;4;2;2;4;4;4;4;4;4;2;2;4;2;4;1;3;1;2;2;3;1;1;1;2;3;2;1;3;1;1;6;1;6;4;1;1081.6764294
1815;2026Q2;ES709A1;ES709;1;1;45;1;1;1;5;10;-1;-1;-1;6;-1;-1;-1;66;5;-1;-1;-9;-1;2;2;6;2;2;-1;3;3;3;3;6;2;4;2;4;4;2;4;4;4;4;4;5;4;4;2;4;4;2;4;4;4;4;4;5;4;4;2;4;4;3;3;4;4;4;3;4;3;3;3;3;3;4;1;1;1;4;1;1;1;6;2;1;560.57776465
1816;2026Q2;ES709A1;ES709;1;1;62;1;1;5;5;10;-1;-1;-1;1;-1;1;8;-1;-1;-1;-1;-1;-1;1;1;1;2;4;5;5;5;5;3;6;4;4;2;4;3;4;3;3;4;4;2;4;2;2;4;4;4;4;4;4;4;4;2;1;1;2;4;4;2;-3;-3;1;4;4;-3;-3;-3;-3;-3;-3;-3;3;3;1;1;2;6;6;5;6;-3;-3;309.21209954
1817;2026Q2;ES709A1;ES709;6;2;64;1;1;1;6;15;-1;-1;-1;6;-1;-1;-1;68;5;-1;-1;1;8;3;3;2;6;5;5;4;4;3;4;6;4;2;2;4;2;4;5;3;4;3;4;2;3;5;3;3;4;3;3;4;3;3;2;2;2;4;2;2;4;3;4;2;3;3;4;3;2;2;-3;1;2;3;3;2;-1;-1;6;6;1;6;3;1;5687.9897464
1818;2026Q2;ES709A1;ES709;6;2;35;1;1;1;6;1;6;2;5;6;-1;-1;-1;68;5;-1;-1;1;8;3;3;8;6;4;-1;-9;-9;-9;-9;6;5;5;5;-9;-9;-9;-9;-9;-9;-9;-9;-9;-9;-9;-9;-9;-9;-9;-9;-9;-9;-9;-9;-9;-9;-9;-9;-9;-7;-3;-3;-3;-3;-3;-3;-3;-3;-3;-3;-3;-3;-3;3;-9;-1;-1;-9;-9;1;6;-3;-7;2250.1170319
1819;2026Q2;ES709A1;ES709;1;1;73;2;1;5;5;12;-1;-1;-1;1;-1;2;7;-1;-1;-1;-1;-1;-1;4;4;2;4;2;5;4;4;4;4;1;4;4;4;4;4;2;4;4;4;4;4;4;2;2;4;4;4;4;4;4;4;4;4;4;4;4;4;4;3;3;4;4;4;4;4;4;4;4;4;2;3;3;1;1;3;1;1;1;5;6;-3;1;4034.0078653
1820;2026Q2;ES709A1;ES709;6;2;50;1;1;1;10;2;6;2;4;1;-1;-1;-1;-1;-1;-1;-1;-1;-1;1;1;1;3;5;3;4;4;2;1;6;5;5;3;5;5;3;2;5;4;5;2;4;4;4;4;4;4;4;4;3;5;5;4;4;5;5;2;3;4;4;4;3;5;-3;3;-3;-3;-3;4;-3;4;2;2;1;3;1;1;6;5;6;1;-3;360.55880979
1821;2026Q2;ES709A1;ES709;1;1;29;1;1;1;5;1;6;1;5;1;-1;-1;-1;-1;-1;-1;-1;-1;-1;2;2;4;6;5;5;3;3;3;1;6;2;1;5;1;4;5;5;1;5;1;4;2;4;2;4;2;4;2;2;2;4;4;4;4;4;4;4;2;3;3;3;2;3;2;2;-3;3;2;2;1;2;3;2;3;-1;-1;6;6;1;6;5;1;1190.143693
1822;2026Q2;ES709A1;ES709;6;2;61;1;1;1;5;1;6;2;9;1;-1;-1;-1;-1;-1;-1;-1;-1;-1;2;2;4;3;3;6;4;4;1;1;6;4;4;-9;4;4;4;4;-9;4;4;4;4;4;4;4;4;4;4;4;4;4;4;5;5;4;5;4;4;4;4;4;4;4;2;4;1;4;4;4;1;4;4;2;1;3;4;1;1;5;6;-7;3;1417.8417696
1823;2026Q2;ES709A1;ES709;6;2;44;1;1;1;6;1;1;1;5;1;-1;-1;-1;-1;-1;-1;-1;-1;-1;1;1;1;3;5;5;4;4;2;2;6;4;4;2;4;4;4;4;2;4;2;4;2;4;4;2;4;2;2;2;4;4;4;4;2;4;4;2;2;4;4;3;2;3;3;1;2;2;2;3;1;3;3;1;3;-1;-1;6;6;1;6;5;3;750.03901062
1824;2026Q2;ES709A1;ES709;1;1;64;1;1;1;9;12;-1;-1;-1;1;-1;1;2;-1;-1;-1;-1;-1;-1;3;3;5;7;6;2;5;5;5;1;6;5;5;4;5;4;3;3;5;3;4;2;5;2;2;3;4;4;3;4;5;3;4;4;2;2;2;-9;4;4;3;4;4;3;3;4;4;3;3;4;2;3;3;1;2;-1;-1;1;6;5;6;1;-7;3385.1480664
1825;2026Q2;ES709A1;ES709;1;1;61;3;1;5;5;10;-1;-1;-1;1;-1;1;7;-1;-1;-1;-1;-1;-1;2;2;8;1;1;5;4;3;3;2;6;4;4;4;4;3;4;4;4;4;2;2;2;4;4;2;4;4;4;4;4;4;4;2;2;4;4;4;4;3;3;3;3;4;2;2;3;3;4;4;2;2;3;2;1;4;-9;6;6;5;6;1;2;618.42419907
1826;2026Q2;ES709A1;ES709;1;1;43;2;1;5;9;10;-1;-1;-1;1;-1;1;5;-1;-1;-1;-1;-1;-1;2;2;4;2;2;4;4;4;2;1;6;2;2;-9;4;2;5;4;4;4;1;2;2;5;2;2;2;2;2;2;2;2;2;5;3;5;5;2;2;2;4;3;2;-7;4;4;2;-3;1;1;3;2;2;2;1;3;3;1;6;5;6;-7;1;276.19235195
1827;2026Q2;ES709A1;ES709;6;2;63;1;1;1;5;10;-1;-1;-1;6;-1;-1;-1;67;5;-1;-1;1;7;2;2;4;3;3;4;4;4;3;1;6;4;4;4;4;4;3;4;4;4;4;4;4;3;5;4;4;4;4;4;4;4;3;2;2;3;3;4;4;5;5;5;5;5;3;4;2;-3;3;3;2;4;4;1;1;4;2;6;6;5;6;4;1;171.4098475
1828;2026Q2;ES709A1;ES709;6;2;43;3;2;5;10;10;-1;-1;-1;1;-1;1;2;-1;-1;-1;-1;-1;-1;1;2;6;1;1;2;4;4;3;1;6;3;-9;-9;-9;-9;4;5;4;4;2;4;2;3;4;3;3;3;2;2;3;4;4;4;3;3;4;3;2;-3;-3;-3;-3;-3;-3;-3;-3;-3;-3;-3;3;-3;-3;2;1;1;2;1;6;5;6;3;1;528.73721851
1829;2026Q2;ES709A1;ES709;1;1;64;3;2;5;6;10;-1;-1;-1;6;-1;-1;-1;55;1;9;-1;-1;-1;2;2;4;3;3;6;4;4;4;1;6;4;4;3;4;4;4;2;4;3;4;4;4;2;2;4;4;4;4;4;4;4;4;3;3;4;3;3;4;4;4;4;4;4;4;4;4;3;3;3;3;3;4;2;3;-1;-1;6;6;5;6;1;3;1003.2516947
1830;2026Q2;ES709A1;ES709;6;2;68;3;2;5;5;12;-1;-1;-1;1;-1;1;6;-1;-1;-1;-1;-1;-1;2;2;6;3;3;5;-9;-9;-9;-9;6;4;4;4;4;4;2;4;4;4;4;4;4;2;2;4;4;4;4;4;4;4;4;2;2;4;2;4;4;5;5;4;3;3;4;4;3;3;3;4;3;2;2;1;1;2;-9;1;1;5;6;-3;1;3554.0573788
1831;2026Q2;ES709A1;ES709;6;2;40;1;1;1;7;10;-1;-1;-1;1;-1;1;3;-1;-1;-1;-1;-1;-1;1;1;1;2;3;3;5;4;4;1;6;4;2;4;4;4;4;5;4;5;4;5;4;5;5;2;4;4;2;3;4;4;4;4;4;4;4;4;4;4;3;4;3;4;3;1;3;3;3;3;1;-3;4;3;1;3;2;1;6;1;6;4;1;126.82304957
1832;2026Q2;ES709A1;ES709;1;1;64;1;1;1;10;10;-1;-1;-1;6;-1;-1;-1;80;5;-1;-1;2;5;2;2;8;2;2;5;5;5;3;1;6;5;2;-9;5;3;4;3;4;3;3;4;3;3;4;3;3;3;3;3;3;3;3;3;4;4;3;3;3;4;4;4;4;3;4;3;-3;4;3;-3;4;3;3;3;-9;-1;-1;6;6;1;6;-3;-3;618.42419907
1833;2026Q2;ES709A1;ES709;1;1;54;1;1;1;10;7;-1;-1;2;1;-1;-1;-1;-1;-1;-1;-1;-1;-1;2;2;4;7;6;2;5;5;3;2;6;4;5;5;4;4;4;3;4;2;4;3;4;2;3;4;4;4;2;4;4;4;4;4;2;2;3;2;3;4;4;4;4;4;4;3;3;3;3;3;3;4;3;1;1;4;2;1;6;5;6;2;3;1848.9755281
1834;2026Q2;ES709A1;ES709;1;1;42;3;1;4;6;10;-1;-1;-1;6;-1;-1;-1;57;1;4;-1;-1;-1;2;2;4;4;4;3;5;5;4;1;6;4;4;4;5;4;2;5;5;5;3;5;5;2;4;4;5;4;4;4;5;5;5;2;4;2;2;-9;2;5;5;5;4;5;5;5;5;5;4;4;3;4;4;2;3;-1;-1;1;6;4;6;-3;1;276.19235195
1835;2026Q2;ES709A1;ES709;6;2;29;1;1;1;8;1;6;2;5;1;-1;-1;-1;-1;-1;-1;-1;-1;-1;3;3;5;5;3;5;5;5;4;3;1;4;2;2;4;4;4;5;2;5;4;4;4;5;4;2;4;2;2;2;4;4;4;5;5;4;5;2;3;4;4;4;2;5;2;5;4;5;4;4;1;3;3;2;1;1;1;1;6;5;6;4;1;1910.0869857
1836;2026Q2;ES709A1;ES709;6;2;40;1;1;5;10;2;6;2;2;6;-1;-1;-1;40;1;2;-1;-1;-1;2;3;2;7;6;1;5;5;5;1;6;4;2;1;2;3;4;4;2;4;1;4;2;2;4;2;2;2;3;3;4;2;4;5;5;5;5;2;3;4;4;4;1;4;2;3;2;5;2;1;1;1;1;2;-9;-1;-1;-9;6;5;6;2;2;1500.0780212
1837;2026Q2;ES709A1;ES709;1;1;56;3;2;5;6;1;6;2;3;1;-1;-1;-1;-1;-1;-1;-1;-1;-1;1;1;1;3;5;3;5;5;3;2;6;4;5;4;4;5;-9;5;5;5;4;2;4;-9;5;2;5;4;5;4;4;5;5;5;-9;2;-9;4;2;4;4;5;4;5;5;4;4;4;-3;-3;-3;4;4;1;3;-1;-1;6;6;4;6;1;1;1145.8247291
1838;2026Q2;ES709A1;ES709;6;2;42;2;1;5;9;2;6;2;2;1;-1;-1;-1;-1;-1;-1;-1;-1;-1;2;4;2;7;2;2;5;5;5;3;6;4;5;4;4;4;4;5;3;4;3;4;3;4;3;3;2;4;4;3;4;3;3;4;3;4;3;3;3;4;3;3;3;3;3;4;-3;4;-3;3;3;3;3;1;1;3;2;1;6;5;6;5;1;1500.0780212
1839;2026Q2;ES709A1;ES709;6;2;48;2;1;5;10;15;-1;-1;-1;-9;-1;-1;-1;-1;-1;-1;-1;-1;-1;2;2;4;6;5;-1;5;5;4;2;6;3;2;4;3;3;5;5;2;5;2;5;3;5;5;2;3;3;2;2;3;2;3;5;5;5;5;1;1;1;2;1;1;1;1;1;1;1;1;1;1;1;2;3;1;1;4;1;6;5;6;-3;1;3095.2690143
1840;2026Q2;ES709A1;ES709;1;1;37;3;3;5;4;7;-1;-1;3;1;-1;-1;-1;-1;-1;-1;-1;-1;-1;2;4;2;5;3;3;4;4;3;1;6;4;2;4;5;4;5;4;3;4;3;3;4;4;4;3;4;3;1;4;4;3;4;5;2;4;2;3;3;5;5;5;5;-3;4;4;3;5;-3;-3;-3;3;3;2;3;-1;-1;1;6;5;6;4;1;1949.417611
1841;2026Q2;ES709A1;ES709;1;1;23;1;1;1;5;2;6;2;5;6;-1;-1;-1;53;-9;-1;-1;-1;-1;3;3;2;4;3;-1;1;3;2;2;6;3;3;3;3;2;2;2;4;4;4;1;3;3;1;2;2;2;1;2;2;2;1;1;1;1;1;1;1;4;2;4;1;4;1;5;1;1;1;1;1;2;1;2;3;-1;-1;6;1;1;6;1;1;1785.2155395
1842;2026Q2;ES709A1;ES709;6;2;51;1;1;1;7;10;-1;-1;-1;1;-1;1;4;-1;-1;-1;-1;-1;-1;3;4;8;6;3;3;4;4;4;1;6;4;2;2;4;3;4;3;2;2;2;4;4;2;3;2;4;4;2;2;2;2;4;4;4;4;4;2;2;3;4;4;4;4;3;2;2;3;3;3;3;3;3;2;3;-1;-1;6;6;1;6;1;1;197.63521687
1843;2026Q2;ES709A1;ES709;6;2;48;1;1;1;9;2;6;2;2;1;-1;-1;-1;-1;-1;-1;-1;-1;-1;2;3;7;6;4;2;5;5;5;3;6;2;2;1;2;2;5;5;1;4;1;4;2;4;4;2;2;2;5;5;4;3;2;5;5;5;5;2;1;4;4;3;4;5;4;4;2;2;1;1;3;1;1;1;1;1;1;1;6;1;6;-7;-3;721.11761959
1844;2026Q2;ES709A1;ES709;6;2;55;2;1;5;5;1;1;2;4;1;-1;-1;-1;-1;-1;-1;-1;-1;-1;1;2;6;6;6;3;5;5;5;1;6;4;4;5;5;5;1;4;4;2;2;2;4;2;4;2;2;4;4;3;4;4;4;4;3;3;3;2;2;2;3;2;2;2;2;2;-3;3;1;1;1;1;1;2;1;4;1;1;6;5;6;1;-3;708.9208848
1845;2026Q2;ES709A1;ES709;6;2;47;1;1;1;10;1;1;2;3;1;-1;-1;-1;-1;-1;-1;-1;-1;-1;1;1;1;4;6;2;5;5;4;4;1;4;4;4;5;5;4;5;2;5;1;5;2;4;5;1;4;2;2;4;1;2;2;5;5;5;4;4;1;5;5;5;5;5;5;5;2;2;1;1;1;4;4;3;1;3;1;1;6;5;6;5;3;360.55880979
1846;2026Q2;ES709A1;ES709;1;1;63;2;1;5;8;10;-1;-1;-1;6;-1;-1;-1;64;3;-1;-1;1;4;2;2;8;2;2;3;5;5;5;5;1;5;5;5;5;5;3;3;4;2;5;3;5;2;3;4;5;5;5;5;4;5;5;2;2;3;2;4;4;4;4;4;4;-3;4;-3;-3;4;-3;-3;-3;-3;-3;2;-9;-1;-1;6;6;5;6;-3;-3;618.42419907
1847;2026Q2;ES709A1;ES709;6;2;52;2;1;5;5;10;-1;-1;-1;1;-1;1;4;-1;-1;-1;-1;-1;-1;2;2;6;2;2;3;4;4;4;1;6;4;4;3;3;4;5;5;3;5;2;5;3;4;4;3;3;3;3;3;3;4;4;4;4;4;5;2;2;4;-3;-3;2;-3;2;-3;-3;3;2;2;2;-3;2;2;-9;-1;-1;6;6;5;6;-7;-3;131.75681125
1848;2026Q2;ES709A1;ES709;6;2;66;2;1;5;10;5;-1;-1;2;1;-1;-1;-1;-1;-1;-1;-1;-1;-1;3;3;8;4;3;1;5;5;4;1;6;4;2;4;4;4;-9;4;4;-9;4;-9;4;4;2;4;3;2;4;2;2;4;4;4;4;4;4;2;2;4;4;4;2;3;3;3;-3;4;-3;-3;2;3;2;2;1;3;2;6;6;5;6;3;1;564.11646931
1849;2026Q2;ES709A1;ES709;1;1;28;1;1;1;9;1;6;2;2;6;-1;-1;-1;59;2;2;-1;-1;-1;4;4;2;7;5;1;5;5;3;3;-9;4;2;2;2;4;4;5;2;5;3;5;2;4;4;2;2;2;2;3;2;2;2;5;5;4;4;2;2;2;2;3;1;4;1;1;1;1;1;1;1;1;1;1;1;3;4;1;6;1;6;-3;-3;2380.287386
1850;2026Q2;ES709A1;ES709;6;2;63;1;1;1;5;10;-1;-1;-1;1;-1;1;5;-1;-1;-1;-1;-1;-1;1;1;1;1;2;4;5;5;3;2;6;5;5;5;5;4;4;3;4;4;4;3;4;2;1;4;5;3;4;4;4;4;4;4;4;2;4;4;2;5;5;4;3;4;4;3;3;4;-3;4;4;4;4;2;3;-1;-1;6;6;5;6;-7;-7;85.704923749
1851;2026Q2;ES709A1;ES709;1;1;27;1;1;1;6;1;6;2;4;6;-1;-1;-1;64;5;-1;-1;-9;-1;2;2;6;5;5;-1;4;4;4;2;6;4;2;2;4;2;5;4;5;4;2;-9;2;4;5;1;1;4;2;2;-9;2;4;5;5;5;4;-9;-9;4;4;-3;4;2;1;1;2;4;-3;-3;2;2;2;1;2;-1;-1;1;6;1;6;3;-3;1190.143693
1852;2026Q2;ES709A1;ES709;6;2;24;1;1;5;10;6;-1;-1;2;6;-1;-1;-1;65;8;-1;1;1;5;2;2;6;5;5;3;3;4;3;2;1;2;2;2;2;2;4;5;1;4;1;4;1;2;4;2;2;1;2;1;4;4;4;4;5;5;5;2;1;-3;4;5;2;4;2;2;3;3;-3;-3;2;-3;-3;1;1;1;4;1;6;5;6;4;1;1273.3913238
1853;2026Q2;ES709A1;ES709;1;1;43;1;1;1;9;2;6;2;2;6;-1;-1;-1;58;1;2;-1;-1;-1;2;2;4;7;6;2;4;4;4;1;6;5;5;-9;5;5;-9;5;4;4;-9;-9;4;2;3;2;-9;4;4;4;4;4;4;5;4;-9;5;2;2;4;-3;3;3;4;3;3;-3;2;2;3;1;3;-3;1;1;3;2;1;6;2;6;2;1;1564.5901154
1854;2026Q2;ES709A1;ES709;1;1;29;3;1;5;10;1;6;2;1;1;-1;-1;-1;-1;-1;-1;-1;-1;-1;2;2;4;6;5;1;5;5;3;4;1;2;4;1;3;2;5;5;4;4;1;5;1;3;4;4;2;2;1;4;2;3;3;5;4;3;4;4;3;-7;-7;-7;-7;-7;-7;-7;-7;-7;-7;1;1;-7;-7;1;2;-1;-1;6;6;5;6;4;1;1190.143693
1855;2026Q2;ES709A1;ES709;6;2;65;1;1;1;6;12;-1;-1;-1;6;-1;-1;-1;67;5;-1;-1;1;4;4;4;6;6;4;3;5;5;4;2;6;3;4;4;4;2;2;4;4;2;4;4;2;2;4;4;4;4;4;2;2;4;4;2;4;2;2;-9;4;4;4;4;4;4;4;4;4;4;-3;-3;1;4;4;3;1;2;4;6;6;1;6;4;1;5500.4580818
1856;2026Q2;ES709A1;ES709;1;1;49;2;1;5;7;6;-1;-1;1;1;-1;-1;-1;-1;-1;-1;-1;-1;-1;2;3;6;7;5;1;5;5;5;2;6;4;2;1;4;4;2;4;4;5;2;4;2;5;5;4;2;2;2;1;4;2;4;4;4;4;4;2;2;4;3;4;-3;-3;4;4;3;3;2;2;1;3;-3;2;3;-1;-1;6;6;5;6;5;1;1848.9755281
1857;2026Q2;ES709A1;ES709;6;2;80;1;1;5;10;12;-1;-1;-1;1;-1;1;2;-1;-1;-1;-1;-1;-1;1;1;1;4;6;1;3;3;-9;1;6;2;2;4;2;3;4;4;4;2;2;4;3;4;2;3;2;2;2;4;4;2;4;4;2;2;2;2;2;2;3;1;3;-3;4;4;1;1;3;3;1;3;-3;2;3;-1;-1;6;6;5;6;1;-3;1375.1145204
1858;2026Q2;ES709A1;ES709;1;1;19;1;1;1;8;13;-1;-1;-1;6;-1;-1;-1;54;1;2;-1;-1;-1;4;4;2;7;5;1;5;5;4;2;6;4;3;4;2;4;5;5;2;5;2;5;2;5;5;2;4;3;4;4;4;4;4;5;5;5;5;2;2;1;3;3;1;1;1;4;4;2;2;2;1;4;1;2;1;2;4;1;6;1;6;2;1;3080.1742162
1859;2026Q2;ES709A1;ES709;6;2;62;1;1;1;6;12;-1;-1;-1;1;-1;1;5;-1;-1;-1;-1;-1;-1;1;1;1;4;6;3;3;3;3;3;6;5;2;2;2;2;4;4;2;4;2;4;2;4;2;2;2;2;2;2;4;2;4;4;4;4;5;2;2;-7;4;2;1;3;3;2;2;3;3;3;1;3;2;1;1;1;-9;1;6;5;6;3;3;1895.9965821
1860;2026Q2;ES709A1;ES709;6;2;36;1;1;1;8;1;1;1;3;6;-1;-1;-1;63;5;-1;-1;1;7;3;4;7;7;4;5;4;4;3;2;6;4;4;2;4;4;2;2;4;4;2;4;2;4;4;2;2;2;2;2;4;2;2;4;4;4;4;2;2;4;3;4;1;3;4;3;3;3;3;3;1;3;3;2;1;1;4;6;6;1;6;-3;1;2250.1170319
1861;2026Q2;ES709A1;ES709;6;2;62;3;1;5;6;10;-1;-1;-1;6;-1;-1;-1;69;5;-1;-1;1;9;3;3;8;3;2;6;5;5;4;2;6;3;2;4;2;2;5;5;2;4;2;-9;2;5;4;2;2;2;2;2;2;4;4;4;5;4;4;2;2;3;3;3;1;3;1;1;-3;-3;-3;-3;1;2;-3;2;1;3;2;1;1;5;6;-7;1;257.11477125
1862;2026Q2;ES709A1;ES709;1;1;56;1;1;1;7;1;6;1;4;1;-1;-1;-1;-1;-1;-1;-1;-1;-1;2;2;4;3;3;3;5;5;3;1;6;1;1;2;2;2;5;4;2;4;2;4;2;4;4;2;2;2;2;2;2;2;2;5;5;4;5;2;2;1;1;2;2;2;1;1;-3;1;1;-7;1;-3;1;3;3;-1;-1;6;6;1;6;2;1;1906.8219625
1863;2026Q2;ES709A1;ES709;1;1;78;1;1;5;5;12;-1;-1;-1;1;-1;1;3;-1;-1;-1;-1;-1;-1;1;1;1;2;4;3;4;4;4;1;6;4;4;3;4;4;4;4;3;4;3;4;4;3;3;3;4;3;4;4;4;4;4;4;4;4;4;2;2;4;-3;4;4;4;-3;-3;-3;3;-3;-3;-3;-3;-3;2;1;1;4;6;6;5;6;-7;-7;1008.5019663
1864;2026Q2;ES709A1;ES709;1;1;25;3;1;5;8;1;6;2;-9;-9;-1;-1;-1;-1;-1;-1;-1;-1;-1;3;3;2;-9;-9;-1;4;4;2;-9;6;4;3;2;-9;-9;3;5;3;-9;-9;-9;-9;-9;-9;-9;-9;-9;-9;-9;-9;-9;-9;-9;-9;-9;-9;-9;-9;-7;-7;-7;-7;-7;-7;-7;-7;-7;-7;-7;-7;-7;-7;2;-9;-1;-1;-9;6;3;6;-3;-3;1785.2155395
1865;2026Q2;ES709A1;ES709;1;1;57;2;1;5;10;10;-1;-1;-1;1;-1;1;2;-1;-1;-1;-1;-1;-1;3;3;9;4;3;1;5;5;3;3;6;5;2;2;3;4;3;5;3;4;2;5;3;3;3;4;4;4;2;2;2;3;3;5;5;5;5;3;3;3;3;3;2;2;3;4;4;3;3;3;2;3;2;2;1;1;2;1;1;5;6;2;1;927.63629861
1866;2026Q2;ES709A1;ES709;6;2;42;1;1;1;8;1;6;2;5;6;-1;-1;-1;69;5;-1;-1;1;8;3;3;8;6;4;-1;4;3;4;3;6;4;4;4;4;5;1;5;5;4;4;4;4;3;4;3;3;4;4;3;4;3;4;3;5;3;3;1;2;5;4;5;3;4;3;4;4;4;3;4;2;4;4;2;3;-1;-1;6;6;1;6;1;1;2250.1170319
1867;2026Q2;ES709A1;ES709;6;2;70;1;1;1;5;12;-1;-1;-1;1;-1;1;9;-1;-1;-1;-1;-1;-1;3;3;2;6;4;6;3;3;3;3;6;4;4;4;4;4;4;4;4;4;2;4;4;2;2;2;4;2;4;4;4;4;4;2;2;2;2;2;4;4;4;4;4;4;4;4;4;4;4;4;3;4;4;2;3;-1;-1;6;1;1;6;1;1;4125.3435613
1868;2026Q2;ES709A1;ES709;6;2;28;1;1;1;10;10;-1;-1;-1;6;-1;-1;-1;76;5;-1;-1;1;7;4;4;2;4;2;4;2;2;2;1;6;1;1;1;2;1;5;5;1;5;1;5;1;4;4;2;1;1;1;1;1;2;1;5;5;5;5;1;1;1;1;1;2;4;3;3;2;3;1;1;1;2;1;1;1;1;4;1;6;1;6;3;1;263.51362249
1869;2026Q2;ES709A1;ES709;6;2;67;1;1;1;5;12;-1;-1;-1;1;-1;1;4;-1;-1;-1;-1;-1;-1;1;1;1;2;4;3;5;5;3;1;6;4;4;3;5;4;4;4;3;2;4;5;2;4;2;3;4;3;4;4;2;5;5;3;3;4;4;3;3;5;4;4;4;4;3;3;4;4;3;3;2;4;3;3;3;-1;-1;6;6;1;6;1;1;1375.1145204
1870;2026Q2;ES709A1;ES709;6;2;37;1;1;1;4;10;-1;-1;-1;1;-1;1;9;-1;-1;-1;-1;-1;-1;3;3;2;1;1;6;3;2;2;2;6;2;4;4;4;4;2;4;4;4;4;4;2;4;2;4;2;2;4;2;4;4;4;4;4;4;2;4;4;3;3;3;3;3;3;3;3;3;3;3;3;3;3;2;3;-1;-1;1;1;1;6;1;-3;380.46914871
1871;2026Q2;ES709A1;ES709;6;2;67;1;1;1;5;12;-1;-1;-1;6;-1;-1;-1;72;5;-1;-1;1;9;2;2;4;4;4;6;3;3;3;3;6;5;4;4;4;4;4;4;4;2;4;2;2;4;2;4;4;4;4;4;4;2;4;2;2;4;4;2;4;-3;-3;-3;-3;-3;4;3;-3;3;-3;4;4;-3;-3;2;2;-1;-1;6;-9;5;6;1;3;2750.2290409
1872;2026Q2;ES709A1;ES709;6;2;28;1;1;1;9;11;-1;-1;-1;6;-1;-1;-1;56;1;7;-1;-1;-1;4;4;2;3;2;4;5;4;1;1;6;1;1;1;1;1;5;5;1;5;1;5;1;5;4;1;1;1;1;1;1;1;1;5;5;5;5;1;1;-7;1;-7;1;-7;1;1;1;-7;1;1;1;1;1;1;1;3;4;1;6;1;6;3;1;263.51362249
1873;2026Q2;ES709A1;ES709;1;1;76;1;1;1;3;12;-1;-1;-1;1;-1;1;7;-1;-1;-1;-1;-1;-1;2;2;4;3;3;5;4;4;3;3;6;4;4;4;4;4;4;4;4;4;5;4;4;2;2;5;4;4;5;5;5;4;5;2;2;5;2;5;5;4;3;4;3;4;4;3;3;4;3;4;3;3;4;2;3;-1;-1;-9;6;5;6;2;2;2017.0039327
1874;2026Q2;ES709A1;ES709;6;2;42;1;1;1;10;7;-1;-1;2;1;-1;-1;-1;-1;-1;-1;-1;-1;-1;1;1;1;2;3;1;3;3;1;1;6;2;1;1;2;2;5;5;2;4;2;4;2;4;4;3;2;1;2;2;2;2;2;5;5;5;5;1;1;3;3;2;2;3;3;1;1;2;2;2;1;2;3;1;1;1;4;6;6;5;6;-7;1;750.03901062
1875;2026Q2;ES709A1;ES709;6;2;61;1;1;5;7;10;-1;-1;-1;6;-1;-1;-1;66;5;-1;-1;1;7;3;3;8;3;2;4;5;5;3;1;6;4;4;3;3;4;4;5;4;4;2;4;2;5;4;4;3;2;4;4;4;4;4;4;4;4;2;2;2;5;5;5;1;5;1;1;-3;4;2;5;1;5;1;3;1;4;3;1;1;5;6;1;1;257.11477125
1876;2026Q2;ES709A1;ES709;1;1;35;1;1;1;10;10;-1;-1;-1;6;-1;-1;-1;67;5;-1;-1;1;9;2;2;6;2;2;6;5;5;2;2;6;1;1;1;4;1;5;5;1;5;2;5;1;5;3;4;1;3;1;1;3;4;4;5;5;5;5;1;1;3;3;3;3;3;4;2;1;3;1;1;1;3;1;2;2;-1;-1;6;6;1;6;2;1;276.19235195
1877;2026Q2;ES709A1;ES709;6;2;27;1;1;1;5;7;-1;-1;5;6;-1;-1;-1;51;1;7;-1;-1;-1;4;4;3;4;2;4;-9;-9;-9;-9;6;2;1;1;3;1;4;5;2;4;1;5;1;4;-9;1;1;1;2;1;1;3;3;5;5;5;5;2;1;-3;-3;-3;2;2;1;1;-3;-3;1;1;1;1;1;3;1;1;3;6;6;1;6;-7;1;2546.7826476
1878;2026Q2;ES709A1;ES709;6;2;51;1;1;1;9;2;6;2;4;6;-1;-1;-1;57;1;2;-1;-1;-1;2;3;2;7;5;1;5;5;4;1;6;3;2;2;3;2;4;5;4;5;1;5;2;4;1;2;1;2;2;1;2;2;3;5;5;5;5;1;2;3;1;1;1;3;3;2;3;2;1;2;1;2;1;1;1;3;2;1;6;5;6;3;1;721.11761959
1879;2026Q2;ES709A1;ES709;6;2;53;1;1;1;5;1;6;2;5;6;-1;-1;-1;53;2;7;-1;-1;-1;3;3;5;4;3;4;2;2;2;2;6;3;3;3;2;2;4;1;2;2;2;3;2;4;4;2;2;2;2;2;2;2;3;4;5;5;5;2;1;2;2;1;1;1;1;1;2;2;2;2;1;2;1;1;1;1;4;1;1;1;6;1;1;1081.6764294
1880;2026Q2;ES709A1;ES709;6;2;48;1;1;1;5;1;6;2;7;6;-1;-1;-1;70;5;-1;-1;1;7;4;4;8;5;3;5;2;3;1;1;6;2;2;4;2;2;4;4;3;4;2;4;2;4;4;2;2;2;2;2;2;2;4;4;4;4;4;2;2;2;3;3;2;4;3;2;2;2;1;2;1;3;2;3;3;-1;-1;6;6;1;6;1;-3;1442.2352392
1881;2026Q2;ES709A1;ES709;6;2;55;1;1;1;5;10;-1;-1;-1;1;-1;1;9;-1;-1;-1;-1;-1;-1;1;1;1;2;4;6;5;5;4;2;6;5;5;4;4;4;2;2;4;4;4;5;4;4;2;4;4;4;2;2;4;5;2;2;2;2;4;4;4;4;4;4;5;5;5;5;3;5;3;3;3;4;4;2;3;-1;-1;6;6;1;6;-3;3;85.704923749
1882;2026Q2;ES709A1;ES709;6;2;21;1;1;1;7;2;6;2;5;-9;-1;-1;-1;-1;-1;-1;-1;-1;-1;2;3;8;5;3;-1;-9;-9;-9;-9;6;-9;-9;-9;-9;-9;-9;3;3;-9;3;-9;-9;-9;-9;-9;2;2;-9;-9;-9;-9;-9;-9;-9;4;-9;-9;-9;-3;-3;-3;-3;-3;-3;-3;-3;-3;-3;-3;-3;-3;-3;3;1;4;4;1;1;1;6;-7;-3;1273.3913238
1883;2026Q2;ES709A1;ES709;6;2;41;1;1;1;6;10;-1;-1;-1;6;-1;-1;-1;69;5;-1;-1;1;3;4;4;8;7;3;2;5;5;1;2;1;3;5;4;4;1;2;5;2;-9;1;5;2;1;2;4;2;2;1;3;5;5;5;5;5;5;5;1;1;5;5;5;1;4;5;4;4;4;4;2;2;4;-3;2;1;1;4;6;6;5;6;3;2;760.93829742
1884;2026Q2;ES709A1;ES709;1;1;65;2;1;1;5;1;1;2;3;1;-1;-1;-1;-1;-1;-1;-1;-1;-1;1;1;1;3;5;3;2;3;3;3;6;4;4;4;4;3;3;2;4;2;4;3;4;2;2;3;4;3;3;2;3;4;4;4;2;2;3;3;4;3;3;4;3;4;3;3;2;3;3;2;3;3;3;1;1;3;3;1;6;5;6;3;1;833.53025878
1885;2026Q2;ES709A1;ES709;6;2;50;1;1;1;10;2;6;2;3;6;-1;-1;-1;50;1;7;-1;-1;-1;2;3;2;6;5;5;5;5;4;3;6;4;3;3;4;3;5;5;3;4;3;5;3;5;5;3;3;3;3;3;3;3;3;4;4;5;5;2;2;4;3;3;2;2;2;2;1;2;2;1;1;1;1;2;2;-1;-1;-9;6;5;6;2;1;721.11761959
1886;2026Q2;ES709A1;ES709;6;2;34;1;1;1;9;2;6;2;2;1;-1;-1;-1;-1;-1;-1;-1;-1;-1;2;2;8;5;5;1;4;4;2;2;6;4;4;2;4;4;4;4;2;4;2;4;2;2;2;4;4;2;4;4;4;4;4;4;4;3;2;2;2;2;4;4;4;4;4;4;1;4;2;2;1;4;1;1;3;-1;-1;6;6;5;6;-3;1;1273.3913238
1887;2026Q2;ES709A1;ES709;1;1;65;2;1;5;8;12;-1;-1;-1;1;-1;1;0;-1;-1;-1;-1;-1;-1;3;3;2;6;4;-1;5;5;4;3;6;4;3;3;4;4;4;5;4;5;3;4;3;4;4;3;3;3;3;3;3;3;3;5;3;4;4;3;3;-3;-3;-3;-3;-3;-3;-3;-3;-3;-3;-3;-3;-3;-3;1;-9;-1;-1;-9;6;5;6;-7;-3;3025.505899
1888;2026Q2;ES709A1;ES709;6;2;37;1;1;1;10;2;1;2;2;1;-1;-1;-1;-1;-1;-1;-1;-1;-1;2;3;2;7;5;1;5;5;4;2;6;4;4;-9;4;4;4;5;3;4;3;4;4;3;4;4;4;4;3;4;4;4;4;4;4;4;4;4;2;4;4;4;3;4;3;3;3;3;3;3;3;4;3;1;1;1;4;6;6;5;6;3;1;1500.0780212
1889;2026Q2;ES709A1;ES709;6;2;30;3;2;4;2;11;-1;-1;-1;6;-1;-1;-1;34;1;3;-1;-1;-1;2;3;2;4;3;3;3;3;3;3;6;4;4;3;4;4;4;4;4;4;4;4;4;2;4;5;4;4;4;4;4;4;5;2;2;4;4;5;4;-3;-3;-3;-3;4;4;4;-3;-3;-3;-3;-3;-3;-3;2;1;3;3;1;6;4;6;-3;3;830.78773957
1890;2026Q2;ES709A1;ES709;1;1;21;1;1;1;8;13;-1;-1;-1;6;-1;-1;-1;50;1;5;-1;-1;-1;4;4;2;6;3;5;4;4;4;3;6;4;4;4;3;3;3;5;4;4;3;4;3;4;4;4;3;3;4;4;3;4;4;4;4;3;3;3;4;4;3;3;4;4;4;3;-3;3;3;-3;3;4;4;2;2;-1;-1;6;6;1;6;1;-3;3080.1742162
1891;2026Q2;ES709A1;ES709;1;1;65;1;1;1;7;12;-1;-1;-1;1;-1;1;5;-1;-1;-1;-1;-1;-1;2;2;4;6;6;3;4;4;3;3;6;4;4;4;4;4;4;4;4;2;4;2;4;2;2;4;4;4;4;4;2;4;4;4;4;4;4;2;2;5;4;4;4;4;4;4;3;3;4;4;3;4;4;1;1;1;3;1;1;5;6;2;3;2017.0039327
1892;2026Q2;ES709A1;ES709;6;2;19;1;1;1;7;11;-1;-1;-1;6;-1;-1;-1;54;3;-1;-1;1;9;2;2;6;2;2;6;1;1;1;2;6;1;1;5;-9;2;4;5;2;4;2;4;2;5;5;3;2;2;1;1;1;1;3;5;5;5;5;1;1;-7;-7;-7;-7;-7;-7;-7;-3;-7;-7;-7;-7;-7;-7;3;1;3;4;6;6;1;6;1;1;131.75681125
1893;2026Q2;ES709A1;ES709;6;2;56;3;1;5;10;6;-1;-1;1;1;-1;-1;-1;-1;-1;-1;-1;-1;-1;3;3;5;7;6;1;4;5;3;4;1;4;3;4;4;3;3;5;2;4;4;4;2;3;4;4;4;2;3;4;4;4;4;5;2;3;4;2;3;-3;1;-3;4;4;4;3;1;-3;1;-3;-3;1;1;2;2;-1;-1;-9;6;5;6;1;-3;2126.7626544
1894;2026Q2;ES709A1;ES709;6;2;54;1;1;1;5;1;6;2;4;1;-1;-1;-1;-1;-1;-1;-1;-1;-1;2;2;4;4;4;3;5;4;3;3;6;2;2;2;3;3;5;5;4;4;2;5;-9;5;5;3;3;3;2;4;4;4;4;1;1;4;4;1;1;5;5;4;2;4;2;3;-3;3;-3;-3;2;3;2;3;1;1;2;6;6;5;6;1;1;721.11761959
1895;2026Q2;ES709A1;ES709;1;1;26;1;1;1;6;10;-1;-1;-1;6;-1;-1;-1;60;8;-1;1;2;3;4;4;6;7;5;3;5;5;2;1;6;5;5;3;5;4;5;2;5;5;4;5;2;-9;3;3;2;1;5;4;4;4;4;5;5;5;5;3;3;5;4;4;3;4;1;3;3;3;2;3;3;4;2;1;3;-1;-1;6;6;5;6;2;1;263.51362249
1896;2026Q2;ES709A1;ES709;1;1;66;1;1;1;5;12;-1;-1;-1;1;-1;1;4;-1;-1;-1;-1;-1;-1;2;2;4;6;6;3;4;4;3;1;6;5;4;5;5;5;4;4;4;2;4;3;4;2;2;5;5;4;5;5;5;5;4;2;2;4;2;4;4;4;4;5;5;5;5;4;4;5;4;4;4;5;5;3;2;-1;-1;6;6;5;6;-3;1;2017.0039327
1897;2026Q2;ES709A1;ES709;6;2;66;3;1;5;6;15;-1;-1;-1;1;1;1;5;-1;-1;-1;-1;-1;-1;1;1;1;2;4;5;-9;3;-9;1;6;2;2;-9;3;2;4;4;2;-9;1;-9;2;4;2;-9;2;1;2;2;2;2;2;2;2;2;4;2;2;-3;-3;-3;-3;-3;-3;1;-3;-3;-3;3;3;3;-3;2;-9;-1;-1;6;6;5;6;-3;2;1375.1145204
1898;2026Q2;ES709A1;ES709;6;2;48;1;1;1;8;1;1;1;3;1;-1;-1;-1;-1;-1;-1;-1;-1;-1;3;4;2;6;3;3;4;4;2;2;6;2;2;2;2;2;4;4;2;4;2;3;2;4;4;2;2;2;2;2;2;2;2;4;4;4;4;2;2;1;1;1;1;2;2;2;3;3;2;2;1;2;1;1;1;4;4;6;6;1;6;1;1;1081.6764294
1899;2026Q2;ES709A1;ES709;6;2;53;1;1;1;7;1;6;2;4;-9;-1;-1;-1;-1;-1;-1;-1;-1;-1;2;2;4;2;2;-1;3;3;2;1;6;1;2;2;2;1;5;5;2;5;1;5;1;5;5;2;1;2;1;1;3;4;3;5;5;5;5;1;1;3;4;2;1;3;1;1;1;2;2;2;2;1;1;1;1;3;-9;6;6;3;6;-7;-7;721.11761959
1900;2026Q2;ES709A1;ES709;1;1;24;1;1;1;8;1;6;1;3;6;-1;-1;-1;49;1;2;-1;-1;-1;3;3;6;6;4;-1;5;5;4;1;6;2;2;2;2;2;5;5;1;4;1;5;1;5;5;3;2;1;1;2;2;2;3;4;4;4;4;2;1;5;-7;-7;1;-3;5;2;-3;-3;-3;-3;1;2;2;3;1;4;-9;6;6;5;6;4;1;1785.2155395
1901;2026Q2;ES709A1;ES709;6;2;45;1;1;1;8;6;-1;-1;1;1;-1;-1;-1;-1;-1;-1;-1;-1;-1;3;3;2;6;4;1;4;4;3;2;6;3;3;3;4;3;3;5;4;4;2;4;2;3;4;3;2;3;3;3;4;3;3;4;4;3;4;2;2;-3;4;-3;2;4;4;-3;-3;-3;2;-3;2;-3;-3;1;1;4;3;6;6;5;6;-3;1;1081.6764294
1902;2026Q2;ES709A1;ES709;6;2;52;3;3;4;5;1;6;2;9;6;-1;-1;-1;33;2;2;-1;-1;-1;3;4;8;6;3;2;4;4;1;1;6;3;3;1;1;1;5;5;1;5;1;5;1;3;3;3;1;1;1;1;1;3;4;4;5;5;5;1;1;3;3;3;3;3;3;3;2;3;2;2;1;2;2;2;2;-1;-1;6;6;4;6;3;1;2287.4189362
1903;2026Q2;ES709A1;ES709;6;2;73;1;1;1;5;12;-1;-1;-1;1;-1;1;5;-1;-1;-1;-1;-1;-1;2;2;6;7;6;5;5;5;5;1;6;3;4;4;4;4;4;5;3;4;3;4;3;4;2;2;4;4;2;3;3;3;3;2;2;4;4;3;3;5;4;4;1;3;3;3;5;3;3;1;3;3;4;1;3;-1;-1;1;6;5;6;-3;-3;2750.2290409
1904;2026Q2;ES709A1;ES709;6;2;21;1;1;1;3;13;-1;-1;-1;6;-1;-1;-1;41;2;-9;-1;-1;-1;2;3;6;-9;-9;-1;-9;-9;-9;-9;6;-9;3;-9;-9;-9;-9;1;2;-9;1;4;-9;4;5;3;-9;-9;1;1;1;-9;-9;5;5;-9;5;-9;1;-7;-7;1;-7;-7;-7;-7;-7;-7;-7;-7;1;-7;-7;2;1;2;4;1;-9;5;-9;1;1;3647.5427185
1905;2026Q2;ES709A1;ES709;1;1;25;3;1;1;5;1;6;2;5;6;-1;-1;-1;56;9;-1;1;-9;-1;2;2;8;5;5;-1;4;4;4;2;6;5;3;4;4;5;5;5;4;4;4;4;-9;-9;-9;1;4;4;2;5;5;4;4;5;4;5;4;3;3;5;5;4;4;5;5;4;-3;4;3;3;2;3;5;3;1;1;4;1;6;3;6;-3;1;1190.143693
1906;2026Q2;ES709A1;ES709;6;2;20;1;1;1;7;13;-1;-1;-1;6;-1;-1;-1;51;3;-1;-1;1;6;2;2;6;1;1;5;2;3;3;2;6;4;4;4;4;3;3;3;-9;4;3;-9;3;-9;4;2;3;3;3;3;-9;-9;4;2;3;-9;4;4;3;-3;-3;-3;-3;-3;-3;3;-3;-3;-3;-3;-3;-3;-3;2;2;-1;-1;6;6;5;6;1;-3;3647.5427185
1907;2026Q2;ES709A1;ES709;6;2;49;3;1;5;10;10;-1;-1;-1;1;-1;1;5;-1;-1;-1;-1;-1;-1;2;3;6;1;1;5;4;4;3;1;6;4;4;-9;4;4;4;4;4;3;3;4;-9;4;4;2;2;3;3;2;4;4;4;4;4;2;4;2;2;4;4;4;2;3;2;3;-3;-3;-3;-3;2;2;2;3;3;-1;-1;6;6;5;6;1;-3;131.75681125
1908;2026Q2;ES709A1;ES709;6;2;37;1;1;1;5;10;-1;-1;-1;1;-1;1;5;-1;-1;-1;-1;-1;-1;1;4;6;2;1;5;-9;-9;-9;-9;6;-9;-9;-9;-9;-9;-9;-9;-9;-9;-9;-9;-9;-9;-9;-9;-9;-9;-9;-9;-9;-9;-9;3;3;3;3;3;3;-3;-3;-3;-3;-3;-3;-3;-3;-3;-3;-3;-3;-3;-3;3;1;4;2;1;6;1;6;1;1;126.82304957
1909;2026Q2;ES709A1;ES709;1;1;50;1;1;1;9;2;6;2;2;1;-1;-1;-1;-1;-1;-1;-1;-1;-1;2;2;4;6;6;2;4;4;3;2;6;4;4;4;5;4;2;4;4;3;4;3;4;3;3;5;5;5;3;4;4;5;5;3;3;3;3;4;4;5;5;4;5;5;4;4;4;4;4;4;4;5;4;1;2;-1;-1;-9;6;5;6;1;3;1848.9755281
1910;2026Q2;ES709A1;ES709;1;1;53;1;1;1;8;1;1;1;7;1;-1;-1;-1;-1;-1;-1;-1;-1;-1;1;1;1;6;6;4;4;5;3;1;6;4;4;4;4;4;4;3;4;2;4;3;3;4;2;4;4;4;4;4;4;4;4;3;3;3;3;3;4;4;4;4;4;4;4;3;-3;-3;-3;-3;-3;4;4;3;2;-1;-1;-9;6;5;6;-3;-3;924.48776405
1911;2026Q2;ES709A1;ES709;6;2;40;1;1;1;8;10;-1;-1;-1;1;-1;1;9;-1;-1;-1;-1;-1;-1;2;2;8;2;2;6;5;4;3;2;6;4;3;3;4;4;4;5;4;-9;-9;5;-9;5;5;4;3;3;3;-9;3;4;4;-9;4;4;3;4;2;5;-3;-3;-7;5;3;4;-3;4;-3;-3;2;2;-3;1;2;-1;-1;-9;6;2;6;4;1;253.64609914
1912;2026Q2;ES709A1;ES709;1;1;53;1;1;1;8;2;1;2;4;1;-1;-1;-1;-1;-1;-1;-1;-1;-1;3;4;2;6;3;3;5;5;5;2;6;4;2;1;4;2;5;5;4;5;1;5;3;5;5;2;3;3;1;1;1;1;4;5;5;5;5;1;1;1;1;1;1;1;4;1;1;3;1;1;1;1;1;1;1;3;1;1;6;5;6;4;1;2773.4632921
1913;2026Q2;ES709A2;ES709;6;2;42;1;1;1;9;1;6;2;2;1;-1;-1;-1;-1;-1;-1;-1;-1;-1;2;4;2;6;3;1;3;3;2;1;6;2;2;2;4;3;4;5;2;4;2;4;2;2;4;2;2;2;2;3;3;2;4;4;4;4;4;2;2;1;1;-3;1;-3;4;2;-3;-3;2;2;1;1;1;1;1;3;-9;1;6;1;6;3;1;929.73614017
1914;2026Q2;ES709A2;ES709;6;2;44;1;1;1;8;2;6;1;3;6;-1;-1;-1;45;1;8;-1;-1;-1;2;4;2;5;3;5;5;4;3;2;6;5;5;4;5;4;3;3;5;3;4;3;3;2;2;3;3;3;3;3;3;4;4;5;5;4;3;1;1;-3;-3;4;3;4;4;3;-7;4;-3;-3;2;2;1;2;1;1;4;6;6;1;6;-7;-3;929.73614017
1915;2026Q2;ES709A2;ES709;6;2;56;1;1;1;5;15;-1;-1;-1;1;1;1;9;-1;-1;-1;-1;-1;-1;3;3;2;5;4;6;3;3;3;3;6;4;4;4;4;2;4;2;4;4;2;2;2;2;2;2;4;2;2;2;2;2;4;2;2;2;4;4;2;3;3;3;3;3;3;3;3;3;3;3;3;3;3;2;-9;-1;-1;6;6;5;6;3;3;2349.8174329
1916;2026Q2;ES709A2;ES709;1;1;54;1;1;1;5;1;6;2;9;1;-1;-1;-1;-1;-1;-1;-1;-1;-1;1;1;1;3;5;6;4;3;3;4;1;4;4;4;2;4;4;3;4;2;4;2;2;2;2;4;4;2;4;4;4;4;4;4;2;4;4;2;4;3;3;3;3;3;4;4;-3;3;3;3;4;3;2;2;3;-1;-1;6;6;5;6;3;3;643.84529897
1917;2026Q2;ES709A2;ES709;6;2;40;1;1;1;9;11;-1;-1;-1;1;-1;-1;-1;-1;-1;-1;-1;-1;-1;1;2;6;2;2;-1;3;3;2;1;6;4;4;3;4;4;2;2;4;4;3;4;2;2;2;4;2;2;2;2;4;4;4;2;4;2;2;2;2;4;4;4;2;4;4;3;-3;4;-3;-3;-3;4;3;1;1;3;3;1;6;1;6;3;-3;118.55161341
1918;2026Q2;ES709A2;ES709;1;1;56;3;1;5;4;10;-1;-1;-1;1;-1;1;6;-1;-1;-1;-1;-1;-1;2;2;6;3;3;5;3;3;3;1;6;4;4;4;4;4;4;4;4;4;4;4;4;2;2;4;4;4;4;4;2;2;4;2;2;4;4;4;4;4;4;4;4;4;4;4;4;4;4;4;4;4;4;2;3;-1;-1;6;1;5;6;1;3;512.44493064
1919;2026Q2;ES709A2;ES709;1;1;54;1;1;1;8;7;-1;-1;7;1;-1;-1;-1;-1;-1;-1;-1;-1;-1;3;3;2;6;4;4;4;4;2;2;6;4;3;4;4;4;2;3;3;3;3;3;2;3;3;3;2;3;2;3;2;3;4;4;3;4;4;2;2;4;3;2;2;2;3;2;-3;2;2;2;2;2;-3;2;2;-1;-1;6;6;1;6;3;1;1931.5358969
1920;2026Q2;ES709A2;ES709;1;1;30;1;1;1;3;10;-1;-1;-1;6;-1;-1;-1;55;2;5;-1;-1;-1;4;4;8;4;2;3;4;4;3;3;1;5;5;-9;2;4;2;2;1;2;4;2;4;4;2;-9;4;2;2;2;2;2;2;4;2;4;4;4;4;-3;-3;-3;-3;-3;-3;-3;-3;-3;-3;-3;-3;-3;-3;2;1;3;3;1;6;1;6;2;-3;474.20645363
1921;2026Q2;ES709A2;ES709;6;2;66;3;2;5;3;11;-1;-1;-1;1;-1;-1;-1;-1;-1;-1;-1;-1;-1;1;1;1;2;4;-1;3;3;3;1;6;4;4;4;4;4;4;4;4;4;4;4;4;3;4;4;4;3;4;4;4;4;4;4;4;4;4;2;4;3;3;3;3;3;3;3;-7;3;3;3;3;3;3;2;3;-1;-1;6;-9;5;6;1;1;914.93521745
1922;2026Q2;ES709A2;ES709;1;1;68;1;1;1;3;12;-1;-1;-1;1;-1;1;9;-1;-1;-1;-1;-1;-1;2;2;4;3;3;6;3;2;3;2;6;4;4;4;4;4;4;2;4;4;4;-9;4;2;2;4;4;4;4;4;4;4;4;2;2;2;2;2;4;3;4;4;3;3;3;4;-3;3;4;4;3;4;4;3;1;4;4;1;6;5;6;3;1;3313.2769971
1923;2026Q2;ES709A2;ES709;1;1;51;1;1;1;3;10;-1;-1;-1;6;-1;-1;-1;80;5;-1;-1;1;4;3;3;8;3;2;3;5;5;3;1;6;3;3;3;4;5;3;5;3;4;3;4;3;4;3;3;3;3;3;2;4;3;3;5;4;3;3;2;2;3;3;3;3;3;3;3;3;3;3;3;3;3;3;2;2;-1;-1;6;6;1;6;2;-3;434.1220225
1924;2026Q2;ES709A2;ES709;1;1;70;1;1;1;10;12;-1;-1;-1;6;-1;-1;-1;68;5;-1;-1;1;2;2;2;4;7;6;2;4;4;2;1;6;2;2;1;2;2;5;5;2;4;2;5;2;4;4;2;2;2;2;2;3;2;2;5;4;5;5;2;2;4;2;2;1;1;1;2;1;2;1;2;1;1;1;1;1;4;3;1;6;5;6;4;1;2257.3102154
1925;2026Q2;ES709A2;ES709;1;1;27;1;1;1;9;1;6;2;2;6;-1;-1;-1;62;1;9;-1;-1;-1;3;3;8;5;3;6;4;4;3;3;6;4;4;4;4;4;4;5;4;4;2;4;2;4;2;4;4;3;4;3;4;4;4;5;3;4;4;4;3;3;4;4;4;4;3;4;2;4;4;4;1;3;2;2;1;3;3;6;6;1;6;4;1;765.11348675
1926;2026Q2;ES709A2;ES709;6;2;40;1;1;1;5;1;6;1;9;1;-1;-1;-1;-1;-1;-1;-1;-1;-1;2;4;2;5;2;6;5;4;2;2;6;2;2;2;3;2;4;4;4;4;3;4;2;4;4;2;2;2;2;3;2;4;4;5;4;4;4;2;2;3;2;2;1;3;1;3;2;3;3;3;2;2;2;2;2;-1;-1;6;6;1;6;4;1;633.42210408
1927;2026Q2;ES709A2;ES709;1;1;74;2;1;5;9;12;-1;-1;-1;1;-1;1;2;-1;-1;-1;-1;-1;-1;2;2;8;7;6;1;5;5;3;2;6;5;4;4;4;4;4;4;4;4;4;4;4;4;2;4;4;4;3;4;4;4;4;4;2;2;2;4;4;4;2;3;4;3;3;3;4;4;3;4;4;2;2;3;3;-1;-1;6;6;5;6;3;-7;2257.3102154
1928;2026Q2;ES709A2;ES709;6;2;28;3;1;5;8;13;-1;-1;-1;6;-1;-1;-1;54;1;5;-1;-1;-1;3;3;2;3;2;5;4;4;2;2;6;4;4;3;4;3;3;5;3;4;1;5;3;4;4;4;3;3;3;3;3;4;4;5;5;3;3;1;2;-3;4;-3;2;3;3;3;3;-3;-3;-3;1;3;1;2;-9;-1;-1;1;6;5;6;3;1;2317.3939209
1929;2026Q2;ES709A2;ES709;6;2;46;1;1;1;5;2;6;1;5;1;-1;-1;-1;-1;-1;-1;-1;-1;-1;1;2;6;3;3;5;4;4;3;3;1;4;4;4;4;4;2;4;2;2;2;2;2;4;4;4;2;2;3;3;3;3;3;3;3;3;3;3;3;3;3;3;3;3;3;3;3;3;3;3;3;3;3;2;1;1;-9;1;1;1;6;-7;-7;334.6080097
1930;2026Q2;ES709A2;ES709;6;2;41;1;1;1;5;1;6;1;5;6;-1;-1;-1;49;1;8;-1;-1;-1;3;4;5;6;3;5;2;3;2;1;6;3;2;4;4;3;4;5;4;4;2;4;2;5;5;2;2;4;2;2;2;2;2;5;5;5;5;5;1;3;3;3;3;4;3;3;3;3;3;3;2;3;3;3;1;1;4;1;6;5;6;3;-3;1161.9021955
1931;2026Q2;ES709A2;ES709;6;2;50;1;1;1;5;12;-1;-1;-1;6;-1;-1;-1;49;4;-1;-1;-1;-1;3;3;5;3;2;-1;3;3;3;3;6;4;4;4;4;4;3;3;4;5;4;5;2;5;5;3;2;2;3;2;3;4;5;5;5;5;5;2;2;3;3;3;3;3;4;3;3;3;3;3;3;3;3;2;1;3;4;1;1;1;6;2;1;2818.3210529
1932;2026Q2;ES709A2;ES709;1;1;80;1;1;1;1;12;-1;-1;-1;1;-1;1;6;-1;-1;-1;-1;-1;-1;1;1;1;2;4;5;3;2;1;1;6;3;4;3;4;4;3;4;4;4;3;2;3;2;3;3;3;2;4;4;4;4;4;2;3;4;3;3;4;-3;-3;-3;-3;-3;4;4;4;4;4;4;-3;-3;-3;3;-9;-1;-1;6;1;1;6;-3;-3;1380.2137513
1933;2026Q2;ES709A2;ES709;1;1;24;1;1;1;10;13;-1;-1;-1;6;-1;-1;-1;58;1;9;-1;-1;-1;3;3;2;7;5;6;5;5;1;2;6;1;2;1;4;2;5;5;2;5;1;4;1;4;4;2;1;1;1;2;4;4;2;5;4;5;4;2;2;5;4;4;1;3;1;1;1;2;-3;3;2;2;1;2;1;3;4;1;6;1;6;1;1;2483.2626047
1934;2026Q2;ES709A2;ES709;6;2;59;3;1;5;10;1;1;2;3;1;-1;-1;-1;-1;-1;-1;-1;-1;-1;2;2;4;6;5;3;4;4;2;-9;1;4;5;3;4;4;3;5;3;3;3;3;3;3;2;3;3;3;3;3;3;4;3;4;3;3;3;3;3;3;3;3;3;3;2;2;2;3;3;3;3;3;3;1;1;2;4;-9;6;5;6;-3;-7;244.64566193
1935;2026Q2;ES709A2;ES709;1;1;50;1;1;1;5;1;6;2;5;1;-1;-1;-1;-1;-1;-1;-1;-1;-1;2;2;4;2;2;5;-9;4;2;1;6;4;4;4;4;4;2;4;4;2;2;2;4;2;3;2;4;4;2;4;4;4;4;3;3;2;4;3;3;4;4;4;3;4;4;4;4;4;4;4;3;-3;3;2;1;3;3;1;1;5;6;-3;1;1072.8280625
1936;2026Q2;ES709A2;ES709;6;2;54;1;1;1;5;1;6;1;4;6;-1;-1;-1;80;5;-1;-1;-9;-1;2;2;6;4;4;-1;4;4;3;2;6;4;4;4;4;4;2;4;4;2;2;4;2;2;2;3;2;2;4;2;4;4;4;4;4;4;4;2;2;4;4;4;2;3;3;4;3;4;-3;3;2;4;3;2;2;-1;-1;6;6;1;6;-3;-3;818.37325345
1937;2026Q2;ES709A2;ES709;1;1;23;1;1;1;7;2;6;2;7;6;-1;-1;-1;49;1;8;-1;-1;-1;4;4;8;6;3;5;4;3;2;3;6;2;2;2;4;2;2;4;2;4;2;2;2;4;4;2;2;2;2;2;2;2;4;4;4;4;4;2;2;3;3;4;2;4;4;3;-3;3;3;4;3;3;3;2;1;1;3;6;6;1;6;1;-3;1247.5262501
1938;2026Q2;ES709A2;ES709;1;1;62;1;1;1;7;7;-1;-1;7;1;-1;-1;-1;-1;-1;-1;-1;-1;-1;3;3;2;6;4;4;4;3;1;1;6;2;3;2;2;4;-9;4;-9;-9;2;4;2;4;4;2;4;2;2;2;2;3;4;4;4;5;5;2;2;-3;-3;-3;3;3;3;1;-3;-3;-3;-3;-3;-3;-3;3;1;5;-9;1;6;1;6;1;-7;1718.7698792
1939;2026Q2;ES709A2;ES709;1;1;33;1;1;1;3;10;-1;-1;-1;6;-1;-1;-1;48;1;5;-1;-1;-1;4;4;5;3;1;5;3;3;2;3;6;3;3;2;3;1;4;5;4;5;1;4;2;4;4;2;1;2;2;3;3;2;2;5;5;5;5;2;1;-3;-3;3;4;4;3;2;4;-3;-3;-3;-3;-3;-3;2;2;-1;-1;6;6;1;6;2;1;395.0809237
1940;2026Q2;ES709A2;ES709;6;2;45;1;1;1;7;2;1;2;4;1;-1;-1;-1;-1;-1;-1;-1;-1;-1;1;2;6;3;3;3;3;4;3;2;6;4;4;2;4;2;4;2;2;2;2;4;2;2;5;4;4;4;4;4;4;4;4;4;4;2;4;2;2;3;3;4;3;3;3;5;3;3;3;3;3;3;3;2;3;-1;-1;1;1;5;6;1;3;409.18662672
1941;2026Q2;ES709A2;ES709;1;1;49;1;1;1;8;10;-1;-1;-1;1;-1;1;6;-1;-1;-1;-1;-1;-1;1;1;1;3;5;5;5;5;2;1;6;4;3;4;4;4;4;5;3;4;2;4;3;2;4;4;4;3;3;3;4;5;5;5;4;4;4;2;2;4;-3;-3;3;-3;-3;-3;-3;-3;-3;-3;1;3;2;2;1;4;-9;-9;6;1;6;-7;1;176.96022493
1942;2026Q2;ES709A2;ES709;1;1;27;2;1;4;9;2;6;2;9;-9;-1;-1;-1;-1;-1;-1;-1;-1;-1;4;4;2;7;5;-1;5;5;4;3;6;5;3;4;4;4;5;4;3;3;3;4;2;4;3;3;4;3;4;3;4;4;3;4;4;4;4;5;4;5;3;5;4;4;4;4;5;4;5;4;4;3;5;1;1;2;4;6;6;3;6;-3;3;1247.5262501
1943;2026Q2;ES709A2;ES709;1;1;60;2;1;5;5;11;-1;-1;-1;1;-1;-1;-1;-1;-1;-1;-1;-1;-1;1;1;1;3;5;-1;5;5;3;2;6;4;2;3;4;2;2;5;2;4;2;5;1;3;2;4;4;2;4;2;4;4;4;5;5;4;4;3;2;-3;-3;4;1;-3;-3;-3;-3;-3;2;2;-7;-7;-7;3;1;4;4;1;6;5;6;2;1;174.56240118
1944;2026Q2;ES709A2;ES709;6;2;61;3;1;5;5;14;-1;-1;-1;6;-1;-1;-1;69;5;-1;-1;2;8;3;3;8;5;4;5;4;4;4;2;6;4;2;2;4;4;4;4;4;4;2;2;2;2;2;2;2;2;2;2;2;2;2;4;4;4;4;2;2;3;3;3;1;1;1;1;1;2;1;1;1;2;2;2;1;1;3;1;6;5;6;4;1;1600.9126011
1945;2026Q2;ES709A2;ES709;1;1;32;1;1;1;5;1;6;2;9;1;-1;-1;-1;-1;-1;-1;-1;-1;-1;3;3;2;6;4;6;5;5;3;1;6;5;4;3;4;4;3;5;5;5;3;5;2;4;4;3;3;4;3;2;5;4;4;5;5;4;5;3;3;4;3;4;4;5;3;3;4;4;4;4;5;4;3;2;1;2;4;1;6;1;6;3;2;765.11348675
1946;2026Q2;ES709A2;ES709;6;2;32;1;1;1;5;2;6;2;5;6;-1;-1;-1;47;1;5;-1;-1;-1;2;2;6;5;5;4;5;4;3;4;1;4;4;4;4;4;4;4;4;4;4;4;4;2;4;4;2;4;4;4;4;4;4;4;4;2;4;4;4;5;3;3;3;4;2;2;2;4;4;4;1;3;3;2;1;3;4;6;6;5;6;2;1;677.71059984
1947;2026Q2;ES709A2;ES709;6;2;30;1;1;1;3;7;-1;-1;9;1;-1;-1;-1;-1;-1;-1;-1;-1;-1;3;3;8;4;3;6;2;2;2;3;1;2;3;2;5;5;2;3;2;3;3;4;4;3;3;3;4;4;1;3;3;2;3;3;2;2;3;1;4;1;2;3;3;1;-3;2;2;4;4;4;2;4;3;1;1;3;1;1;6;1;6;1;-3;1016.5658998
1948;2026Q2;ES709A2;ES709;6;2;37;1;1;1;9;2;6;2;2;6;-1;-1;-1;35;2;7;-1;-1;-1;2;3;2;4;3;4;5;5;5;2;1;2;4;4;4;3;3;5;3;2;3;5;3;4;3;3;1;3;2;2;4;4;4;4;3;3;4;1;1;4;4;3;1;3;5;4;4;4;4;4;4;3;3;1;1;4;3;6;6;5;6;3;1;633.42210408
1949;2026Q2;ES707A0;ES707;1;1;40;1;1;1;8;2;6;1;4;6;-1;-1;-1;72;5;-1;-1;1;9;2;2;6;5;5;6;4;4;3;4;1;4;4;4;3;4;4;4;4;3;4;4;3;2;4;3;4;2;2;4;2;3;2;4;3;4;4;-9;2;3;4;4;3;4;4;3;2;4;2;2;3;2;2;2;3;-1;-1;6;6;5;1;3;2;185.36995419
1950;2026Q2;ES707A0;ES707;1;1;30;1;1;1;9;1;6;2;8;1;-1;-1;-1;-1;-1;-1;-1;-1;-1;2;2;6;4;4;-1;4;3;3;2;6;3;4;3;3;3;4;5;3;3;3;5;3;2;4;3;2;2;3;3;3;4;4;3;3;3;4;2;2;4;4;3;2;4;2;4;4;4;3;3;2;3;3;2;2;-1;-1;1;6;1;6;4;1;754.56803425
1951;2026Q2;ES707A0;ES707;6;2;64;1;1;1;5;2;6;2;9;1;-1;-1;-1;-1;-1;-1;-1;-1;-1;1;1;1;3;5;6;3;3;3;2;6;3;4;4;4;4;3;4;4;4;3;4;2;2;4;2;4;2;4;2;2;2;4;4;4;3;3;3;2;2;2;2;2;3;3;3;3;3;-3;-3;1;-3;2;1;3;-1;-1;6;-9;5;6;4;3;306.46600022
1952;2026Q2;ES707A0;ES707;1;1;52;1;1;5;7;10;-1;-1;-1;1;-1;1;9;-1;-1;-1;-1;-1;-1;1;1;1;1;2;6;3;3;3;1;6;2;2;2;4;2;3;4;2;4;2;2;2;2;4;3;4;4;2;4;2;4;4;4;2;2;4;4;4;3;3;4;3;3;3;3;3;3;3;3;3;3;3;3;2;-1;-1;6;6;5;6;2;-3;201.97642555
1953;2026Q2;ES707A0;ES707;6;2;72;1;1;1;4;12;-1;-1;-1;1;-1;1;5;-1;-1;-1;-1;-1;-1;2;2;4;4;4;5;4;2;1;1;6;2;2;2;4;4;2;4;4;4;4;4;2;4;2;4;4;2;4;4;4;4;4;4;2;2;2;4;4;4;4;4;4;4;4;4;4;4;3;3;4;4;4;3;3;-1;-1;6;6;5;6;4;-3;1395.4647516
1954;2026Q2;ES707A0;ES707;1;1;42;1;1;1;5;7;-1;-1;7;1;-1;-1;-1;-1;-1;-1;-1;-1;-1;1;1;1;4;6;4;4;4;4;4;1;2;3;2;4;4;4;4;4;4;4;4;3;2;2;4;4;4;4;4;4;4;4;4;2;3;3;4;4;-3;3;3;4;4;3;3;3;3;-3;-3;-3;-3;-3;2;2;-1;-1;6;6;1;1;-7;-3;92.684977095
1955;2026Q2;ES707A0;ES707;1;1;42;3;3;5;4;2;6;2;9;6;-1;-1;-1;58;1;1;-1;-1;-1;3;3;7;7;6;-1;4;3;3;4;1;5;5;3;4;4;4;5;4;4;2;4;4;3;4;4;4;4;4;4;4;4;4;4;3;4;4;3;3;4;4;4;4;4;4;4;-3;4;-3;-3;-3;-3;-3;2;1;1;3;6;6;4;1;-3;-3;2540.9823673
1956;2026Q2;ES707A0;ES707;1;1;62;1;1;1;4;11;-1;-1;-1;6;-1;-1;-1;80;9;-1;6;-1;-1;2;2;6;3;3;-1;5;5;3;1;6;4;4;4;4;4;2;4;4;2;4;3;3;4;2;4;4;4;3;4;3;4;2;4;3;3;2;4;4;-3;-3;-3;4;4;2;-7;-3;-3;-3;3;-3;-3;-3;2;1;1;-9;1;1;1;6;5;1;721.32132653
1957;2026Q2;ES703A0;ES703;6;2;39;3;3;3;10;1;6;1;5;1;-1;-1;-1;-1;-1;-1;-1;-1;-1;2;4;2;3;2;5;5;5;5;4;1;4;4;4;4;4;4;4;4;3;4;4;3;2;2;4;4;4;4;4;4;4;4;4;2;2;2;4;4;4;4;4;4;4;4;4;4;4;4;4;2;2;4;2;3;-1;-1;6;6;3;6;4;1;152.54628676
1958;2026Q2;ES703A0;ES703;1;1;33;2;1;4;10;1;6;2;3;1;-1;-1;-1;-1;-1;-1;-1;-1;-1;1;1;1;5;6;2;4;4;4;3;6;2;2;2;2;2;4;4;4;4;2;2;2;2;4;2;2;3;4;3;4;4;2;4;4;4;4;2;2;3;4;4;4;4;4;4;4;4;3;3;2;2;2;2;3;-1;-1;6;6;4;6;5;1;85.119193763
1959;2026Q2;ES703A0;ES703;1;1;59;3;1;4;7;2;6;2;9;1;-1;-1;-1;-1;-1;-1;-1;-1;-1;2;2;8;3;3;6;5;5;5;2;6;4;4;2;2;4;5;4;4;4;2;2;2;2;2;4;4;4;4;4;2;4;4;2;2;2;2;2;4;4;2;2;4;-3;4;4;-3;-3;-3;-3;2;2;-3;2;-9;-1;-1;6;6;4;6;2;1;56.357278374
1960;2026Q2;ES703A0;ES703;6;2;36;3;3;5;3;1;1;1;5;-9;-1;-1;-1;-1;-1;-1;-1;-1;-1;4;4;8;-9;-9;-1;5;5;5;5;1;5;5;4;5;5;5;5;5;5;5;5;5;2;2;5;5;5;5;5;5;5;5;2;2;2;2;2;5;2;2;-3;4;2;2;4;-3;2;-3;-3;5;-3;-3;3;2;-1;-1;6;6;5;6;4;-3;305.09257353
1961;2026Q2;ES703A0;ES703;6;2;47;1;1;1;7;1;1;1;5;1;-1;-1;-1;-1;-1;-1;-1;-1;-1;1;3;6;3;2;4;3;5;5;1;6;3;5;2;4;4;4;-9;5;5;2;2;2;5;2;4;2;2;2;4;4;4;4;2;2;2;2;2;2;3;3;3;3;4;1;4;4;3;-3;-3;-3;4;4;2;3;-1;-1;6;6;1;6;4;2;32.77010261
1962;2026Q2;ES703A0;ES703;1;1;60;1;1;1;5;1;6;2;7;1;-1;-1;-1;-1;-1;-1;-1;-1;-1;2;2;4;5;5;5;4;3;3;1;6;3;4;4;4;4;3;4;4;2;3;4;2;2;2;4;4;4;4;4;4;4;4;2;2;4;2;4;4;3;3;3;4;4;4;4;-3;4;3;3;2;4;3;2;3;-1;-1;6;6;5;6;4;-3;56.357278374
1963;2026Q2;ES703A0;ES703;1;1;25;3;2;5;8;1;6;2;3;1;-1;-1;-1;-1;-1;-1;-1;-1;-1;1;1;1;4;6;3;4;4;4;2;6;2;2;2;4;4;4;4;2;4;2;4;2;2;4;2;2;2;2;4;4;2;4;4;4;4;4;2;2;5;5;5;5;5;5;5;3;3;3;3;3;3;3;2;3;-1;-1;1;6;3;6;-3;1;159.15451965
1964;2026Q2;ES703A0;ES703;6;2;26;1;1;1;8;13;-1;-1;-1;6;-1;-1;-1;50;1;5;-1;-1;-1;3;4;2;4;2;3;3;3;3;3;6;4;2;2;2;2;2;2;2;2;1;5;2;5;5;1;1;1;1;1;1;4;4;5;5;5;5;1;1;3;3;3;3;3;3;-3;2;2;3;2;3;3;3;1;1;2;3;1;6;1;6;5;1;231.41456767
1965;2026Q2;ES703A0;ES703;6;2;29;1;1;1;10;1;1;1;3;6;-1;-1;-1;29;2;1;-1;-1;-1;2;2;4;6;5;1;4;4;5;5;1;4;5;2;4;4;4;5;4;4;4;4;4;4;4;4;4;4;3;4;3;4;4;4;4;4;4;3;4;2;3;3;4;3;2;3;2;2;3;3;2;2;2;1;1;3;4;1;6;1;1;5;1;84.475683232
1966;2026Q2;ES703A0;ES703;6;2;74;2;1;5;5;15;-1;-1;-1;6;-1;-1;-1;68;5;-1;-1;1;9;2;2;4;4;4;6;3;2;1;1;6;3;3;2;3;2;4;2;3;2;2;2;1;4;2;2;3;2;2;2;2;4;4;3;4;2;4;2;2;3;4;4;4;4;4;4;-3;4;4;-3;-3;-3;3;1;1;4;4;6;6;5;6;4;2;166.1959199
1967;2026Q2;ES703A0;ES703;6;2;53;3;1;5;6;1;6;2;5;-9;-1;-1;-1;-1;-1;-1;-1;-1;-1;3;3;8;-9;-9;-1;5;4;3;1;6;4;5;-9;4;4;4;4;2;2;4;4;4;3;2;4;4;4;4;4;4;4;4;4;3;2;3;4;3;4;4;4;4;4;4;4;-3;3;2;2;2;2;2;2;1;3;-9;6;6;5;6;4;1;98.310307831
1968;2026Q2;ES703A0;ES703;6;2;80;1;1;1;3;18;-1;-1;-1;1;6;-1;-1;-1;-1;-1;-1;-1;-1;2;2;8;4;4;-1;4;3;3;1;6;4;4;4;4;4;3;3;3;3;3;3;3;3;3;3;3;3;3;3;3;3;3;3;3;3;3;3;3;-3;-3;-3;-3;-3;-3;-3;-3;-3;-3;-3;-3;-3;-3;3;-9;-1;-1;6;6;1;6;-3;-3;166.1959199
1969;2026Q2;ES703A0;ES703;1;1;62;1;1;1;5;10;-1;-1;-1;1;-1;1;9;-1;-1;-1;-1;-1;-1;2;2;4;5;5;6;3;2;3;3;6;3;4;3;3;4;4;4;3;4;3;4;3;3;4;3;4;4;4;4;3;4;4;4;4;4;3;3;4;3;3;3;3;2;3;4;3;3;3;3;3;3;3;2;1;4;1;6;6;1;6;4;-3;110.97649579
1970;2026Q2;ES706A0;ES706;1;1;61;1;1;1;7;7;-1;-1;7;1;-1;-1;-1;-1;-1;-1;-1;-1;-1;3;3;6;3;2;4;5;4;5;4;6;5;4;4;4;4;4;4;4;4;4;4;4;4;2;4;4;4;4;4;4;4;4;3;2;4;4;4;4;3;1;3;3;2;2;4;2;2;-3;4;4;3;4;3;3;-1;-1;6;6;1;6;4;2;125.8166937
1971;2026Q2;ES706A0;ES706;6;2;80;1;1;1;3;12;-1;-1;-1;1;-1;-9;-1;-1;-1;-1;-1;-1;-1;1;1;1;3;5;-1;5;4;4;1;6;4;4;4;4;4;3;2;4;2;4;4;4;2;2;4;4;4;4;4;4;4;4;2;2;2;2;4;4;4;4;4;4;-3;3;3;3;3;-3;-3;3;4;4;2;3;-1;-1;6;6;1;6;5;-3;131.54905058
1972;2026Q2;ES706A0;ES706;1;1;52;1;1;1;10;1;6;1;7;1;-1;-1;-1;-1;-1;-1;-1;-1;-1;3;4;3;7;4;4;5;5;5;4;1;4;2;5;4;4;4;4;4;2;4;4;4;2;2;4;4;3;3;2;4;4;4;2;4;4;4;1;2;4;3;4;3;3;3;3;4;4;4;4;3;4;3;2;3;-1;-1;1;6;1;6;3;1;135.55829859
1973;2026Q2;ES706A0;ES706;1;1;49;1;1;1;9;7;-1;-1;2;1;-1;-1;-1;-1;-1;-1;-1;-1;-1;2;4;2;6;3;2;5;5;5;5;1;1;5;4;5;5;4;5;3;5;4;4;2;4;4;3;4;4;4;4;3;3;4;4;4;4;4;2;3;3;2;2;4;4;3;3;3;3;4;3;1;2;2;2;2;-1;-1;-9;6;5;1;5;1;90.372199058
1974;2026Q2;ES706A0;ES706;6;2;66;3;2;4;5;12;-1;-1;-1;1;-1;2;-9;-1;-1;-1;-1;-1;-1;1;1;1;6;6;-1;3;4;4;4;1;5;3;4;4;4;4;4;4;4;4;3;4;4;4;4;4;4;4;4;4;4;4;4;3;4;3;3;3;3;4;3;4;4;4;4;4;4;4;4;4;4;4;1;3;-1;-1;6;6;3;1;4;3;248.04100566
1975;2026Q2;ES706A0;ES706;1;1;41;1;1;1;4;1;6;1;7;1;-1;-1;-1;-1;-1;-1;-1;-1;-1;1;1;1;3;5;5;3;3;3;1;6;4;4;2;4;4;4;4;4;4;4;4;2;4;4;2;4;4;2;4;2;2;2;4;4;4;4;2;2;4;4;3;4;4;4;3;3;3;3;3;3;3;3;1;1;1;4;1;1;1;6;4;-3;44.798082395
1976;2026Q2;ES706A0;ES706;1;1;56;2;1;3;3;11;-1;-1;-1;1;-1;-1;-1;-1;-1;-1;-1;-1;-1;1;1;1;2;4;-1;3;3;2;2;6;4;4;3;2;4;2;3;4;4;2;4;2;3;4;2;3;4;2;2;4;3;3;3;4;2;4;3;2;-3;-3;3;3;3;3;4;4;3;3;3;2;3;3;2;-9;-1;-1;1;6;3;6;3;2;92.870167537
1977;2026Q2;ES706A0;ES706;1;1;60;1;1;1;5;1;6;2;7;1;-1;-1;-1;-1;-1;-1;-1;-1;-1;4;4;2;6;3;4;5;5;5;1;6;4;4;3;4;3;4;4;4;4;2;4;2;3;2;2;3;2;1;4;2;2;1;4;4;4;4;3;3;4;3;3;3;3;3;2;2;3;3;3;-3;-3;3;1;1;3;3;1;1;1;6;4;-3;167.7555916
1978;2026Q2;ES706A0;ES706;1;1;46;3;2;5;10;7;-1;-1;5;1;-1;-1;-1;-1;-1;-1;-1;-1;-1;1;1;1;3;5;3;5;5;5;5;1;5;4;4;4;4;2;5;3;5;4;4;4;3;3;4;4;4;5;4;5;5;5;4;3;5;5;1;4;4;4;4;4;4;4;4;4;4;4;4;4;4;4;1;1;3;1;1;1;5;6;4;-3;164.0397565
1979;2026Q2;ES706A0;ES706;6;2;50;3;2;5;10;6;-1;-1;1;1;-1;-1;-1;-1;-1;-1;-1;-1;-1;1;2;6;6;5;1;4;4;4;5;1;5;5;4;4;4;4;5;4;4;4;4;4;4;4;2;4;3;3;4;4;4;5;4;4;4;4;2;2;4;4;2;2;2;4;4;2;2;2;2;2;2;4;1;3;-1;-1;1;6;5;1;5;1;174.80938049
1980;2026Q2;ES706A0;ES706;1;1;65;1;1;1;5;7;-1;-1;5;1;-1;-1;-1;-1;-1;-1;-1;-1;-1;3;3;2;5;3;3;5;5;5;5;1;5;5;5;5;5;1;1;5;1;5;1;5;1;1;5;5;5;5;5;5;5;5;1;1;1;1;5;5;1;1;1;1;1;1;1;1;1;5;5;1;1;1;3;3;-1;-1;6;6;1;6;5;-3;478.74635912
1981;2026Q2;ES706A0;ES706;6;2;56;3;2;5;9;10;-1;-1;-1;1;-1;1;5;-1;-1;-1;-1;-1;-1;2;2;4;2;2;5;4;4;4;4;1;2;3;3;4;2;5;5;1;5;4;4;2;3;3;1;4;1;1;3;3;2;3;3;5;5;5;2;1;-7;-7;-7;2;-7;2;-7;2;-7;-7;-7;-7;-7;-7;1;1;1;-9;1;-9;5;-9;5;-3;492.80406789
1982;2026Q2;ES706A0;ES706;6;2;47;3;1;3;5;1;6;2;9;1;-1;-1;-1;-1;-1;-1;-1;-1;-1;3;4;8;3;2;6;4;4;5;-9;1;5;5;4;5;4;4;5;4;5;4;4;-9;2;3;-9;4;4;4;-9;-9;4;4;2;1;-9;3;-9;4;4;5;4;4;4;5;5;4;4;4;4;-7;-7;-7;3;2;-1;-1;6;6;3;6;-7;-7;174.95227622
1983;2026Q2;ES706A0;ES706;1;1;42;1;3;5;3;1;6;2;9;1;-1;-1;-1;-1;-1;-1;-1;-1;-1;4;4;3;4;2;6;5;5;5;4;1;5;4;4;4;3;3;5;4;5;4;4;3;3;4;3;4;3;3;4;3;3;4;4;5;4;5;3;3;3;3;2;3;3;4;3;3;3;3;3;1;3;3;1;1;4;1;1;6;5;6;4;1;654.60695747
1984;2026Q2;ES706A0;ES706;1;1;38;1;1;1;7;1;6;2;7;1;-1;-1;-1;-1;-1;-1;-1;-1;-1;1;2;8;3;3;4;5;5;5;5;1;5;5;5;5;3;3;3;4;3;5;3;3;3;2;3;3;5;3;3;5;5;5;3;3;2;2;5;3;3;4;5;3;4;4;2;3;2;4;4;1;2;1;1;2;-1;-1;6;6;5;6;5;1;44.798082395
1985;2026Q2;ES706A0;ES706;6;2;77;1;1;1;4;16;-1;-1;-1;1;1;1;9;-1;-1;-1;-1;-1;-1;1;1;1;2;4;6;5;4;4;1;6;4;4;4;4;4;3;5;4;3;4;3;4;4;4;4;4;4;3;4;4;4;5;4;3;4;4;4;4;4;4;4;4;4;4;4;-3;4;-3;-3;-3;4;4;2;2;-1;-1;1;6;1;6;3;-3;131.54905058
1986;2026Q2;ES706A0;ES706;1;1;59;1;1;5;3;2;1;1;7;1;-1;-1;-1;-1;-1;-1;-1;-1;-1;1;1;1;3;5;5;5;5;5;4;6;2;4;-9;4;4;4;4;4;4;4;4;4;4;2;3;4;4;2;4;4;4;4;4;4;4;4;3;4;2;2;2;2;2;2;2;2;2;2;2;2;2;2;2;2;-1;-1;6;6;5;6;4;1;41.938897899
1987;2026Q2;ES706A0;ES706;6;2;69;3;2;5;3;16;-1;-1;-1;1;1;-9;-1;-1;-1;-1;-1;-1;-1;1;1;1;2;4;-1;4;4;5;-9;6;2;2;-9;2;1;5;5;-9;5;1;4;4;2;4;2;2;-9;1;-9;-9;-9;4;4;5;4;5;3;2;-3;-3;-3;2;-3;-3;4;-3;-3;-3;-3;1;2;2;2;-9;-1;-1;-9;-9;5;6;4;1;248.04100566
1988;2026Q2;ES706A0;ES706;6;2;75;1;1;1;5;14;-1;-1;-1;1;1;1;1;-1;-1;-1;-1;-1;-1;2;2;4;4;4;1;2;-9;-9;-9;6;3;4;3;2;2;4;4;-9;2;4;2;2;4;4;2;2;2;2;2;2;4;4;4;3;4;4;2;2;-3;3;3;3;-7;-7;3;-3;-3;-3;-3;-3;-3;2;3;1;3;-9;6;6;1;6;3;2;263.09810116
1989;2026Q2;ES706A0;ES706;6;2;44;3;1;5;9;1;6;1;9;6;-1;-1;-1;54;1;7;-1;-1;-1;2;3;2;4;3;5;5;5;5;4;1;4;4;4;4;4;2;4;4;4;4;2;4;2;2;4;4;4;4;2;2;4;4;4;2;4;2;2;2;4;3;4;4;2;3;3;3;3;3;3;3;3;3;3;3;-1;-1;6;6;5;6;-3;-3;98.206133358
1990;2026Q2;ES706A0;ES706;6;2;76;1;1;1;3;12;-1;-1;-1;1;-1;2;1;-1;-1;-1;-1;-1;-1;2;2;8;4;4;-1;5;5;5;5;1;5;5;4;4;4;4;2;4;2;4;2;4;2;2;4;4;4;4;4;4;3;4;2;2;2;2;2;4;3;3;3;3;3;3;3;3;3;3;3;3;3;3;3;3;-1;-1;1;1;5;6;5;1;263.09810116
1991;2026Q2;ES706A0;ES706;1;1;63;1;1;1;10;2;1;2;2;1;-1;-1;-1;-1;-1;-1;-1;-1;-1;2;3;2;7;6;-1;5;5;4;2;6;4;3;3;3;2;3;4;2;3;2;4;2;3;3;3;3;2;2;3;2;2;2;4;3;3;4;2;4;3;3;2;3;2;3;2;3;2;3;3;3;3;2;1;2;-1;-1;-9;6;5;6;4;1;83.877795798
1992;2026Q2;ES706A0;ES706;1;1;35;1;1;1;5;1;1;1;3;1;-1;-1;-1;-1;-1;-1;-1;-1;-1;2;4;6;5;3;4;5;5;5;1;1;4;4;2;4;4;4;5;4;4;4;4;4;2;4;4;4;2;4;4;4;4;4;4;4;4;5;4;4;3;1;2;4;4;4;3;3;2;1;1;1;2;1;1;1;4;1;1;1;1;6;-7;-7;89.596164789
1993;2026Q2;ES706A0;ES706;1;1;62;1;1;1;5;10;-1;-1;-1;1;-1;1;9;-1;-1;-1;-1;-1;-1;1;1;1;1;2;6;3;3;3;1;6;4;4;-9;4;4;-9;-9;4;-9;4;-9;-9;-9;3;-9;-9;-9;4;4;-9;4;4;3;-9;2;2;4;4;-3;-3;-3;4;4;4;3;-3;-3;-3;-3;-3;-3;-3;3;-9;-1;-1;-9;-9;1;6;1;-3;92.870167537
1994;2026Q2;ES706A0;ES706;6;2;41;2;1;5;10;5;-1;-1;5;1;-1;-1;-1;-1;-1;-1;-1;-1;-1;2;4;2;6;3;3;5;5;5;5;1;4;4;3;4;4;5;5;2;5;2;4;3;3;3;2;3;3;2;3;4;4;4;4;4;4;4;2;3;3;-3;-3;2;-3;-3;3;-3;3;1;1;1;1;1;1;1;1;-9;1;1;5;6;5;1;98.206133358
1995;2026Q2;ES706A0;ES706;1;1;56;1;1;1;5;15;-1;-1;-1;1;1;1;7;-1;-1;-1;-1;-1;-1;1;1;1;2;4;4;4;3;2;2;6;4;4;4;4;4;4;4;3;4;4;4;4;2;3;4;4;4;2;2;2;4;4;2;2;2;4;4;4;4;3;3;3;4;4;3;-3;2;-3;4;-3;4;-3;2;3;-1;-1;6;6;1;6;3;-3;120.04561998
1996;2026Q2;ES706A0;ES706;6;2;54;1;1;1;5;15;-1;-1;-1;1;1;1;9;-1;-1;-1;-1;-1;-1;2;2;6;3;3;6;5;4;3;1;6;2;4;1;2;5;1;4;4;5;2;5;2;2;4;5;5;2;5;5;5;5;5;2;2;2;2;5;2;3;3;4;4;1;2;3;3;5;3;3;2;2;3;3;2;-1;-1;6;6;1;6;2;-3;99.390358595
1997;2026Q2;ES706A0;ES706;1;1;56;1;1;1;4;10;-1;-1;-1;6;-1;-1;-1;52;1;5;-1;-1;-1;3;3;2;3;2;5;4;3;1;1;6;4;4;4;4;4;4;4;4;2;4;4;2;4;1;2;4;4;2;4;4;2;3;2;2;2;-9;4;4;4;4;4;4;4;4;4;4;4;4;4;4;4;4;3;1;3;2;1;6;1;6;1;3;278.61050261
1998;2026Q2;ES709A2;ES709;1;1;24;1;1;1;10;1;6;2;2;6;-1;-1;-1;49;1;6;-1;-1;-1;3;3;2;6;5;5;3;3;1;1;6;1;1;1;2;2;5;5;4;5;1;5;1;3;4;1;4;1;1;3;4;3;4;5;5;5;5;1;1;3;4;3;2;1;5;3;3;2;1;1;1;4;1;1;1;4;2;1;6;5;6;3;1;765.11348675
1999;2026Q2;ES709A2;ES709;6;2;51;3;1;5;9;1;6;1;9;6;-1;-1;-1;80;5;-1;-1;2;7;3;3;7;6;4;4;5;5;3;-9;1;4;2;2;4;4;4;4;3;4;-9;4;-9;5;4;-9;2;4;2;2;4;4;4;5;5;4;4;-9;2;4;3;2;3;4;2;4;2;2;3;3;2;2;3;3;2;-1;-1;6;6;5;6;3;1;1003.8240291
2000;2026Q2;ES709A2;ES709;1;1;28;3;1;4;5;1;6;2;-9;1;-1;-1;-1;-1;-1;-1;-1;-1;-1;2;2;4;6;5;-1;4;4;2;2;6;4;2;4;2;4;4;5;1;4;2;4;2;2;4;4;4;2;2;2;2;4;4;4;2;4;4;1;2;2;4;3;4;4;4;3;3;2;3;3;1;3;3;1;3;-1;-1;1;6;3;6;2;1;510.07565783
2001;2026Q2;ES709A2;ES709;6;2;74;2;1;5;2;12;-1;-1;-1;6;-1;-1;-1;47;1;5;-1;-1;-1;4;4;3;6;3;5;5;5;2;2;6;3;1;2;3;2;4;4;2;4;2;4;2;3;3;3;2;2;2;2;2;2;3;3;4;4;4;2;2;3;3;3;3;-7;-7;3;3;3;3;3;2;3;3;3;-9;-1;-1;6;6;5;6;2;1;4626.3606312
2002;2026Q2;ES709A2;ES709;6;2;58;1;1;1;10;1;6;2;-9;1;-1;-1;-1;-1;-1;-1;-1;-1;-1;3;3;6;5;4;-1;4;4;1;1;6;4;4;4;4;4;4;4;4;2;2;4;2;4;4;2;4;2;4;4;4;4;4;4;4;4;4;2;2;4;4;4;2;4;2;2;1;1;1;4;1;-3;1;2;3;-1;-1;6;6;5;6;3;1;300.08458001
2003;2026Q2;ES709A2;ES709;1;1;67;2;1;4;5;12;-1;-1;-1;1;-1;1;3;-1;-1;-1;-1;-1;-1;2;2;4;6;5;2;4;4;3;2;6;4;4;3;4;4;3;5;4;5;4;4;4;4;3;4;4;4;4;4;4;4;4;4;3;3;3;3;4;4;4;4;4;4;4;4;-3;-3;-3;-3;-3;4;4;1;3;-1;-1;1;6;3;6;-3;-3;2257.3102154
2004;2026Q2;ES709A2;ES709;1;1;35;1;1;1;5;1;6;1;5;1;-1;-1;-1;-1;-1;-1;-1;-1;-1;2;3;2;3;2;5;4;5;3;4;1;1;4;4;1;4;4;5;5;5;4;4;2;4;4;4;3;3;3;4;4;4;4;4;4;4;4;2;2;3;3;3;3;3;3;2;2;3;3;3;2;3;3;1;1;3;4;1;1;5;6;-3;-3;646.07887824
2005;2026Q2;ES709A2;ES709;1;1;63;3;1;5;10;10;-1;-1;-1;1;-1;1;1;-1;-1;-1;-1;-1;-1;1;1;1;1;2;1;5;4;2;1;6;4;1;2;4;2;4;5;2;5;2;5;1;4;4;2;2;2;1;2;4;4;4;5;4;5;5;2;2;4;4;4;1;4;3;2;4;2;-3;-3;1;2;1;3;1;1;2;1;6;5;6;3;1;174.56240118
2006;2026Q2;ES709A2;ES709;6;2;25;1;1;1;8;10;-1;-1;-1;1;-1;1;5;-1;-1;-1;-1;-1;-1;2;2;8;2;2;5;3;4;1;1;6;4;3;1;3;1;5;5;3;4;1;5;1;3;5;2;1;1;1;1;2;4;5;4;5;4;5;2;3;1;1;1;1;3;1;3;1;4;1;3;1;1;3;2;2;-1;-1;6;6;1;6;2;1;161.53661058
2007;2026Q2;ES709A2;ES709;1;1;21;1;1;1;5;10;-1;-1;-1;6;-1;-1;-1;68;5;-1;-1;1;-9;3;3;8;4;3;-1;4;4;2;2;6;4;4;3;4;4;4;2;4;2;3;2;3;2;3;3;4;4;4;4;4;3;4;2;3;4;4;3;3;4;3;4;3;4;3;3;4;4;4;3;4;4;4;2;3;-1;-1;6;6;1;6;3;1;242.30491586
2008;2026Q2;ES709A2;ES709;6;2;62;1;1;1;5;1;6;1;9;1;-1;-1;-1;-1;-1;-1;-1;-1;-1;2;2;4;2;2;6;3;3;2;2;6;2;4;4;4;4;4;4;4;2;4;4;2;4;4;4;4;4;2;4;4;4;4;2;2;2;2;4;2;4;3;4;3;4;3;4;4;4;4;3;3;4;3;2;3;-1;-1;6;6;5;6;2;2;200.05638668
2009;2026Q2;ES707A0;ES707;1;1;49;3;1;5;8;1;6;1;4;1;-1;-1;-1;-1;-1;-1;-1;-1;-1;2;2;8;4;4;3;5;4;3;3;6;3;3;3;3;3;4;4;2;4;3;4;3;3;3;4;3;4;3;3;4;4;4;3;3;4;3;2;2;3;3;3;2;3;3;3;4;3;2;2;1;3;2;3;1;3;4;1;6;5;6;3;3;307.27095864
2010;2026Q2;ES707A0;ES707;6;2;64;1;1;1;3;14;-1;-1;-1;6;-1;-1;-1;66;5;-1;-1;1;7;2;2;4;3;3;5;3;2;2;2;6;4;3;4;4;4;4;4;2;2;3;4;2;4;3;4;4;3;2;4;4;4;4;4;4;4;3;2;2;3;4;4;3;4;3;3;3;3;3;4;3;3;3;3;2;-1;-1;6;6;5;6;3;-3;367.42579224
2011;2026Q2;ES707A0;ES707;1;1;49;3;1;5;5;10;-1;-1;-1;1;-1;1;0;-1;-1;-1;-1;-1;-1;4;4;2;4;2;-1;5;5;3;1;6;5;5;5;5;4;5;5;3;5;3;4;3;3;4;2;3;3;3;4;4;3;2;4;3;5;5;2;3;3;3;4;4;4;4;3;1;1;1;1;3;3;2;3;3;-1;-1;6;6;5;6;-3;2;341.57851046
2012;2026Q2;ES707A0;ES707;1;1;25;1;1;1;10;13;-1;-1;-1;6;-1;-1;-1;57;1;5;-1;-1;-1;3;3;2;-9;-9;5;5;5;5;3;6;-9;-9;-9;-9;-9;-9;-9;-9;-9;-9;-9;-9;-9;-9;-9;-9;-9;-9;-9;-9;-9;-9;-9;-9;-9;-9;-9;-9;3;2;2;2;2;2;3;2;1;2;2;2;2;2;1;-9;-1;-1;-9;-9;1;6;5;-7;594.22440801
2013;2026Q2;ES707A0;ES707;6;2;29;1;1;5;5;11;-1;-1;-1;6;-1;-1;-1;58;1;9;-1;-1;-1;2;2;8;2;2;6;4;3;3;1;6;5;5;5;4;4;4;4;4;4;2;2;2;3;4;4;4;2;4;4;2;4;4;4;4;4;4;2;3;4;4;4;4;5;4;4;4;4;4;4;4;4;4;2;1;1;-9;1;1;5;6;2;3;238.15782507
2014;2026Q2;ES707A0;ES707;1;1;33;1;1;1;5;1;6;1;8;1;-1;-1;-1;-1;-1;-1;-1;-1;-1;3;3;6;5;3;5;4;3;2;1;6;4;2;-9;4;4;4;4;4;4;2;4;2;4;4;2;2;-9;4;2;4;4;4;4;2;4;4;2;4;4;4;4;2;4;4;2;-3;-3;-3;4;-3;-3;-3;1;2;-1;-1;6;6;1;6;4;-3;382.83313186
2015;2026Q2;ES707A0;ES707;1;1;23;1;1;1;10;13;-1;-1;-1;6;-1;-1;-1;47;2;6;-1;-1;-1;3;4;5;4;2;5;5;5;3;1;6;4;4;4;4;4;4;5;4;2;2;2;2;4;4;4;4;5;4;4;4;4;4;5;4;4;4;4;4;5;5;4;4;4;4;4;4;4;4;4;4;4;4;2;2;-1;-1;6;6;4;6;1;-3;594.22440801
2016;2026Q2;ES707A0;ES707;1;1;25;1;1;1;9;13;-1;-1;-1;6;-1;-1;-1;59;1;7;-1;-1;-1;3;3;2;4;3;5;5;5;4;2;6;3;2;2;3;2;4;5;4;4;2;4;3;3;2;3;2;2;3;4;3;3;3;4;4;5;5;2;2;3;3;3;3;3;3;-3;-3;-3;-3;-3;-3;-3;-3;1;1;3;1;1;1;5;6;4;1;594.22440801
2017;2026Q2;ES707A0;ES707;1;1;65;1;1;1;5;12;-1;-1;-1;1;-1;1;9;-1;-1;-1;-1;-1;-1;2;2;8;5;5;6;4;4;3;1;6;4;4;4;4;4;2;2;4;2;4;2;3;2;2;4;4;4;4;4;4;4;2;4;2;2;2;4;4;4;4;4;4;4;4;4;3;4;4;4;4;4;4;2;2;-1;-1;6;6;1;6;1;-3;894.38989096
2018;2026Q2;ES707A0;ES707;6;2;64;3;2;5;6;10;-1;-1;-1;1;-1;1;4;-1;-1;-1;-1;-1;-1;1;1;1;-9;-9;3;4;4;4;-9;-9;2;2;3;3;3;3;3;3;3;3;3;3;3;3;3;3;3;3;3;3;3;3;3;3;3;3;3;3;-3;-3;-3;-3;-3;-3;-3;-3;-3;-3;-3;-3;-3;-3;3;-9;-1;-1;-9;-9;5;6;-7;-7;334.23914442
2019;2026Q2;ES707A0;ES707;6;2;43;3;3;5;8;1;6;2;-9;6;-1;-1;-1;43;1;-9;-1;-1;-1;2;4;2;-9;-9;-1;-9;-9;-9;-9;-9;-9;-9;-9;-9;-9;-9;-9;-9;-9;-9;-9;-9;-9;-9;-9;-9;-9;-9;-9;-9;-9;-9;-9;-9;-9;-9;-9;-9;-7;-7;-7;-7;-7;-7;-7;-7;-7;-7;-7;-7;-7;-7;3;-9;-1;-1;-9;-9;5;-9;-7;-7;866.88884706
2020;2026Q2;ES707A0;ES707;1;1;58;1;1;1;5;1;6;1;8;1;-1;-1;-1;-1;-1;-1;-1;-1;-1;3;3;2;7;5;5;3;3;3;1;6;4;4;4;4;4;2;4;4;2;4;2;4;2;2;4;4;4;4;4;4;4;4;2;2;2;2;4;4;4;4;4;4;4;3;3;3;4;4;4;3;3;4;2;2;-1;-1;6;6;1;6;3;-3;621.92461245
2021;2026Q2;ES707A0;ES707;6;2;51;1;1;1;7;2;6;2;4;6;-1;-1;-1;54;1;1;-1;-1;-1;2;3;2;7;5;1;4;4;2;1;6;4;2;3;2;2;5;5;2;4;2;4;2;2;3;2;2;2;2;4;2;4;2;4;2;2;2;2;2;4;3;3;3;4;4;4;-3;2;-3;-3;2;2;1;2;3;-1;-1;6;6;5;6;4;1;202.63572246
2022;2026Q2;ES707A0;ES707;6;2;48;1;1;1;6;1;6;1;9;1;-1;-1;-1;-1;-1;-1;-1;-1;-1;2;2;4;5;5;6;4;5;2;5;1;4;5;5;5;5;2;4;4;2;3;4;4;2;2;4;3;3;3;3;3;4;4;2;2;2;2;3;3;3;4;4;4;4;4;4;3;4;3;3;2;4;-3;3;2;-1;-1;6;6;1;6;5;1;202.63572246
2023;2026Q2;ES703A0;ES703;1;1;65;1;1;1;9;12;-1;-1;-1;1;-1;1;3;-1;-1;-1;-1;-1;-1;1;1;1;6;6;3;4;3;3;2;6;2;4;2;4;4;2;5;4;4;2;4;2;4;4;2;2;2;4;2;2;4;5;4;2;2;4;2;2;2;3;2;3;3;1;2;3;2;2;1;1;3;1;2;1;2;1;1;6;1;1;5;1;72.282159991
2024;2026Q2;ES703A0;ES703;6;2;44;2;1;5;9;2;6;2;2;6;-1;-1;-1;49;2;1;-1;-1;-1;2;3;2;7;5;2;5;4;4;1;6;4;4;4;4;4;4;4;3;4;-9;4;4;2;2;3;4;4;4;4;4;4;4;4;2;4;4;3;3;3;3;-3;-3;-3;3;3;3;3;3;-3;3;3;3;2;3;-1;-1;6;6;5;6;3;3;23.395693598
2025;2026Q2;ES703A0;ES703;6;2;33;1;1;1;5;10;-1;-1;-1;6;-1;-1;-1;38;1;9;-1;-1;-1;2;4;6;3;2;6;3;4;3;2;6;4;4;3;4;4;3;5;4;5;4;4;3;3;3;4;3;4;4;4;4;4;4;4;3;2;3;4;4;5;3;4;4;5;4;4;-3;3;4;4;3;4;4;2;3;-1;-1;1;6;4;6;4;1;11.609646738
2026;2026Q2;ES703A0;ES703;6;2;80;1;1;5;2;12;-1;-1;-1;1;-1;-9;-1;-1;-1;-1;-1;-1;-1;1;1;1;-9;-9;-1;4;4;3;1;6;4;4;-9;-9;-9;-9;-9;-9;-9;-9;-9;-9;-9;-9;-9;-9;-9;-9;-9;-9;-9;-9;-9;-9;-9;-9;-9;-9;-7;-7;-7;-7;-7;-7;-7;-7;-7;-7;-7;-7;-7;-7;2;-9;-1;-1;6;6;5;6;-7;-7;45.889444736
2027;2026Q2;ES703A0;ES703;1;1;60;1;1;1;5;10;-1;-1;-1;1;-1;1;7;-1;-1;-1;-1;-1;-1;1;1;1;2;3;5;4;3;3;3;6;4;4;-9;4;4;3;4;4;3;4;2;4;2;2;4;4;4;4;3;4;4;4;2;3;3;2;4;4;4;3;5;5;5;4;5;4;4;4;3;3;3;3;2;1;1;3;6;6;1;6;2;3;30.642447622
2028;2026Q2;ES705A3;ES705;1;1;48;1;1;1;7;1;6;2;0;1;-1;-1;-1;-1;-1;-1;-1;-1;-1;3;4;-9;5;3;-1;5;4;4;-9;-9;-9;-9;4;5;5;3;5;4;5;4;4;4;3;3;3;4;4;4;4;4;4;4;4;3;3;3;4;4;4;4;4;4;4;4;4;3;3;3;4;3;3;3;2;3;-1;-1;6;6;5;6;3;-7;1604.2498384
2029;2026Q2;ES705A3;ES705;6;2;56;1;1;1;5;1;6;1;9;6;-1;-1;-1;59;1;7;-1;-1;-1;2;2;4;5;5;5;-9;-9;-9;-9;6;4;4;2;4;4;4;4;4;2;-9;2;-9;-9;-9;-9;-9;-9;4;4;4;4;4;2;4;-9;-9;-9;3;-3;-3;-3;-3;-3;-3;3;-3;-3;-3;-3;4;-3;-3;2;2;-1;-1;6;6;5;6;3;-3;460.75192649
2030;2026Q2;ES705A3;ES705;1;1;60;1;1;1;5;11;-1;-1;-1;1;-1;-1;-1;-1;-1;-1;-1;-1;-1;2;2;6;2;2;-1;4;-9;1;1;6;2;2;2;4;2;4;4;1;4;4;4;4;3;2;2;4;3;4;2;4;4;4;2;3;4;4;3;4;4;4;4;3;4;3;1;-3;4;2;3;4;3;2;3;3;-1;-1;1;6;1;6;4;1;188.12940106
2031;2026Q2;ES705A3;ES705;1;1;36;3;2;5;7;1;6;2;7;1;-1;-1;-1;-1;-1;-1;-1;-1;-1;1;1;1;3;5;4;5;5;3;1;6;3;2;2;4;4;4;4;3;-9;2;4;4;2;2;4;4;3;2;4;4;4;4;2;5;4;3;2;2;3;2;3;1;2;4;2;1;3;-3;-3;1;1;1;1;1;1;3;1;1;5;6;4;1;1658.1024394
2032;2026Q2;ES708A0;ES708;1;1;49;3;2;5;5;1;1;1;3;1;-1;-1;-1;-1;-1;-1;-1;-1;-1;1;3;6;4;3;2;5;5;3;5;1;5;1;5;4;3;3;5;1;5;3;5;1;5;1;1;3;1;1;1;1;4;1;5;5;5;5;1;1;4;2;3;3;5;5;4;-3;1;1;1;1;-3;3;2;2;-1;-1;6;6;3;6;2;1;1069.1959927
2033;2026Q2;ES708A0;ES708;6;2;33;3;3;5;4;1;6;1;9;1;-1;-1;-1;-1;-1;-1;-1;-1;-1;3;4;3;3;2;6;3;3;3;3;6;4;4;4;4;4;4;4;2;4;3;1;5;-9;4;-9;4;4;-9;4;4;2;4;4;2;2;1;4;4;-3;-3;-3;-3;-3;-3;-3;-3;-3;-3;-3;-3;-3;-3;2;-9;-1;-1;6;6;5;6;1;-3;1251.5808185
2034;2026Q2;ES708A0;ES708;6;2;37;3;1;5;5;1;1;2;9;1;-1;-1;-1;-1;-1;-1;-1;-1;-1;1;3;6;3;2;6;5;5;5;5;1;5;5;2;4;3;5;5;4;5;4;5;2;3;3;4;4;4;5;2;3;5;5;4;3;4;4;2;2;3;4;3;4;4;4;3;3;2;3;3;1;3;3;2;1;3;2;1;1;5;6;5;1;255.37232778
2035;2026Q2;ES708A0;ES708;1;1;56;1;1;1;3;15;-1;-1;-1;6;-1;-1;-1;55;1;4;-1;-1;-1;3;3;2;4;3;3;3;3;-9;-9;6;4;3;4;4;4;4;4;4;4;4;4;4;4;4;4;4;4;2;4;4;4;4;4;3;3;2;4;4;3;3;3;3;3;4;4;-3;4;-3;-3;3;3;3;2;1;3;-9;1;1;4;6;2;2;1273.0167934
2036;2026Q2;ES708A0;ES708;1;1;39;1;1;1;5;5;-1;-1;5;1;-1;-1;-1;-1;-1;-1;-1;-1;-1;2;4;2;7;4;3;5;5;5;5;1;4;4;4;4;4;5;5;2;4;2;4;2;2;2;2;4;5;2;2;4;4;4;4;4;5;5;2;2;4;4;3;2;3;2;1;1;4;3;2;1;3;1;1;1;2;2;1;6;5;1;4;1;779.4123825
2037;2026Q2;ES708A0;ES708;6;2;49;2;1;5;9;10;-1;-1;-1;1;-1;1;4;-1;-1;-1;-1;-1;-1;1;1;1;2;4;3;3;3;2;1;6;4;4;2;4;4;5;5;4;5;2;4;2;5;4;3;2;3;4;4;2;-9;4;4;5;4;4;4;5;4;4;4;5;3;4;4;-3;3;-3;1;1;4;-3;3;1;3;3;6;6;5;1;3;3;237.3684497
2038;2026Q2;ES708A0;ES708;6;2;74;1;1;1;6;12;-1;-1;-1;1;-1;-9;-1;-1;-1;-1;-1;-1;-1;1;1;1;2;4;-1;-9;-9;-9;-9;-9;-9;-9;-9;-9;-9;-9;-9;-9;-9;-9;-9;-9;-9;-9;-9;-9;-9;-9;-9;-9;-9;-9;-9;-9;-9;-9;-9;-9;-3;-3;-3;-3;-3;-3;-3;-3;-3;-3;-3;-3;-3;-3;3;-9;-1;-1;-9;-9;1;-9;-7;-7;868.53503968
2039;2026Q2;ES705A2;ES705;1;1;28;1;1;1;8;1;6;2;3;1;-1;-1;-1;-1;-1;-1;-1;-1;-1;1;1;1;4;6;3;-9;-9;-9;-9;6;-9;-9;-9;-9;-9;-9;-9;-9;-9;-9;-9;-9;-9;-9;-9;-9;-9;-9;-9;-9;-9;-9;-9;-9;-9;-9;-9;-9;-7;-7;-7;-7;-7;-7;-7;-7;-7;-7;-7;-7;-7;-7;3;-9;-1;-1;-9;-9;5;6;-7;-7;283.56491638
2040;2026Q2;ES705A2;ES705;6;2;42;1;1;1;5;14;-1;-1;-1;6;-1;-1;-1;80;9;-1;6;-1;-1;2;2;9;2;2;-1;4;4;4;2;6;4;4;4;4;4;4;2;4;2;4;4;4;4;4;4;4;4;4;4;4;4;4;4;4;4;4;4;4;5;5;1;5;5;5;5;5;5;5;5;5;5;5;3;1;2;4;1;1;4;6;1;1;631.78002232
2041;2026Q2;ES705A2;ES705;1;1;22;1;1;1;4;2;6;2;9;1;-1;-1;-1;-1;-1;-1;-1;-1;-1;2;2;6;3;3;6;4;3;3;3;6;4;2;4;4;4;4;2;4;3;4;4;2;4;2;3;4;4;4;2;4;4;4;4;4;4;4;2;2;3;4;3;3;4;3;3;3;3;4;4;4;4;3;2;1;3;4;1;6;1;6;2;-3;567.12983277
2042;2026Q2;ES705A2;ES705;6;2;34;1;1;1;10;10;-1;-1;-1;6;-1;-1;-1;73;5;-1;-1;1;4;4;4;2;6;3;3;5;5;3;1;6;3;3;3;4;3;5;5;3;4;3;5;3;4;4;3;3;3;2;4;3;2;4;3;4;4;4;2;3;4;3;3;3;3;2;1;1;3;-3;1;1;3;2;3;-9;-1;-1;6;6;1;6;-3;1;157.23761032
2043;2026Q2;ES705A2;ES705;6;2;55;1;1;1;9;1;1;2;4;1;-1;-1;-1;-1;-1;-1;-1;-1;-1;2;2;6;4;4;3;4;4;3;4;1;4;4;3;4;4;2;2;4;2;4;3;4;2;4;4;4;2;4;2;2;4;4;2;4;2;2;3;2;3;4;4;3;-3;2;4;-3;-3;1;2;1;1;3;1;1;1;3;1;6;4;6;4;1;100.67809078
2044;2026Q2;ES705A2;ES705;1;1;43;1;1;1;10;2;6;2;2;6;-1;-1;-1;42;1;2;-1;-1;-1;2;4;6;7;5;2;3;3;3;2;6;4;4;2;4;4;3;4;4;3;3;4;3;2;2;4;3;3;2;3;4;4;4;2;2;2;2;3;2;4;4;4;3;4;4;4;4;4;4;-3;2;-3;2;2;3;-1;-1;6;6;5;6;3;3;321.01296676
2045;2026Q2;ES705A2;ES705;6;2;70;1;1;1;8;12;-1;-1;-1;1;-1;1;5;-1;-1;-1;-1;-1;-1;1;1;1;3;5;4;4;4;2;1;6;4;4;-9;4;4;-9;-9;4;-9;-9;-9;-9;-9;-9;4;4;-9;3;4;-9;4;4;2;-9;-9;-9;-9;-9;4;-3;-3;3;-3;-3;-3;-3;4;-3;-3;-3;-3;-3;3;-9;-1;-1;6;6;1;-9;-3;-3;221.9439822
2046;2026Q2;ES705A2;ES705;6;2;18;3;2;1;6;13;-1;-1;-1;6;-1;-1;-1;54;7;-1;-9;-1;-1;2;2;6;2;2;-1;4;4;2;1;6;5;4;-9;4;4;-9;5;4;4;2;-9;-9;-9;4;-9;-9;-9;-9;4;2;-9;4;-9;-9;-9;-9;-9;4;-3;-3;-3;-3;-3;-3;-3;-3;-3;-3;-3;-3;-3;-3;1;1;1;4;6;6;1;6;-7;-7;1083.1028178
2047;2026Q2;ES705A2;ES705;6;2;56;1;1;1;7;1;1;2;-9;1;-1;-1;-1;-1;-1;-1;-1;-1;-1;2;2;6;3;3;-1;5;5;2;2;6;4;4;-9;4;3;4;5;4;4;3;3;4;-9;3;4;4;-9;2;3;3;4;4;4;-9;4;4;2;3;4;4;4;-3;-3;2;3;-3;-3;-3;-3;-3;-3;3;1;2;-1;-1;-9;6;1;6;-7;-3;100.67809078
2048;2026Q2;ES705A2;ES705;6;2;47;1;1;1;10;2;6;2;2;1;-1;-1;-1;-1;-1;-1;-1;-1;-1;1;1;1;5;6;2;4;4;3;1;6;4;3;3;4;4;4;3;4;3;4;-9;3;2;2;4;4;3;4;3;-9;4;4;3;3;3;3;3;3;4;4;3;4;3;4;4;-3;4;-3;-3;-3;-3;-3;2;-9;-1;-1;6;6;1;6;2;-3;129.06171927
2049;2026Q2;ES705A2;ES705;1;1;72;1;1;1;10;12;-1;-1;-1;1;-1;1;2;-1;-1;-1;-1;-1;-1;2;2;4;6;5;1;4;4;2;1;6;3;3;3;4;4;4;4;4;2;3;-9;-9;2;2;4;4;3;3;3;3;4;4;2;3;3;3;-9;3;4;3;3;3;3;3;3;3;4;3;3;3;3;4;2;3;-1;-1;6;6;5;6;3;-7;666.39152923
2050;2026Q2;ES705A2;ES705;6;2;70;1;1;1;6;14;-1;-1;-1;6;-1;-1;-1;72;5;-1;-1;1;7;3;3;6;6;4;4;4;4;3;1;1;5;5;4;4;4;3;3;4;2;3;3;2;2;3;3;3;3;4;3;2;4;4;2;3;3;2;2;3;3;3;-3;3;4;3;2;-3;-3;-3;-3;3;-3;3;2;-9;-1;-1;6;6;1;6;1;1;665.83194659
2051;2026Q2;ES705A2;ES705;1;1;41;1;1;1;5;1;6;2;8;6;-1;-1;-1;65;5;-1;-1;1;6;4;4;8;5;2;5;5;5;4;2;6;3;2;4;4;2;4;5;2;4;2;2;2;2;2;2;4;2;2;4;4;2;4;2;2;2;4;4;4;3;4;4;4;4;3;2;3;2;2;2;1;3;3;2;1;4;1;1;6;1;6;3;1;802.5324169
2052;2026Q2;ES705A2;ES705;6;2;50;3;1;5;8;10;-1;-1;-1;6;-1;-1;-1;55;8;-1;1;1;8;2;2;4;4;4;5;4;4;2;1;6;4;4;-9;4;4;-9;-9;4;-9;-9;-9;3;-9;3;4;4;-9;4;-9;-9;4;4;3;-9;-9;3;-9;-9;4;3;3;3;3;3;2;-3;4;-3;-3;-3;-3;-3;2;-9;-1;-1;6;6;5;6;-3;-3;62.895044129
2053;2026Q2;ES704A0;ES704;1;1;63;2;1;5;7;1;1;2;5;1;-1;-1;-1;-1;-1;-1;-1;-1;-1;1;1;1;5;6;5;4;4;5;4;1;4;4;4;4;4;2;4;4;4;4;4;4;2;2;4;4;4;4;4;4;4;4;4;4;4;4;4;4;4;4;4;4;4;4;4;4;5;4;4;3;4;4;2;2;-1;-1;6;6;5;6;2;1;348.7887657
2054;2026Q2;ES705A1;ES705;6;2;38;1;1;1;10;1;6;2;2;1;-1;-1;-1;-1;-1;-1;-1;-1;-1;2;2;4;7;6;2;3;3;2;3;6;4;4;2;4;4;4;4;4;4;2;4;4;4;4;4;4;4;4;4;4;4;4;4;2;2;4;2;4;3;4;4;3;4;4;3;4;4;4;3;2;3;4;1;1;3;4;6;6;1;6;4;3;1647.0762335
2055;2026Q2;ES705A1;ES705;6;2;59;3;3;5;1;1;6;2;-9;-9;-1;-1;-1;-1;-1;-1;-1;-1;-1;2;2;4;4;4;-1;-9;-9;-9;3;-9;4;4;4;4;4;4;4;4;4;4;4;4;4;4;4;4;4;4;4;4;4;4;4;4;4;4;4;4;4;4;4;4;4;4;4;4;4;4;4;4;4;4;1;1;2;-9;1;1;5;-9;-7;-7;1435.9864868
2056;2026Q2;ES705A1;ES705;6;2;29;1;1;1;10;1;1;2;2;1;-1;-1;-1;-1;-1;-1;-1;-1;-1;4;4;6;7;5;2;4;4;3;1;6;3;2;2;3;3;5;5;4;5;3;4;2;2;3;3;4;4;3;4;3;4;4;5;4;4;4;2;2;3;3;3;2;4;3;4;2;2;1;2;1;2;1;1;1;1;2;1;6;1;6;1;1;1962.1981721
2057;2026Q2;ES705A1;ES705;1;1;51;2;1;5;10;1;1;2;-9;1;-1;-1;-1;-1;-1;-1;-1;-1;-1;1;1;1;5;6;-1;4;4;4;4;6;4;4;4;4;4;4;4;4;4;4;4;4;2;4;4;4;4;3;4;3;4;4;3;4;4;4;4;3;4;4;4;4;4;4;3;3;4;3;-3;-3;3;2;1;1;1;2;1;1;5;6;4;3;380.89955977
2058;2026Q2;ES704A0;ES704;6;2;56;1;1;5;6;10;-1;-1;-1;1;-1;1;4;-1;-1;-1;-1;-1;-1;3;3;6;3;2;3;4;5;4;4;1;4;4;4;4;4;5;5;4;4;3;2;4;3;2;3;4;4;3;3;2;4;4;2;3;3;3;3;2;4;4;3;3;3;3;1;3;3;1;1;1;3;3;1;3;-1;-1;6;6;5;6;5;1;202.44072721
2059;2026Q2;ES704A0;ES704;1;1;49;2;1;5;7;7;-1;-1;5;1;-1;-1;-1;-1;-1;-1;-1;-1;-1;1;1;1;3;5;3;5;5;2;1;6;2;2;2;2;3;5;5;2;4;2;4;2;4;4;4;2;2;2;2;4;4;4;4;4;4;4;2;2;3;3;1;1;1;1;1;3;1;1;1;1;3;3;1;1;2;2;1;6;5;6;4;1;283.26384502
2060;2026Q2;ES704A0;ES704;1;1;60;1;1;1;7;1;1;1;5;1;-1;-1;-1;-1;-1;-1;-1;-1;-1;1;1;1;3;5;6;5;5;4;3;6;3;2;2;4;1;3;5;3;5;1;5;1;1;4;3;4;3;1;3;2;4;4;5;5;5;5;1;2;3;3;3;2;3;3;1;2;3;1;2;1;2;2;2;1;3;4;1;1;1;6;4;1;434.25199771
2061;2026Q2;ES704A0;ES704;1;1;42;3;3;5;5;1;6;2;8;1;-1;-1;-1;-1;-1;-1;-1;-1;-1;3;3;9;3;2;5;4;4;4;4;-9;3;4;4;3;4;4;3;3;4;3;3;4;3;3;3;4;4;4;3;3;4;4;3;3;4;3;3;3;4;4;4;4;5;4;4;4;4;4;4;3;4;4;3;2;-1;-1;6;6;5;6;-3;-3;1775.2780149
2062;2026Q2;ES704A0;ES704;1;1;52;1;1;1;10;7;-1;-1;2;1;-1;-1;-1;-1;-1;-1;-1;-1;-1;2;2;4;7;6;2;4;4;3;4;6;4;4;4;4;4;2;2;4;2;4;4;4;2;2;4;4;4;4;4;4;4;4;4;4;2;2;2;4;3;3;3;3;2;3;3;3;2;2;3;2;3;3;1;1;4;2;6;6;1;6;2;3;566.52769003
2063;2026Q2;ES704A0;ES704;6;2;44;2;1;5;7;1;6;2;5;1;-1;-1;-1;-1;-1;-1;-1;-1;-1;2;2;4;6;5;6;3;3;3;3;6;2;2;2;3;3;3;3;3;3;3;3;3;4;4;2;2;3;3;3;3;3;3;4;4;3;5;2;2;3;3;3;1;3;2;3;3;3;3;3;1;1;1;1;1;3;1;1;6;5;6;4;-3;134.9604848
2064;2026Q2;ES708A0;ES708;6;2;67;1;1;1;5;12;-1;-1;-1;6;-1;-1;-1;72;5;-1;-1;2;5;3;3;8;5;4;5;5;5;5;5;6;4;4;5;5;5;5;3;5;5;5;1;5;5;1;5;5;5;5;5;5;5;5;1;4;5;4;5;5;5;3;4;3;4;3;3;3;4;2;2;4;3;4;1;1;2;1;1;1;5;6;5;1;761.20326549
2065;2026Q2;ES708A0;ES708;1;1;45;3;3;5;5;7;-1;-1;-9;6;-1;-1;-1;40;-9;-1;-1;-1;-1;2;2;-9;5;5;-1;5;4;4;5;6;5;4;5;5;5;3;5;3;5;5;5;-9;3;-9;-9;-9;5;5;4;5;5;4;3;5;4;4;4;4;4;4;5;3;4;4;5;5;3;3;3;4;4;3;2;1;5;1;1;6;5;6;2;1;624.71130037
2066;2026Q2;ES708A0;ES708;6;2;38;2;1;2;9;1;6;1;2;1;-1;-1;-1;-1;-1;-1;-1;-1;-1;2;2;4;6;5;2;5;5;4;4;1;4;4;2;5;3;2;5;4;5;2;4;4;2;2;4;4;4;2;2;4;4;4;4;4;4;4;2;4;5;4;4;3;4;4;4;4;4;4;3;3;4;3;1;3;-1;-1;6;6;2;6;4;1;149.20929377
2067;2026Q2;ES708A0;ES708;6;2;30;1;1;1;8;10;-1;-1;-1;6;-1;-1;-1;52;1;3;-1;-1;-1;3;3;2;-9;-9;2;5;5;-9;-9;1;4;2;-9;-9;-9;3;5;4;4;2;4;-9;3;5;3;2;2;2;4;-9;2;3;5;-9;5;-9;-9;-9;-3;-3;-3;-3;-3;-3;-3;-3;-3;-3;-3;-3;-3;-3;3;2;-1;-1;-9;6;1;6;5;1;86.299752131
2068;2026Q2;ES708A0;ES708;1;1;78;3;3;5;7;12;-1;-1;-1;1;-1;2;2;-1;-1;-1;-1;-1;-1;3;3;2;4;3;2;5;4;3;1;6;4;4;3;4;4;3;4;4;4;4;4;2;4;2;4;4;4;4;4;4;4;4;4;4;4;4;4;4;4;4;4;4;4;4;4;3;4;4;4;3;3;3;2;2;-1;-1;1;1;5;6;3;-3;1346.0261642
2069;2026Q2;ES708A0;ES708;6;2;53;3;3;5;9;1;1;1;-9;1;-1;-1;-1;-1;-1;-1;-1;-1;-1;2;2;4;6;5;-1;5;5;5;5;1;3;2;4;4;4;4;5;2;4;2;4;2;4;4;2;2;2;3;-9;2;3;4;4;4;4;4;4;2;4;2;1;2;4;5;3;3;4;5;5;-3;3;3;2;2;-1;-1;6;6;5;6;4;1;364.80049166
2070;2026Q2;ES705A3;ES705;6;2;39;3;2;5;5;1;1;1;4;6;-1;-1;-1;42;2;3;-1;-1;-1;3;4;2;5;3;3;4;4;3;3;1;4;4;3;4;3;2;4;4;4;3;4;3;3;2;3;4;4;4;4;3;4;4;4;3;3;3;3;3;4;4;4;4;4;4;4;4;3;3;4;3;3;3;2;2;-1;-1;6;6;5;6;3;2;1160.3916683
2071;2026Q2;ES705A3;ES705;6;2;39;3;1;2;10;10;-1;-1;-1;6;-1;-1;-1;40;1;9;-1;-1;-1;2;4;2;5;3;6;4;4;4;4;1;4;4;4;5;4;3;5;4;5;2;4;2;-9;2;3;4;2;3;-9;4;4;4;3;-9;-9;3;-9;-9;-3;-3;-3;-3;1;4;-3;-3;-3;-3;-3;-3;-3;-3;3;2;-1;-1;6;6;2;6;-3;-3;232.66477681
2072;2026Q2;ES705A3;ES705;6;2;27;1;1;1;5;1;6;2;9;6;-1;-1;-1;29;1;5;-1;-1;-1;2;2;4;7;6;3;5;5;2;5;1;1;4;3;5;2;5;5;2;4;2;5;2;5;5;2;2;4;2;2;4;3;4;5;5;5;5;1;2;4;2;2;1;4;3;3;4;5;-3;-3;1;2;-3;2;2;-1;-1;1;6;3;1;5;1;408.87199956
2073;2026Q2;ES708A0;ES708;6;2;53;2;1;5;10;1;6;2;3;-9;-1;-1;-1;-1;-1;-1;-1;-1;-1;3;4;2;-9;-9;-1;5;5;5;1;6;4;4;4;4;4;4;5;2;2;2;5;5;5;3;3;2;2;4;4;4;4;4;4;4;4;4;2;2;3;1;3;2;3;4;4;3;3;3;3;1;3;3;1;1;2;3;1;6;5;6;5;1;1076.036703
2074;2026Q2;ES708A0;ES708;6;2;30;1;1;5;5;1;6;2;4;1;-1;-1;-1;-1;-1;-1;-1;-1;-1;2;2;6;4;4;3;4;4;3;4;1;2;2;2;3;2;5;5;2;4;1;4;1;4;4;3;2;2;2;3;3;4;4;4;4;5;5;2;1;4;2;3;3;4;3;3;3;4;1;2;1;3;2;1;1;3;3;1;6;4;6;4;1;366.97049647
2075;2026Q2;ES704A0;ES704;1;1;48;2;1;5;7;1;1;2;5;1;-1;-1;-1;-1;-1;-1;-1;-1;-1;1;1;1;4;6;5;5;4;4;1;6;4;4;4;4;4;4;5;2;2;4;5;4;5;4;2;4;4;4;4;4;4;4;4;4;4;5;2;3;2;4;4;3;4;3;3;3;3;4;2;4;4;4;2;1;4;1;1;6;2;6;4;-7;235.35462235
2076;2026Q2;ES704A0;ES704;1;1;49;1;1;1;5;11;-1;-1;-1;1;-1;-1;-1;-1;-1;-1;-1;-1;-1;2;2;6;2;2;-1;4;4;2;2;6;4;4;4;4;3;4;4;3;2;2;4;2;3;3;4;3;4;4;3;4;3;4;4;4;4;4;3;3;3;3;4;2;-3;2;2;2;2;2;2;1;2;2;2;1;4;2;1;1;3;6;3;1;366.02192589
2077;2026Q2;ES705A2;ES705;6;2;72;1;1;1;2;10;-1;-1;-1;6;-1;-1;-1;74;5;-1;-1;1;-9;2;2;8;2;2;-1;-9;-9;-9;-9;6;-9;-9;-9;-9;-9;-9;-9;-9;-9;4;4;4;4;-9;4;-9;4;-9;-9;-9;-9;-9;-9;-9;-9;-9;-9;-9;3;3;3;3;3;4;4;4;4;4;4;4;4;3;3;2;-1;-1;-9;6;5;6;-3;-3;146.36925179
2078;2026Q2;ES705A2;ES705;6;2;50;1;1;1;6;1;1;2;5;6;-1;-1;-1;51;1;5;-1;-1;-1;2;3;2;7;5;3;4;5;-9;1;6;5;5;5;5;5;2;4;5;4;5;2;-9;2;2;5;5;-9;5;5;5;4;4;2;2;2;2;4;4;5;5;4;5;5;5;4;-3;3;4;4;5;5;4;2;3;-1;-1;6;6;5;6;-3;3;600.70447667
2079;2026Q2;ES709A3;ES709;6;2;67;3;1;5;5;12;-1;-1;-1;6;-1;-1;-1;69;5;-1;-1;1;-9;4;4;-9;-9;-9;-1;-9;-9;-9;-9;-9;-9;-9;-9;-9;-9;-9;-9;-9;-9;-9;-9;-9;-9;-9;-9;-9;-9;-9;-9;-9;-9;-9;-9;-9;-9;-9;-9;-9;-3;-3;-3;-3;-3;-3;-3;-3;-3;-3;-3;-3;-3;-3;2;-9;-1;-1;-9;-9;5;-9;-7;-7;2983.6358522
2080;2026Q2;ES707A0;ES707;6;2;36;2;1;4;7;11;-1;-1;-1;6;-1;-1;-1;36;1;-9;-1;-1;-1;2;2;4;6;5;-1;4;3;2;3;6;3;2;2;4;4;4;4;4;2;2;4;2;3;4;2;2;2;2;3;2;2;4;4;4;4;4;2;2;4;3;4;3;3;3;3;4;4;-3;3;4;3;4;1;1;4;4;1;6;3;6;3;1;99.413271275
2081;2026Q2;ES707A0;ES707;1;1;64;1;1;5;5;10;-1;-1;-1;1;-1;1;9;-1;-1;-1;-1;-1;-1;1;1;1;1;1;6;4;-9;2;1;6;4;4;4;3;3;2;4;4;4;4;2;2;2;3;4;2;4;4;4;4;4;4;2;2;4;3;4;4;3;4;4;4;4;3;2;4;4;4;3;4;3;2;3;1;3;4;1;1;4;6;4;1;121.98842692
2082;2026Q2;ES707A0;ES707;6;2;56;1;1;1;7;2;1;2;5;1;-1;-1;-1;-1;-1;-1;-1;-1;-1;1;1;1;3;5;5;5;4;3;1;6;4;2;2;4;4;4;5;4;4;3;4;3;5;4;3;4;4;3;3;4;4;4;4;3;3;4;3;4;2;2;2;3;4;4;4;-3;4;3;4;4;3;2;2;2;-1;-1;6;6;1;6;1;2;103.65783985
2083;2026Q2;ES707A0;ES707;6;2;23;1;1;1;5;1;1;1;6;6;-1;-1;-1;47;1;5;-1;-1;-1;3;3;2;7;6;5;5;4;3;3;6;1;1;5;4;1;5;5;4;5;1;4;2;4;4;2;2;2;2;2;2;2;2;4;4;4;4;2;2;4;5;4;2;3;2;2;2;3;2;2;1;2;1;2;1;2;4;6;6;1;6;5;1;586.97146259
2084;2026Q2;ES707A0;ES707;1;1;51;3;1;5;5;1;6;1;5;1;-1;-1;-1;-1;-1;-1;-1;-1;-1;1;1;1;2;4;5;4;3;3;3;1;5;4;3;4;4;4;2;4;2;4;3;4;1;2;4;4;4;4;4;4;4;4;4;2;2;4;3;4;4;4;4;4;4;4;4;4;4;4;4;4;4;-3;3;1;3;1;1;1;5;6;4;-3;153.63547932
2085;2026Q2;ES703A0;ES703;6;2;62;3;1;5;6;7;-1;-1;5;1;-1;-1;-1;-1;-1;-1;-1;-1;-1;1;1;1;3;5;3;5;5;4;4;1;4;4;4;4;4;3;4;4;4;4;4;4;4;2;2;4;4;2;4;4;4;2;4;4;4;4;2;2;3;3;3;3;3;3;4;-3;2;3;3;-3;3;3;3;3;-1;-1;6;6;5;1;5;-3;46.699478369
2086;2026Q2;ES703A0;ES703;6;2;39;1;1;1;10;7;-1;-1;7;6;-1;-1;-1;31;1;2;-1;-1;-1;2;3;2;5;4;1;5;5;4;1;6;4;4;4;4;3;4;4;2;2;2;3;4;2;4;3;1;2;2;4;4;4;4;4;3;2;2;2;2;2;2;1;2;2;3;3;-3;3;-3;3;4;4;3;2;2;-1;-1;1;1;5;1;4;3;23.395693598
2087;2026Q2;ES703A0;ES703;1;1;62;2;1;5;10;2;6;2;2;1;-1;-1;-1;-1;-1;-1;-1;-1;-1;1;1;1;6;6;1;5;3;3;1;6;2;3;2;4;3;4;5;3;4;3;3;2;2;2;4;4;3;3;4;3;4;4;3;4;4;4;3;4;3;3;3;3;3;3;3;-3;4;3;3;3;2;2;2;2;-1;-1;1;1;5;6;4;1;15.561177513
2088;2026Q2;ES703A0;ES703;6;2;62;3;1;5;5;2;6;1;9;1;-1;-1;-1;-1;-1;-1;-1;-1;-1;2;2;4;5;5;6;4;2;3;1;6;-9;4;3;4;4;3;2;4;2;4;3;3;2;2;4;4;4;4;4;4;3;4;4;2;4;3;3;3;-3;-3;4;-3;-3;-3;-3;-3;-3;-3;-3;-3;-3;-3;3;2;-1;-1;6;6;5;6;5;-3;93.398956739
2089;2026Q2;ES703A0;ES703;1;1;41;1;1;1;7;2;1;2;9;1;-1;-1;-1;-1;-1;-1;-1;-1;-1;2;4;5;6;3;6;3;2;2;3;6;4;5;4;4;5;4;5;4;4;4;4;2;5;2;4;4;4;4;2;2;5;4;4;5;5;5;4;2;4;1;1;1;4;1;1;1;4;4;1;1;4;1;1;1;1;3;6;6;1;6;1;1;55.223057371
2090;2026Q2;ES703A0;ES703;6;2;47;3;1;5;5;10;-1;-1;-1;6;-1;-1;-1;49;1;9;-1;-1;-1;4;4;3;5;2;6;5;5;5;1;6;5;5;4;5;1;5;5;5;5;1;5;5;2;5;1;1;3;2;1;1;5;5;5;3;3;5;2;1;3;1;3;5;3;5;3;1;1;1;3;3;2;1;1;3;-1;-1;1;1;4;6;5;1;23.219293475
2091;2026Q2;ES703A0;ES703;6;2;54;3;1;5;6;10;-1;-1;-1;-9;-1;-1;-1;-1;-1;-1;-1;-1;-1;3;3;2;7;5;-1;4;2;2;2;6;3;2;2;2;1;4;5;1;4;1;4;2;4;3;1;3;1;2;2;2;2;2;4;5;5;5;3;2;3;5;3;4;4;5;4;-3;3;-3;-3;-3;-3;1;2;2;-1;-1;6;6;5;6;4;1;17.414470106
2092;2026Q2;ES703A0;ES703;6;2;54;1;1;1;4;1;6;1;9;1;-1;-1;-1;-1;-1;-1;-1;-1;-1;2;2;4;4;4;6;3;3;2;1;6;4;4;2;4;4;4;4;4;2;3;4;4;4;4;4;4;4;2;2;2;4;4;4;4;4;4;4;3;-3;-3;-3;-3;-3;4;4;-3;-3;-3;-3;2;-3;-3;3;1;4;-9;1;1;5;6;5;1;36.193471263
2093;2026Q2;ES703A0;ES703;6;2;60;1;1;1;8;12;-1;-1;-1;1;-1;1;2;-1;-1;-1;-1;-1;-1;1;1;1;2;4;2;4;3;4;2;6;4;2;3;4;4;3;4;3;-9;3;2;3;4;3;3;4;4;2;4;3;4;4;4;-9;4;4;2;2;3;4;4;4;4;4;-3;-3;-3;-3;-3;4;-3;-3;3;2;-1;-1;6;6;1;6;-7;2;65.972605818
2094;2026Q2;ES703A0;ES703;6;2;71;3;3;3;3;10;-1;-1;-1;6;-1;-1;-1;45;1;2;-1;-1;-1;3;4;8;5;2;1;4;5;5;1;6;1;2;2;3;2;5;5;3;5;2;5;3;5;5;1;2;3;1;1;3;4;4;5;5;4;5;2;1;2;2;2;2;2;3;5;2;3;1;1;1;1;2;1;1;1;1;1;6;3;6;5;1;60.499573821
2095;2026Q2;ES703A0;ES703;1;1;31;1;1;1;6;2;6;2;5;1;-1;-1;-1;-1;-1;-1;-1;-1;-1;2;3;6;5;4;3;4;3;3;2;1;4;3;4;4;4;3;4;3;3;3;3;3;2;3;3;4;3;3;3;3;4;4;4;3;4;3;3;3;4;4;4;4;4;4;4;4;4;4;4;4;4;4;1;1;3;2;6;6;5;6;4;1;94.011273935
2096;2026Q2;ES703A0;ES703;1;1;67;2;1;5;7;12;-1;-1;-1;1;-1;1;-9;-1;-1;-1;-1;-1;-1;1;1;1;3;5;-1;4;4;4;2;6;4;4;4;4;4;4;4;4;4;4;4;3;3;3;3;4;4;3;3;4;4;4;4;4;4;4;2;2;4;4;4;4;4;4;3;3;4;4;3;3;3;3;2;2;-1;-1;6;6;5;6;3;2;72.282159991
2097;2026Q2;ES703A0;ES703;1;1;46;3;1;5;10;2;6;2;5;1;-1;-1;-1;-1;-1;-1;-1;-1;-1;2;2;8;4;4;5;4;4;4;3;6;5;1;1;4;4;2;2;4;2;4;2;4;2;2;4;4;4;4;4;4;4;4;2;2;2;2;4;4;3;3;3;3;3;3;3;3;3;3;3;3;3;3;1;3;-1;-1;6;6;5;1;5;1;49.277052108
2098;2026Q2;ES703A0;ES703;6;2;59;3;1;3;7;10;-1;-1;-1;6;-1;-1;-1;65;1;7;-1;-1;-1;3;3;6;4;3;4;4;4;4;2;6;4;4;-9;2;2;2;4;4;4;-9;-9;-9;-9;-9;2;2;-9;-9;-9;-9;4;4;4;4;4;4;4;-9;-3;-3;-3;-3;-3;4;4;-3;-3;-3;-3;3;-3;-3;2;1;3;-9;-9;6;3;6;4;-3;29.480932259
2099;2026Q2;ES703A0;ES703;6;2;39;3;2;4;10;1;1;2;2;1;-1;-1;-1;-1;-1;-1;-1;-1;-1;1;1;1;3;5;1;4;3;3;2;6;2;2;2;2;3;4;4;4;4;2;4;4;4;4;2;4;4;4;4;4;4;4;4;4;2;4;2;4;4;4;4;4;5;4;5;4;4;4;4;3;-3;3;2;2;-1;-1;1;6;3;6;4;1;42.120555068
2100;2026Q2;ES703A0;ES703;1;1;39;1;1;1;5;18;-1;-1;-1;1;1;1;9;-1;-1;-1;-1;-1;-1;1;1;1;7;6;6;5;3;3;4;6;5;5;5;5;5;1;5;5;5;5;2;5;2;3;5;5;5;5;5;5;5;5;2;2;2;2;5;5;4;4;4;3;4;3;3;4;4;4;4;3;4;2;2;3;-1;-1;6;6;5;6;5;1;57.727139511
2101;2026Q2;ES703A0;ES703;1;1;62;3;2;3;5;7;-1;-1;7;1;-1;-1;-1;-1;-1;-1;-1;-1;-1;2;2;4;2;2;4;4;3;3;2;6;4;4;3;4;3;4;5;4;4;3;4;3;4;3;3;4;3;3;4;4;4;4;4;4;5;4;4;2;4;4;3;3;4;4;3;-3;3;3;3;3;3;4;2;2;-1;-1;-9;6;3;6;4;3;112.89187134
2102;2026Q2;ES703A0;ES703;1;1;42;2;1;4;8;1;6;2;5;6;-1;-1;-1;33;1;3;-1;-1;-1;3;3;9;6;4;3;4;3;3;1;6;-9;-9;-9;4;-9;-9;4;-9;-9;2;-9;-9;-9;-9;3;-9;-9;-9;-9;-9;-9;-9;-9;-9;-9;4;-9;-9;-7;-7;-7;-7;-7;-7;-7;-7;-7;-7;-7;-7;-7;-7;2;-9;-1;-1;-9;6;2;6;4;-3;82.834586057
2103;2026Q2;ES703A0;ES703;6;2;44;1;1;1;5;2;6;2;5;6;-1;-1;-1;52;2;6;-1;-1;-1;3;3;2;6;4;5;5;4;4;5;1;5;5;5;5;5;2;2;5;2;5;2;5;1;2;5;5;5;5;5;5;5;5;1;1;1;1;5;5;4;4;5;4;4;5;4;4;5;5;4;4;5;5;1;1;3;2;1;1;5;6;1;2;35.093540397
2104;2026Q2;ES703A0;ES703;1;1;63;3;2;5;6;7;-1;-1;5;1;-1;-1;-1;-1;-1;-1;-1;-1;-1;1;1;1;2;4;3;3;4;4;3;1;4;5;4;4;5;4;5;4;5;4;5;4;3;4;5;4;3;4;3;4;5;5;4;3;4;4;3;4;3;4;4;5;5;4;5;3;3;3;4;3;4;2;2;3;-1;-1;6;6;5;1;4;3;56.445935671
2105;2026Q2;ES703A0;ES703;6;2;56;3;2;5;7;2;1;2;5;1;-1;-1;-1;-1;-1;-1;-1;-1;-1;1;1;1;3;5;5;3;2;2;1;6;2;3;2;4;4;4;4;4;4;4;2;4;2;2;4;4;4;4;4;4;4;4;3;2;2;4;4;4;4;4;3;3;3;3;3;3;3;-3;4;3;4;4;1;3;-1;-1;6;6;5;6;4;-3;77.122186638
2106;2026Q2;ES703A0;ES703;6;2;53;1;1;5;5;2;6;1;6;1;-1;-1;-1;-1;-1;-1;-1;-1;-1;1;1;1;3;5;5;5;5;5;1;6;4;4;2;4;4;4;4;4;2;2;4;4;2;3;3;4;2;4;4;4;4;4;2;4;2;2;4;4;4;2;4;4;4;5;4;3;4;4;4;4;4;2;1;3;-1;-1;6;6;5;6;4;1;18.096735632
2107;2026Q2;ES703A0;ES703;1;1;60;3;1;5;10;1;6;2;5;1;-1;-1;-1;-1;-1;-1;-1;-1;-1;2;2;8;4;4;5;5;5;5;1;6;3;3;2;3;2;3;4;4;3;3;5;3;4;3;3;3;3;3;3;3;5;3;1;3;1;1;3;3;-3;-3;-3;4;1;4;4;4;4;4;-3;1;-3;-3;2;1;4;-9;1;1;5;6;2;1;31.122355025
2108;2026Q2;ES703A0;ES703;1;1;53;3;1;5;8;11;-1;-1;-1;1;-1;-1;-1;-1;-1;-1;-1;-1;-1;1;1;1;1;1;-1;4;2;2;1;6;2;4;4;4;4;4;4;4;4;4;4;4;4;2;4;4;4;2;4;2;4;4;2;2;2;2;2;2;3;4;3;3;3;4;1;4;3;3;3;2;3;3;2;3;-1;-1;6;6;5;6;3;1;39.719796163
2109;2026Q2;ES703A0;ES703;6;2;29;3;1;3;7;1;6;1;5;1;-1;-1;-1;-1;-1;-1;-1;-1;-1;2;3;2;3;2;5;2;2;2;2;1;4;3;-9;4;2;3;5;4;4;2;4;-9;4;4;3;4;4;4;4;4;4;4;2;5;4;4;2;2;4;3;3;3;4;3;4;4;3;3;3;2;3;3;2;3;-1;-1;6;6;3;6;4;1;46.650269147
2110;2026Q2;ES703A0;ES703;6;2;59;2;1;3;10;12;-1;-1;-1;1;-1;1;2;-1;-1;-1;-1;-1;-1;1;1;1;4;6;1;4;3;3;1;6;4;2;3;2;4;4;4;4;4;2;4;4;4;4;2;4;4;2;4;4;4;4;4;4;4;4;3;2;3;3;3;2;4;4;3;-3;-3;-3;-3;1;3;-3;2;3;-1;-1;6;6;2;6;4;1;65.972605818
2111;2026Q2;ES703A0;ES703;6;2;80;3;1;5;2;15;-1;-1;-1;1;1;2;6;-1;-1;-1;-1;-1;-1;1;1;1;2;3;5;5;5;4;1;6;2;4;2;3;4;4;4;4;3;3;2;3;3;2;4;3;2;3;3;4;3;4;4;3;3;4;2;2;4;3;-3;-3;-3;5;5;4;-3;-3;4;-3;-3;-3;3;2;-1;-1;6;6;5;6;3;-3;45.889444736
2112;2026Q2;ES703A0;ES703;6;2;80;1;1;1;4;12;-1;-1;-1;1;-1;1;-9;-1;-1;-1;-1;-1;-1;1;1;1;3;5;-1;-9;1;3;2;6;4;3;-9;4;4;4;-9;-9;4;-9;4;4;4;2;4;4;4;4;4;4;4;4;2;2;-9;2;4;-9;5;-7;4;-3;-3;-3;-3;-3;4;-3;3;3;4;4;3;-9;-1;-1;-9;1;1;6;3;-7;45.889444736
2113;2026Q2;ES703A0;ES703;6;2;46;1;1;5;8;2;1;2;3;1;-1;-1;-1;-1;-1;-1;-1;-1;-1;3;3;7;6;4;3;5;5;5;5;1;5;5;5;4;4;4;2;5;4;2;5;4;2;4;4;2;5;2;4;5;4;4;4;4;2;2;4;2;5;4;5;2;5;4;4;2;2;1;1;1;3;3;1;1;3;4;1;6;5;6;4;3;54.290206895
2114;2026Q2;ES703A0;ES703;6;2;23;3;1;2;10;13;-1;-1;-1;6;-1;-1;-1;54;-9;-1;-1;-1;-1;4;4;2;2;1;-1;3;1;3;2;6;5;5;4;4;4;4;2;4;2;4;3;3;4;2;4;5;4;4;4;4;4;4;4;2;3;4;4;3;4;4;4;4;4;4;5;4;4;4;4;4;4;-3;2;3;-1;-1;1;6;2;6;1;1;170.39304809
2115;2026Q2;ES703A0;ES703;6;2;58;1;1;1;5;1;6;1;7;1;-1;-1;-1;-1;-1;-1;-1;-1;-1;2;2;6;4;4;5;3;3;3;3;6;4;4;4;4;4;4;4;4;4;4;4;4;3;3;4;4;4;4;4;4;4;4;4;4;4;4;4;4;3;3;3;3;4;3;3;3;3;3;3;3;3;3;2;1;3;4;1;6;5;6;4;1;93.398956739
2116;2026Q2;ES703A0;ES703;6;2;41;2;1;3;9;10;-1;-1;-1;1;-1;1;2;-1;-1;-1;-1;-1;-1;1;1;1;3;5;2;4;3;3;2;6;5;5;5;2;2;5;5;5;5;1;5;1;5;5;3;1;1;2;2;2;4;4;5;5;5;5;2;2;3;3;2;2;4;3;4;3;3;2;3;3;3;3;1;1;1;1;1;6;3;6;4;3;5.8048233688
2117;2026Q2;ES703A0;ES703;1;1;74;1;1;1;4;12;-1;-1;-1;1;-1;1;6;-1;-1;-1;-1;-1;-1;1;1;1;1;2;5;3;3;3;1;6;4;4;4;4;3;4;4;4;4;2;4;4;4;4;4;2;2;2;2;4;3;3;4;4;4;4;2;2;3;3;3;2;-3;3;3;3;3;3;-3;2;3;3;1;2;-1;-1;6;6;1;6;4;1;72.282159991
2118;2026Q2;ES703A0;ES703;6;2;53;1;1;1;7;2;6;2;3;1;-1;-1;-1;-1;-1;-1;-1;-1;-1;3;4;5;6;3;3;3;2;2;3;6;2;2;2;3;4;4;4;2;2;2;4;2;5;2;4;4;2;4;3;2;4;4;4;4;3;3;3;2;2;2;4;2;-3;2;2;3;4;4;4;4;4;-3;3;3;-1;-1;6;6;1;6;5;1;54.290206895
2119;2026Q2;ES703A0;ES703;6;2;52;1;1;1;8;2;6;1;4;1;-1;-1;-1;-1;-1;-1;-1;-1;-1;4;4;2;7;5;3;4;3;3;2;1;4;3;2;3;1;4;5;1;5;3;5;2;2;5;2;2;2;1;2;2;2;2;5;5;5;4;2;2;5;1;3;1;3;4;1;1;3;3;3;4;2;1;1;1;1;3;1;1;5;1;4;1;72.386942527
2120;2026Q2;ES703A0;ES703;1;1;69;1;1;1;5;7;-1;-1;7;1;-1;-1;-1;-1;-1;-1;-1;-1;-1;2;2;4;4;4;4;3;4;3;4;6;4;4;4;4;4;4;4;4;3;4;2;4;3;2;4;4;4;4;4;4;4;4;3;4;2;4;4;4;4;2;2;4;4;3;3;-3;3;3;-3;3;3;3;3;3;-1;-1;6;6;1;1;3;-3;84.333098333
2121;2026Q2;ES703A0;ES703;1;1;55;1;1;1;5;1;6;1;4;1;-1;-1;-1;-1;-1;-1;-1;-1;-1;1;1;1;4;6;3;2;4;3;2;6;4;4;4;2;4;2;4;2;4;4;2;4;2;2;2;2;2;4;4;2;4;4;2;2;2;2;2;4;3;3;3;4;4;3;3;3;3;3;3;3;3;3;2;3;-1;-1;6;6;5;6;1;1;15.561177513
2122;2026Q2;ES703A0;ES703;6;2;67;1;1;1;5;7;-1;-1;5;1;-1;-1;-1;-1;-1;-1;-1;-1;-1;2;2;4;4;4;3;5;4;4;2;6;4;4;4;4;4;2;4;2;2;4;4;2;2;2;4;4;4;4;4;4;4;4;2;4;4;4;3;4;4;4;3;3;3;3;3;-3;3;3;3;4;3;3;1;1;2;2;1;6;5;1;5;3;53.232634575
2123;2026Q2;ES703A0;ES703;1;1;54;3;1;5;5;2;1;1;9;1;-1;-1;-1;-1;-1;-1;-1;-1;-1;1;1;1;6;6;6;3;4;4;3;1;5;4;4;5;5;2;2;4;2;5;5;4;2;3;4;4;4;5;4;4;5;4;4;4;4;4;4;4;3;3;4;4;4;4;4;4;4;4;4;4;4;4;2;1;3;4;1;1;5;6;1;1;24.638526054
2124;2026Q2;ES703A0;ES703;6;2;79;1;1;1;2;12;-1;-1;-1;-9;-1;-1;-1;-1;-1;-1;-1;-1;-1;2;2;8;-9;-9;-1;4;4;3;1;6;4;4;-9;4;4;4;-9;4;-9;-9;-9;4;2;2;-9;4;3;-9;-9;-9;4;4;2;2;2;2;-9;-9;-3;-3;-3;-3;-3;-3;-3;-3;-3;-3;-3;-3;-3;-3;2;3;-1;-1;6;6;1;6;2;-3;91.778889473
2125;2026Q2;ES703A0;ES703;1;1;60;2;1;5;10;2;1;1;2;1;-1;-1;-1;-1;-1;-1;-1;-1;-1;2;3;2;-9;-9;1;5;4;4;2;6;3;3;3;3;3;3;4;4;4;3;3;3;3;3;3;3;3;3;3;3;4;4;3;4;3;4;3;3;3;3;3;3;3;3;3;3;3;3;3;3;3;3;1;2;-1;-1;-9;6;5;6;4;-7;31.122355025
2126;2026Q2;ES703A0;ES703;1;1;20;1;1;1;5;1;6;1;9;6;-1;-1;-1;40;1;9;-1;-1;-1;2;2;9;1;1;6;3;3;1;1;6;5;5;4;3;4;4;4;4;3;3;4;4;4;4;3;4;3;3;4;4;4;4;4;4;4;4;2;2;4;4;4;3;3;4;4;-3;5;-3;4;-3;-3;3;1;3;-1;-1;6;6;5;1;5;1;94.011273935
2127;2026Q2;ES703A0;ES703;1;1;71;1;1;5;5;12;-1;-1;-1;1;-1;1;8;-1;-1;-1;-1;-1;-1;2;2;4;3;3;-1;4;3;3;1;6;4;4;4;4;4;4;4;4;2;4;2;4;2;2;4;4;4;4;4;4;4;4;2;2;2;2;4;4;4;4;4;4;4;4;4;4;4;4;4;4;4;4;3;3;-1;-1;6;6;5;6;3;2;144.56431998
2128;2026Q2;ES703A0;ES703;6;2;40;1;1;1;7;2;6;2;4;1;-1;-1;-1;-1;-1;-1;-1;-1;-1;2;4;2;5;3;3;-9;-9;-9;-9;6;-9;-9;-9;-9;-9;-9;-9;-9;-9;-9;-9;-9;-9;-9;-9;-9;-9;-9;-9;-9;-9;-9;-9;-9;-9;-9;-9;-9;-3;-3;-3;-3;-3;-3;-3;-7;-3;-7;-3;-3;-3;-3;3;-9;-1;-1;-9;-9;1;6;5;-7;23.395693598
2129;2026Q2;ES703A0;ES703;1;1;36;1;1;1;5;2;1;2;3;6;-1;-1;-1;68;5;-1;-1;1;5;3;3;7;6;4;5;4;2;3;2;6;2;2;2;4;4;4;5;4;5;2;4;2;4;4;4;4;2;2;2;2;4;4;5;5;5;5;2;2;1;2;1;1;1;1;1;1;1;1;4;2;2;2;3;1;1;4;1;6;5;6;4;3;82.834586057
2130;2026Q2;ES703A0;ES703;6;2;53;1;1;1;3;2;6;2;5;1;-1;-1;-1;-1;-1;-1;-1;-1;-1;1;1;1;3;5;5;4;4;4;4;1;4;4;-9;4;4;2;5;-9;4;4;4;2;2;2;-9;4;4;4;4;4;4;4;2;2;2;2;4;4;3;3;3;3;4;3;4;3;3;3;3;2;3;3;2;2;-1;-1;1;6;5;6;4;-3;18.096735632
2131;2026Q2;ES703A0;ES703;1;1;51;1;1;1;8;3;6;2;8;1;-1;-1;-1;-1;-1;-1;-1;-1;-1;2;3;2;5;4;5;4;4;4;2;6;2;2;2;2;3;4;4;4;4;3;4;3;4;4;3;3;3;3;3;3;3;3;4;3;4;4;3;3;2;2;2;2;2;2;2;-3;2;2;2;2;2;1;2;3;-1;-1;1;1;5;6;5;1;49.277052108
2132;2026Q2;ES709A3;ES709;6;2;58;2;1;4;10;10;-1;-1;-1;1;-1;2;2;-1;-1;-1;-1;-1;-1;2;2;6;1;1;1;5;5;5;3;6;2;1;2;1;2;5;5;2;5;1;5;1;5;4;3;1;3;1;2;3;2;3;5;5;5;5;1;1;4;3;4;2;4;3;3;-3;3;-3;2;2;2;2;2;1;3;1;1;6;4;6;5;3;265.75037407
2133;2026Q2;ES709A3;ES709;6;2;28;1;1;1;8;1;6;2;4;6;-1;-1;-1;54;1;-9;-1;-1;-1;4;4;2;7;5;-1;4;5;3;3;1;4;4;4;4;4;4;4;4;4;4;4;4;4;4;4;4;4;4;4;4;4;4;4;4;4;4;4;4;2;3;2;2;2;3;3;3;3;3;3;2;2;2;1;1;4;1;1;1;4;6;4;1;2931.387606
2134;2026Q2;ES709A3;ES709;1;1;40;1;1;1;7;10;-1;-1;-1;6;-1;-1;-1;60;8;-1;1;1;5;3;3;6;3;2;5;4;4;4;2;1;4;4;-9;4;4;5;5;-9;4;4;2;-9;2;1;2;5;4;4;-9;-9;-9;-9;2;2;2;2;-9;-9;-3;-3;-3;-3;-3;-3;-3;-3;-3;1;-3;1;1;-3;2;3;-1;-1;6;6;3;6;5;1;1348.626596
2135;2026Q2;ES709A3;ES709;6;2;45;1;1;1;7;12;-1;-1;-1;6;-1;-1;-1;47;1;4;-1;-1;-1;3;4;2;6;3;3;4;4;2;2;6;4;4;4;4;4;4;5;4;5;2;3;2;4;4;3;3;3;2;2;4;4;4;5;4;4;5;3;4;4;4;3;2;4;2;3;4;3;3;3;2;3;3;1;2;-1;-1;6;6;5;6;3;3;2242.8320924
2136;2026Q2;ES709A3;ES709;6;2;48;3;1;5;8;10;-1;-1;-1;6;-1;-1;-1;51;1;5;-1;-1;-1;3;4;2;6;3;3;5;5;5;1;6;4;5;4;4;5;2;2;5;2;4;2;4;2;3;4;5;4;4;4;4;4;4;2;2;2;2;4;4;4;4;4;4;4;4;3;3;3;3;3;3;3;4;2;1;3;4;1;1;4;6;3;3;398.62556111
2137;2026Q2;ES709A3;ES709;1;1;56;1;1;1;10;2;1;2;1;6;-1;-1;-1;57;1;2;-1;-1;-1;3;3;2;7;6;1;5;5;3;2;6;4;2;2;3;2;5;5;4;5;2;5;2;3;3;3;2;2;2;2;3;3;4;5;5;5;5;2;1;5;5;4;1;4;4;3;2;5;2;2;1;1;2;1;1;5;2;1;1;5;6;4;1;600.70304224
2138;2026Q2;ES709A3;ES709;6;2;38;1;1;1;10;2;6;2;2;1;-1;-1;-1;-1;-1;-1;-1;-1;-1;1;1;1;4;6;-1;4;4;3;2;6;3;2;2;4;3;5;5;3;5;2;5;2;4;5;3;2;2;2;4;2;3;2;5;5;5;5;2;2;5;3;3;2;4;2;2;2;2;2;2;1;2;1;1;1;1;4;1;6;5;6;2;1;461.13112163
2139;2026Q2;ES706A0;ES706;6;2;68;3;2;5;5;12;-1;-1;-1;1;-1;-9;-1;-1;-1;-1;-1;-1;-1;1;1;1;4;6;-1;4;4;3;4;6;5;5;2;4;2;4;5;2;5;1;5;4;2;4;1;4;3;1;1;4;4;4;3;5;5;5;3;1;1;4;2;-3;4;2;2;3;3;4;-7;-7;-7;-3;1;1;1;2;1;6;5;1;4;1;248.04100566
2140;2026Q2;ES706A0;ES706;6;2;50;3;1;5;5;11;-1;-1;-1;1;-1;-1;-1;-1;-1;-1;-1;-1;-1;1;1;1;2;3;-1;4;4;4;1;6;4;4;4;4;4;4;5;4;4;4;4;4;2;2;4;2;4;4;4;4;4;4;2;2;2;2;4;4;4;4;4;4;4;4;4;4;4;4;4;4;4;4;2;1;1;4;1;1;5;6;-3;-3;25.089473867
2141;2026Q2;ES706A0;ES706;1;1;60;1;1;1;4;1;6;2;9;1;-1;-1;-1;-1;-1;-1;-1;-1;-1;1;1;1;3;5;6;4;3;2;1;6;4;-9;-9;-9;4;-9;4;-9;-9;-9;2;2;4;2;-9;-9;-9;4;4;4;4;4;-9;-9;3;3;-9;-9;4;4;4;4;4;4;4;-3;4;-3;-3;-3;-3;-3;2;-9;-1;-1;6;6;1;6;-7;1;41.938897899
2142;2026Q2;ES706A0;ES706;6;2;23;2;1;5;6;13;-1;-1;-1;6;-1;-1;-1;73;5;-1;-1;1;-9;2;2;8;4;4;-1;5;4;4;1;1;1;1;1;1;1;5;5;2;5;1;5;1;5;5;1;1;1;1;1;1;1;1;5;5;5;5;1;1;5;4;4;1;3;4;4;5;2;1;2;1;1;1;1;1;5;4;6;6;5;6;5;1;152.75433587
2143;2026Q2;ES706A0;ES706;6;2;39;3;1;5;8;1;6;1;4;6;-1;-1;-1;43;1;7;-1;-1;-1;2;2;4;3;3;5;5;5;5;5;1;3;2;2;3;4;4;4;2;4;2;4;2;5;5;2;-9;-9;-9;-9;-9;-9;4;4;4;-9;4;-9;2;-7;-7;-7;2;3;1;2;-7;-7;2;-7;2;-7;-7;3;-9;-1;-1;-9;6;5;6;-7;-7;98.206133358
2144;2026Q2;ES706A0;ES706;6;2;69;1;1;1;10;12;-1;-1;-1;1;-1;1;2;-1;-1;-1;-1;-1;-1;2;2;8;4;4;-1;5;5;4;1;6;5;5;4;4;2;4;5;4;5;4;5;4;2;2;4;5;4;4;4;2;4;4;2;2;4;5;2;2;4;4;3;4;3;3;4;-3;3;-3;-3;2;2;-3;1;1;1;3;1;1;5;6;4;1;263.09810116
2145;2026Q2;ES706A0;ES706;6;2;71;1;1;1;5;12;-1;-1;-1;1;-1;2;5;-1;-1;-1;-1;-1;-1;1;1;1;2;3;5;4;2;3;1;6;5;4;-9;4;4;1;5;4;2;4;2;2;2;2;4;3;4;4;4;2;4;4;2;2;2;2;3;4;4;4;4;4;4;4;4;-3;4;-3;-3;3;4;-3;3;3;-1;-1;6;6;5;6;2;1;131.54905058
2146;2026Q2;ES709A1;ES709;1;1;59;1;1;1;8;1;1;1;4;1;-1;-1;-1;-1;-1;-1;-1;-1;-1;3;3;2;6;4;3;4;4;4;3;6;2;3;2;4;3;3;-9;2;4;3;4;2;4;4;3;2;4;4;2;2;2;4;5;4;4;4;2;2;5;4;4;3;3;4;2;4;3;4;4;2;3;3;2;1;3;3;1;1;5;6;1;1;1828.1248086
2147;2026Q2;ES709A1;ES709;1;1;69;1;1;1;10;12;-1;-1;-1;6;-1;-1;-1;64;1;2;-1;-1;-1;2;2;4;7;6;1;5;5;4;2;6;3;2;2;3;3;4;5;4;4;3;4;2;3;4;2;3;3;2;2;4;3;3;4;4;4;5;2;2;3;3;3;1;4;2;2;2;3;3;3;2;2;2;1;1;1;3;1;6;1;6;4;-3;1289.1729453
2148;2026Q2;ES709A1;ES709;6;2;64;1;1;1;9;2;6;2;2;-9;-1;-1;-1;-1;-1;-1;-1;-1;-1;3;3;8;6;4;-1;4;4;3;2;6;3;2;3;3;3;4;5;2;4;2;4;3;3;3;3;3;3;3;2;3;3;3;4;4;4;4;3;2;3;3;4;3;3;3;3;-3;3;-3;-3;3;3;3;1;1;4;1;-9;6;5;6;-3;-3;1359.3254979
2149;2026Q2;ES709A1;ES709;1;1;70;1;1;1;10;12;-1;-1;-1;1;-1;1;2;-1;-1;-1;-1;-1;-1;2;2;4;7;6;2;5;5;4;1;6;4;4;4;4;4;4;5;4;4;4;5;4;5;3;4;4;5;2;4;5;5;4;5;5;5;4;2;3;5;5;4;3;4;4;3;4;3;3;4;3;3;3;2;3;-1;-1;1;6;5;6;3;-3;1289.1729453
2150;2026Q2;ES709A1;ES709;6;2;63;1;1;1;9;10;-1;-1;-1;1;-1;1;4;-1;-1;-1;-1;-1;-1;1;1;1;1;1;3;5;5;4;1;6;3;4;4;4;4;4;4;4;4;3;4;4;4;3;4;4;4;4;4;4;4;4;4;4;2;4;4;4;4;4;4;4;4;3;3;2;3;4;-3;3;4;3;3;3;-1;-1;6;6;5;6;4;-3;54.778509444
2151;2026Q2;ES709A1;ES709;1;1;59;1;1;1;9;1;6;2;3;1;-1;-1;-1;-1;-1;-1;-1;-1;-1;2;3;2;6;4;3;5;4;2;1;6;4;4;4;5;4;2;5;4;4;4;4;4;2;2;4;4;4;4;4;4;4;4;4;2;4;5;4;2;2;4;4;4;4;4;2;2;2;4;4;2;2;2;1;1;3;3;1;6;5;6;4;1;1218.7498724
2152;2026Q2;ES709A1;ES709;6;2;29;1;1;1;10;11;-1;-1;-1;6;-1;-1;-1;65;5;-1;-1;1;2;2;2;6;4;4;2;1;1;2;1;6;1;1;1;1;1;4;5;1;5;1;5;1;4;4;3;1;1;1;3;2;4;4;5;5;5;5;1;1;5;4;1;1;1;4;1;1;1;-3;-3;1;1;1;1;1;1;4;1;6;1;6;5;1;84.212684796
2153;2026Q2;ES709A1;ES709;6;2;70;1;1;1;10;12;-1;-1;-1;1;-1;1;2;-1;-1;-1;-1;-1;-1;1;1;1;6;6;-1;5;5;3;2;6;1;1;2;2;2;4;5;2;4;2;4;2;3;2;3;2;2;2;2;2;4;2;4;2;4;4;2;2;2;2;2;1;2;-3;-3;-3;-3;-3;-3;2;3;3;1;1;3;3;6;6;5;6;2;1;878.9077739
2154;2026Q2;ES709A1;ES709;6;2;59;1;1;1;9;2;1;2;2;1;-1;-1;-1;-1;-1;-1;-1;-1;-1;1;1;1;5;6;2;2;2;2;2;6;1;1;1;1;1;4;2;2;4;4;4;2;4;4;4;4;4;2;2;2;4;4;5;5;5;5;5;3;2;2;2;2;4;2;2;2;2;2;2;2;2;2;1;1;4;4;6;6;1;6;3;1;453.1084993
2155;2026Q2;ES709A1;ES709;6;2;34;1;1;1;10;1;1;2;3;6;-1;-1;-1;45;2;2;-1;-1;-1;2;3;2;5;3;-1;5;4;3;1;6;1;2;2;3;1;5;4;2;2;1;5;1;3;4;1;1;3;1;1;3;3;3;5;5;4;4;2;2;3;3;3;1;3;1;2;2;3;-3;-3;3;3;1;1;1;1;4;1;6;3;6;5;1;813.89114656
2156;2026Q2;ES709A1;ES709;6;2;63;1;1;1;10;2;6;2;2;6;-1;-1;-1;58;1;2;-1;-1;-1;4;4;8;4;2;-1;5;5;4;3;6;3;2;2;4;4;5;5;4;4;2;4;2;5;4;4;3;3;2;3;4;4;4;5;5;5;5;2;2;4;4;4;3;4;3;3;3;4;3;3;2;2;1;2;1;4;3;6;6;1;6;5;1;1812.4339972
2157;2026Q2;ES709A1;ES709;1;1;22;1;1;1;7;13;-1;-1;-1;6;-1;-1;-1;62;1;2;-1;-1;-1;4;4;2;-9;-9;2;3;5;5;2;6;4;2;2;2;2;4;5;4;4;2;4;2;2;5;2;2;4;2;2;4;4;4;4;4;4;4;2;2;1;1;1;1;1;1;1;1;1;1;1;1;1;1;1;1;3;4;1;1;1;1;4;1;1968.7008051
2158;2026Q2;ES709A1;ES709;1;1;51;1;1;1;7;1;1;2;3;1;-1;-1;-1;-1;-1;-1;-1;-1;-1;2;3;2;5;3;3;4;4;3;1;6;3;3;2;4;2;5;5;3;5;3;4;2;3;4;4;3;2;2;2;4;4;4;5;5;5;4;1;2;5;5;5;1;5;5;3;3;5;3;3;3;3;3;1;1;4;1;6;6;5;6;4;1;1181.7771838
2159;2026Q2;ES709A1;ES709;1;1;73;1;1;5;10;12;-1;-1;-1;6;-1;-1;-1;70;5;-1;-1;1;2;2;2;4;7;6;1;5;5;4;1;6;4;2;2;4;4;5;5;4;5;2;4;2;2;2;2;4;4;3;2;2;2;2;4;5;4;5;2;2;2;2;2;2;2;4;2;-3;2;-3;-3;1;2;2;1;1;3;4;1;1;5;6;5;1;1289.1729453
2160;2026Q2;ES709A1;ES709;1;1;55;1;1;1;10;2;6;2;2;1;-1;-1;-1;-1;-1;-1;-1;-1;-1;2;2;8;5;5;1;5;5;5;2;6;2;1;1;2;1;5;5;3;5;1;5;2;5;5;3;2;1;1;1;3;2;3;5;5;5;5;1;1;2;3;1;1;3;1;3;1;3;1;2;1;1;1;3;1;3;4;1;6;1;6;5;1;1218.7498724
2161;2026Q2;ES709A1;ES709;1;1;55;1;1;1;7;2;6;2;8;1;-1;-1;-1;-1;-1;-1;-1;-1;-1;2;2;4;4;4;-1;4;4;3;3;6;4;2;2;4;4;5;5;2;-9;4;4;3;-9;2;4;4;4;4;4;4;4;4;4;2;4;4;-9;3;4;4;4;2;4;2;3;2;2;2;2;2;4;2;1;1;4;1;1;1;5;6;4;1;1218.7498724
2162;2026Q2;ES709A1;ES709;1;1;54;3;1;5;9;1;6;2;2;1;-1;-1;-1;-1;-1;-1;-1;-1;-1;2;2;4;6;5;2;5;5;4;4;6;4;2;2;4;3;4;5;4;5;2;5;3;3;4;3;2;3;3;4;4;3;4;4;5;5;5;2;2;5;5;3;1;4;3;4;1;3;1;4;2;2;1;1;2;-1;-1;6;6;5;6;4;1;1181.7771838
2163;2026Q2;ES709A1;ES709;1;1;50;3;1;5;10;2;6;2;2;1;-1;-1;-1;-1;-1;-1;-1;-1;-1;4;4;3;7;4;-1;5;5;5;3;6;5;5;5;5;5;3;5;5;4;4;4;5;4;3;4;5;5;4;4;5;5;5;5;3;5;3;3;3;5;5;4;4;4;4;3;4;4;3;4;2;3;3;1;1;3;3;1;6;5;6;4;1;2363.5543676
2164;2026Q2;ES709A1;ES709;6;2;69;1;1;1;10;12;-1;-1;-1;1;-1;1;2;-1;-1;-1;-1;-1;-1;1;1;1;5;6;1;5;5;5;1;6;3;-9;1;4;2;5;5;4;4;-9;4;-9;2;4;4;3;2;4;4;2;5;5;5;4;5;5;2;1;4;2;2;2;-3;2;-3;1;2;2;2;2;1;1;1;1;5;1;1;6;1;6;3;-3;878.9077739
2165;2026Q2;ES709A1;ES709;6;2;59;1;1;1;5;1;6;1;5;6;-1;-1;-1;56;1;3;-1;-1;-1;3;3;2;6;4;3;2;2;2;1;6;1;1;2;2;2;4;5;2;4;2;4;2;4;4;2;2;2;1;2;2;2;2;5;5;5;5;2;2;2;3;3;2;3;3;3;3;3;3;3;2;3;3;2;2;-1;-1;1;6;1;6;4;1;1359.3254979
2166;2026Q2;ES709A1;ES709;6;2;39;1;1;1;10;2;6;2;2;1;-1;-1;-1;-1;-1;-1;-1;-1;-1;1;2;8;6;5;1;4;4;4;1;6;4;4;4;4;3;3;4;4;3;3;4;3;2;3;4;3;2;4;4;2;4;4;4;3;2;3;3;3;-3;-3;-3;-3;-3;-3;-3;-3;4;-3;-3;-3;-3;-3;1;2;-1;-1;-9;-9;3;6;4;1;479.38924894
2167;2026Q2;ES707A0;ES707;6;2;49;1;1;1;8;2;6;1;7;1;-1;-1;-1;-1;-1;-1;-1;-1;-1;2;2;6;3;3;5;3;3;2;2;6;3;2;3;3;3;4;4;2;3;2;3;2;2;1;2;3;2;2;3;3;2;2;4;3;3;3;3;2;1;1;1;1;1;1;1;1;1;1;1;1;1;1;1;1;3;-9;6;6;1;6;-3;-3;148.45743861
2168;2026Q2;ES707A0;ES707;6;2;74;3;1;5;5;12;-1;-1;-1;1;-1;1;5;-1;-1;-1;-1;-1;-1;1;1;1;2;4;5;3;3;3;1;6;4;4;4;4;4;4;5;3;2;4;2;2;2;2;4;3;4;4;4;3;5;5;2;3;5;2;4;3;3;4;3;4;4;4;4;4;4;4;4;-3;4;4;3;1;3;4;6;6;5;6;1;-3;172.89987664
2169;2026Q2;ES707A0;ES707;1;1;45;1;1;1;10;2;1;1;1;1;-1;-1;-1;-1;-1;-1;-1;-1;-1;2;4;2;7;5;2;5;3;3;1;6;3;2;3;3;3;5;5;4;5;2;5;2;5;4;3;4;3;3;3;4;4;4;4;4;4;4;2;2;-7;-7;-7;2;-7;3;3;1;3;3;3;1;1;1;1;1;3;2;1;6;5;6;5;2;225.11657336
2170;2026Q2;ES707A0;ES707;1;1;55;1;1;1;5;9;-1;-1;8;1;-1;-1;-1;-1;-1;-1;-1;-1;-1;1;2;6;4;4;5;5;4;4;5;1;4;4;4;5;5;2;2;2;2;4;2;2;2;2;4;4;4;4;4;4;5;5;2;2;2;2;3;4;4;3;4;4;4;4;2;2;3;4;3;3;4;3;1;1;2;1;1;1;5;1;3;2;151.88064877
2171;2026Q2;ES707A0;ES707;6;2;48;3;1;5;5;10;-1;-1;-1;6;-1;-1;-1;48;-9;-1;-1;-1;-1;2;3;2;2;2;-1;5;4;4;-9;6;3;3;2;3;3;5;5;2;5;1;5;3;3;5;2;2;3;3;1;3;3;3;4;5;5;3;1;1;1;3;3;1;3;3;1;1;1;1;1;1;1;1;2;-9;-1;-1;-9;6;5;6;4;1;39.027422291
2172;2026Q2;ES707A0;ES707;6;2;53;1;1;1;8;10;-1;-1;-1;1;-1;1;5;-1;-1;-1;-1;-1;-1;1;1;1;2;4;5;4;3;2;1;6;3;4;4;4;4;3;3;3;2;2;2;3;3;2;2;4;2;4;4;4;4;4;4;3;3;3;3;3;3;3;3;3;3;3;3;3;3;3;3;3;3;3;2;2;-1;-1;6;6;5;6;4;-3;19.513711146
2173;2026Q2;ES707A0;ES707;6;2;73;3;2;5;8;12;-1;-1;-1;1;-1;1;2;-1;-1;-1;-1;-1;-1;2;2;4;6;5;2;5;5;5;1;6;5;4;3;4;-9;4;5;4;4;4;5;4;2;4;4;4;4;2;1;3;3;3;5;5;5;5;1;1;4;4;-3;1;3;4;3;-3;-3;-3;-3;-3;-3;-3;2;3;-1;-1;1;1;4;6;3;1;795.86965139
2174;2026Q2;ES709A2;ES709;1;1;61;1;1;5;10;1;6;1;5;6;-1;-1;-1;73;5;-1;-1;1;1;3;3;8;7;6;2;5;5;5;2;1;3;3;2;4;3;4;5;4;5;3;5;3;2;1;5;2;4;4;3;4;5;5;5;5;5;5;3;2;4;2;3;3;3;2;3;3;3;3;4;1;3;3;2;1;1;1;1;6;5;6;5;1;1718.7698792
2175;2026Q2;ES709A2;ES709;6;2;71;1;1;1;5;12;-1;-1;-1;1;-1;1;5;-1;-1;-1;-1;-1;-1;1;1;1;2;4;6;5;5;5;3;6;4;4;2;2;2;5;5;2;5;2;5;2;5;2;2;2;3;2;2;2;2;2;2;4;4;4;2;3;5;5;4;2;3;2;2;-3;2;1;1;2;2;-3;2;3;-1;-1;6;6;3;6;4;-3;1414.3750641
2176;2026Q2;ES709A2;ES709;6;2;52;1;1;1;7;1;1;2;5;1;-1;-1;-1;-1;-1;-1;-1;-1;-1;2;2;6;3;3;5;5;5;5;5;1;5;5;4;5;5;4;4;5;2;4;2;4;2;2;4;4;4;4;5;3;5;5;4;2;2;4;4;4;5;5;4;4;4;4;5;3;5;4;4;3;4;4;2;3;-1;-1;6;6;1;6;4;1;818.37325345
2177;2026Q2;ES709A2;ES709;1;1;22;1;1;1;3;1;1;1;-9;6;-1;-1;-1;54;2;5;-1;-1;-1;4;4;3;7;4;3;5;5;5;5;6;5;5;5;5;5;1;5;5;1;5;5;5;5;5;5;5;5;5;5;5;5;5;4;4;5;4;4;3;-7;-7;-3;-7;-7;-7;-7;-7;-7;-7;-7;-7;-7;-7;3;-9;-1;-1;-9;-9;1;6;-3;-7;1871.2893752
2178;2026Q2;ES709A2;ES709;6;2;67;1;1;1;6;14;-1;-1;-1;6;-1;-1;-1;69;5;-1;-1;1;2;2;2;8;6;6;1;5;5;5;2;6;4;1;4;4;2;5;5;3;5;2;5;2;3;5;3;4;3;1;4;4;2;2;5;5;5;5;1;1;4;4;3;1;5;2;1;1;1;1;1;2;1;1;1;1;1;4;1;1;1;6;-3;3;2828.7501283
2179;2026Q2;ES709A2;ES709;1;1;51;1;1;1;5;10;-1;-1;-1;6;-1;-1;-1;80;5;-1;-1;1;-9;4;4;5;-9;-9;-1;2;2;2;2;6;-9;-9;-9;-9;-9;2;2;3;-9;2;2;-9;-9;2;-9;2;-9;-9;-9;2;4;-9;2;2;2;3;2;4;3;2;3;3;3;2;4;-3;3;3;-3;2;4;2;3;3;-1;-1;-9;6;1;6;3;-3;707.84089971
2180;2026Q2;ES707A0;ES707;1;1;60;1;1;1;8;5;-1;-1;6;6;-1;-1;-1;59;2;6;-1;-1;-1;3;3;2;6;4;5;3;3;3;3;-9;2;-9;-9;-9;-9;-9;-9;-9;-9;-9;-9;-9;-9;-9;-9;-9;-9;-9;-9;-9;-9;-9;-9;-9;-9;-9;-9;-9;-7;-7;-7;-7;-7;-7;-7;-7;-7;-7;-7;-7;-7;-7;2;-9;-1;-1;-9;6;1;-9;-3;-7;621.92461245
2181;2026Q2;ES707A0;ES707;1;1;72;1;1;1;9;12;-1;-1;-1;1;-1;1;2;-1;-1;-1;-1;-1;-1;2;2;4;7;6;2;4;3;2;2;6;2;4;2;4;4;4;4;4;2;2;2;3;2;2;4;4;2;2;3;2;4;3;4;2;2;4;3;3;4;3;3;4;4;3;4;2;4;2;2;2;3;3;3;1;1;4;1;6;5;6;1;1;894.38989096
2182;2026Q2;ES707A0;ES707;1;1;40;1;1;1;7;1;1;2;3;1;-1;-1;-1;-1;-1;-1;-1;-1;-1;2;4;2;5;3;4;4;2;1;1;6;3;2;3;4;3;4;5;2;5;2;3;2;3;3;3;3;3;3;2;3;3;3;4;3;4;4;2;2;-7;-7;-7;2;-7;2;3;-7;-7;-7;-7;-7;-7;-7;2;2;-1;-1;-9;-9;5;6;3;-7;62.698795332
2183;2026Q2;ES707A0;ES707;6;2;54;1;1;5;10;2;1;2;2;1;-1;-1;-1;-1;-1;-1;-1;-1;-1;3;4;2;7;4;2;2;2;1;2;6;2;4;3;5;5;5;3;5;4;5;2;4;2;2;4;4;5;3;4;5;4;3;4;2;3;3;4;3;2;3;3;4;4;4;4;-3;3;-3;-3;5;4;4;2;1;3;4;6;6;5;1;3;3;303.95358369
2184;2026Q2;ES707A0;ES707;1;1;37;3;3;3;5;1;6;2;9;1;-1;-1;-1;-1;-1;-1;-1;-1;-1;3;4;3;6;3;6;5;5;4;4;1;4;1;4;3;4;4;5;4;5;2;2;4;2;5;2;3;3;4;4;4;3;3;4;5;4;4;3;3;4;4;4;3;4;4;3;3;4;3;3;3;3;3;2;1;3;2;1;1;3;6;3;-3;859.45176006
2185;2026Q2;ES707A0;ES707;1;1;30;1;1;1;10;7;-1;-1;2;1;-1;-1;-1;-1;-1;-1;-1;-1;-1;1;1;1;7;6;1;-9;-9;-9;-9;6;-9;1;1;1;2;5;5;5;5;1;5;1;4;5;2;2;2;1;2;4;4;4;5;5;5;5;2;2;-7;-7;-7;-7;-7;-7;-7;-7;-7;-7;-7;-7;-7;-7;1;1;3;4;1;6;5;6;5;1;127.61104395
2186;2026Q2;ES707A0;ES707;6;2;58;1;1;1;8;2;6;2;4;1;-1;-1;-1;-1;-1;-1;-1;-1;-1;1;1;1;3;5;3;3;3;2;1;6;2;4;2;2;2;2;4;2;4;2;2;2;2;2;2;2;2;2;4;2;2;4;2;2;2;2;2;2;4;2;2;4;4;5;4;4;4;2;2;4;-3;-3;1;1;1;4;6;6;4;6;3;1;103.65783985
2187;2026Q2;ES706A0;ES706;6;2;57;1;1;5;7;10;-1;-1;-1;1;-1;1;4;-1;-1;-1;-1;-1;-1;1;1;1;3;5;3;5;3;3;1;6;4;4;2;4;4;4;5;4;2;4;4;4;2;4;3;4;4;3;3;4;4;4;3;4;4;4;3;3;4;5;4;3;1;4;5;3;4;1;1;3;3;3;2;2;-1;-1;1;6;5;1;3;-3;136.83803664
2188;2026Q2;ES706A0;ES706;1;1;40;1;1;1;4;1;6;2;9;1;-1;-1;-1;-1;-1;-1;-1;-1;-1;2;3;2;3;2;6;3;3;4;2;6;2;2;5;4;2;4;5;4;4;2;5;4;4;3;2;4;4;2;2;2;4;4;4;4;4;4;4;2;3;4;4;4;4;4;2;-3;4;-3;-3;-3;-3;2;2;1;3;-9;1;6;1;6;3;1;94.374227061
2189;2026Q2;ES706A0;ES706;6;2;47;3;1;5;10;1;6;2;2;1;-1;-1;-1;-1;-1;-1;-1;-1;-1;3;4;3;6;2;1;3;2;2;1;6;4;4;4;4;4;4;5;4;4;4;4;4;2;4;4;4;4;4;4;4;4;4;4;4;4;4;4;4;4;4;4;4;4;4;4;4;4;4;4;1;4;4;2;2;-1;-1;1;1;5;6;4;1;184.28228351
2190;2026Q2;ES706A0;ES706;1;1;51;1;1;1;8;1;6;2;7;1;-1;-1;-1;-1;-1;-1;-1;-1;-1;3;4;2;5;2;4;5;4;5;5;1;4;2;2;4;4;2;4;3;2;2;4;3;2;3;3;3;2;4;4;2;3;3;5;3;3;4;2;4;2;2;2;2;3;3;3;3;4;2;2;1;2;1;2;1;3;3;1;6;5;6;1;2;142.78746954
2191;2026Q2;ES706A0;ES706;6;2;80;1;1;1;2;12;-1;-1;-1;1;-1;1;9;-1;-1;-1;-1;-1;-1;1;1;1;2;4;6;2;2;2;2;6;4;4;4;4;4;2;2;4;3;4;4;4;4;4;4;4;4;4;4;4;4;4;4;4;4;4;4;4;3;3;3;3;3;2;3;3;3;3;3;3;3;3;3;1;3;4;1;1;5;6;3;-3;138.56441287
2192;2026Q2;ES706A0;ES706;1;1;51;1;1;1;7;1;6;1;3;1;-1;-1;-1;-1;-1;-1;-1;-1;-1;2;4;5;3;2;3;5;5;5;5;6;5;5;4;5;4;4;5;4;5;4;4;4;5;2;5;4;4;4;4;4;5;5;5;2;2;2;4;4;5;4;4;4;4;3;3;2;2;2;2;3;2;3;1;1;3;3;1;1;1;6;3;-3;95.19164636
2193;2026Q2;ES706A0;ES706;1;1;56;1;1;1;9;7;-1;-1;2;1;-1;-1;-1;-1;-1;-1;-1;-1;-1;1;1;1;4;6;2;-9;-9;-9;-9;6;1;1;1;3;1;5;3;1;5;1;4;1;5;4;1;1;1;1;1;1;1;1;5;5;5;5;1;1;1;1;1;1;1;1;1;1;1;1;1;1;1;1;3;1;5;4;6;6;1;6;5;1;44.175451955
2194;2026Q2;ES706A0;ES706;1;1;58;1;1;1;5;2;6;2;9;6;-1;-1;-1;54;1;3;-1;-1;-1;2;2;4;4;4;3;5;4;3;2;6;4;4;4;4;3;3;4;4;4;3;2;4;3;2;4;4;4;4;4;4;3;3;3;2;2;4;4;4;4;4;4;4;3;4;4;-3;-3;-3;4;2;3;3;1;2;-1;-1;6;6;1;6;4;1;88.35090391
2195;2026Q2;ES706A0;ES706;1;1;65;1;1;1;7;12;-1;-1;-1;1;-1;1;7;-1;-1;-1;-1;-1;-1;2;2;4;4;4;4;5;3;3;2;6;3;4;4;4;3;4;4;-9;4;4;4;3;4;4;4;4;4;4;4;3;4;4;4;4;4;4;3;4;4;3;3;3;3;3;3;2;4;1;2;1;3;4;3;1;1;1;6;6;1;6;4;2;500.72903851
2196;2026Q2;ES706A0;ES706;6;2;59;3;1;5;10;15;-1;-1;-1;6;-1;-1;-1;31;3;-1;-1;1;5;2;3;6;3;2;5;3;3;3;2;6;2;4;2;3;4;4;5;4;4;2;4;2;4;4;4;2;4;4;4;2;4;4;2;3;2;4;4;2;5;3;3;3;3;4;-3;-3;3;1;1;1;3;3;1;3;-1;-1;1;6;5;6;2;1;325.5118731
2197;2026Q2;ES706A0;ES706;6;2;61;2;1;5;7;1;6;2;9;1;-1;-1;-1;-1;-1;-1;-1;-1;-1;1;3;6;3;2;6;5;4;4;5;1;5;5;5;4;5;2;4;4;-9;4;5;5;3;5;3;4;4;4;4;4;5;5;2;2;4;2;5;5;5;5;5;4;5;5;5;4;4;4;4;4;4;4;3;2;-1;-1;6;6;5;6;1;1;171.83799731
2198;2026Q2;ES706A0;ES706;6;2;41;3;1;5;6;2;6;2;5;1;-1;-1;-1;-1;-1;-1;-1;-1;-1;2;4;2;5;2;5;4;4;4;2;1;2;4;3;2;3;2;4;3;5;3;3;3;3;3;3;3;3;3;3;3;3;4;4;3;3;4;3;4;4;3;3;3;4;4;3;3;3;3;3;3;3;3;2;-9;-1;-1;6;6;5;6;3;-3;103.44335553
2199;2026Q2;ES706A0;ES706;1;1;52;1;1;1;10;7;-1;-1;2;1;-1;-1;-1;-1;-1;-1;-1;-1;-1;2;2;8;7;6;-1;5;4;4;1;6;5;3;5;4;3;4;4;4;3;3;3;4;2;2;4;5;4;2;4;2;3;3;2;2;4;3;2;4;4;3;4;4;4;4;4;3;3;-3;-3;2;3;3;2;3;-1;-1;1;6;5;6;4;-3;95.19164636
2200;2026Q2;ES707A0;ES707;6;2;80;2;1;5;7;14;-1;-1;-1;6;-1;-1;-1;80;5;-1;-1;1;2;2;2;4;5;5;1;3;4;4;1;6;4;4;-9;4;4;4;3;4;2;2;2;4;4;2;4;3;4;2;3;4;4;4;2;2;2;4;-9;4;4;3;-3;3;4;3;4;-3;4;-3;-3;-3;-3;-3;2;3;-1;-1;6;6;5;6;-3;-3;969.92259992
2201;2026Q2;ES707A0;ES707;6;2;58;3;3;5;5;14;-1;-1;-1;1;1;2;5;-1;-1;-1;-1;-1;-1;2;2;6;3;3;3;4;4;4;3;1;4;4;3;4;4;3;5;4;5;2;5;4;5;4;5;4;5;2;4;5;5;5;4;2;2;5;2;2;4;3;3;3;4;4;3;3;4;3;3;1;3;3;2;1;4;3;1;6;5;6;5;1;2017.4231542
2202;2026Q2;ES707A0;ES707;1;1;59;3;1;5;10;7;-1;-1;2;1;-1;-1;-1;-1;-1;-1;-1;-1;-1;1;1;1;2;4;1;4;3;3;2;6;4;4;2;3;4;4;5;4;4;3;3;2;2;3;4;3;2;4;4;4;3;2;4;2;4;4;3;-9;5;4;3;4;4;4;4;-3;3;4;4;3;4;4;1;2;-1;-1;1;6;5;6;4;1;426.00514412
2203;2026Q2;ES707A0;ES707;6;2;66;1;1;1;5;12;-1;-1;-1;1;-1;1;9;-1;-1;-1;-1;-1;-1;1;1;1;2;4;6;4;4;4;2;6;4;4;4;4;4;4;4;2;4;4;4;4;4;4;4;4;4;4;4;4;4;4;4;4;4;4;4;4;4;4;4;4;4;4;4;4;4;4;4;3;3;4;2;1;1;4;1;1;1;6;1;2;484.96129996
2204;2026Q2;ES707A0;ES707;6;2;50;1;1;1;9;10;-1;-1;-1;6;-1;-1;-1;49;1;2;-1;-1;-1;3;4;2;5;2;1;5;2;3;1;6;3;3;2;3;3;5;4;1;5;2;4;3;4;4;3;3;3;1;3;4;2;3;5;5;5;5;2;2;4;4;1;1;3;2;3;3;3;1;2;3;3;2;2;1;1;2;1;6;5;1;3;1;164.20014128
2205;2026Q2;ES709A1;ES709;1;1;54;1;1;1;8;15;-1;-1;-1;1;1;1;7;-1;-1;-1;-1;-1;-1;2;2;6;3;3;4;5;5;3;1;6;3;2;4;4;4;5;5;3;4;1;5;1;5;4;2;1;1;1;1;1;3;2;5;5;5;5;1;1;3;1;4;1;4;1;1;1;1;1;1;1;1;1;3;1;1;3;1;1;5;6;1;1;2198.9189432
2206;2026Q2;ES709A2;ES709;1;1;27;1;1;1;7;1;6;2;6;6;-1;-1;-1;24;1;5;-1;-1;-1;2;2;4;6;5;5;5;5;3;5;1;4;3;4;4;4;4;5;4;4;2;4;2;4;3;4;4;3;2;2;3;4;4;4;5;4;4;2;2;5;4;4;3;2;4;3;2;1;2;2;2;2;-3;1;3;-1;-1;6;6;1;6;3;1;510.07565783
2207;2026Q2;ES709A2;ES709;6;2;43;1;1;1;7;1;6;2;5;6;-1;-1;-1;45;1;7;-1;-1;-1;2;3;6;5;4;5;4;4;2;2;6;4;3;4;4;2;2;4;3;3;2;4;2;2;4;3;4;3;3;4;2;4;4;4;4;4;4;2;2;4;4;-3;-3;-3;2;2;-3;-3;3;3;3;-3;3;1;1;3;1;1;1;5;6;4;-3;633.42210408
2208;2026Q2;ES709A2;ES709;6;2;64;3;2;5;5;10;-1;-1;-1;1;-1;2;5;-1;-1;-1;-1;-1;-1;1;1;1;2;3;3;5;5;4;1;6;4;4;3;4;4;3;3;4;3;4;3;3;3;3;4;4;4;4;3;3;4;4;3;4;3;3;3;3;3;3;3;4;4;4;4;3;2;3;3;2;3;3;3;2;-1;-1;1;6;5;6;3;2;80.768305288
2209;2026Q2;ES709A2;ES709;6;2;61;1;1;1;5;15;-1;-1;-1;1;1;1;5;-1;-1;-1;-1;-1;-1;1;1;1;2;4;5;3;5;1;1;6;3;4;4;4;2;4;4;2;3;4;4;2;4;4;2;4;2;2;4;4;2;2;4;4;4;4;2;2;3;3;3;3;3;1;2;-3;-3;-3;-3;3;-3;-3;2;1;3;-9;6;6;1;6;2;1;652.5765552
2210;2026Q2;ES709A2;ES709;1;1;44;1;1;1;7;1;6;2;5;6;-1;-1;-1;69;5;-1;-1;1;7;3;3;6;4;3;4;5;5;4;2;6;3;3;4;4;4;2;4;4;3;3;4;3;3;3;3;3;3;3;3;4;4;4;3;3;3;3;4;3;3;3;4;3;4;4;3;3;4;3;3;1;3;3;2;3;-1;-1;6;6;1;6;2;1;1185.1188366
2211;2026Q2;ES709A2;ES709;1;1;27;1;1;1;7;10;-1;-1;-1;6;-1;-1;-1;57;1;9;-1;-1;-1;4;4;3;3;2;6;5;5;3;3;1;5;5;4;5;5;5;3;4;2;3;2;4;2;3;3;4;3;4;4;4;4;4;4;2;4;3;4;3;4;4;4;4;4;4;3;3;4;3;3;4;4;4;2;2;-1;-1;6;6;1;6;2;-3;493.85115462
2212;2026Q2;ES709A2;ES709;1;1;33;3;1;3;6;7;-1;-1;5;1;-1;-1;-1;-1;-1;-1;-1;-1;-1;3;3;8;6;4;4;3;-9;-9;1;6;3;2;3;4;4;4;4;4;4;-9;4;-9;2;2;4;-9;-9;4;2;2;4;4;4;5;-9;-9;4;2;-3;4;-3;3;-3;4;4;-3;-3;-3;-3;-3;-3;-3;2;3;-1;-1;6;6;3;6;1;-3;935.64468761
2213;2026Q2;ES709A2;ES709;6;2;56;1;1;1;4;15;-1;-1;-1;1;6;-1;-1;-1;-1;-1;-1;-1;-1;1;2;6;3;3;-1;4;4;2;2;6;4;4;4;4;4;3;4;4;4;2;3;4;4;-9;2;2;2;4;2;4;-9;4;4;4;4;4;4;2;-3;-3;-3;-3;3;3;3;3;3;-3;-3;-3;-3;-3;3;2;-1;-1;6;6;1;6;1;-3;652.5765552
2214;2026Q2;ES709A2;ES709;6;2;25;1;1;1;10;2;6;2;2;6;-1;-1;-1;59;1;3;-1;-1;-1;3;3;6;6;4;3;3;1;2;3;6;3;3;3;3;3;5;5;3;5;3;5;4;5;5;5;3;3;3;3;3;3;3;5;3;3;5;3;1;-3;1;2;5;5;5;5;5;5;5;5;5;5;5;2;1;4;4;6;6;1;6;2;1;1243.1417041
2215;2026Q2;ES709A2;ES709;1;3;38;3;1;1;8;15;-1;-1;-1;6;-1;-1;-1;35;1;-9;-1;-1;-1;2;4;6;4;2;-1;5;5;2;1;6;2;3;3;4;5;4;5;4;5;1;5;2;3;4;3;4;1;1;3;4;4;4;4;5;5;5;3;2;-3;4;-3;2;4;4;4;4;2;2;2;5;3;1;1;3;-1;-1;6;6;1;6;1;3;1821.8245025
2216;2026Q2;ES709A2;ES709;1;1;36;1;1;1;5;1;1;1;9;6;-1;-1;-1;33;1;2;-1;-1;-1;2;4;2;6;3;1;4;5;3;3;6;5;5;5;5;5;4;3;4;3;4;4;4;2;3;3;4;4;4;4;3;3;4;2;2;3;3;3;4;5;4;4;4;4;3;3;4;4;2;4;4;4;4;1;3;-1;-1;6;6;1;6;2;3;790.07922442
2217;2026Q2;ES703A0;ES703;6;2;43;1;1;1;8;7;-1;-1;5;1;-1;-1;-1;-1;-1;-1;-1;-1;-1;2;2;4;6;5;3;4;4;3;1;6;4;3;4;3;3;4;4;3;4;2;2;2;3;3;4;2;2;4;4;3;4;4;4;3;4;4;3;3;4;4;4;3;4;4;3;-3;3;3;3;3;3;3;2;3;-1;-1;6;6;1;6;5;1;42.365611978
2218;2026Q2;ES703A0;ES703;6;2;45;1;1;1;7;2;6;2;3;1;-1;-1;-1;-1;-1;-1;-1;-1;-1;1;2;6;3;3;3;4;3;2;2;6;3;2;2;3;4;3;4;3;2;2;5;2;3;4;2;2;2;1;2;2;2;3;2;2;4;4;2;2;3;3;3;2;3;3;2;2;3;2;2;2;2;2;3;1;4;4;1;-9;1;6;4;1;32.77010261
2219;2026Q2;ES703A0;ES703;6;2;45;1;1;1;7;1;6;2;5;1;-1;-1;-1;-1;-1;-1;-1;-1;-1;1;2;6;3;3;5;3;4;3;4;1;4;5;3;4;4;3;3;5;2;3;4;3;1;2;1;4;4;2;4;2;4;4;1;5;4;3;1;2;1;1;1;1;1;1;2;1;1;1;1;1;1;1;2;3;-1;-1;6;6;1;6;2;-3;32.77010261
2220;2026Q2;ES703A0;ES703;6;2;24;1;1;5;9;1;1;1;-9;6;-1;-1;-1;64;1;2;-1;-1;-1;3;3;5;7;5;1;4;4;4;1;6;5;4;3;4;3;4;4;3;4;3;4;3;4;4;4;4;4;4;4;4;4;4;4;4;4;4;2;2;3;3;3;3;4;3;3;3;2;2;3;2;2;2;1;2;-1;-1;1;1;5;6;5;1;126.71352485
2221;2026Q2;ES703A0;ES703;6;2;55;1;1;1;5;2;6;2;4;1;-1;-1;-1;-1;-1;-1;-1;-1;-1;1;1;1;4;6;3;5;3;2;1;6;3;4;2;4;3;4;5;4;4;2;3;2;2;4;4;2;3;3;2;4;4;2;2;4;4;4;2;2;4;3;3;2;-3;3;2;3;3;4;4;1;3;2;1;1;1;1;1;6;5;6;3;-7;84.564792743
2222;2026Q2;ES703A0;ES703;6;2;27;1;1;1;10;1;6;1;2;6;-1;-1;-1;30;1;9;-1;-1;-1;2;2;4;5;5;6;4;4;4;4;6;3;1;2;3;1;5;5;4;5;1;5;2;5;5;1;3;1;4;2;4;4;4;5;5;4;4;-9;2;2;1;3;4;4;2;4;3;4;3;3;2;2;1;2;1;1;2;1;6;1;6;5;1;84.475683232
2223;2026Q2;ES703A0;ES703;6;2;19;1;1;1;5;10;-1;-1;-1;6;-1;-1;-1;59;1;7;-1;-1;-1;3;4;5;4;2;5;2;2;2;2;6;2;4;2;3;3;2;4;3;4;3;3;-9;3;2;-9;-9;2;3;-9;-9;4;4;3;2;-9;3;-9;3;-3;-3;4;-3;-3;2;2;-3;3;3;3;-3;-3;-3;2;2;-1;-1;6;6;1;6;2;-3;31.534636075
2224;2026Q2;ES703A0;ES703;1;1;60;3;3;3;10;10;-1;-1;-1;6;-1;-1;-1;52;1;5;-1;-1;-1;2;3;2;4;3;5;4;2;4;2;6;4;5;4;5;4;4;4;4;4;4;4;4;4;4;4;4;4;4;4;4;4;4;2;4;4;4;4;4;4;3;4;5;5;5;4;4;4;4;5;4;4;4;1;1;4;3;1;1;3;6;4;1;259.04714757
2225;2026Q2;ES703A0;ES703;1;1;44;3;1;5;8;1;1;2;3;1;-1;-1;-1;-1;-1;-1;-1;-1;-1;2;4;2;7;5;4;5;5;2;1;1;2;4;4;4;4;4;2;4;2;4;4;4;2;2;4;4;4;4;4;4;4;4;2;2;2;2;4;2;4;4;4;4;4;5;-3;3;3;4;5;1;1;1;1;3;-1;-1;6;6;5;1;3;3;99.999540987
2226;2026Q2;ES703A0;ES703;6;2;29;1;1;1;4;2;6;1;5;-9;-1;-1;-1;-1;-1;-1;-1;-1;-1;2;3;8;-9;-9;-1;5;3;2;2;1;2;4;-9;4;4;4;4;4;4;2;2;4;2;2;4;-9;-9;2;2;2;2;4;2;2;2;2;2;-9;3;1;1;5;1;5;3;3;1;1;-3;1;3;3;2;3;-1;-1;6;6;4;6;2;-3;84.475683232
2227;2026Q2;ES703A0;ES703;6;2;26;2;1;4;8;2;6;1;5;1;-1;-1;-1;-1;-1;-1;-1;-1;-1;2;2;4;5;5;5;2;1;2;1;-9;2;2;2;2;2;2;2;2;2;2;2;2;1;2;1;2;2;2;2;2;2;2;2;2;2;2;2;2;2;2;2;2;2;2;2;2;2;2;2;2;2;2;2;-9;-1;-1;-9;-9;3;-9;-7;-7;84.475683232
2228;2026Q2;ES703A0;ES703;1;1;55;1;1;1;2;1;6;1;6;6;-1;-1;-1;80;5;-1;-1;1;9;2;2;6;4;4;6;3;3;2;3;6;4;4;4;4;4;4;4;4;4;4;4;4;4;4;5;5;4;4;4;4;4;4;4;4;4;4;2;2;4;3;4;3;4;4;2;3;3;4;3;3;3;2;2;1;2;3;1;1;1;6;4;1;56.357278374
2229;2026Q2;ES703A0;ES703;6;2;52;1;1;1;5;7;-1;-1;5;1;-1;-1;-1;-1;-1;-1;-1;-1;-1;2;2;4;2;2;3;4;5;3;5;1;4;4;2;4;4;-9;4;4;3;-9;2;4;2;4;4;-9;4;4;-9;4;-9;4;5;2;2;-9;-9;-9;4;2;4;4;4;4;3;-3;4;-3;4;1;3;4;2;-9;-1;-1;6;6;5;6;2;-3;65.540205221
2230;2026Q2;ES703A0;ES703;1;1;32;1;1;1;3;2;6;2;9;1;-1;-1;-1;-1;-1;-1;-1;-1;-1;3;3;5;4;3;6;3;2;3;3;6;4;4;2;2;4;4;4;4;2;4;4;4;2;2;4;4;4;4;4;4;4;4;4;4;2;2;4;2;4;4;5;3;4;3;4;3;4;4;4;4;4;4;2;3;-1;-1;6;6;3;6;5;1;255.35758129
2231;2026Q2;ES703A0;ES703;1;1;27;1;1;1;7;2;6;2;5;-9;-1;-1;-1;-1;-1;-1;-1;-1;-1;3;3;8;3;2;-1;5;3;2;2;6;3;2;2;4;2;4;4;4;-9;-9;2;2;4;2;2;3;2;3;2;4;4;4;4;2;2;2;-9;2;4;2;4;-3;2;3;2;2;2;2;2;4;2;2;1;3;-1;-1;1;6;1;6;2;2;255.35758129
2232;2026Q2;ES703A0;ES703;1;1;47;3;1;5;7;1;6;2;8;1;-1;-1;-1;-1;-1;-1;-1;-1;-1;2;2;6;4;4;5;5;4;4;3;6;4;4;4;4;4;2;4;4;4;2;4;4;4;4;2;4;4;4;4;4;4;4;4;2;4;4;3;4;4;4;4;5;4;4;3;-3;4;4;-3;4;4;4;1;1;4;1;1;6;5;6;4;-3;89.232339289
2233;2026Q2;ES703A0;ES703;6;2;45;1;1;1;9;2;6;2;2;1;-1;-1;-1;-1;-1;-1;-1;-1;-1;1;3;6;5;3;1;5;4;4;3;6;3;4;3;4;4;4;4;4;3;3;4;3;3;2;3;4;4;3;3;4;4;4;3;3;4;4;3;2;4;3;3;4;4;4;4;4;4;4;4;4;4;3;1;1;1;3;6;6;5;6;4;3;32.77010261
2234;2026Q2;ES703A0;ES703;6;2;65;3;1;5;8;2;6;2;9;1;-1;-1;-1;-1;-1;-1;-1;-1;-1;1;1;1;3;5;6;-9;2;1;1;6;4;4;3;4;4;4;4;4;3;2;2;2;2;2;4;2;2;4;2;2;2;4;2;2;2;2;4;4;4;3;4;4;3;4;4;-3;3;3;3;4;3;3;2;1;2;3;1;1;5;6;3;3;48.197612342
2235;2026Q2;ES703A0;ES703;6;2;40;2;1;5;4;1;6;1;5;1;-1;-1;-1;-1;-1;-1;-1;-1;-1;1;2;6;2;2;5;4;5;4;4;1;3;3;3;2;3;5;5;4;5;2;4;2;2;5;4;1;1;3;3;3;3;3;3;3;4;3;3;3;3;4;4;3;3;3;3;3;3;3;2;1;2;3;3;-9;-1;-1;6;6;3;6;5;1;21.182805989
2236;2026Q2;ES703A0;ES703;6;2;39;1;1;5;9;1;1;2;2;1;-1;-1;-1;-1;-1;-1;-1;-1;-1;2;3;2;6;5;2;4;4;3;1;6;4;3;4;4;4;4;4;4;4;4;2;4;2;2;4;4;4;4;4;4;4;4;3;2;2;2;3;3;3;4;4;4;4;3;3;3;4;-3;3;3;3;2;2;2;-1;-1;6;6;4;6;4;-3;42.365611978
2237;2026Q2;ES703A0;ES703;1;1;54;1;1;1;8;1;1;1;1;1;-1;-1;-1;-1;-1;-1;-1;-1;-1;1;1;1;6;6;2;5;5;5;5;6;4;4;2;4;4;4;4;2;4;2;4;4;2;4;2;4;4;2;2;4;4;4;4;4;4;4;2;2;4;3;3;2;3;3;4;2;3;2;2;-3;3;3;1;3;-1;-1;6;6;5;1;4;-3;44.616169645
2238;2026Q2;ES703A0;ES703;1;1;66;1;1;1;10;12;-1;-1;-1;1;-1;1;2;-1;-1;-1;-1;-1;-1;2;2;4;7;6;1;3;3;3;1;6;2;3;3;3;3;4;5;2;4;2;5;2;3;3;2;2;2;2;2;3;2;4;4;4;4;4;2;2;3;3;3;4;3;3;3;2;3;3;3;2;3;2;1;1;1;4;1;6;5;6;4;1;261.78133427
2239;2026Q2;ES703A0;ES703;1;1;47;1;1;1;8;7;-1;-1;7;6;-1;-1;-1;43;1;2;-1;-1;-1;3;4;2;7;5;1;5;4;4;1;6;2;1;4;4;2;5;5;4;5;4;5;5;2;2;2;4;2;1;4;5;4;4;5;5;5;5;1;1;5;2;4;1;3;4;4;1;4;1;1;1;1;1;1;1;3;4;6;6;1;6;1;3;133.84850893
2240;2026Q2;ES703A0;ES703;1;1;53;3;1;3;6;18;-1;-1;-1;6;-1;-1;-1;52;2;1;-1;-1;-1;4;4;8;6;2;-1;3;3;3;3;6;4;4;4;4;2;2;3;4;2;2;2;2;2;2;2;2;2;2;2;2;2;2;2;2;2;2;4;2;-3;-3;-3;-3;-3;-3;-3;-3;-3;-3;-3;-3;-3;-3;2;3;-1;-1;6;6;3;6;-7;-3;495.75202965
2241;2026Q2;ES703A0;ES703;6;2;53;1;1;1;8;1;1;1;-9;1;-1;-1;-1;-1;-1;-1;-1;-1;-1;1;1;1;3;5;-1;3;3;3;1;6;4;3;5;4;4;2;1;4;3;3;3;4;2;2;3;4;4;4;3;4;3;4;3;3;2;2;3;3;4;3;3;1;3;3;3;1;3;3;3;1;3;1;1;1;3;4;1;1;5;6;4;1;32.77010261
2242;2026Q2;ES706A0;ES706;6;2;50;1;1;1;5;10;-1;-1;-1;1;-1;1;3;-1;-1;-1;-1;-1;-1;1;2;6;2;2;2;5;5;5;3;6;1;2;2;2;2;4;5;3;4;2;5;2;4;5;2;2;2;2;3;4;2;4;5;5;4;4;2;1;2;2;3;2;3;1;2;3;3;3;3;1;1;1;3;1;1;4;6;6;5;6;5;1;25.089473867
2243;2026Q2;ES706A0;ES706;6;2;34;3;1;5;6;1;6;2;5;6;-1;-1;-1;38;1;5;-1;-1;-1;2;2;4;3;3;5;5;5;5;5;1;5;4;5;5;5;4;5;4;5;4;5;4;2;2;3;4;3;4;4;3;3;4;2;2;-9;1;-9;4;1;1;1;-7;-7;1;1;1;1;-7;-7;1;1;1;2;-9;-1;-1;6;6;5;6;4;1;169.99882809
2244;2026Q2;ES706A0;ES706;6;2;49;1;1;1;7;11;-1;-1;-1;1;-1;-1;-1;-1;-1;-1;-1;-1;-1;1;1;1;1;1;-1;4;4;3;2;6;2;4;3;3;2;4;4;2;4;4;4;2;2;2;2;2;4;2;2;2;2;3;4;4;4;4;2;2;2;2;2;2;2;2;3;2;2;2;1;2;2;2;1;1;1;1;1;6;4;6;4;1;25.089473867
2245;2026Q2;ES706A0;ES706;1;1;38;1;1;1;8;1;6;1;6;1;-1;-1;-1;-1;-1;-1;-1;-1;-1;1;1;1;3;5;5;5;5;3;2;6;5;5;4;4;4;4;5;4;5;2;4;2;2;2;2;2;4;4;4;4;4;4;4;4;4;4;4;5;3;3;3;5;3;5;4;3;4;3;3;3;3;5;3;1;4;1;1;1;1;6;5;3;44.798082395
2246;2026Q2;ES706A0;ES706;1;1;67;3;1;5;5;12;-1;-1;-1;1;-1;1;7;-1;-1;-1;-1;-1;-1;1;1;1;3;5;5;3;3;3;1;6;4;5;4;4;4;3;4;4;4;2;1;3;2;4;2;2;1;2;-9;-9;-9;4;2;4;5;5;-9;3;3;3;3;3;3;3;3;3;3;3;3;-3;3;3;2;1;1;-9;6;6;5;6;3;2;237.68884179
2247;2026Q2;ES706A0;ES706;6;2;50;1;1;1;5;7;-1;-1;6;1;-1;-1;-1;-1;-1;-1;-1;-1;-1;2;3;2;3;2;5;4;2;2;3;1;4;4;4;4;4;-9;2;4;4;4;2;-9;4;2;3;4;4;4;4;4;4;4;2;3;4;4;-9;4;-3;-3;4;-3;3;3;-3;3;3;-3;-3;4;3;2;2;2;-1;-1;-9;-9;1;1;4;1;116.63485082
2248;2026Q2;ES706A0;ES706;6;2;26;1;1;1;10;2;6;2;3;1;-1;-1;-1;-1;-1;-1;-1;-1;-1;4;4;2;6;3;3;5;5;3;1;6;5;3;2;5;4;5;5;2;5;2;4;2;5;3;4;2;4;2;3;5;5;5;4;3;5;3;3;3;4;3;4;3;5;4;3;4;3;3;3;1;3;3;2;1;3;4;1;6;1;6;3;1;339.99765618
2249;2026Q2;ES706A0;ES706;6;2;23;1;1;1;3;13;-1;-1;-1;6;-1;-1;-1;60;1;5;-1;-1;-1;4;4;2;6;3;3;5;4;3;3;1;4;2;1;3;3;5;5;3;5;2;5;2;3;4;3;4;2;2;3;2;4;4;3;5;5;5;2;3;5;3;4;3;3;4;-3;-3;3;3;3;1;3;2;2;1;1;2;1;6;1;6;4;1;381.88583968
2250;2026Q2;ES706A0;ES706;6;2;38;1;1;1;5;1;6;2;9;6;-1;-1;-1;39;2;8;-1;-1;-1;2;2;4;6;5;5;5;3;3;5;1;4;4;4;3;4;3;5;2;4;1;5;3;4;4;4;2;3;2;3;4;4;4;5;5;5;5;4;2;5;4;4;3;4;4;3;3;4;3;3;4;4;4;2;1;1;4;1;6;5;6;2;1;98.206133358
2251;2026Q2;ES703A0;ES703;6;2;70;1;1;5;4;12;-1;-1;-1;1;-1;2;9;-1;-1;-1;-1;-1;-1;1;1;1;2;3;6;-9;4;4;1;6;4;4;-9;5;4;2;2;4;2;4;2;4;4;2;4;4;4;4;4;2;4;4;1;2;2;2;4;4;5;3;4;4;5;5;5;4;4;4;4;4;4;5;2;2;-1;-1;6;6;5;6;1;2;45.889444736
2252;2026Q2;ES703A0;ES703;6;2;60;1;1;1;3;15;-1;-1;-1;-9;-1;-1;-1;-1;-1;-1;-1;-1;-1;2;2;8;-9;-9;-1;5;5;5;1;1;4;4;4;4;4;4;4;4;2;4;2;4;2;2;4;4;4;3;4;4;4;4;2;3;3;3;4;3;4;3;4;4;3;3;2;-3;2;-3;-3;-3;4;-3;3;3;-1;-1;6;6;5;6;2;-3;131.94521164
2253;2026Q2;ES703A0;ES703;6;2;64;1;1;1;7;12;-1;-1;-1;1;-1;1;9;-1;-1;-1;-1;-1;-1;3;4;-9;4;2;6;4;-9;-9;-9;6;-9;-9;-9;-9;-9;-9;-9;-9;-9;-9;-9;-9;-9;-9;-9;-9;-9;-9;-9;-9;-9;-9;-9;-9;-9;-9;-9;-9;2;2;2;2;2;2;2;2;2;2;2;2;2;2;3;2;-1;-1;6;6;5;6;-7;-7;197.91781745
2254;2026Q2;ES703A0;ES703;1;1;74;1;1;5;2;12;-1;-1;-1;1;-1;1;7;-1;-1;-1;-1;-1;-1;2;2;6;6;6;4;5;4;2;1;6;4;4;3;4;3;3;5;4;5;2;5;3;2;3;3;3;3;2;3;3;2;3;4;4;5;5;3;1;5;4;5;2;4;3;4;3;4;3;4;3;4;4;1;1;1;4;1;6;5;6;4;1;144.56431998
2255;2026Q2;ES703A0;ES703;6;2;62;1;1;1;5;2;1;1;9;1;-1;-1;-1;-1;-1;-1;-1;-1;-1;1;1;1;3;5;6;3;4;3;1;6;4;4;4;4;4;4;4;3;4;3;4;3;3;4;3;3;4;3;3;3;3;4;3;3;-9;3;3;3;-3;-3;-3;-3;-3;-3;-3;-3;-3;-3;-3;-3;-3;-3;2;3;-1;-1;6;6;3;6;5;2;46.699478369
2256;2026Q2;ES703A0;ES703;6;2;20;1;1;1;8;13;-1;-1;-1;6;-1;-1;-1;41;3;-1;-1;1;9;2;3;6;3;2;6;5;5;3;3;6;4;4;4;5;4;4;5;4;4;4;4;4;4;4;2;4;4;2;2;4;4;4;4;2;4;4;2;2;4;4;4;3;3;3;3;3;3;3;3;2;3;3;1;1;3;2;1;6;4;6;5;1;85.196524044
2257;2026Q2;ES703A0;ES703;1;1;66;3;1;5;10;12;-1;-1;-1;1;-1;1;7;-1;-1;-1;-1;-1;-1;2;2;4;2;2;5;4;5;4;4;6;4;4;2;4;3;4;5;4;4;4;4;3;3;4;3;4;3;4;3;4;3;3;4;4;3;4;4;3;3;4;3;4;3;4;4;3;3;4;3;3;3;4;2;2;-1;-1;6;6;5;6;3;1;144.56431998
2258;2026Q2;ES703A0;ES703;6;2;44;3;2;5;10;1;1;1;3;6;-1;-1;-1;40;2;-9;-1;-1;-1;2;2;4;2;2;-1;5;5;5;5;1;4;3;3;4;3;3;5;4;4;3;3;2;3;4;3;2;3;3;4;3;4;5;4;3;3;3;4;4;4;4;4;5;5;2;4;-7;-3;4;4;2;4;2;1;2;-1;-1;1;6;4;6;5;1;84.241110135
2259;2026Q2;ES703A0;ES703;6;2;52;3;1;5;3;18;-1;-1;-1;-9;-1;-1;-1;-1;-1;-1;-1;-1;-1;2;2;8;-9;-9;-1;5;5;3;2;6;3;5;-9;4;2;4;4;2;2;-9;-9;2;2;2;2;4;4;-9;-9;2;4;4;2;4;2;4;2;2;3;3;2;2;-3;1;1;-3;3;3;3;-3;-3;1;2;3;-1;-1;6;6;5;6;2;1;74.739726161
2260;2026Q2;ES703A0;ES703;6;2;52;1;1;1;7;2;6;2;5;1;-1;-1;-1;-1;-1;-1;-1;-1;-1;2;2;9;5;5;3;5;4;4;2;1;5;5;3;5;5;2;4;5;4;4;4;5;2;-9;5;5;5;5;5;5;5;5;4;3;-9;3;3;3;4;3;3;3;3;3;5;-7;3;-3;-3;3;-3;-7;2;2;-1;-1;6;6;1;6;3;2;36.193471263
2261;2026Q2;ES703A0;ES703;6;2;32;1;1;1;8;1;1;1;4;1;-1;-1;-1;-1;-1;-1;-1;-1;-1;1;1;1;2;4;3;5;4;5;2;6;5;5;5;5;4;5;5;2;5;2;5;4;3;4;3;3;4;2;2;2;4;4;3;3;4;4;2;2;4;3;3;3;3;3;3;3;3;3;3;3;-3;-3;2;3;-1;-1;6;6;1;6;5;1;23.325134574
2262;2026Q2;ES703A0;ES703;6;2;80;1;1;1;3;12;-1;-1;-1;1;-1;-9;-1;-1;-1;-1;-1;-1;-1;2;2;8;2;2;-1;5;5;5;2;6;3;4;2;4;4;4;4;4;4;4;2;4;2;2;4;4;4;4;4;4;4;4;2;2;2;2;4;4;4;4;4;4;4;4;4;4;4;4;4;4;4;4;3;3;-1;-1;6;6;1;6;2;-3;91.778889473
2263;2026Q2;ES703A0;ES703;1;1;37;1;1;1;8;1;6;1;1;6;-1;-1;-1;37;1;3;-1;-1;-1;2;2;4;6;6;3;4;4;4;3;1;4;4;4;3;4;3;5;4;3;4;3;4;2;2;4;4;4;4;4;4;4;4;3;3;2;3;3;4;4;3;4;3;3;3;4;4;3;4;4;3;4;4;2;3;-1;-1;6;6;5;6;3;1;55.223057371
2264;2026Q2;ES703A0;ES703;1;1;36;3;1;5;8;1;1;2;7;1;-1;-1;-1;-1;-1;-1;-1;-1;-1;4;4;2;7;5;4;4;4;3;2;1;4;4;2;4;4;3;5;3;5;3;4;4;5;5;3;3;2;4;3;3;4;4;5;5;4;5;4;2;4;4;3;4;3;4;2;3;2;3;3;1;3;2;3;1;4;4;6;6;5;6;4;1;110.44611474
2265;2026Q2;ES704A0;ES704;1;1;48;1;1;1;8;2;1;2;3;1;-1;-1;-1;-1;-1;-1;-1;-1;-1;3;3;2;6;4;3;5;5;5;2;6;5;5;5;4;5;2;5;5;4;5;5;4;4;4;4;5;5;4;4;3;4;4;2;2;4;4;2;2;4;3;4;2;3;2;2;2;3;3;3;4;4;4;2;1;4;3;1;6;1;6;3;1;706.06386705
2266;2026Q2;ES704A0;ES704;6;2;28;1;1;1;7;1;6;2;3;6;-1;-1;-1;33;1;9;-1;-1;-1;2;3;2;7;5;6;4;5;4;4;1;3;4;3;4;4;3;2;4;4;4;3;2;4;3;3;4;3;3;3;4;4;3;3;3;4;4;3;3;2;2;2;2;2;2;2;2;2;2;2;2;2;2;3;1;3;1;6;6;1;6;3;2;854.50521009
2267;2026Q2;ES704A0;ES704;1;1;43;3;3;4;3;1;6;1;6;1;-1;-1;-1;-1;-1;-1;-1;-1;-1;2;4;2;3;2;5;5;5;5;5;6;5;4;4;4;4;4;4;5;4;4;4;4;4;4;4;4;4;4;4;4;4;4;4;4;4;4;4;4;4;4;4;4;4;4;4;4;-3;4;4;2;4;4;2;3;-1;-1;6;6;4;6;3;3;983.34678457
2268;2026Q2;ES704A0;ES704;1;1;70;3;2;5;7;12;-1;-1;-1;1;-1;1;5;-1;-1;-1;-1;-1;-1;2;2;4;4;4;5;5;5;5;1;6;4;4;4;4;4;4;4;4;4;2;4;2;2;4;2;4;4;2;4;4;4;4;4;4;4;4;2;2;4;4;4;2;4;4;2;4;4;4;3;1;4;4;2;1;3;4;1;6;5;6;5;1;1628.8880893
2269;2026Q2;ES704A0;ES704;6;2;55;1;1;1;5;7;-1;-1;5;6;-1;-1;-1;57;1;9;-1;-1;-1;2;2;4;4;4;6;3;3;2;3;1;4;4;4;4;4;2;2;4;2;4;4;4;2;2;4;4;4;5;4;5;4;4;2;2;4;2;4;5;4;3;4;3;3;3;3;3;4;3;3;3;3;3;3;3;-1;-1;6;6;1;6;4;1;112.13423277
2270;2026Q2;ES704A0;ES704;1;1;51;1;1;1;5;1;6;2;7;1;-1;-1;-1;-1;-1;-1;-1;-1;-1;4;4;6;6;3;4;5;4;4;1;6;4;4;4;4;4;4;4;2;4;4;4;2;4;2;4;2;4;3;2;2;4;4;2;2;3;4;3;3;2;4;2;3;3;3;3;3;2;2;3;2;2;1;2;3;-1;-1;6;6;1;6;1;-3;941.4184894
2271;2026Q2;ES704A0;ES704;1;1;26;1;1;1;5;13;-1;-1;-1;6;-1;-1;-1;34;1;5;-1;-1;-1;2;2;4;6;5;5;4;3;4;5;6;2;3;2;4;4;4;5;4;4;2;4;4;5;5;3;1;1;1;3;3;2;3;5;5;5;5;1;2;3;3;3;3;3;2;3;2;1;3;3;1;3;4;1;1;3;4;6;6;3;6;4;2;1494.1811529
2272;2026Q2;ES704A0;ES704;6;2;52;1;1;1;10;2;6;2;2;1;-1;-1;-1;-1;-1;-1;-1;-1;-1;2;4;2;7;5;1;5;5;4;1;6;4;2;4;4;3;2;5;3;2;4;3;3;4;2;4;3;3;2;3;4;4;3;4;2;3;3;3;2;4;4;4;2;2;3;4;-3;2;3;3;1;3;3;2;3;-1;-1;1;6;5;6;3;1;158.48064513
2273;2026Q2;ES704A0;ES704;1;1;39;1;1;1;7;1;6;2;7;1;-1;-1;-1;-1;-1;-1;-1;-1;-1;2;4;2;3;1;4;3;2;2;2;1;4;5;4;4;4;4;2;4;1;3;3;3;2;1;4;4;3;3;3;3;4;4;3;3;3;1;4;3;4;4;4;3;3;3;1;3;2;2;4;1;2;3;1;1;3;2;1;6;1;6;4;1;341.21504647
2274;2026Q2;ES708A0;ES708;1;1;50;1;1;1;5;1;6;2;8;1;-1;-1;-1;-1;-1;-1;-1;-1;-1;1;1;1;3;5;5;3;3;3;3;6;4;2;4;4;4;2;4;2;4;2;2;2;2;2;4;2;4;2;4;2;4;4;2;4;4;4;2;2;4;4;4;1;4;2;2;4;4;1;4;1;4;1;3;2;-1;-1;1;6;1;6;5;1;638.00172506
2275;2026Q2;ES708A0;ES708;6;2;69;1;1;5;7;12;-1;-1;-1;1;-1;1;5;-1;-1;-1;-1;-1;-1;2;2;8;4;4;5;5;5;5;1;6;5;5;3;5;3;5;3;4;3;5;4;3;5;3;1;5;3;2;4;3;2;2;3;3;3;3;2;3;-3;-3;-3;-3;-3;-3;-3;-3;-3;-3;-3;-3;-3;-3;3;1;2;3;1;6;5;6;3;-3;1865.4328543
2276;2026Q2;ES708A0;ES708;6;2;30;1;1;1;9;1;6;2;4;6;-1;-1;-1;39;1;4;-1;-1;-1;2;4;2;4;2;3;5;5;3;3;6;4;1;1;2;1;5;5;2;5;1;4;1;5;4;2;1;2;1;1;2;2;4;5;5;5;5;1;1;2;2;2;1;1;1;1;2;1;1;1;1;2;2;3;1;2;3;1;6;1;6;4;1;466.00358375
2277;2026Q2;ES708A0;ES708;6;2;25;2;1;1;8;2;6;2;3;6;-1;-1;-1;62;1;4;-1;-1;-1;3;3;2;6;5;3;3;4;4;3;6;3;2;3;4;3;2;5;3;5;2;5;3;5;3;3;2;3;4;2;2;4;4;5;4;5;5;2;2;3;3;3;3;4;3;2;2;3;1;1;1;1;1;1;2;-1;-1;1;6;1;6;5;1;699.00537562
2278;2026Q2;ES708A0;ES708;6;2;58;3;1;5;5;10;-1;-1;-1;6;-1;-1;-1;80;5;-1;-1;1;9;3;3;8;3;2;6;3;3;-9;1;6;4;4;4;4;4;4;4;4;2;4;4;-9;2;2;4;4;4;4;4;4;4;4;2;2;2;2;4;4;4;-3;4;4;4;4;4;3;-3;-3;4;-3;-3;-3;3;3;-1;-1;6;6;5;6;-3;-3;86.299752131
2279;2026Q2;ES708A0;ES708;6;2;24;3;3;3;5;11;-1;-1;-1;6;-1;-1;-1;50;1;5;-1;-1;-1;4;4;5;6;2;5;5;5;5;4;1;4;5;3;5;5;5;5;4;5;5;1;1;1;4;3;3;5;5;5;5;5;5;5;1;5;5;5;3;4;4;4;3;4;4;3;4;3;3;3;4;4;4;2;2;-1;-1;1;6;2;6;3;1;403.90691323
2280;2026Q2;ES708A0;ES708;1;1;29;1;1;1;5;8;-1;-1;5;6;-1;-1;-1;56;2;3;-1;-1;-1;2;2;6;3;3;3;5;5;5;5;1;5;1;1;3;3;5;5;5;5;1;5;1;5;1;3;1;1;1;1;3;5;5;5;5;5;5;1;1;4;3;1;1;3;1;1;1;1;1;2;1;1;1;1;1;5;4;1;6;5;6;5;1;501.81376606
2281;2026Q2;ES708A0;ES708;6;2;59;1;1;1;10;1;6;2;4;1;-1;-1;-1;-1;-1;-1;-1;-1;-1;1;1;1;4;6;3;5;5;5;5;1;5;1;5;5;3;5;5;5;5;5;5;5;5;4;3;5;3;3;5;5;5;5;5;5;5;5;1;1;5;3;3;3;3;1;3;3;5;3;3;3;3;3;2;1;1;1;1;1;1;1;4;1;57.706312799
2282;2026Q2;ES708A0;ES708;6;2;47;3;2;5;10;1;1;2;1;6;-1;-1;-1;52;1;-9;-1;-1;-1;2;2;4;-9;-9;-1;5;5;4;5;1;5;5;5;5;4;4;5;4;5;3;5;3;4;4;4;2;4;3;1;5;5;5;5;5;5;5;2;2;3;3;4;3;3;3;3;3;2;2;2;1;3;3;1;1;5;4;1;6;2;6;5;1;364.80049166
2283;2026Q2;ES708A0;ES708;6;2;65;1;1;1;7;15;-1;-1;-1;6;-1;-1;-1;67;5;-1;-1;1;7;4;4;2;7;4;4;5;5;4;1;1;4;4;2;4;4;3;4;2;2;4;2;2;2;3;2;2;3;2;2;4;4;4;2;4;2;4;2;2;5;-7;2;4;4;-7;-7;-3;2;-3;-3;2;2;2;3;1;2;2;1;6;5;6;3;1;1014.9376873
2284;2026Q2;ES708A0;ES708;6;2;45;1;1;1;4;7;-1;-1;9;1;-1;-1;-1;-1;-1;-1;-1;-1;-1;2;3;2;4;3;6;4;5;4;3;1;4;4;2;4;4;4;5;3;4;2;5;2;2;4;4;3;2;2;3;4;4;4;4;3;2;4;2;2;4;4;3;3;4;2;2;3;4;4;4;3;4;3;2;3;-1;-1;6;6;5;6;4;1;247.8127776
2285;2026Q2;ES708A0;ES708;6;2;25;1;1;1;5;11;-1;-1;-1;6;-1;-1;-1;61;2;6;-1;-1;-1;3;3;2;4;3;5;5;5;4;5;1;2;1;4;2;2;5;5;2;5;1;5;4;2;4;2;2;2;2;4;2;2;2;4;5;5;5;1;4;4;4;2;1;5;2;2;2;5;4;4;1;4;1;2;1;3;2;1;6;1;6;3;1;86.299752131
2286;2026Q2;ES708A0;ES708;1;1;18;1;1;1;5;13;-1;-1;-1;6;-1;-1;-1;43;3;-1;-1;1;5;4;4;3;7;3;5;4;4;4;3;6;4;4;4;4;5;4;4;5;4;4;4;5;4;4;4;5;5;4;5;4;5;4;2;4;2;4;4;2;4;4;4;4;5;3;4;4;4;5;3;3;4;5;1;1;4;2;1;6;1;6;4;2;1103.8398012
2287;2026Q2;ES708A0;ES708;1;1;38;1;1;1;6;1;1;1;5;1;-1;-1;-1;-1;-1;-1;-1;-1;-1;1;1;1;4;6;4;4;4;4;2;6;4;4;4;4;4;4;2;4;4;4;4;3;2;2;4;4;4;4;4;2;4;4;4;3;4;3;2;4;4;3;3;4;4;3;3;3;2;2;2;2;4;2;2;1;4;1;1;1;5;6;5;1;113.84903384
2288;2026Q2;ES708A0;ES708;6;2;51;2;1;5;6;1;6;2;6;1;-1;-1;-1;-1;-1;-1;-1;-1;-1;2;2;4;6;5;5;5;5;5;5;1;3;2;2;4;3;4;4;3;4;2;4;2;4;4;3;2;2;3;2;3;4;4;4;4;4;4;2;2;2;2;4;2;4;2;2;2;2;2;2;2;2;2;2;1;1;1;1;6;5;6;2;1;247.8127776
2289;2026Q2;ES708A0;ES708;1;1;52;2;1;5;10;2;1;2;2;1;-1;-1;-1;-1;-1;-1;-1;-1;-1;2;2;4;6;5;-1;4;4;4;1;6;1;1;1;4;3;5;4;3;5;1;5;1;5;5;1;1;1;1;1;1;1;1;5;5;5;5;1;1;1;1;-3;1;-3;1;1;3;1;1;1;1;2;1;1;1;3;1;1;6;5;6;5;-7;347.12157763
2290;2026Q2;ES708A0;ES708;1;1;48;1;1;1;7;1;1;2;3;1;-1;-1;-1;-1;-1;-1;-1;-1;-1;2;3;2;6;4;3;4;4;4;3;6;5;5;4;5;5;2;4;4;3;3;3;4;3;3;3;4;4;3;3;2;4;4;3;3;4;4;3;3;4;4;3;4;3;4;3;3;3;2;3;2;3;3;2;1;1;2;1;6;5;6;4;1;347.12157763
2291;2026Q2;ES708A0;ES708;1;1;20;1;1;1;7;13;-1;-1;-1;6;-1;-1;-1;50;1;8;-1;-1;-1;2;2;8;2;2;-1;5;5;5;4;1;4;1;-9;4;-9;5;5;4;5;2;4;-9;-9;2;4;4;3;-9;-9;4;4;5;3;4;-9;-9;-9;-9;1;5;5;1;-3;1;1;-3;1;1;1;1;1;1;2;1;3;4;6;6;1;6;4;3;551.9199006
2292;2026Q2;ES708A0;ES708;6;2;39;1;1;1;7;10;-1;-1;-1;6;-1;-1;-1;38;1;5;-1;-1;-1;2;3;6;4;3;3;4;5;4;2;6;4;4;4;4;4;4;5;4;4;2;4;2;5;4;4;2;3;2;2;3;2;1;2;4;3;3;2;2;4;3;3;5;3;4;2;3;4;2;2;1;3;3;1;3;-1;-1;6;6;5;6;5;3;57.533168087
2293;2026Q2;ES708A0;ES708;6;2;63;1;3;5;7;7;-1;-1;2;6;-1;-1;-1;65;2;5;-1;-1;-1;2;2;4;7;6;3;5;5;3;4;1;2;4;3;4;4;5;5;5;5;3;4;2;2;3;3;5;4;4;3;5;3;3;4;5;5;4;2;4;5;4;4;2;5;5;4;3;5;3;3;4;3;-3;1;1;1;1;1;6;5;6;5;1;232.40033966
2294;2026Q2;ES708A0;ES708;6;2;80;1;1;1;2;12;-1;-1;-1;1;-1;-9;-1;-1;-1;-1;-1;-1;-1;2;2;9;4;4;-1;5;5;5;3;6;5;3;4;5;1;3;5;1;5;3;5;1;5;1;5;1;5;3;-9;5;5;5;5;5;5;5;1;1;4;3;3;3;5;3;3;3;4;1;1;1;1;3;2;2;-1;-1;6;6;1;6;5;1;507.46884366
2295;2026Q2;ES708A0;ES708;1;1;58;1;1;1;9;7;-1;-1;1;1;-1;-1;-1;-1;-1;-1;-1;-1;-1;4;4;2;7;4;1;5;5;5;3;6;4;4;4;5;4;2;2;4;2;3;1;3;1;1;5;5;5;5;5;5;5;5;3;1;2;1;4;4;2;4;4;4;3;5;5;3;3;4;-3;2;2;2;2;1;3;1;1;6;5;1;4;2;494.56799469
2296;2026Q2;ES708A0;ES708;1;1;43;1;1;1;5;1;6;2;5;6;-1;-1;-1;78;5;-1;-1;1;5;4;4;8;4;2;5;5;5;5;3;6;5;5;5;5;1;5;5;5;5;5;1;5;5;3;5;5;5;5;5;5;5;5;5;5;5;5;1;5;4;3;4;3;4;4;3;2;3;3;3;3;3;3;2;1;3;2;1;1;1;6;4;3;455.39613535
2297;2026Q2;ES709A3;ES709;1;1;30;1;1;1;5;1;6;2;5;6;-1;-1;-1;70;5;-1;-1;1;5;3;3;2;6;4;5;5;4;4;3;1;4;4;4;4;4;2;4;4;2;4;2;4;2;2;4;4;4;4;4;4;4;4;4;2;2;2;4;4;5;4;4;4;4;4;4;4;4;4;4;3;4;4;2;3;-1;-1;6;6;1;6;3;1;2145.7354219
2298;2026Q2;ES709A3;ES709;6;2;36;3;1;5;9;2;6;2;2;6;-1;-1;-1;40;2;7;-1;-1;-1;2;2;4;7;6;4;4;4;4;2;6;4;4;3;4;4;2;4;4;3;4;4;4;4;4;3;4;4;4;3;3;4;4;4;3;4;4;3;4;4;3;4;3;4;4;3;4;4;-3;3;4;4;4;1;2;-1;-1;1;6;5;1;3;3;928.57930551
2299;2026Q2;ES709A3;ES709;6;2;77;1;1;1;3;12;-1;-1;-1;1;-1;1;9;-1;-1;-1;-1;-1;-1;4;4;2;3;2;6;2;3;2;2;6;2;4;4;3;4;4;4;4;4;4;4;4;4;4;3;4;4;4;3;4;4;4;4;2;4;4;4;4;4;4;4;-3;4;4;4;-3;-3;-3;-3;2;-3;-3;3;1;3;-9;6;-9;5;6;4;1;3447.700899
2300;2026Q2;ES709A3;ES709;6;2;36;2;1;5;8;1;6;2;4;1;-1;-1;-1;-1;-1;-1;-1;-1;-1;2;4;2;6;2;3;4;4;3;4;1;3;4;-9;4;4;4;4;4;2;4;4;2;2;2;4;4;2;2;2;2;4;4;2;2;4;2;4;2;4;4;2;1;4;3;2;2;2;2;2;1;2;2;1;3;-1;-1;1;6;3;6;2;-3;928.57930551
2301;2026Q2;ES709A3;ES709;1;1;43;1;1;1;8;10;-1;-1;-1;1;-1;1;7;-1;-1;-1;-1;-1;-1;3;3;-9;-9;-9;4;5;5;1;2;6;2;2;3;4;3;3;5;3;5;3;5;5;5;5;3;1;3;2;3;3;3;4;5;5;5;5;1;2;3;2;2;1;2;2;2;2;2;1;1;1;1;1;2;1;3;4;6;6;1;6;2;1;1357.8640533
2302;2026Q2;ES709A3;ES709;1;1;60;1;1;1;3;12;-1;-1;-1;1;-1;1;9;-1;-1;-1;-1;-1;-1;1;1;1;1;2;6;-9;-9;-9;-9;6;4;4;3;4;3;3;3;4;3;3;3;3;3;3;3;4;4;3;4;4;4;3;4;4;3;3;3;4;4;3;3;-3;3;3;3;3;4;3;4;4;4;4;3;1;2;4;6;6;5;6;-3;1;1923.6683186
2303;2026Q2;ES709A3;ES709;1;1;59;1;1;1;4;1;6;2;7;-9;-1;-1;-1;-1;-1;-1;-1;-1;-1;3;3;6;3;2;-1;4;5;4;3;6;4;4;4;4;4;4;2;4;2;4;3;4;3;3;4;4;2;4;4;4;5;5;4;1;2;3;2;4;5;5;5;5;5;3;5;4;5;5;5;4;3;4;1;-9;-1;-1;6;6;1;6;5;3;604.81757532
2304;2026Q2;ES707A0;ES707;6;2;29;1;1;1;8;1;6;2;9;6;-1;-1;-1;37;1;9;-1;-1;-1;2;2;4;6;5;6;4;4;4;4;1;4;4;3;4;4;4;5;4;4;3;4;2;2;3;4;4;3;4;4;4;4;4;4;4;4;4;3;2;4;4;4;3;4;3;3;-3;4;-3;-3;2;3;2;3;2;-1;-1;1;1;1;6;4;1;1156.9267804
2305;2026Q2;ES707A0;ES707;6;2;45;1;1;1;5;1;1;1;5;6;-1;-1;-1;27;1;2;-1;-1;-1;3;3;8;7;5;1;5;5;5;3;1;1;1;1;2;2;5;5;2;5;1;5;1;3;4;1;1;1;1;1;1;1;2;5;5;5;5;1;1;1;5;5;1;1;1;5;-3;-3;-3;-3;1;1;1;1;1;1;4;1;6;1;6;4;1;898.64345217
2306;2026Q2;ES707A0;ES707;6;2;35;1;1;1;7;2;6;2;5;1;-1;-1;-1;-1;-1;-1;-1;-1;-1;2;4;2;5;3;5;5;4;4;1;6;4;4;4;4;4;4;4;4;5;2;5;2;5;4;2;4;4;2;4;4;2;4;5;5;5;4;2;2;3;5;1;3;2;2;2;2;2;2;2;1;2;1;1;1;4;2;1;6;1;6;5;1;746.72636997
2307;2026Q2;ES707A0;ES707;6;2;23;1;1;1;7;1;6;2;4;6;-1;-1;-1;53;1;4;-1;-1;-1;3;3;2;4;3;3;4;3;2;1;1;3;4;3;3;3;3;4;4;3;3;3;3;3;2;3;3;3;2;2;3;3;3;2;4;4;3;2;2;3;4;4;3;3;3;4;4;4;3;3;3;4;3;1;1;3;4;1;6;4;6;4;1;1735.3901707
2308;2026Q2;ES707A0;ES707;1;1;35;1;1;1;4;1;1;2;-9;1;-1;-1;-1;-1;-1;-1;-1;-1;-1;2;2;4;4;4;-1;5;4;3;4;1;4;4;3;4;4;5;5;4;4;3;3;3;4;4;4;4;4;4;4;4;4;4;4;4;4;5;5;5;4;4;4;4;3;3;4;4;4;4;4;4;4;4;2;1;4;3;6;6;1;6;4;1;185.36995419
2309;2026Q2;ES707A0;ES707;1;1;53;1;1;5;9;7;-1;-1;5;6;-1;-1;-1;58;2;5;-1;-1;-1;2;2;4;7;6;3;5;3;3;5;1;5;5;5;4;5;3;5;5;4;4;4;4;2;2;4;5;5;2;4;4;4;4;4;4;2;4;2;2;4;4;3;3;5;4;4;4;4;4;4;2;4;3;2;3;-1;-1;1;6;5;6;5;1;908.45132233
2310;2026Q2;ES707A0;ES707;6;2;38;1;1;1;7;10;-1;-1;-1;6;-1;-1;-1;41;1;5;-1;-1;-1;2;3;2;4;3;5;2;3;2;1;6;3;4;4;3;3;3;3;4;3;3;2;2;2;2;2;2;3;4;4;3;3;4;2;4;3;2;2;2;3;3;3;3;3;3;3;3;3;3;3;3;3;3;2;3;-1;-1;6;6;5;6;-3;-3;293.91686786
2311;2026Q2;ES707A0;ES707;6;2;51;3;1;3;5;11;-1;-1;-1;1;-1;-1;-1;-1;-1;-1;-1;-1;-1;2;3;7;2;2;-1;-9;3;3;2;6;4;4;3;4;4;4;2;3;2;4;2;2;2;2;3;4;4;4;2;4;4;4;2;2;4;2;2;3;4;4;4;4;4;4;4;4;4;4;4;4;4;-3;2;-9;-1;-1;1;6;3;6;2;-3;157.4940168
2312;2026Q2;ES707A0;ES707;6;2;42;3;1;4;5;1;6;2;5;6;-1;-1;-1;21;1;5;-1;-1;-1;3;3;6;5;3;5;5;4;3;2;6;4;4;3;4;4;3;4;4;2;2;2;2;3;-9;-9;-9;2;3;3;-9;4;4;2;-9;4;4;-9;-9;4;4;-3;-3;-3;-3;4;-3;-3;2;2;-3;-3;-3;2;-9;-1;-1;1;6;2;6;-3;-3;1120.089555
2313;2026Q2;ES707A0;ES707;6;2;63;1;1;1;5;10;-1;-1;-1;6;-1;-1;-1;66;5;-1;-1;1;7;3;3;6;2;2;5;4;2;-9;2;6;4;4;-9;4;4;4;4;4;2;4;4;4;2;2;4;4;4;4;4;2;4;4;2;3;2;3;3;4;-3;3;3;3;4;3;3;-3;-3;-3;-3;-3;-3;-3;3;1;1;1;1;6;1;6;3;-3;240.1837475
2314;2026Q2;ES707A0;ES707;1;1;54;3;1;5;5;2;6;2;7;1;-1;-1;-1;-1;-1;-1;-1;-1;-1;1;1;1;3;5;4;3;3;3;1;6;3;2;2;4;4;4;4;2;2;2;4;3;2;3;2;2;2;3;2;4;4;4;4;3;4;4;2;2;3;3;3;2;3;3;3;3;3;2;2;1;2;2;1;1;1;3;1;1;5;6;4;1;454.22566116
2315;2026Q2;ES707A0;ES707;1;1;26;1;1;1;6;10;-1;-1;-1;1;-1;1;3;-1;-1;-1;-1;-1;-1;2;2;8;2;2;3;5;3;3;1;6;3;3;3;3;4;5;5;4;5;2;4;2;4;5;2;1;2;2;2;2;2;3;5;5;5;5;1;1;1;1;1;1;1;1;1;1;1;1;1;1;1;1;2;1;3;3;1;6;1;6;4;1;250.06956302
2316;2026Q2;ES707A0;ES707;6;2;47;3;1;4;7;1;6;1;5;6;-1;-1;-1;50;2;6;-1;-1;-1;2;4;2;-9;-9;5;3;3;3;-9;6;4;4;-9;4;4;4;4;4;4;-9;-9;-9;-9;-9;-9;-9;-9;4;3;5;4;5;4;4;4;5;-9;4;-3;-3;-3;4;4;-3;-3;-3;-3;-3;-3;-3;-3;-3;3;-9;-1;-1;-9;-9;4;6;3;-7;599.09563478
